"rep","n","pv","sn","theta","sigmaU","beta0_gs","beta1_gs","theta_gs","se_beta0_gs","se_beta1_gs","se_theta_gs","beta0_n","beta1_n","theta_n","se_beta0_n","se_beta1_n","se_theta_n","beta0_cc","beta1_cc","theta_cc","se_beta0_cc","se_beta1_cc","se_theta_cc","beta0_smle","beta1_smle","theta_smle","se_beta0_smle","se_beta1_smle","se_theta_smle","design"
1,2000,0.35,35,2,0.25,5.01788296639546,0.984983962999937,2.08169833693117,0.0156689445900839,0.0155515244124991,0.0634325309456847,5.04302659596839,0.935332233002259,1.89424482893348,0.0164033834538002,0.015796653880499,0.0571401845612431,5.00663690858016,1.00420368211603,1.26366168964861,0.0338684675492504,0.0335549071472038,0.0622671131407579,5.01544028451158,0.98977237991289,2.08799343027168,0.0176785146083786,0.0177040156049433,0.0677152356319058,"Deviance"
2,2000,0.35,35,2,0.25,4.96930252660784,0.983062741931993,1.9212716109365,0.0163004550946209,0.0168069988399018,0.0582935007549995,5.00289297957438,0.917344873183609,1.74521117154233,0.0170786669047064,0.0169787157817782,0.0523980577353254,4.98476470111638,1.0317205081892,1.21434353573848,0.0345662984543288,0.0355398981327301,0.05977478485163,4.96651467307933,0.979213999125007,1.92306002707337,0.0181349964032125,0.0196350432780672,0.0619847106169846,"Deviance"
3,2000,0.35,35,2,0.25,5.01343489647514,0.98235888861752,2.11517656110019,0.0155460493757004,0.0156526196000439,0.0642921196686652,5.04424709805588,0.917555494705385,1.88275750436098,0.0164499177754545,0.0159332164631554,0.0565470078274972,5.06335690912001,1.00649875870172,1.32197020436283,0.0330953796279444,0.0342085631259628,0.0653013909792803,5.03722693666597,0.988627379460055,2.11149582057835,0.017627943952667,0.0186411900547479,0.0687021646183954,"Deviance"
4,2000,0.35,35,2,0.25,5.0419813485764,1.00006407990116,2.16163995127646,0.0153836000776939,0.0151596323867549,0.0658967765135561,5.09132225207084,0.944486314594384,1.89149063945034,0.016411123256918,0.0158144304619224,0.0569098325064008,5.06089981578891,1.05279536400057,1.35355955615733,0.032751288326691,0.0320395109123349,0.0669043845314581,5.05252981665106,1.01205541971654,2.15817082765795,0.0174713687432351,0.0181064477203607,0.0704057196763901,"Deviance"
5,2000,0.35,35,2,0.25,5.00683937372619,0.993327775785902,2.02782574516533,0.0158721638199284,0.0162108617554688,0.0614562946896741,5.02340861718493,0.937786512003638,1.87371233071495,0.0164916326048076,0.0163595845073561,0.0563753848089767,5.00158008469866,0.998199406813958,1.27574422533919,0.033694602743563,0.0337494419046261,0.0627090409780837,5.00174635981042,0.980844781788555,2.05091219914346,0.0177973965217845,0.0186033654972045,0.0663907450911662,"Deviance"
6,2000,0.35,35,2,0.25,4.97276714960116,1.00902295271421,2.03931265121777,0.0158383148106751,0.0161111838398989,0.0620111851660208,5.01545053146868,0.944399110402016,1.82975853210398,0.0166932814901924,0.016479340962781,0.0550189745777573,4.97368314928196,1.04808208371147,1.26200554943464,0.0339072542025641,0.0359706262502888,0.0621582682001385,4.96791151485137,1.03057625639536,2.06468248104436,0.0179031386169619,0.0198953691615705,0.0671617337526787,"Deviance"
7,2000,0.35,35,2,0.25,5.0042068863256,1.00690123584789,1.9887481242676,0.016034061465555,0.0160694338476931,0.0605113528140482,5.02356648265764,0.937825591741588,1.78726356518712,0.0168945751849461,0.0163492035615835,0.0537800451748419,5.02019523644398,1.03734605806303,1.24469109684732,0.0341148845985799,0.0349978929546393,0.061276698908843,5.00769514890215,1.00111785297173,1.98351476981136,0.0180572535194512,0.0191552966470587,0.0642843291525362,"Deviance"
8,2000,0.35,35,2,0.25,5.00941325027468,1.03856392514176,1.98555682793691,0.016055064040163,0.0158925076404529,0.0602847274927248,5.04460969368064,0.980293431469732,1.7957818490086,0.0168517100355938,0.0162163914560128,0.053951520093097,5.03561306092383,1.0749493495444,1.21382358675765,0.0345493075999077,0.0337985171243921,0.0595983717557245,5.01296174166513,1.03468060553104,1.99159097932434,0.0181241390581222,0.0187288289974369,0.0644419516806268,"Deviance"
9,2000,0.35,35,2,0.25,5.00483040264918,0.992972406855281,1.96889166457691,0.0161035874236907,0.0163366787584637,0.0596706327088477,5.03015511390167,0.937080799362639,1.8030434358904,0.0168051289049533,0.0165599067630219,0.0541572260067401,5.01083256541375,0.999511210476098,1.22798448697533,0.0343557703728813,0.0344263306828892,0.0602603530832847,5.00411861665834,0.987872394391715,1.98666690864106,0.0179183550371401,0.0186057863974148,0.0639184785884795,"Deviance"
10,2000,0.35,35,2,0.25,4.97912309191908,0.976196818368853,1.98837978568099,0.0160321801522852,0.016144747240045,0.0604495338244629,4.99889737770117,0.917214643080507,1.80772015496466,0.0167895219665327,0.0163446022075918,0.0544032518539779,4.94477324261757,1.02936657365667,1.21498576697624,0.0345608566866031,0.0325529739171116,0.0597442870469825,4.97543430316603,0.972196147427698,1.99751714988767,0.0180187316328473,0.0191020939304309,0.0646528208677465,"Deviance"
11,2000,0.35,35,2,0.25,4.9857974914442,0.998025205480008,1.99665250442394,0.0160023550620439,0.0160314792890922,0.0606752309701348,5.01468934581122,0.938566166568827,1.7978333072975,0.0168370675350465,0.0163199949979297,0.0540306212099141,5.03139560031698,1.01347144910067,1.21441377496776,0.0345182379241385,0.0355763772674956,0.0596694123115531,4.98091153823018,0.996471083786253,1.98358595376037,0.0180167440263341,0.019395474087412,0.0640738351672492,"Deviance"
12,2000,0.35,35,2,0.25,4.97837111540561,1.01451859275708,2.02772905444497,0.0158880094343351,0.0156339683541051,0.0617647776716344,4.99730025127585,0.97117851857544,1.86999367827838,0.0165237144437636,0.0159139194691015,0.0564739467896641,4.98841366434938,1.01223060119806,1.25363572824743,0.0340181771637089,0.0333057596933193,0.0617233267403458,4.98156235170167,1.01969411051502,2.04767141457063,0.0179823172245029,0.018643638943039,0.0666892141137036,"Deviance"
13,2000,0.35,35,2,0.25,5.01296352633338,0.990164025260253,2.01372360025544,0.0159280830434255,0.0159684967218132,0.0610550690628478,5.04266033818126,0.930605318919046,1.82981537009536,0.0166843691372884,0.0161945658007627,0.0549382832107435,5.01592252872792,1.00938547945897,1.25109672196228,0.0340240716686055,0.0342675778738272,0.0614909010210115,5.00840036465438,0.980296391591789,2.02312931966482,0.0179386144279982,0.018740681847641,0.0653590128147818,"Deviance"
14,2000,0.35,35,2,0.25,4.99998748325158,0.997470320410277,1.91795615488666,0.0163140002538979,0.0168927772127703,0.0580332892158252,5.02945083549037,0.938263601908097,1.73874083605798,0.017110751172673,0.017031957898385,0.0520589747381706,4.99728320136212,1.01050149358011,1.18545028693072,0.0349400103408996,0.0362497849142359,0.0580012506020695,5.00395345593118,0.993131528010191,1.91407673919274,0.0182675242132158,0.0196943230745919,0.061490659031158,"Deviance"
15,2000,0.35,35,2,0.25,4.99349785123621,1.01915534507922,2.05947708971388,0.0157664761333178,0.0163288590953398,0.062697089598873,5.01699738384452,0.970275827344336,1.87914007073475,0.0164818807540234,0.0166639557013001,0.0566609346679601,4.97113213305988,1.02122928519742,1.26366135013185,0.0339860927096386,0.0342632207104186,0.0623688904651433,4.98791425383771,1.01536013334875,2.08431009516666,0.0180533261559734,0.0192347377763588,0.0682390696340217,"Deviance"
16,2000,0.35,35,2,0.25,5.01278205776633,1.00857418136159,2.06822294891868,0.0157300725523925,0.0155509442749032,0.063172668045587,5.04779420772321,0.956391143728549,1.85014021959922,0.0166009305037605,0.0160241182344069,0.0558673409433075,5.05072378483398,1.07021093358463,1.30411671097482,0.0333613249672883,0.031952674360074,0.0646652518284331,5.03311637766048,1.01566055239844,2.08356679352903,0.0177278557794694,0.0184155002577692,0.0680768829040031,"Deviance"
17,2000,0.35,35,2,0.25,5.00126783131427,0.991954689715385,2.07185573774364,0.0157137313135634,0.0154271707444408,0.062851455680788,5.03784792817526,0.9434975138079,1.86895581607948,0.0165202447984431,0.0157452161660461,0.0560912054609847,4.99348519574962,1.02611590983375,1.2828573761625,0.033621837365244,0.0340434122481417,0.0631101493021315,4.99834665171954,0.99604869092258,2.08735491963233,0.01772242387813,0.0186839029291093,0.0675859846967884,"Deviance"
18,2000,0.35,35,2,0.25,4.98813554517584,0.987313611971234,1.95487258885454,0.0161747523126189,0.0160478956194389,0.0591461999047765,5.02462059312606,0.923166390635982,1.75860230456278,0.0170225182214291,0.0163724865064654,0.0526483250121571,4.99397596328011,0.986262051290576,1.22225357275477,0.0345095527425192,0.0338086153171565,0.059772995746282,4.98455583342804,0.977194527539352,1.94233727146763,0.0182520001767617,0.0186932202113938,0.0625683795194709,"Deviance"
19,2000,0.35,35,2,0.25,5.00542944293134,0.99736206763778,1.98343897543286,0.0160472966696521,0.0166188763601136,0.0600509986610218,5.0355367889187,0.925395632845913,1.79559146032918,0.0168391476304194,0.0168315634898211,0.0538300970869109,5.0408226736076,1.03395250946,1.22114451840676,0.034420671170265,0.035829965095105,0.0598364253715821,5.01113588124575,0.988894504137867,1.96247319664525,0.0180095750242526,0.0194120011692773,0.0630109606772933,"Deviance"
20,2000,0.35,35,2,0.25,4.97034533283326,0.9905584393653,2.00401279522333,0.0159689668745232,0.0163150162411622,0.0608011824812526,4.99911087180353,0.928447368406963,1.79472803711713,0.0168468075187136,0.0166885663772504,0.0538259531029297,4.92769905763117,1.05713977282859,1.24207129725713,0.0341736408223336,0.0347015184934498,0.0611631135345736,4.96311823338255,0.995481632993506,2.03517693982044,0.0180805660491972,0.019671820288461,0.0661242915641924,"Deviance"
21,2000,0.35,35,2,0.25,5.00581964205499,0.996287860927808,2.01397835064447,0.0159378839310682,0.0159541509219323,0.0611195870635966,5.03485182675839,0.944255448267988,1.85069934208039,0.0166001450146654,0.0161858728298435,0.0556879141195437,4.99768184031957,1.04763632455971,1.28203589029044,0.0336422567225204,0.0333251054250393,0.0631749356684181,4.99577984112587,1.01560822018307,2.07353000005397,0.0177622016799181,0.0187652951541396,0.0673188546185754,"Deviance"
22,2000,0.35,35,2,0.25,4.99900583159893,1.00931865256966,1.97130909081463,0.0160954753931125,0.016373367651155,0.0596906455305865,5.03238444407302,0.951090887423568,1.82682643163622,0.0166995052932109,0.0164204522036949,0.0548811593684309,4.99399463528761,1.06505754421824,1.18946456837837,0.034893967806575,0.0354298973067015,0.0582683997120882,4.9930195677418,1.01540858427988,1.99080743780627,0.0179933165730035,0.0191624043215196,0.0640668254375388,"Deviance"
23,2000,0.35,35,2,0.25,4.98921144509345,1.0211244539333,2.01168020291211,0.0159452499412292,0.0162044607307153,0.0612560524645071,5.03000008877325,0.959755874489948,1.79143078790991,0.0168624153374008,0.0166924554091823,0.0538847843739252,5.01824908640802,1.04626948327784,1.25046979269015,0.0340527549134849,0.0331124526944041,0.0616983789738414,4.9982488746549,1.01225301437828,2.02073392259464,0.0180628943424124,0.0190723784414692,0.0658019203191234,"Deviance"
24,2000,0.35,35,2,0.25,5.00718960224748,1.00583875372794,1.98192460043922,0.016056030502473,0.015940612532439,0.0602457833758156,5.03566076446723,0.953777621512015,1.8182056233775,0.0167400019431076,0.0161291294242438,0.0547705151562209,4.98716901889832,1.03508680142013,1.23244130816885,0.0342799661703081,0.0352657496256099,0.0605764141389522,5.00594206900571,1.00683333132752,1.99494256145509,0.0181292150032034,0.0194052708737084,0.0648383901628425,"Deviance"
25,2000,0.35,35,2,0.25,5.03415420129772,1.02175380755196,1.9837866419453,0.0160531610458465,0.0160332741966928,0.0602067210411838,5.0594768238313,0.965678184952398,1.8335257955565,0.0166754176665964,0.0160923381355723,0.0551808526835274,5.02526523439814,1.00896221114379,1.21226683915061,0.0345749044569254,0.0352006089619386,0.0596372546363016,5.03958559216571,1.02366505256882,2.01461764652604,0.0181877279614719,0.0188687319893548,0.0654151852343903,"Deviance"
26,2000,0.35,35,2,0.25,5.01339179680597,1.01152244232135,1.98470815159938,0.0160484787696198,0.0158734782281155,0.0604966799484251,5.04994803714338,0.962613938490909,1.78909557906358,0.0168739005346615,0.0162855565326974,0.053910496531591,5.01307244741829,1.01828302100698,1.25503496024631,0.0339811090942704,0.0328544479386983,0.0619797447026053,5.0091980841537,1.01794161158353,1.99763734406969,0.018115550483189,0.0187574488233202,0.0650727799034901,"Deviance"
27,2000,0.35,35,2,0.25,5.01621861208991,1.00222423889281,1.96671284416161,0.0161088375556078,0.0166306835283847,0.0595549863595542,5.04618667973565,0.945608942363115,1.81652886141728,0.0167401736512806,0.0167788123783012,0.0545699262882682,5.01266491371084,1.04846407226293,1.20696592314519,0.0346329912050584,0.0358209102747357,0.0591568521060242,5.02653102122175,0.996481356217072,1.97313885720295,0.0180802412411501,0.0189922731126897,0.0635233288305474,"Deviance"
28,2000,0.35,35,2,0.25,4.97143179934652,1.0161564801324,1.92456368363952,0.0162978857309231,0.0162571699693319,0.0585402309097883,5.00049813967362,0.965279149876174,1.80000044263104,0.0168321497293794,0.0163138670392179,0.0543691601290487,4.99812177070752,1.00595662061192,1.20337731582589,0.0347069732152277,0.0339193763818798,0.0592356741833297,4.96428851347598,1.00277514810882,1.96663294832049,0.0180878495974688,0.018446310720305,0.0638009929185186,"Deviance"
29,2000,0.35,35,2,0.25,5.01489951751999,0.989151863769527,2.05026872007961,0.0157878421255491,0.0157905257485956,0.0624673958221753,5.04525074836801,0.940396709241598,1.85230513789933,0.0165835346241294,0.0162424314083675,0.0558432290799416,4.97870867940869,1.00288494829418,1.25926912693811,0.0339502041880357,0.0338625941560824,0.0620938936891621,5.01099250502766,0.99746986533371,2.04738303996839,0.0179149438077813,0.0188522575873238,0.0664603021927032,"Deviance"
30,2000,0.35,35,2,0.25,5.01775138645223,1.02444594509692,1.99178028428568,0.0160307740941083,0.0158220471755776,0.0603491200970537,5.04072744224698,0.972065670475793,1.81042249680464,0.0167907661914969,0.0161496321933794,0.0543422699299033,4.99727495598657,1.03377457316002,1.23141824356534,0.0343220433279165,0.0335997711994611,0.0604308184659376,5.01422646957299,1.01251946538981,1.99242152835851,0.0181839561660953,0.0188141384867311,0.0644378574590803,"Deviance"
31,2000,0.35,35,2,0.25,4.98552080715571,1.00828458628504,1.98449501097714,0.0160505053840073,0.0160499421875558,0.0602610175959542,5.01653757968236,0.941118159276969,1.78830315603661,0.0168790951270691,0.0162706450367846,0.0537146614661117,5.01359097641658,1.02216089831961,1.21490934455071,0.0345440500593221,0.0330012936774102,0.0596555079042652,4.97860615833832,1.00253858703675,1.96730600170572,0.0181193638495004,0.0184599494953741,0.0635159542621537,"Deviance"
32,2000,0.35,35,2,0.25,4.98541033861605,0.989220993636814,2.0034155461008,0.0159695434301514,0.0160911518965033,0.0608907470969821,5.00889467014432,0.937243935439784,1.83158252483701,0.016679739975131,0.0163816685300876,0.0551448861963377,5.00129320437846,0.993220510155192,1.1980794105361,0.0347576653293387,0.0358964492918873,0.0587545777074984,4.97642876300732,0.992021790965683,2.00388606953389,0.0179289473224314,0.0183506039311472,0.0645753021049179,"Deviance"
33,2000,0.35,35,2,0.25,5.05629544245619,1.0204203346445,1.8127250744623,0.0167678358251663,0.0169671816404557,0.0544043659816786,5.08652988789963,0.973439814773761,1.66547056840435,0.0174731256783418,0.0172165098227671,0.0495499663472347,5.05144978940196,1.02755594319492,1.12110700347731,0.0359389537480835,0.036535465096601,0.0544132859551812,5.04973323814836,1.02903030338058,1.82560504976673,0.018798597406202,0.0197713883496069,0.058318150601635,"Deviance"
34,2000,0.35,35,2,0.25,4.99950543135256,1.01213154391372,2.16212671504109,0.0153881631360372,0.0155096014115806,0.0661450622855928,5.02780978226168,0.938642204671379,1.91835565071877,0.0163049275515142,0.0158196977256585,0.0579912077701453,5.01927149896192,1.05127701689165,1.37128965477383,0.0325326865754708,0.0327611884345375,0.0682991147784679,5.00206758397989,1.01756784741876,2.1812391519156,0.0176064442171127,0.0185920560265831,0.0720129430674302,"Deviance"
35,2000,0.35,35,2,0.25,5.01972707613445,0.995605458233243,1.98037916209548,0.0160697057418921,0.0160136574311407,0.0600949544087807,5.05863259426698,0.933938655396355,1.78529987568925,0.0168924587884521,0.0162700882492923,0.0535839945393234,5.03964352691683,1.02598405559063,1.19330982018809,0.0348428604447259,0.0347472806870571,0.0585471080716241,5.02269044176079,0.997743771205462,1.98813866135277,0.0180813710473044,0.0188409283598965,0.0642095831453525,"Deviance"
36,2000,0.35,35,2,0.25,4.98793767405819,0.990291442010834,2.08108674607811,0.015677505016186,0.0154846079294847,0.0633160539432407,5.0204255714481,0.934149915745058,1.86489727855125,0.0165328136341614,0.0158787937411271,0.0560978173196222,4.99394842084146,1.02413865938987,1.28246820847785,0.0336271101552047,0.0336206607427379,0.06327228092605,4.99673961328237,0.989816379966382,2.07716537442959,0.0178119019879634,0.018341642033252,0.0675818864594628,"Deviance"
37,2000,0.35,35,2,0.25,5.02973752445896,1.01008046015336,2.04734793062082,0.0158009347600592,0.0156110485127419,0.06220498902078,5.03931400376243,0.967233184980247,1.90996843619496,0.0163457910346305,0.0157578257920058,0.0576303389147872,4.98909171605017,1.0476629179543,1.28235540355309,0.0336645345327729,0.033474092211107,0.0632496915922232,5.01202229098417,1.01779810241865,2.07604044789935,0.0178517018056489,0.0181098878734301,0.0674364723785233,"Deviance"
38,2000,0.35,35,2,0.25,5.01363304631352,1.02847948957274,1.98073330452952,0.016062073600613,0.016358334719217,0.0601316380833884,5.04492178861775,0.962083475697187,1.76415176592926,0.0169898918470574,0.0167305901324487,0.0529210748207188,5.02659468918036,1.05933057965797,1.21120311599505,0.0345954382622401,0.0352762504723738,0.0593924922474051,5.01455527263921,1.01945253304964,1.95673892260671,0.0182235149640268,0.0195181909024876,0.0632157269162965,"Deviance"
39,2000,0.35,35,2,0.25,4.97674868378386,0.97257494334175,1.9815874969886,0.0160634917584032,0.0158981518264954,0.0600688818984527,5.01684121349006,0.917629650485058,1.79906506706773,0.0168406553968827,0.0161614694199447,0.0539996893354177,4.97803174927361,0.970076793729083,1.20459069797527,0.0346723383821956,0.0341902416050468,0.0589215169011785,4.98660167354253,0.968444820988157,1.97089423229289,0.0181061496558043,0.0185543553767015,0.0634236916241132,"Deviance"
40,2000,0.35,35,2,0.25,5.02432527448885,0.984734109298932,1.91592005100976,0.0163264869350051,0.0158546442534342,0.0578393029461076,5.059944436414,0.924566333264789,1.74312438148245,0.0170887747135765,0.0160553888983425,0.0521166071905067,5.03635058403902,1.02804100455985,1.17333952968919,0.0351317906660322,0.0339010474273713,0.0572811847218089,5.02038307031328,0.980835173126333,1.90266368824151,0.0183946919489991,0.0186733282592715,0.0610554682326776,"Deviance"
41,2000,0.35,35,2,0.25,5.01567941254288,0.996733507967588,2.07716920997588,0.0157042486263164,0.0155805774060435,0.0630525419758308,5.05007506304756,0.925858328040161,1.8180755292043,0.0167551919216358,0.0160516277985859,0.054470519000915,5.02768647661864,1.04115676508239,1.27739248233771,0.0337248132477691,0.0327216286310877,0.0628347428291129,5.03216144987552,0.991184233827728,2.05140565166608,0.0179226510433246,0.0182077847656538,0.066492911760753,"Deviance"
42,2000,0.35,35,2,0.25,4.9822994921419,0.995835656585672,2.02921363318858,0.0158738481184936,0.0162094669449022,0.0618211173731546,5.00464486011872,0.941471937652965,1.87274037573608,0.0165028122586606,0.0162068074655425,0.0565559875736552,4.9903357747161,1.02881212602155,1.22408461961127,0.0343999274292598,0.0354583533888071,0.0603071953569394,4.9888842014265,1.00439056993545,2.04077637396266,0.0179454752764503,0.019018391338418,0.0663979393117078,"Deviance"
43,2000,0.35,35,2,0.25,5.00224064427065,0.997826107914289,1.91326752753241,0.0163306730970077,0.0165875773414228,0.0579144952521357,5.02253163978306,0.944208080995185,1.74253925348687,0.017091469732962,0.0169043696758194,0.0522177541751176,5.00236557984982,1.03410437652208,1.14413613957694,0.0355671968761057,0.0350233961858524,0.0558623744840937,4.99324278197166,0.99377925750232,1.92115398820081,0.0183199013925877,0.0191934797542266,0.0617379877916545,"Deviance"
44,2000,0.35,35,2,0.25,5.04114280979194,0.976233523838219,1.95953844589845,0.0161327393679364,0.0164342399787357,0.0592748075312794,5.06926035689069,0.904385189228537,1.79271400858262,0.0168443040993503,0.016430543385368,0.0537509472817902,5.05052134255085,0.995427016334697,1.18123904921293,0.0349979472640576,0.0350563877740664,0.0576857791064972,5.03695514136821,0.975289236581967,1.96410885754761,0.0180673730896147,0.0191621433829534,0.0630017427735603,"Deviance"
45,2000,0.35,35,2,0.25,4.99995025397863,0.98832008954052,2.0158682730124,0.0159312080139114,0.0162907480820386,0.0611037212378144,5.02881288667386,0.928517415771882,1.83666274285066,0.0166641727954598,0.0165546567718138,0.0551728382971674,4.98490781845447,0.977106301691926,1.22620169224376,0.0343925549632627,0.0356238737304283,0.0600836337999047,4.98372346509304,0.985418026471351,2.02398634693008,0.0178587138349194,0.0186806427053551,0.0651307242464353,"Deviance"
46,2000,0.35,35,2,0.25,4.98002638093979,1.00253892818311,1.9846298943444,0.0160535016226482,0.0161875852323005,0.0601462972864911,5.01258424916734,0.943140230743434,1.79694337378899,0.0168434877073429,0.0164010710643547,0.0538967209238961,4.98848911136729,1.03695600491765,1.26137953435109,0.0339728618244642,0.0348228531110531,0.0619054079181206,4.97306376765391,1.01326137213069,2.02715611872074,0.0179891132734114,0.0190905722096436,0.0657193631052056,"Deviance"
47,2000,0.35,35,2,0.25,4.99283885322777,0.987998873920928,2.01492792411516,0.0159351502256204,0.0159866421112801,0.0611914288384275,5.03823756839931,0.924393142421918,1.79422525123849,0.0168483050495698,0.016424190462584,0.0538604270471144,4.99200302237823,1.02523899567933,1.21033683887921,0.0346344440946232,0.0350204917881978,0.0592511995930509,4.997833992903,0.985303574339132,2.00373292587354,0.0181236856333426,0.019013154900066,0.0648226745063724,"Deviance"
48,2000,0.35,35,2,0.25,5.00102566190734,1.00781893266132,2.00616838994228,0.0159621205872406,0.0160644172388698,0.0610128277223988,5.04160334955765,0.937405204449355,1.79160191363207,0.0168584771827857,0.0162641974248592,0.053826731581576,5.05007690144364,1.036978643245,1.25213465031849,0.034003251565,0.0341142356440759,0.0616749553863713,5.01267518638778,1.01658428294553,2.01396073416257,0.0178822684008407,0.0183828876761549,0.0652466306002473,"Deviance"
49,2000,0.35,35,2,0.25,4.99112667682539,1.02827492590048,2.08269124724258,0.0156986453122902,0.0159789882276216,0.063055240412583,5.02818629347933,0.973813207454667,1.8644517996028,0.0165580510432979,0.0163542655404042,0.0558161723151637,5.00786859121608,1.10587684806946,1.31045759236177,0.0334364571323974,0.0349352064616214,0.0644031035028512,4.97825879765965,1.05812712104114,2.1293475668601,0.0177559362623921,0.0191792526346843,0.069132284628887,"Deviance"
50,2000,0.35,35,2,0.25,5.01811986750214,0.987075651177264,1.92354825704312,0.0162955712719712,0.0161837067094112,0.0582326487924677,5.05169649308667,0.94174805430595,1.75020846354129,0.0170572191383569,0.0165800999294281,0.0524446467857885,5.05429225132275,1.01345937855028,1.1680814175929,0.0351847654008277,0.0368267813665231,0.0571464589019476,5.02937242587224,0.997013341729909,1.92021591086382,0.0183687461258039,0.0197091707031877,0.0618758398226069,"Deviance"
1,2000,0.35,35,2,0.25,5.00874653764846,1.0113373950456,2.18789090948822,0.0153031516291432,0.0149272093932052,0.0668630927172273,5.03425752884355,0.964557393226443,2.00257736105113,0.0159716341470479,0.0151236468771083,0.0606435249712316,4.99067931185673,0.984518582163382,1.37077490435387,0.0325372187853571,0.0319652131477318,0.068009241984025,5.0062095252263,1.01284825394726,2.20106787107582,0.0173473201288662,0.0180202635338891,0.0720477046568147,"Deviance"
2,2000,0.35,35,2,0.25,5.01248313732057,1.00307912849797,1.83981326026725,0.0166448122571395,0.0174107344697688,0.0552561169833071,5.03817986868634,0.946658912914756,1.70298095927771,0.0172809800542107,0.0175269639200861,0.0507389050042249,5.03715940953112,1.01404528846889,1.14487432458675,0.0356073038730087,0.038192300017088,0.055650255092253,5.00200297987893,1.00416702918757,1.85406513448082,0.018504901756749,0.0199439984679433,0.0590811674287934,"Deviance"
3,2000,0.35,35,2,0.25,4.98707966949585,1.00320478951111,2.06904273567774,0.0157440098353274,0.015751620422072,0.0629516473890954,5.01965172652706,0.948960669710741,1.8420443330843,0.0166558748165992,0.0162444273202874,0.055374607459553,4.98896263178964,1.0364959240388,1.23411562218395,0.0343517501152849,0.0335725327449532,0.0607103730029465,4.97818987828424,1.00303911173486,2.06257780991942,0.0180404983679013,0.0187189309842634,0.0671379608074466,"Deviance"
4,2000,0.35,35,2,0.25,5.02640971604378,0.999945645826798,2.05099205210163,0.0157862485595045,0.0156261601923014,0.0625701638982306,5.06834692945226,0.937195633655642,1.84049271774026,0.0166359396118365,0.0159903617173074,0.0555401411295531,5.03757969062246,1.01539149137996,1.28776539638174,0.0335337099334892,0.0336863633776979,0.0635592910119073,5.01745974305897,1.00307755650879,2.05341392270577,0.0178209377121097,0.0185996214249871,0.0669393297541599,"Deviance"
5,2000,0.35,35,2,0.25,4.96558205714005,1.0123795001367,1.89231974177797,0.0164280133664371,0.0167889442275975,0.057396251624137,4.99475659144977,0.961831591006144,1.71842945642365,0.0172141670356719,0.0171809350428853,0.0515871679318124,4.9652009645543,1.07248168624502,1.1843726500008,0.0349696224457994,0.0364946379796727,0.0580105804004822,4.96268400422607,1.01880952432168,1.91140222441176,0.0183817373407257,0.0200748216073956,0.0617427546723397,"Deviance"
6,2000,0.35,35,2,0.25,4.99393684160658,1.00175678726217,1.96074931775207,0.0161393718621453,0.0164876825724071,0.0594667574841369,5.02164903257913,0.947525303586643,1.82345435221559,0.0167180531779544,0.0165178046860049,0.0549015566974484,4.98372390574957,1.03235603256286,1.20774042496649,0.0346750205911679,0.0349366474370097,0.0592333396075686,4.99161617562284,0.996698879416413,1.96878150494723,0.0181432084776111,0.019558869703848,0.0635634952276587,"Deviance"
7,2000,0.35,35,2,0.25,4.98378599846348,0.991834744160641,2.0785944285628,0.0156899391197805,0.0156991186930834,0.0632298260408285,5.02036770574938,0.929089461058967,1.85627474504013,0.0165711605576564,0.016065181773012,0.0558276396878654,4.97093282497738,0.994811948177051,1.29018028352404,0.033516518702748,0.0341696859912518,0.0636006951494506,4.97356025350096,0.983074939004577,2.08300552617468,0.0176505515277293,0.0186136992526797,0.0675025490287263,"Deviance"
8,2000,0.35,35,2,0.25,5.00076368456748,1.00020194060568,1.87854117169579,0.0164784038823517,0.0171033286807825,0.0567275857448238,5.03733605954634,0.930960380785566,1.69966973331279,0.0172965016499359,0.0173311673574634,0.0507879750915323,5.00624058597379,1.03558418624755,1.15545706146907,0.0353854861304289,0.0370894635828865,0.0564619627043782,5.01135029630841,0.999152195642334,1.8736418785099,0.0185440210255954,0.01997965955762,0.0601180546631394,"Deviance"
9,2000,0.35,35,2,0.25,4.99537414130345,1.00961402364,2.00953632871549,0.0159490050704459,0.0160945008858628,0.0609940431660001,5.01943869400572,0.95631135433714,1.84744803686854,0.0166106117167402,0.0163864606934138,0.0556138299547774,5.01333054983643,1.00506541876011,1.21074197455464,0.0345770914071626,0.0353471362059425,0.0593190668435339,4.98844930614431,1.01047061454197,2.00223254211314,0.018005025876363,0.0187444215957734,0.0645137796483676,"Deviance"
10,2000,0.35,35,2,0.25,4.99465939583048,1.03150973812408,1.91632530684339,0.0163285465028435,0.0165199590078924,0.0580230329215162,5.01720592844146,0.968965067601917,1.72944220338057,0.0171656607066597,0.0167766388346007,0.0517926408283116,4.99437149067444,1.06186725816602,1.1769820893548,0.0350863234894072,0.03680038288641,0.0576403509176525,4.98789288045013,1.04925644703453,1.89981572134026,0.0184803382145538,0.0196164960028849,0.0611933109711226,"Deviance"
11,2000,0.35,35,2,0.25,5.00725619495822,1.00247660901733,1.91315705290545,0.0163328593260447,0.0167673573349863,0.0579129340310233,5.0391224447703,0.932230841718372,1.73933822224782,0.0171030408551848,0.0169107433018133,0.0521178381046817,4.97747857685941,1.01992704430671,1.19495074919391,0.0348173049281014,0.0353683394372723,0.0586554500601892,4.99722152619313,1.00149770416321,1.93495440383743,0.0185252710110119,0.0197707488195391,0.0626462972520574,"Deviance"
12,2000,0.35,35,2,0.25,5.01034985262486,0.995651108079094,2.09404978210567,0.0156472718028241,0.0157544936160071,0.0635616546377101,5.0400507623766,0.936376521811538,1.91336273194746,0.0163409963243718,0.0159713346357717,0.0575701163427549,4.97990981341157,1.03165438658882,1.33210410413869,0.0331101260537084,0.034481428037116,0.0658856213025914,4.99801948587273,1.01106485076122,2.17062111789722,0.0176303417218756,0.0193423475460017,0.0708196092394125,"Deviance"
13,2000,0.35,35,2,0.25,4.99000594634689,0.988570797894225,2.0141070383484,0.0159289506720095,0.0162517009200869,0.0613950976952168,5.01685542641625,0.922131420160581,1.81317294133455,0.016762097016124,0.0163970281871155,0.0546491137821612,5.04814623214194,1.0481411339091,1.24672364525,0.0340693624439588,0.0351967955073238,0.0613280079280026,4.99666020329728,0.986899670179055,2.01351557556977,0.017825967665279,0.0192869250661475,0.0653371930969368,"Deviance"
14,2000,0.35,35,2,0.25,5.00338023043117,0.983839496441615,2.04500645159032,0.0158126847355748,0.0160207763405649,0.0621555865910029,5.0300057047316,0.938817536225347,1.85541520679661,0.0165766131490528,0.016484572873235,0.0558370810569957,5.00030381905927,1.03672851490275,1.24538462696116,0.0341096205678336,0.0338071522845582,0.0611649644160441,4.99387092662605,0.988041690664919,2.05431182895278,0.0177595216611956,0.0184127495444986,0.0664121505891782,"Deviance"
15,2000,0.35,35,2,0.25,4.98583703870108,0.99435271755909,2.06185325009319,0.0157446023803167,0.0161995751964066,0.0626330383240437,5.01731438519748,0.927107090078212,1.83520768183505,0.0166596519741248,0.0164402143937921,0.0550663528735109,4.98210442332463,1.02947187743177,1.30842873976356,0.0332922416241384,0.0335581368722633,0.0645340554449308,4.98336208278993,0.988534163384719,2.07419721571993,0.0177287282561592,0.018718295904608,0.0672739781962621,"Deviance"
16,2000,0.35,35,2,0.25,5.01122348358945,1.01873894903526,1.97643838815092,0.0160754266656416,0.0162396922143286,0.0600245740065317,5.04228513840266,0.957733931599975,1.77503337884041,0.0169367695189923,0.0164661497172435,0.053278575784429,4.98084359863458,1.06853006515059,1.26176163510459,0.0338936977484534,0.0349622077747881,0.0622084979958161,5.01447175509749,1.02505399429068,2.00157153865834,0.0183214132524943,0.0193241787182069,0.0654285255674198,"Deviance"
17,2000,0.35,35,2,0.25,4.98043182155741,0.976435433352035,2.02615836725614,0.015883744045179,0.0157711051982401,0.0616735743478463,5.01066497609504,0.92652400124887,1.83762004953933,0.0166537742332427,0.0161370767851935,0.0553508955981426,4.95944481203904,1.05197980300507,1.25054843111278,0.0340628810009078,0.033133133096612,0.0616595704561277,4.97099382973044,0.977732109759169,2.02442272944647,0.017910667337381,0.0184766088628789,0.0656129180198263,"Deviance"
18,2000,0.35,35,2,0.25,4.98961109972238,1.01806490074393,2.01316037543787,0.0159415617269127,0.0158166908393242,0.0613035121802106,5.01743193530121,0.955491566436308,1.80132030021116,0.0168231486953844,0.0161734883847959,0.054208904070313,4.98418864369834,1.05357641474323,1.21167132769434,0.0345814500300541,0.0348185938902913,0.0597003790155109,4.98511156576964,1.02911785231036,2.02654965588163,0.0181143280738547,0.0188736305831091,0.066044529549118,"Deviance"
19,2000,0.35,35,2,0.25,4.97583374979123,1.01464852091959,2.03135981083278,0.0158814802126082,0.0158319453294858,0.0618051138174256,5.00979590724079,0.961027052885034,1.83197839801363,0.0166915661803879,0.0161816585454935,0.0551429419961584,4.98447502928419,1.02799124148707,1.2238617510813,0.0344616698688486,0.0340187215277405,0.0601339000427037,4.98192385384434,1.01270988089845,2.01691272396083,0.0178907443543042,0.0187541268789562,0.0651191523944398,"Deviance"
20,2000,0.35,35,2,0.25,4.99254850794344,1.01384347639629,1.8883897971509,0.016443571225487,0.0166995392496493,0.0571765877012676,5.02744371909975,0.94734453874503,1.70106694016244,0.0172968405126831,0.0170401815018546,0.0509512775341137,5.01250939760078,1.00672612923958,1.16211414984258,0.0352916851552717,0.0350808131794681,0.0568908644397869,5.00487640285948,1.00524882002167,1.88160889771962,0.018469334306449,0.0192023149569541,0.0605609332211465,"Deviance"
21,2000,0.35,35,2,0.25,5.0160727441712,1.00202750552688,2.07411946801126,0.0157064964149273,0.0158004977847898,0.0630426159936055,5.04372424395405,0.941119531167812,1.89195253506721,0.0164208174095278,0.0159140438115319,0.0569801638475468,5.03883731509751,1.03849964543615,1.28851782543557,0.0335396449752775,0.0329440693279296,0.0634532623051221,5.01971158474133,1.0062771337242,2.0892966032624,0.0175944772086189,0.0185744021560708,0.0676666516474663,"Deviance"
22,2000,0.35,35,2,0.25,4.98590810673804,1.01599626248748,2.05195816670514,0.0157852335959215,0.0161811362320458,0.0623319164735037,5.01537231478104,0.948349394326953,1.84105052014935,0.0166379853393179,0.0163651110256892,0.0553087334930869,4.98623212986419,1.03104523041629,1.26398043882824,0.0339163256598229,0.0351257171459973,0.0620058646263798,4.98142636984866,1.01849485575563,2.0432468101228,0.0178548024271012,0.0193143306006876,0.0661135457254332,"Deviance"
23,2000,0.35,35,2,0.25,4.98688757813262,0.974281281468601,2.01702410251882,0.0159264343089895,0.0159301191066684,0.0611609460126058,5.02017272764689,0.920245223553615,1.81857519629046,0.0167502046571547,0.0162055085781669,0.0545554438342638,5.00969635186952,0.993502339368,1.24728093735859,0.0340885416584144,0.034348052725189,0.0612266098650504,4.98174891513876,0.985387440790568,2.01986779636382,0.0178770975630842,0.0186298688510936,0.0651276524052632,"Deviance"
24,2000,0.35,35,2,0.25,4.9511840007185,0.983601226648702,2.04238831816837,0.0158242399307248,0.0161365511183963,0.0621398333844183,4.97521830139017,0.923969181640628,1.87541214067602,0.0164901098991322,0.0163081039762271,0.0565930661530929,4.98372066603525,1.01120123029756,1.27046420345858,0.0337914099546315,0.0345220160267955,0.0626299611919477,4.94204708025189,0.990983988174928,2.06839771175256,0.017743438798076,0.0191831990066482,0.0672356527938998,"Deviance"
25,2000,0.35,35,2,0.25,4.99703021070064,1.01424232532205,2.03051242845315,0.0158679873784895,0.0160414089303012,0.061756045643363,5.02964830320686,0.948177801837645,1.82513029008027,0.0167080350334252,0.0163765907098134,0.0549209878799276,5.02149783335862,1.0355252039566,1.260374819022,0.033908001145297,0.0327842589827887,0.0622113829992068,4.99374403883124,1.00167627660161,2.01887178212775,0.0178823668577485,0.0181177731158601,0.0654217852583464,"Deviance"
26,2000,0.35,35,2,0.25,5.00523292555941,1.00042863521199,2.00520659889007,0.0159649902789187,0.0159856863888359,0.060768496807893,5.03921389836965,0.937964485744681,1.79804827626784,0.0168308940319592,0.0162480861049181,0.0539049130899649,5.01653364190121,1.06074210357545,1.25644060667412,0.0339674817843266,0.0339367279277751,0.061602170636693,5.01028251432893,1.00665823468622,1.99675391032728,0.0181053113421789,0.0190880655607331,0.0645895931154001,"Deviance"
27,2000,0.35,35,2,0.25,4.99142265286177,1.01110398329271,1.9628425564869,0.0161353356951898,0.0166259719577959,0.0596054773246947,5.01742427664836,0.943685675729643,1.79493405871225,0.0168469637380595,0.0167038284557604,0.0540014941412313,4.98098433302797,1.07305940025805,1.19466251108175,0.0348578017502925,0.0351268473661586,0.0586744882795505,4.99848320693927,1.00958305836132,1.96732402227019,0.0181950787489326,0.019599406738748,0.0636652154691523,"Deviance"
28,2000,0.35,35,2,0.25,5.00530321462541,0.994879339359798,1.99467934301754,0.0160062191148973,0.015989365387407,0.0606433461925105,5.02794544486854,0.932216568782703,1.80422624370165,0.0168040828714136,0.0162130787022751,0.0542742380239238,5.01216678998256,1.01237490091112,1.21653609858839,0.0345491397250569,0.034301835984858,0.0598123202490334,5.01640092169343,1.00334665533321,1.98519050069474,0.0180685583035185,0.0187313536338258,0.0642056751610808,"Deviance"
29,2000,0.35,35,2,0.25,4.98198275050803,1.00081458517323,2.02728171367158,0.0158822153432429,0.0160402032375777,0.0616188024864413,5.02057922414618,0.937097051254334,1.80565021330664,0.0167968847748686,0.0163672300409205,0.0542122580775129,4.95162181775666,1.01696647137241,1.23838581830601,0.0342179447466595,0.0351022800142767,0.0608935450826068,4.96736469954087,1.00476966991471,2.02745755507713,0.0181319211718574,0.019447305418835,0.0659775052938775,"Deviance"
30,2000,0.35,35,2,0.25,4.98334390407309,0.982690509283306,2.01394370144979,0.0159340618140538,0.0161270158285016,0.0613890584126961,5.01693031743034,0.915813374255111,1.80713735385374,0.0167930801389192,0.0164277644832731,0.0544590864711308,4.98121047260017,1.01348217526369,1.27805946719335,0.0336923970440231,0.0348680079566659,0.0630044075606574,4.97613220201884,0.981059249566671,2.01359719704284,0.0179549876209078,0.0184230444009795,0.0654316715565181,"Deviance"
31,2000,0.35,35,2,0.25,5.01730619532263,0.980898218034381,2.00335252912038,0.0159614273910876,0.0163869776220383,0.060798813360284,5.04326069777759,0.920144429385073,1.80333212261949,0.0167987986037691,0.0166969930071194,0.0541338643207443,5.01680697292689,1.0869943755401,1.2680956342232,0.0338295818500371,0.0348489975521972,0.0623823128875724,5.00189502235825,0.999185798948523,2.00687289001073,0.0179812949705199,0.0198307420838244,0.0651054183808092,"Deviance"
32,2000,0.35,35,2,0.25,5.0109448224016,0.952329758398359,1.92681405260533,0.016272550788717,0.016440399292645,0.0583901455425764,5.03629263743237,0.895362149919339,1.77610865816812,0.0169290982314665,0.0166154845837461,0.0533525156168011,5.00706568485792,0.968386397991909,1.18709845671434,0.0349263408684576,0.0355965359704738,0.0582541084187397,5.00208759836076,0.94440392769954,1.92308365901573,0.0181430671963431,0.0192501599076043,0.0618180955531231,"Deviance"
33,2000,0.35,35,2,0.25,5.00437250906757,0.992670025556501,2.10183338845007,0.0156077339616209,0.0153684430493206,0.0638629158335063,5.04345719371799,0.931020490954802,1.88942246375365,0.0164278123256554,0.0156739587456954,0.0568142754429722,5.00813783334416,1.01381253047045,1.2782703028215,0.033770812242341,0.0324966069033878,0.0629575629008247,5.00226130273752,0.982936174789888,2.10489867973887,0.0177362104955391,0.0177862240498452,0.0682593511721793,"Deviance"
34,2000,0.35,35,2,0.25,5.00174839694966,0.991682971788775,1.94049243519453,0.0162180430910763,0.0163646406824876,0.0588883903208875,5.0226774964368,0.944337468181286,1.79952722526963,0.0168227866562481,0.0164372620680573,0.054156910848718,4.98732946506651,1.03353292866328,1.2309285823655,0.0343057343232293,0.0347948547650588,0.0606045774116443,4.99927270788461,1.00097910570684,1.97659274170886,0.0181864069073634,0.0191389480727851,0.0641943172503256,"Deviance"
35,2000,0.35,35,2,0.25,5.01034015525177,1.00898656441491,1.98435576637613,0.0160548080767359,0.016157870451256,0.0600966709122089,5.05436253014076,0.946040470112583,1.76955239858281,0.016966032363236,0.0165475307662701,0.0529703746998334,5.05864162552501,1.07099679698586,1.28450206097593,0.033599002100871,0.0335454566417866,0.0631770351648128,5.01597088809146,1.01923494259374,1.98311034546572,0.0180538757164607,0.0192867115554163,0.0641394601329839,"Deviance"
36,2000,0.35,35,2,0.25,4.98278456714593,0.986053109264032,2.02104347575573,0.0159067946946695,0.0158749552751471,0.061537466419936,5.00978821946694,0.927207483014859,1.82625840384697,0.0167063919676596,0.0161258474099458,0.0550240407542009,4.97395172008845,1.0406010444289,1.23321845385211,0.0343055433459069,0.0332052451195082,0.0606988868848028,4.98941856595776,0.99451515804512,2.01598462478648,0.0179845193437553,0.0189126496471698,0.0653772631894084,"Deviance"
37,2000,0.35,35,2,0.25,5.00833843620905,0.989658469185776,1.97973395181157,0.0160597692764109,0.0167140048159593,0.060004715596583,5.03372233819539,0.926539465722539,1.80284138373552,0.0168077416771257,0.0168337167195431,0.0540894090074138,4.97277742935421,1.00568256520352,1.18157301781302,0.0350518493586986,0.0361147217359143,0.0578103053487299,4.99950968661985,0.99185065470989,1.98184821905813,0.0181904532416518,0.0194649333558602,0.0638555083648083,"Deviance"
38,2000,0.35,35,2,0.25,4.98224432657529,1.00103837541573,1.94332576143627,0.0162203678442059,0.0161689234134283,0.058851142277791,5.00638044786173,0.941164885900982,1.80008605310139,0.0168307991257872,0.0162666625884477,0.0540967783028143,4.98536656739588,1.02003028099948,1.17176874612992,0.0351538019514569,0.0357030830086883,0.0573050447404872,4.98583935549544,0.994828619747753,1.94936902918316,0.0182411595893656,0.0192004077759813,0.0627049359675807,"Deviance"
39,2000,0.35,35,2,0.25,4.96603886626563,1.01623695993108,1.94289451947665,0.0162183962232148,0.0166252891564162,0.0588647863487602,4.99807066727506,0.94635319028981,1.75485818192788,0.0170378974436746,0.01689554874842,0.0526258737968038,5.0000894211404,1.01383651087785,1.20944978480613,0.0345944707185981,0.0350689766645914,0.0591801494150162,4.96386793684396,1.00884801148108,1.94925207775054,0.0182729658170576,0.0192270077508142,0.0630437991823123,"Deviance"
40,2000,0.35,35,2,0.25,4.98543199061138,1.00064802091471,2.11055307108002,0.0155661552219291,0.0159484282086033,0.0643843192757927,5.00954005691067,0.94784990132205,1.93202764492795,0.0162472461684528,0.0161386950104935,0.0583921429124291,4.95771078900812,1.01246291415063,1.29966220032175,0.0334018457991457,0.0341282348311581,0.0642434178672158,4.97933806289315,1.00712116139846,2.13905637516126,0.0176672562875355,0.0184755350817187,0.0698194086373115,"Deviance"
41,2000,0.35,35,2,0.25,4.98030319229187,1.03639039582925,1.94501832404868,0.0162128833940669,0.0163573898710368,0.0590012276687753,5.01613830338317,0.974372390308453,1.75372772075872,0.0170442767918954,0.0166902644954698,0.0526297017232851,4.9559442240698,1.08927923793624,1.22002334192266,0.0344781428936692,0.0353826502090649,0.0599427556587395,4.9831007882579,1.04956031508761,1.92821781518246,0.0183564276964867,0.0197448632642138,0.0623873020726565,"Deviance"
42,2000,0.35,35,2,0.25,4.96775822809177,0.998207129284009,2.02632416715386,0.0158857470378245,0.0161216240267476,0.0616211260624049,4.98824136573809,0.929357043399817,1.84775130597595,0.0166105611932831,0.01624048060361,0.0556835446613031,4.99274518090616,1.04469916869902,1.22479215482632,0.0343948061568598,0.0340623649657443,0.0602318054027616,4.97131743635452,0.996109655327152,2.00938476985524,0.0178832639652663,0.0191249910503711,0.0647731816430902,"Deviance"
43,2000,0.35,35,2,0.25,4.99986427284346,1.01972333052666,1.91235734108729,0.0163394575086197,0.0165104137432686,0.0577058936386436,5.02699435067468,0.957549787488512,1.73360010182132,0.0171361889304303,0.0167006758579537,0.051773590838296,4.99686963762074,1.0194884101712,1.18793986509423,0.0349085942605539,0.0354629508623509,0.058027599664141,5.00294872986761,1.01680150047126,1.91761962286666,0.0184011087667191,0.0187095962603559,0.0615789778457895,"Deviance"
44,2000,0.35,35,2,0.25,5.00857947234893,0.978823321699261,2.00502332178859,0.0159621079213262,0.0162395885287851,0.0607062508906679,5.03769716601496,0.927209578893617,1.82003061828805,0.0167289880384104,0.0165867803363121,0.0545661283241651,5.04001138742107,1.01302647682885,1.23595131241844,0.0342366832483398,0.0351406465586406,0.0606168434953697,5.01718862353459,0.986496149029147,2.03357030640585,0.0177756716443428,0.0185982030025542,0.0654557726204966,"Deviance"
45,2000,0.35,35,2,0.25,4.96876477523894,1.03504118991984,1.91701326556226,0.0163321461004058,0.0166412451782629,0.0581211038842216,5.00457260922654,0.970194837673562,1.73367399517939,0.017145845659321,0.0168586202876712,0.0520183137439126,4.96887294938339,1.08408938706768,1.17336495384607,0.035163609893513,0.0354091941970342,0.0575233828385818,4.96747947562995,1.04230616252414,1.92022395056278,0.0183079161994157,0.0193460014434486,0.0618834367230144,"Deviance"
46,2000,0.35,35,2,0.25,4.98252185370796,1.013357571389,1.91846132817709,0.0163207283993216,0.0163673489876609,0.058166656354799,5.02032575064904,0.948998931360905,1.75692359151748,0.0170253192780988,0.016463463988677,0.0527743048734955,5.00728847199812,1.05904633098969,1.19612717599079,0.0348313014056689,0.0350351665250631,0.058664803515013,4.98743378336958,1.01935482613526,1.91351035073265,0.0183108975802292,0.0188129213683858,0.0616007101086068,"Deviance"
47,2000,0.35,35,2,0.25,5.00252801271784,1.02519844636245,2.16609517877629,0.0153791375352031,0.0158115773059595,0.0659215215644532,5.03722512329059,0.95555364226793,1.9561193594762,0.0161533603812513,0.0158106939408009,0.0589478565304616,5.03711582015764,1.05748039540064,1.31196292540767,0.0332760174769352,0.0338065138427076,0.0647082396006964,5.00270607935677,1.02065146398197,2.18220879822694,0.0172488052642987,0.0180952619080676,0.0707551694321854,"Deviance"
48,2000,0.35,35,2,0.25,4.98997950251841,0.999061970923325,2.01571639707585,0.0159212617054784,0.0163167458980307,0.0613494685943542,5.00787595907312,0.953473975938138,1.83720042059224,0.0166541272020882,0.0166160609390488,0.0553449606163366,4.97844534097883,1.06600825295949,1.24390672991716,0.0341271117544567,0.035387730035864,0.0611971652431031,4.98583210131652,1.0093606004414,2.02900212422455,0.0179374935765097,0.0194360652414651,0.0658660912071465,"Deviance"
49,2000,0.35,35,2,0.25,4.98936384174551,1.0153963782853,1.92387429831601,0.0162968715901368,0.016756854544626,0.0584022642470274,5.01931523085521,0.943769843696609,1.71782599578362,0.0172164035566406,0.0170690867222087,0.051523011275665,4.99801480408498,1.07477256397138,1.21074192887621,0.0346524746300307,0.0351451672818041,0.0594653435746256,4.98720329595529,1.01915569296835,1.93207867274014,0.0184275714115796,0.0196931020305011,0.0626462398731738,"Deviance"
50,2000,0.35,35,2,0.25,4.99311164307501,0.99274605670852,2.05168227548019,0.0157856255620417,0.0160377787721322,0.0624508240531345,5.02087008402539,0.934751086425873,1.85265855798691,0.01658613962661,0.0163154088436207,0.055802288167279,4.99090076758366,1.01935496323958,1.26859647402397,0.0337992044001776,0.0336011428946875,0.062562319590137,4.98724224620534,0.990370402191277,2.04516368565246,0.0178278768383015,0.0187363439336769,0.0662679816680508,"Deviance"
1,2000,0.35,35,2,0.25,5.01982934038581,0.999037678652191,2.03338796136739,0.0158588832948722,0.0157289379700069,0.0617753692327022,5.04585227784063,0.950777830311157,1.85898657361544,0.0165634941726431,0.0159108671985675,0.0559085283776281,5.00322467338002,1.02938804549915,1.27202088589412,0.0337536330587535,0.0339895270879602,0.0626736542804434,4.99888793368133,1.01549343806017,2.04227184522707,0.0178811863684939,0.0187128229853227,0.066139719193943,"Deviance"
2,2000,0.35,35,2,0.25,5.01320268754493,1.01035639387174,2.03124026229701,0.0158631424394638,0.0161375763766142,0.0619953537856422,5.04374301534102,0.939995255398974,1.82610889813236,0.0167028392014689,0.0163518162017136,0.0551066726852024,5.03369903654823,1.08240947406308,1.26934750949603,0.033784384399724,0.0347450112731579,0.0625933254622052,5.0127916401519,1.02682441657516,2.04023104930347,0.0179308060985698,0.0191241571836923,0.0665544160292834,"Deviance"
3,2000,0.35,35,2,0.25,4.99373536928794,0.992398319118272,1.91709954280885,0.0163176458351044,0.0166029870552312,0.058003179096801,5.02323130603514,0.951899104672718,1.77065900703437,0.0169593659118516,0.0168215622037091,0.0531111975691091,4.98078600488637,1.00941130281805,1.17121764143468,0.0351882043435304,0.0352133040191528,0.0573659458122984,4.98622330000081,1.00031530597343,1.93388403249583,0.018360062061805,0.0189147596172673,0.0623538351342474,"Deviance"
4,2000,0.35,35,2,0.25,4.95285629182722,1.00829925314612,2.02803637016515,0.0158837349278944,0.0162696891154335,0.0614518619985944,4.98859682913229,0.959318192304648,1.82393406020406,0.0167201254131704,0.0166807131794524,0.0546600051404855,4.95033277065333,1.031597542709,1.26928549871539,0.0337890293866083,0.0355955959848694,0.0624201435552796,4.95370742745339,1.01299067544708,2.05780479702902,0.0179841540847328,0.0193964824846514,0.0668937119833177,"Deviance"
5,2000,0.35,35,2,0.25,4.99322584595163,0.996559492945345,1.91801394282232,0.0163126410142925,0.0165256341719087,0.0582465088504108,5.02425944542513,0.938286440411173,1.75794740217693,0.0170162824361979,0.0166564324503766,0.0528976661058719,5.01901823151934,1.01679789493097,1.17602331952357,0.0350728030167334,0.035655371102418,0.0575312793853381,4.99373789730061,0.998273400684495,1.91631887914742,0.018163386754458,0.0193780600454471,0.0616892972989376,"Deviance"
6,2000,0.35,35,2,0.25,5.00087026715372,1.0089140461216,1.97619638658893,0.0160864569040248,0.0164221110359662,0.0598579840160948,5.0304108843654,0.94247856323204,1.77490054044421,0.0169483745434244,0.0167020482286344,0.0531611992483285,5.01000347501759,1.04746334059354,1.24920477923331,0.0340622146967605,0.0348750979824757,0.061389746048373,5.00905384910161,1.00770107285481,1.96200047742606,0.0182151345123619,0.0193492439062846,0.0634677092587146,"Deviance"
7,2000,0.35,35,2,0.25,4.97410656405191,0.977843171257585,2.00114245137019,0.0159744996551507,0.0165356663577319,0.060787341605232,5.01093337014989,0.917606899526686,1.8304430568405,0.0166805088263345,0.0167502121708082,0.0550913161236436,5.01195835373983,1.0350037248382,1.2424715490516,0.0341432627093738,0.0357747105498598,0.0612515485174028,4.97467695186488,0.9833932898024,2.0246130763509,0.0178486121115377,0.0193670765954492,0.0656307834073066,"Deviance"
8,2000,0.35,35,2,0.25,4.98748168011304,1.01156989552481,1.97291258772705,0.0161120626795049,0.0157966974043856,0.0597752450584676,5.02679994725256,0.9532877164487,1.76104109613167,0.0170180442064941,0.0162686241994733,0.0527339418623106,4.9693519944724,1.03994463136726,1.21559798005027,0.0345738652473812,0.0340351707677383,0.0595752034744683,4.98348899726827,1.01231423080199,1.96034438900366,0.0182322276336969,0.0185612083313329,0.0632332584542335,"Deviance"
9,2000,0.35,35,2,0.25,5.0079720444295,1.00068665442062,1.9628508194271,0.0161581211841666,0.0158835301297943,0.0594099243090889,5.05029411058421,0.946656560204375,1.78711082494725,0.0168946021265822,0.0161945911726548,0.0535649189243371,5.00176904731673,1.03243723590568,1.18851997151158,0.0349620426218248,0.0343966633948668,0.0581629060783238,5.00000683578329,0.992080681297848,1.97063945508503,0.0182044783001523,0.0182934011739479,0.0634909989464265,"Deviance"
10,2000,0.35,35,2,0.25,4.96087544982333,0.989071660123921,2.04729536278201,0.0158191696988941,0.0155685148382917,0.0623656970721347,4.99476834267642,0.929357852987772,1.82624746337459,0.0167161415808738,0.0159374916994775,0.0549733979056686,5.00937852321834,1.0341557165394,1.31173746528977,0.0332589712202653,0.0322074112949832,0.0649647444704467,4.95616911099552,0.99325335376868,2.0733950350151,0.0176341065908974,0.0181687983420178,0.0674418223563713,"Deviance"
11,2000,0.35,35,2,0.25,5.0179503431083,1.017263862986,1.94468271533611,0.0162033974169948,0.0164707315227129,0.0586582215000602,5.04930660924526,0.953532220569235,1.73659909979884,0.017119864859948,0.0169141442716617,0.051795947253604,5.02178560483498,0.984739886415885,1.21287393223661,0.0346376584128282,0.0357721278179236,0.0592355359346448,5.01464824110168,1.01980000945178,1.93996253006141,0.0182929768192041,0.018941184468296,0.0623457897553111,"Deviance"
12,2000,0.35,35,2,0.25,5.00454532430071,0.9803286392784,1.93752071932467,0.0162294039837359,0.0166677362170943,0.0585332525435067,5.03640095262696,0.911195103766793,1.73643262758442,0.0171162372727034,0.0169304973816742,0.05187856896439,5.02741035798849,0.983674621874309,1.17873624559683,0.0350405675546136,0.0353367360113135,0.057605760933081,5.00876979113355,0.968007216886046,1.92563573716439,0.0182851206519028,0.019528407028851,0.0618340494967587,"Deviance"
13,2000,0.35,35,2,0.25,4.99729699854215,1.00002755820146,1.94008313006643,0.0162381207879205,0.0165604732646813,0.0585848566785911,5.02428646422012,0.935465032567025,1.77716022305034,0.0169443934711519,0.0165700835571496,0.0531874298259555,5.01120732370325,1.06537135418222,1.18952820510556,0.0350348702373791,0.0377085100405718,0.058041016387203,4.99956827772057,1.0150112693836,1.92846732024747,0.0182261364528057,0.019957247374778,0.0618669217724757,"Deviance"
14,2000,0.35,35,2,0.25,5.01353535865258,0.99334264749553,2.04915294443332,0.0157907779395161,0.0161785862023584,0.0623425522987044,5.04138539015585,0.938351891441918,1.84026010299611,0.016637182941691,0.0166116133317067,0.0553528153253428,4.99209546049817,1.03744982182461,1.2465065488286,0.034094478920691,0.0346950395489993,0.0614709603943117,5.00794944908977,0.996079816432041,2.0330972020291,0.0178567038238362,0.0190214280829653,0.0657480099576104,"Deviance"
15,2000,0.35,35,2,0.25,5.01645895720411,0.991139918513962,1.88329202337323,0.0164565032116747,0.0167332620936631,0.0567144812445103,5.03971373913057,0.929535046260699,1.71241979312615,0.0172382002809485,0.0169347647644072,0.0510655965576595,5.04892499250864,0.995269195836993,1.17025571460304,0.0351467929633997,0.0353956915218419,0.0571135634482058,5.01614060938564,0.989226253286631,1.88118486761132,0.0182276938967306,0.0190590749757584,0.0600022946956269,"Deviance"
16,2000,0.35,35,2,0.25,4.98990895095885,0.997887812392673,2.06079668057976,0.0157543050333393,0.0157668429561925,0.0625716699288087,5.0179714811201,0.942644948237409,1.84800804956494,0.0166093448878446,0.0161389826587776,0.0554963578879824,5.00018383046757,1.01518675945763,1.25347459096518,0.0340682697102865,0.0344078577796114,0.0614916023672601,4.9919242952783,1.00458773971422,2.05116444568318,0.0178728950553152,0.0187253489332832,0.0663522692797091,"Deviance"
17,2000,0.35,35,2,0.25,5.00382200053069,0.980946395862586,2.06600556369978,0.0157272865036497,0.0159122069231648,0.0628205490723732,5.02443495719472,0.93013047405073,1.90158356342172,0.0163725502980359,0.0160761550994429,0.0573171709039799,4.97046897250137,1.01773564354669,1.28373247755714,0.0336128398092619,0.0340210381961032,0.0633271480816786,4.99081305336412,0.99233238662352,2.0919036225735,0.0176818689229471,0.0190368499514358,0.0678700782146324,"Deviance"
18,2000,0.35,35,2,0.25,4.99947373642984,1.01625258225772,2.03241589904895,0.0158606840416319,0.0163969777132718,0.061736633308525,5.0240552161635,0.9485952240077,1.82028687505621,0.0167293874672019,0.0167537210638834,0.0547087262837951,5.03454922786048,1.03138196267132,1.26763497655528,0.0338008356863168,0.0351754086212494,0.0623404751233712,5.00677246265638,1.01008273282954,2.04747468213936,0.0178584998595795,0.0190480824976946,0.0664393994529967,"Deviance"
19,2000,0.35,35,2,0.25,4.98218013894032,1.0051139410914,1.98901388873165,0.0160417964619841,0.0162116602134956,0.0604938924036762,5.00641260805755,0.940424896254681,1.79199625990544,0.016870600601089,0.0165286686072301,0.0539184966033909,4.98861621480545,1.0416041567632,1.2091860802342,0.0346203441177525,0.0356753259726403,0.0594003779381084,4.98135594875964,1.01561199397293,1.99040913539925,0.0180944710467384,0.0188944285034742,0.0645568601505469,"Deviance"
20,2000,0.35,35,2,0.25,5.01621356626445,0.977991771729999,2.0045212052576,0.0159598883482549,0.0161260839032356,0.0607693195074997,5.05133343711411,0.923721038081422,1.81976233970022,0.0167247247392932,0.0164242077568932,0.0546302827432735,4.99238953077545,1.02353418357044,1.27087602773041,0.0337704612195469,0.0330471320461012,0.0625242568514544,5.00049537132831,0.969111783778625,2.0257962865263,0.0179039543116519,0.0182450764490863,0.0654850160771812,"Deviance"
21,2000,0.35,35,2,0.25,5.00402275087444,0.988686288240119,1.9896922155266,0.0160265669417511,0.0161398861195985,0.0602303624426583,5.03241530492244,0.925638313652989,1.80475310849958,0.0168028819724326,0.0162601300089995,0.0540764899491203,4.99064156634728,1.05028222657161,1.25344202459264,0.0340094575432561,0.0336987489296849,0.0617055131778944,4.99876634201781,0.989911007826754,2.01920962914639,0.0180706300470386,0.0188334502543888,0.0654999896399021,"Deviance"
22,2000,0.35,35,2,0.25,4.99641177457301,0.976238674274714,1.95215709799744,0.0161875933970608,0.0156306579414449,0.0591593809233856,5.02470753981965,0.916279071725072,1.78753726133318,0.0168913827137649,0.0157107899539931,0.0536812546021084,5.00921763099865,1.00899429716636,1.19732025169503,0.0347770679818992,0.0328297374800079,0.0585867793504346,4.99906664055262,0.978526800535536,1.94884959993151,0.0183093972806097,0.018223010471825,0.0629001736029512,"Deviance"
23,2000,0.35,35,2,0.25,5.00377755571301,0.996203983450736,1.9769975482404,0.0160790832862977,0.0159688807689347,0.0600785527614647,5.03582435029901,0.939725394155153,1.77334018490623,0.0169499563630857,0.0164160237618111,0.0532865051822039,5.02535727352246,1.06413503056289,1.27230567460077,0.0338028740058483,0.0335736571574992,0.0627536860301658,5.00244024639763,1.00003112384597,1.99091234394292,0.0180852140589173,0.01916223024924,0.0647363220154056,"Deviance"
24,2000,0.35,35,2,0.25,5.01053958156206,0.989799641978098,2.06381685330511,0.0157541449841592,0.0162262936240628,0.0625007014512137,5.04145025351639,0.924422771110211,1.88493211954562,0.0164566230905625,0.0164391225019296,0.0566088553895888,5.02395224341483,1.013916563786,1.27587391347613,0.0337454855845488,0.0348312920648191,0.062622291486572,5.00139901309367,0.984951074097829,2.06271247068865,0.0177253072883841,0.0190433311679005,0.0664539980027112,"Deviance"
25,2000,0.35,35,2,0.25,4.9788499353347,0.976336326194182,2.01034695887026,0.0159403931989945,0.0164315226809733,0.0613705166125045,5.01158852729173,0.908781639608719,1.7888889127867,0.0168680536720702,0.0168770529233935,0.0539326926160381,4.98511149464117,1.02960307643832,1.25025368087327,0.03403879067548,0.0347246610793841,0.061618626197313,4.98847907829816,0.978217271437125,1.99245254842298,0.0179478399509034,0.0196265755389243,0.0646602977287177,"Deviance"
26,2000,0.35,35,2,0.25,5.03107410079277,1.01655157768433,1.97761581779677,0.0160707970329896,0.0161699795523282,0.0599203508323702,5.05977241370215,0.948953481136914,1.76272894966028,0.0169962178039215,0.0165662223081114,0.0527781594077832,5.0406954782228,1.03324310377795,1.20488576977259,0.0347750900889741,0.0357702913053357,0.0590593516600726,5.0477046392468,1.0097216958572,1.95623182950538,0.0182471974626683,0.0191833870454894,0.0630201103867589,"Deviance"
27,2000,0.35,35,2,0.25,5.01576425224226,0.9988152403449,2.12310624361359,0.0155083913734046,0.016676628271427,0.0645934772836156,5.03899194917441,0.931248463517623,1.93205820174342,0.0162357653777723,0.0167081410998641,0.0582285489403162,5.0382638877806,1.03824675099171,1.29322901008443,0.0334560989327882,0.0355286523284185,0.0636698182787424,5.01927490175513,1.00104697859459,2.1354594616947,0.0175634997174863,0.0195331732528775,0.0693532446384854,"Deviance"
28,2000,0.35,35,2,0.25,5.00898106529284,1.02167101547258,2.0634427349111,0.0157432310421757,0.0160252551915888,0.0627186062833078,5.0382779405551,0.966155746649898,1.83358558342433,0.0166707477383905,0.0165315731512235,0.0550583520847315,5.03607900781796,1.04289948115789,1.27392087540946,0.0337214477066752,0.0351065429800701,0.0626252472945999,5.01454023846002,1.02002160246956,2.03473180589808,0.0179191530330343,0.0191442503718138,0.0659774047370089,"Deviance"
29,2000,0.35,35,2,0.25,4.99548352779997,0.990766125028414,2.04495056438485,0.0158266531487843,0.0158937316411471,0.0620117430969483,5.02667547443773,0.931969813081558,1.82329508446413,0.0167339363122419,0.0164152153407843,0.0546664321837162,4.99353449168751,1.04114713668152,1.24177861709109,0.0341903504649689,0.0338173242372383,0.0610684036274879,4.98838805108354,0.995779398421416,2.04670436830698,0.0178792999525484,0.0185006356692363,0.0661229344811185,"Deviance"
30,2000,0.35,35,2,0.25,4.97499622820386,1.00541566614126,1.97398518384501,0.0161005474931128,0.0161122515006992,0.0599006760093639,5.0022578415677,0.946830050623748,1.79740814953083,0.0168486733669993,0.0161837178929873,0.0539841200063292,5.04852742165836,0.983486784904215,1.24381558620061,0.034113766950805,0.0343369960180541,0.0612199149943329,4.98480005459089,1.00019109221667,1.99203210239072,0.0178896379013035,0.0186211094988808,0.0642017455427949,"Deviance"
31,2000,0.35,35,2,0.25,5.03015730964801,1.03394551203579,2.04210945870722,0.0158224174475429,0.0159434067451845,0.0620167555949665,5.05129628507489,0.975355374817711,1.86232438310934,0.0165452105663048,0.0161278520120515,0.0560449176905208,5.05129725270001,1.08430447753308,1.27273840122969,0.0337464408939189,0.0345706738641372,0.06272250199836,5.03303784650423,1.04173315846717,2.0593814327892,0.017846766090537,0.0192535040591163,0.0668006200984461,"Deviance"
32,2000,0.35,35,2,0.25,5.0025174977438,0.966026231376539,2.05506073699678,0.015770713556301,0.0158759604326134,0.0623154450696706,5.03299807265252,0.898568965259331,1.87472059907432,0.0164854332318959,0.0159651369622764,0.0563364637640714,4.989863363397,0.967857945957577,1.23186592121834,0.0343308527179783,0.0333945212539139,0.0604301022388034,5.00323704425937,0.950711776723258,2.04263383217103,0.0178109929493477,0.0185676184682133,0.0657272355105103,"Deviance"
33,2000,0.35,35,2,0.25,5.01081791834454,0.965275027733681,1.99026112784272,0.0160124795722583,0.0162906914109035,0.0602071470932229,5.02418229093624,0.90970486160685,1.82741363116758,0.0166905396463723,0.0164405565552834,0.054807718124451,5.05642493730551,1.03432694359943,1.23333423816269,0.0342673231159071,0.0347324935316924,0.0605683888133288,5.01811360723748,0.969034428304935,2.00814899830749,0.0177309786849378,0.0188772970319306,0.0643927721897482,"Deviance"
34,2000,0.35,35,2,0.25,5.00093290785521,0.985944064710753,1.93574525148947,0.0162411006989001,0.016164714513638,0.0587534261209226,5.03159090629764,0.926341699288843,1.735116573327,0.0171267665333968,0.0165118181081807,0.0520298076306612,4.98617901455076,1.01173693866058,1.14850203707024,0.0355394500627338,0.0348296298326717,0.0561714090878428,4.98973754367956,0.982739860765192,1.911735484473,0.0183179278162388,0.0185723984372892,0.061434990259393,"Deviance"
35,2000,0.35,35,2,0.25,4.96123420516325,1.03436852605445,2.09062940441956,0.0156563485842612,0.0155181191002955,0.0640012322976865,4.98854611923611,0.966446234035469,1.86397948331317,0.0165501592934961,0.0157182234822577,0.0563520440562077,4.95681499809484,1.05312493064899,1.2679775321855,0.0338405905821292,0.0337295150023624,0.062471656015419,4.9619964786096,1.03542461439829,2.08360022050087,0.0178554967306752,0.0183685458908553,0.0682288599642339,"Deviance"
36,2000,0.35,35,2,0.25,4.98946669892382,0.999349788218415,1.96004475839647,0.0161505564388393,0.0162317503881318,0.0594753730184261,5.02022021284246,0.940193517589881,1.75842878720706,0.0170237111746955,0.0167168413059347,0.0527489224285354,4.9624944560931,1.04659029889468,1.17163121495182,0.0354224733117891,0.0350321761872223,0.0574643454256206,4.98475921219462,0.997463946612004,1.9620903850936,0.0182311584336659,0.0190418324393742,0.0632742833408403,"Deviance"
37,2000,0.35,35,2,0.25,5.01065784706894,0.99085151296509,1.9424325986332,0.01620930103958,0.0163925200221981,0.0586198139941717,5.04218071086565,0.935686107444098,1.7641292677255,0.0169851091242566,0.0166827462988152,0.0527308401240574,5.0079272287231,1.00273097621561,1.22918424865184,0.0343752684908699,0.0339460801998563,0.0602381103130915,5.00743527104434,0.99398889331001,1.96355833789425,0.0182233899321174,0.0192305190555038,0.0632870554424256,"Deviance"
38,2000,0.35,35,2,0.25,4.97322680206699,0.989831883507681,1.99284421763955,0.0160128960614731,0.0163737952067393,0.0605992419281611,5.00158437782661,0.934492140189074,1.82411085255316,0.01671575262978,0.0165045449675672,0.054930122062098,5.0469560274998,1.02409508018323,1.21995139528949,0.0344364116411455,0.0353069393876316,0.0599433348256183,4.97868939229426,1.00307161097538,1.99505121669149,0.0179012429621457,0.0190317992240417,0.0644603950163135,"Deviance"
39,2000,0.35,35,2,0.25,5.00621117808409,0.99773429795568,1.9627821453362,0.0161295419152476,0.0161532019695862,0.0592952087689742,5.02565812338227,0.93335887013768,1.78664469031857,0.016882917381316,0.0162921431531897,0.0534718922207682,5.0174802875401,1.0453508054037,1.17866559491869,0.0350524036192811,0.0353883015896052,0.0575441344055184,5.010870739276,0.991281013753377,1.94981461258772,0.0180402749921117,0.0189796651487024,0.0623051870890039,"Deviance"
40,2000,0.35,35,2,0.25,4.97489152028045,0.999021044922104,1.94486034943314,0.0162082255010263,0.0164975077038551,0.0589968618545325,5.00285361358926,0.938665385556902,1.77575140993845,0.016937717610631,0.0166206543286206,0.0533531794807054,4.99827566018792,1.04125402260288,1.22820219059674,0.0343671768255829,0.0359362178113203,0.0602817210250961,4.96558553344373,1.00175659570731,1.95838754420627,0.0181420574844159,0.0195516318604789,0.063253826990929,"Deviance"
41,2000,0.35,35,2,0.25,5.00675884303035,1.00556000575463,2.06653133223878,0.0157249802516854,0.0161942653849142,0.0629002389067039,5.02303121460333,0.939730326863647,1.87789572883569,0.0164724882873149,0.0163680086355409,0.0566108200754849,5.01434648457087,1.0555121419856,1.28051838495895,0.0336631464579022,0.0358670789893144,0.0631921924951564,5.00172981075778,1.02491450871332,2.08626369771828,0.0176162609629091,0.0195116527284971,0.0676607944958691,"Deviance"
42,2000,0.35,35,2,0.25,5.00471112811026,0.990262850861571,2.09595271893468,0.0156240377034572,0.0155957859361751,0.0637182063333715,5.02865190827024,0.926185284946217,1.908463479118,0.0163487020899223,0.0157259611605605,0.057486343628192,4.99027701507386,1.03765411769686,1.28207970569163,0.0336327153211053,0.0341424523084923,0.0632360219496995,5.00964244850939,0.98314406951617,2.0903632569917,0.0176885543252405,0.01859254815554,0.0677314173192602,"Deviance"
43,2000,0.35,35,2,0.25,4.99435373354029,1.02955727139123,2.08215212111918,0.0156816700548554,0.0157601011936326,0.0635650765175391,5.02652393754212,0.966426211068601,1.84665377005257,0.0166207441780904,0.0161645515786091,0.0556641662102275,4.9940541636224,1.05283224523575,1.27101288295892,0.0338011210702718,0.0326673268984173,0.0626812348395598,4.99752148135263,1.02591062206363,2.06123119058821,0.0179723330076548,0.0183482414647113,0.0673787512813687,"Deviance"
44,2000,0.35,35,2,0.25,5.00435310892583,1.00099707785815,2.03211586803827,0.0158636472755907,0.0162793108305836,0.0616834629140552,5.02178820420301,0.945639421116308,1.84074480525621,0.0166530465019618,0.0165027399038494,0.05528953176444,4.98323379566231,1.04315852134315,1.24849257205662,0.0341444129976238,0.0362969090246535,0.0613835788880471,5.00919620673172,1.01263735052512,2.04559489947179,0.0179635189973669,0.0192753606792126,0.0663372473476043,"Deviance"
45,2000,0.35,35,2,0.25,5.01480703278542,0.999265392179068,1.98985527275692,0.0160198429244001,0.0160814566996123,0.0606287807638542,5.04378787072899,0.952023579520481,1.81010834142026,0.0167736443201428,0.0164724089137824,0.0545937200107989,5.04584079581058,1.01145663569893,1.2305386238456,0.0343292162593778,0.0335229353094726,0.0605296884104488,5.0195866710244,0.989844102849016,1.99366918204698,0.0178354321754109,0.0183253206196396,0.0643478240305821,"Deviance"
46,2000,0.35,35,2,0.25,5.00947988111619,0.997999115813497,2.09961631742899,0.015611516038971,0.015842628339274,0.0638373741610373,5.03709409082598,0.932712705508397,1.8945201696824,0.0164084552520738,0.0161050746425489,0.0570222582074923,5.02108904196118,1.01398722118313,1.28640560313838,0.0336379829457628,0.0345756033168602,0.0633335673639955,5.00891932764243,1.0091155168958,2.10260028324597,0.0176896076952152,0.0188025892085318,0.0682015121191589,"Deviance"
47,2000,0.35,35,2,0.25,4.98800459026209,0.961550615192409,1.99343443903682,0.016006079805026,0.0163084090094558,0.0607207359423092,5.01396367151199,0.897455001031123,1.80002626659862,0.0168187657950036,0.0165321055551622,0.0542395839664515,4.98321836244951,1.01721206926136,1.23413336759984,0.0343018231673343,0.0354268808110429,0.0607610642205377,4.98396014323235,0.959631864057591,1.99399243628575,0.0180011431075684,0.0190024507420007,0.0645854221723736,"Deviance"
48,2000,0.35,35,2,0.25,5.00814410744767,1.01138608658943,1.9063444881835,0.0163698214855794,0.0168719322271677,0.0575771091633967,5.03432886235096,0.950083106976857,1.73390357177279,0.0171392017678521,0.0171411883931526,0.0518479156447726,5.04479648270262,1.0172302824405,1.16620922978893,0.0353327383165999,0.0360336845660036,0.0570342127386835,5.00905366623341,1.00741149733371,1.9214096483658,0.0182487640462838,0.0193161467538787,0.0616010944551891,"Deviance"
49,2000,0.35,35,2,0.25,5.01051825830702,1.00297292844656,2.03105500289888,0.015862887408939,0.0157886747834215,0.0617574295777834,5.01909123017785,0.955200944134656,1.86538655511508,0.0165347519541981,0.0159886388118133,0.0562022171938076,5.02562953633608,1.05687143738614,1.25458130216938,0.0339780974936988,0.0345421890496201,0.061806094304989,5.01779833702897,1.01758318356199,2.05481214023079,0.0179325245181817,0.0186585535986651,0.0668749226327131,"Deviance"
50,2000,0.35,35,2,0.25,4.98926785385633,1.02036389298666,2.02549632569819,0.0159035982186008,0.0160656550269199,0.06185746790418,5.01787723157733,0.964777868592245,1.85242062225381,0.0166027078297831,0.0162729491140294,0.0560344863626743,5.00612275205745,1.04680754188476,1.22640276399068,0.0344410703360142,0.0343517087234287,0.0605300592769808,4.99008782408843,1.02556776217945,2.03592772968409,0.0178398827470961,0.0191522298214069,0.0661590945736839,"Deviance"
1,2000,0.35,35,2,0.25,4.98796165827457,0.987977065164317,2.01749744853712,0.0159168752482768,0.0161598811068924,0.0612344412852809,5.01371315515917,0.94136240792515,1.84357982362635,0.0166273045501303,0.016591343053142,0.0554464381108359,5.00258763646631,0.98522466836754,1.24109933085039,0.0341483269185125,0.0351069523177034,0.0610211172553544,4.99126962255783,0.992597670382684,2.01922143598252,0.0178929173691517,0.0189742173189943,0.0652759340880596,"Deviance"
2,2000,0.35,35,2,0.25,5.00777503360236,0.982340903737604,1.88078315562581,0.016473695657476,0.0163032015537202,0.0569494251669773,5.0421340988005,0.931824888521844,1.72011708013553,0.0171997310713649,0.0166314611122094,0.0515772527998421,5.01054674156752,0.998995897296406,1.14029121264432,0.035623400633211,0.035032638114477,0.055719149683579,5.00825912692895,0.985354972884296,1.87080028892447,0.018463433344711,0.0194810829397278,0.0599825904098579,"Deviance"
3,2000,0.35,35,2,0.25,5.00071331033404,1.01183287521713,1.96034672470189,0.0161478142779919,0.0160743718824036,0.0594444914144613,5.02802403841843,0.958728690306498,1.76816150305946,0.0169751193349423,0.0164685824914568,0.0530359707911163,5.04411359790941,1.04148312057829,1.22930492189832,0.0344000553919678,0.0345725601246673,0.0604591472902991,5.0061048541903,1.01273888442104,1.9657608190447,0.0181520669595795,0.0185317669407135,0.06360806737171,"Deviance"
4,2000,0.35,35,2,0.25,5.00931014492048,1.02115805252084,1.8651978622881,0.0165528307575721,0.0163721977420519,0.0564728142625148,5.05382240441567,0.959077644794802,1.68259169346419,0.0173924292745984,0.0166905298100473,0.0503763065333438,5.02139553435851,1.04293320146886,1.11066058849904,0.0360993898529137,0.0351202140993106,0.0541565148914666,5.01203982468852,1.01802644348902,1.84574071113604,0.0186898855895466,0.0192474372783043,0.0593599451145638,"Deviance"
5,2000,0.35,35,2,0.25,5.015042463964,1.01516477088311,1.92334949875382,0.0162910873462954,0.0164589342861073,0.0581384260628005,5.05295809536061,0.944411975337674,1.72269264372889,0.0171864548386292,0.0166879286953747,0.0514704264926299,5.00794638276777,1.05848551894639,1.17988765566874,0.0350320743402558,0.0351450208341146,0.0577657682570758,5.0152234089097,1.02598526202044,1.91566587578655,0.0184640243282887,0.0198089231156842,0.0617077674918091,"Deviance"
6,2000,0.35,35,2,0.25,4.97782640133778,0.978104371783676,1.94661730238031,0.0161992728165663,0.0164295644335153,0.0589844152641784,5.0140160967138,0.914010877686265,1.77597102417281,0.0169314229009211,0.0165734746332009,0.053309764783912,4.98478507479651,1.01117205100339,1.19873285775467,0.0347703153351634,0.0354349053673536,0.0586680128788188,4.97456686148025,0.984933335376981,1.95069071406563,0.0181263116941995,0.0194858652549481,0.062795534265773,"Deviance"
7,2000,0.35,35,2,0.25,4.99543185757252,0.982703079331681,2.06642433117778,0.0157281634927184,0.0158574007382456,0.0630075620991667,5.00147690588005,0.922394804936832,1.88289530765381,0.0164604202240727,0.0159833576281283,0.0568467563217035,4.99553109304121,1.01777049940995,1.30742520087481,0.0332969470837311,0.0346168343254184,0.0645656850340232,4.9863290263517,0.987692195835008,2.06421759008392,0.0176339222404751,0.0183951764669091,0.0669115451633964,"Deviance"
8,2000,0.35,35,2,0.25,5.0054713581944,0.968555502062451,1.96560361006494,0.0161124899094432,0.0164214071371304,0.0593934411960274,5.02737690519324,0.92550279615785,1.84903157235663,0.016599663259313,0.0163699600743156,0.0555012367498866,5.04957058640628,0.993328158308323,1.21642887991528,0.034474526567809,0.0359361672786714,0.0595769439176318,5.01717353875824,0.980885680465802,1.99391321846297,0.0178547060428299,0.0192213645212659,0.063940558161011,"Deviance"
9,2000,0.35,35,2,0.25,4.98374973321778,0.959030643878534,2.02206935701757,0.015897200718469,0.0158359529579609,0.0615002569157929,5.02113208049211,0.892896338934151,1.8400903190475,0.0166433906375298,0.0159478767254831,0.0554350835262621,4.98116286812809,0.96668399442241,1.24508929221164,0.0341413632124377,0.0332208920135167,0.061227719213492,4.97504334555306,0.958003878948851,2.02499267325975,0.0179129407589802,0.018435916679013,0.0655610201626154,"Deviance"
10,2000,0.35,35,2,0.25,4.97682678359224,1.00924888017274,2.03293923287015,0.0158667114295856,0.0157657772734954,0.0618977712669291,5.00092482394353,0.944659345451999,1.82802622978591,0.0167031834540707,0.0160060477648122,0.0550313963021311,4.9614590256675,1.08959619700972,1.22965310899117,0.0343352588577626,0.034424524245073,0.0605749205802267,4.98226525158103,1.0220590222878,2.02245145210651,0.0179812307617504,0.0193620173394768,0.0656382513325287,"Deviance"
11,2000,0.35,35,2,0.25,5.0096018437581,1.01121985311007,1.87784675293842,0.0164826006684605,0.0166861243469746,0.0567134829405227,5.04634977437837,0.958054055275716,1.70536083308821,0.0172725667237517,0.01702723745904,0.050960854217001,5.00957152320079,1.0552346208965,1.14609838588203,0.0355300233484626,0.0356672282214279,0.0558989762711853,4.99611463738196,1.00967607719865,1.89941276371959,0.0185950263226215,0.0194860325167542,0.0612713299296449,"Deviance"
12,2000,0.35,35,2,0.25,4.98718989523402,1.01007617861857,1.94802943293,0.0161973224182994,0.0162562273813712,0.0591748340758796,5.00307757592672,0.958290698046441,1.80105561588204,0.0168260121305575,0.0163635356158821,0.0542589510112371,4.98050356137057,1.05858402959138,1.2112264354849,0.034616629085458,0.0343092503647576,0.0594972481597247,4.98602571272297,1.01964993107882,1.97068627067587,0.0181172566816561,0.0188540317905732,0.0637104877112272,"Deviance"
13,2000,0.35,35,2,0.25,4.99296549857126,1.00401772965176,2.00315467147369,0.0159746457128305,0.0160137484243295,0.0607338315822514,5.02140182593275,0.95369315968323,1.81964116883292,0.0167361345711861,0.0162821416869503,0.054613457714056,5.01423103221997,1.00471456262436,1.21509192154789,0.0345505788806735,0.0348567353310008,0.0595135489155881,5.00172065330755,1.0035188907473,2.01854658324217,0.0180177630360931,0.018939631439425,0.0651643045173334,"Deviance"
14,2000,0.35,35,2,0.25,5.01779775358579,0.991203163845526,1.91488670099475,0.0163211949990116,0.0169857106886956,0.0577107359975425,5.04236378901018,0.931732071817357,1.75954119485393,0.0170063703410956,0.0171721021999197,0.0525858080278648,5.01018378569559,0.998083509882419,1.17888131050234,0.0350246461857592,0.036855588484308,0.0575092448825018,5.01401100293143,0.979711985838496,1.93326328035554,0.0182034191435659,0.01943292770685,0.0618548310919887,"Deviance"
15,2000,0.35,35,2,0.25,5.01192377735302,0.958048399391556,2.07536828784356,0.0157050580862742,0.0158228063851569,0.062881058052977,5.04806745499753,0.901741267603967,1.83707454291533,0.0166603879059727,0.0162808411774136,0.0549697599976156,5.04543687924307,0.988110295667734,1.29118896231257,0.0334907270434817,0.0343253024959146,0.0634748593764457,5.0130084573778,0.957153025783185,2.0488823982252,0.0176816756373798,0.0186374994687049,0.065943698971926,"Deviance"
16,2000,0.35,35,2,0.25,4.99868388138232,0.99175303319401,2.03488642544971,0.0158528088228081,0.0156459975180549,0.0620342616977355,5.02631156625051,0.940276425022293,1.84228667640631,0.0166349352677434,0.0159734929379399,0.0555706053743914,5.0025296988814,1.01567660360471,1.27965637550872,0.0336529355162081,0.0332598244225067,0.063195334022343,4.98474029283715,0.985570962547264,2.05843066137138,0.0179720914513119,0.018493803200039,0.0673003533967186,"Deviance"
17,2000,0.35,35,2,0.25,4.97832302244098,0.986861890913763,2.12668346693539,0.015522282621098,0.0152384349077163,0.0647963499484502,5.00658964449741,0.936627618566666,1.95117574900556,0.0161795237776516,0.0154395298747606,0.0589473928952749,4.99168506845831,1.0030664108954,1.32149126789784,0.0331362677081969,0.0332780104685165,0.0651792752242473,4.97482454138016,0.985368054280777,2.14635944223538,0.0175169633567972,0.0180884257593347,0.0697844902441982,"Deviance"
18,2000,0.35,35,2,0.25,4.99250367337081,0.977733302375945,2.0575306121933,0.0157652083314993,0.0159977260366744,0.0624935479683841,5.01894142750368,0.915588181718814,1.86661384948998,0.0165270989580344,0.016222780819204,0.0561435180013023,4.97891129071143,1.03019628155036,1.28063437926931,0.0336430358884352,0.0335856929041677,0.0631582507489624,4.98173783887954,0.984183411970021,2.07071874528932,0.0176834214035209,0.0191858303259466,0.0669790228778594,"Deviance"
19,2000,0.35,35,2,0.25,4.99662041510595,0.986580670786241,2.00675314125472,0.0159648181009617,0.0162383290434263,0.0610449598958922,5.02140152559932,0.945016170718509,1.8462423874581,0.0166256524374822,0.0165677463496625,0.0556671802778969,4.97655577684417,0.965454300508925,1.22972543895956,0.0343587395011422,0.0337189583631876,0.0604675609087386,4.99708654323094,0.972126881088264,2.00215276893727,0.0181115074890081,0.0185488460168299,0.0649360877610316,"Deviance"
20,2000,0.35,35,2,0.25,4.9964823641843,1.0111802713217,2.10356153457766,0.0156094770142082,0.0159118218804361,0.0640791230694824,5.01670740675347,0.947468375947157,1.9513169544096,0.0161855454850251,0.0158642296040815,0.0589896286350032,4.98402118328458,1.02485554422588,1.2849763846586,0.0335868052580926,0.0341036699467222,0.0633930137638046,4.99708320589945,1.01645048536158,2.13917590039566,0.0175202346369323,0.0184641038311637,0.0694935139892967,"Deviance"
21,2000,0.35,35,2,0.25,4.98481603172395,0.992518336207561,1.85642048154496,0.016582513486438,0.0165521367190226,0.0561158703369555,5.00356760427153,0.937877754619088,1.71383436387225,0.0172400442011833,0.0166665256566471,0.0513563323294964,5.00016284015731,0.980226956633247,1.13816027695679,0.0356590477104034,0.0354905627938884,0.0556040632705326,4.99907574383819,0.994998861691232,1.84624026271305,0.0186296603799816,0.0194442044445801,0.0592205516287097,"Deviance"
22,2000,0.35,35,2,0.25,5.00640809567733,0.977225761698376,1.94441304497606,0.016206985473679,0.0163630165332598,0.0587283088262541,5.03379228862755,0.918491920990904,1.78569973873811,0.016889027824126,0.0165575397080921,0.0534880642662297,5.02486757760288,1.01254730296821,1.17145011964001,0.0351339300937001,0.0358447253858552,0.0571762983423912,4.99416334275727,0.973458201681178,1.942859686809,0.0181149763866322,0.0194021662196106,0.0621948129780405,"Deviance"
23,2000,0.35,35,2,0.25,5.02800878412361,0.983187958681528,1.88371891988002,0.0164514119837864,0.0165031638727064,0.0568525713099814,5.05950393634581,0.922276501571919,1.69436162850396,0.0173205634698827,0.0168480748491335,0.0505698506831128,5.05473386534036,1.00106429683855,1.17731919675669,0.0350545807425838,0.0357986496664479,0.057655963016905,5.02859115417512,0.994222626396099,1.90082638861841,0.0183302166585667,0.0190329551046656,0.0610659047095942,"Deviance"
24,2000,0.35,35,2,0.25,4.9943386135188,0.991804173546579,1.97248330222733,0.0160888285766386,0.0165031767462108,0.0597423601737416,5.02544883378259,0.930971510480784,1.77269447095788,0.0169447987763372,0.0168978544267157,0.0531034520864085,4.99295207793309,0.993849857762516,1.18098647412298,0.0349960446399384,0.0366469182616196,0.0576437791018628,5.00979950864566,0.988478769869046,1.95708857367264,0.0182727205903375,0.019098539869301,0.062997672437095,"Deviance"
25,2000,0.35,35,2,0.25,5.01186151917447,1.00946543234809,2.10368221578419,0.0155894343627876,0.0161097571491113,0.0640714405069722,5.04585439975091,0.940516963316732,1.87606611276654,0.0164772332670778,0.0164703898127816,0.0564919204636357,5.0103917304738,1.03427399874958,1.29854251777254,0.0334205186555039,0.0328266044329815,0.0641899400617039,5.01706278993057,1.00563449626302,2.10196551034904,0.0176328214148862,0.0186882911466555,0.0682760075517601,"Deviance"
26,2000,0.35,35,2,0.25,4.99626385099619,0.983767533769976,1.98946417955928,0.0160274786302322,0.0157389011723915,0.0603803743845296,5.02088151476298,0.929136388780947,1.79703052004264,0.0168383656540406,0.0161159686688158,0.0539778818176994,5.01120351613273,0.984127079427249,1.22736886989446,0.0344447736191794,0.0340994237318947,0.0602696521450238,4.99470434197931,0.985198601694799,1.976223681587,0.0179820048836976,0.0183943294521853,0.0636076401263541,"Deviance"
27,2000,0.35,35,2,0.25,4.9960451581231,1.00522258656504,2.01584154803654,0.0159340345483575,0.0157121855540856,0.0610939471350918,5.0168230799718,0.958284097295462,1.87445032695715,0.0165033478511601,0.0159025853154612,0.0563939862883469,4.96306493609282,1.04115956221716,1.26126938422513,0.0339051733919732,0.0342472654284446,0.0620630434834762,4.98397219743667,1.00737402403654,2.04506713825592,0.0180572096549737,0.0191078914437639,0.0664073855419622,"Deviance"
28,2000,0.35,35,2,0.25,5.01869460422917,0.990996782280612,1.95281474765,0.0161708517324046,0.016412475809773,0.0590646952394003,5.04469744357166,0.935081536626898,1.75706253323889,0.0170217977423063,0.0168361776602239,0.0525721280930891,5.04170478337802,1.00483951226087,1.18717766920235,0.0349066107991471,0.0363623076264613,0.0579797587490731,5.0229379117651,0.995045266159376,1.92962931140583,0.0183383719414534,0.0194586180582417,0.0620731150857071,"Deviance"
29,2000,0.35,35,2,0.25,5.00558240226002,1.01166309649142,2.00902493760689,0.0159517902049196,0.0161613861950106,0.060965907701725,5.05041308803435,0.94229125855469,1.78183339827242,0.0169020500018464,0.0165656794638266,0.0534033954923803,4.9907178838773,1.0631353958685,1.23208771306347,0.0343012672655198,0.0334748833754956,0.0606582421776025,4.99296464587236,1.0103001141431,2.00696186131325,0.0180543776605602,0.0189682819364138,0.064964321039209,"Deviance"
30,2000,0.35,35,2,0.25,4.96574579277704,1.02600059281924,2.08804898635755,0.0156900828413877,0.0161193746767745,0.0634962172655726,4.99849824247305,0.966665370678849,1.8646087587498,0.0165722858934534,0.0165396848283994,0.0560387293620566,4.93691423846865,1.08157900853645,1.28019933963971,0.0337725674311196,0.035149596894897,0.0631197436013516,4.95548001269563,1.03314963237972,2.08075041535636,0.0179502952808743,0.0194643389785378,0.0677526182157062,"Deviance"
31,2000,0.35,35,2,0.25,5.01618711795306,1.00128498890947,1.93019743422481,0.0162656855852392,0.01617950884426,0.0582462640637794,5.03392166040021,0.940543513198318,1.77271676956375,0.0169555104476101,0.0162456887771216,0.0530357006546992,5.07447421731093,1.00762505129348,1.16942555882062,0.0351667765847498,0.0339287476897977,0.0571268855786204,5.02196802904245,0.987639021466584,1.9297642884394,0.0181899852754952,0.0186327215789383,0.0617011620417431,"Deviance"
32,2000,0.35,35,2,0.25,4.98231172448364,0.994312954650486,2.10983856681901,0.0155738023659014,0.0156265281479358,0.0642847115994872,5.00900818798417,0.938997913350673,1.94173052106446,0.0162121223576872,0.0157832319299489,0.058679374131851,4.94032648375354,1.02212924184998,1.26761482586668,0.0338328641833471,0.0337975353250955,0.0623958553001011,4.9798581691416,0.989799774279202,2.10587982212689,0.0177737949707849,0.0187583927368828,0.0684596989067673,"Deviance"
33,2000,0.35,35,2,0.25,5.00673553146324,1.02336670765143,1.88081415355832,0.0164699612557346,0.0168877526627112,0.0568202203262438,5.03942808392851,0.954626596159294,1.68210043270202,0.0173866337748655,0.0173747064603835,0.0502270178661574,5.03063166372544,1.0407851040891,1.17240513640829,0.0351825739080429,0.035692708747985,0.0574656879947209,5.00328423851233,1.01257225190678,1.87989430400951,0.0184910718571045,0.0194236716140805,0.0604692108010316,"Deviance"
34,2000,0.35,35,2,0.25,4.99733248884372,1.01181662816738,1.99476977289407,0.0160128052941529,0.0157823577629246,0.0604438879929116,5.01994536878591,0.958479181440412,1.792392316166,0.0168642591384533,0.0161968299860391,0.0537262192933417,4.98665888960321,1.01834050698945,1.2352004771561,0.0342774432532608,0.0333011608143049,0.0606418716899369,4.99702382151217,0.999582353538483,1.99651511417577,0.0182554571857711,0.0181273865777102,0.0648512667842609,"Deviance"
35,2000,0.35,35,2,0.25,4.98389583282038,0.997818402503358,1.97789115707355,0.0160805202775902,0.0158462264196369,0.0598541314149686,5.01289240027229,0.93602751206747,1.80215448764996,0.0168199869648659,0.0160003989908442,0.0540357476501861,4.99632837586548,1.03506384503418,1.20502981431476,0.0346762097778724,0.0353210141657975,0.0588746937698502,4.99460831796277,1.00510194447506,1.96278415982851,0.0181085428763386,0.0186292090063936,0.0630894174092501,"Deviance"
36,2000,0.35,35,2,0.25,4.99225037390981,1.01359422288007,1.97046696106823,0.0161045382082873,0.0162806991951428,0.0597340598275498,5.01727827331656,0.941190979255102,1.75738042908488,0.0170242192468276,0.0165525203055437,0.0526569855341628,5.02318177706253,1.07294827215284,1.23393769256611,0.0342671387717365,0.0347306048214458,0.0607913479334872,4.99297599489013,1.02756385419493,2.00282670305292,0.0180447946695351,0.0190272390353384,0.0649830103644552,"Deviance"
37,2000,0.35,35,2,0.25,5.00682017723718,0.974706767193623,2.03805944902134,0.0158470976794334,0.0159949112582692,0.0617722623207762,5.02570436023289,0.917261736886999,1.88387892355392,0.0164671322316359,0.0160477862013833,0.0566575855278027,5.00642484797491,1.01155416231246,1.26976353070538,0.0337738907437043,0.0348626590717034,0.0623967026230378,5.01080707673991,0.983789715714766,2.0730427676351,0.0177102450944697,0.0186267398740531,0.0669914715522894,"Deviance"
38,2000,0.35,35,2,0.25,5.00969741698357,1.02646970897044,2.09827083218823,0.0156271674238859,0.0157466056774686,0.063907617552778,5.03828803280818,0.967916145032244,1.88741671800946,0.016450712113196,0.0160975441434475,0.0568506986769404,5.00882149278539,1.0685315515975,1.28122010471628,0.033647572088316,0.0335320059317941,0.0630976038744237,5.00948461118612,1.01367825256155,2.08632276980775,0.0176743772086909,0.0182997972453069,0.0675813714602678,"Deviance"
39,2000,0.35,35,2,0.25,4.96468629610632,0.978605755127557,1.88831694999519,0.0164423119890911,0.0169802032149425,0.057038976196099,4.98658213123644,0.914997594748286,1.75317912244861,0.0170453868109339,0.0169829557080497,0.0525590018840282,5.00376703548234,0.978001995745438,1.15351028203088,0.0354190653811213,0.0356111298911208,0.0562478976297662,4.96555796062038,0.958745168144776,1.88313408212103,0.0182606116392962,0.0191520370494165,0.0601480997966105,"Deviance"
40,2000,0.35,35,2,0.25,4.98721217574626,0.993644118203441,2.01651203919607,0.0159184433120421,0.0165592813804263,0.0612900836859899,5.01586688657328,0.943561458975465,1.83963237611578,0.016642457361462,0.0168865150260613,0.0553799147540469,5.00916750999818,1.04754535725441,1.28370829559507,0.0336000317529241,0.0358949893542394,0.0633281142033979,4.9929838438034,1.00677411656032,2.06409252591738,0.01786063545734,0.0194826193992023,0.0672847182543058,"Deviance"
41,2000,0.35,35,2,0.25,5.00874374621251,0.989377122098977,2.01374236548751,0.0159452677675377,0.0163491499850063,0.0612685919318001,5.03653245733482,0.922858483048918,1.78504965119327,0.0169015807827721,0.016805851514505,0.0536286140599796,5.0027704669264,1.04023167431132,1.26883094552666,0.0338573963683137,0.0347648951656809,0.0624228683420145,5.00941792362227,0.988752776479573,2.00097415705284,0.0181078378300679,0.0196177559357904,0.0649954728493807,"Deviance"
42,2000,0.35,35,2,0.25,4.99759120523432,0.993511349270282,2.0269634112434,0.0158774931770029,0.016255914074489,0.0618768952802159,5.01914346599344,0.95099795317768,1.85581662052854,0.016571236771606,0.0166366005482438,0.0561073886156857,5.00537737269115,1.02232902023484,1.2112578254152,0.0345653063746506,0.0359657950593336,0.0596299877720549,4.992970998628,1.00008130776894,2.03144087662449,0.0179007993481256,0.019064876533155,0.066031894929778,"Deviance"
43,2000,0.35,35,2,0.25,5.03632992893253,1.00899127897788,1.91716687427622,0.0163351073614892,0.0163233538049739,0.0579656359015421,5.06811989113077,0.956782297118254,1.76463704173213,0.0169998313004325,0.0164275044765913,0.0528916841202176,5.01977281399206,1.05052916729956,1.18122208887369,0.0351408920244428,0.0362106738723506,0.0577617080979722,5.01854030985367,1.03170863242358,1.91957880217346,0.0183800377909169,0.0193539421119235,0.0617562981421077,"Deviance"
44,2000,0.35,35,2,0.25,4.99885854077955,0.985569499207194,1.98278878405364,0.0160514491432551,0.0161877167959603,0.0601055273448749,5.02950115533365,0.921151652282237,1.79106654177998,0.0168619714238317,0.0163989311256009,0.0537233463317408,4.99531206241775,1.04311472859609,1.22803859884242,0.0343550035357546,0.034969534894964,0.0603129154116031,5.00246422402054,0.995613004293799,1.99636302919434,0.0181583076555168,0.0193471295237884,0.0646336738481475,"Deviance"
45,2000,0.35,35,2,0.25,4.98215412932476,0.99273565599855,2.02012193981223,0.0159046667544422,0.0159685935913887,0.0612944970774289,5.01520384695273,0.921743010985092,1.82866394312855,0.0166918056512505,0.0160612128134166,0.0549317893474164,5.02529804602931,1.00225087064771,1.23325624165038,0.0342759105768927,0.0347976881025995,0.0605517064898291,4.98118480382836,0.993998527709037,2.008292783922,0.0177929254805439,0.0186991326547706,0.06461968704962,"Deviance"
46,2000,0.35,35,2,0.25,4.99694300071589,0.962422817730901,2.10637838281173,0.0155831227874653,0.0154628747534973,0.0641706652037754,5.02797774313434,0.904177417207966,1.88439589318997,0.0164462708213465,0.0157881156109402,0.0567549068389048,4.9606027188095,0.97097210359577,1.30188854628573,0.0333810477269675,0.0334734453443705,0.0643681049909232,4.98951615063822,0.961919486028266,2.11379667043124,0.0175056115258301,0.018164462679303,0.0685732121178741,"Deviance"
47,2000,0.35,35,2,0.25,4.99936339671997,0.987151082876707,2.03091024125074,0.0158707823673726,0.0160039130190003,0.061577548460825,5.01877520494967,0.929187092045124,1.86729625750199,0.0165352025813029,0.0161705252959233,0.0561517371575172,5.0168016227061,1.00584280179505,1.30367108537307,0.0333477513574922,0.0334436840254091,0.064306936976757,5.00128750065855,0.989849091618701,2.06395951354326,0.0178039440514489,0.0187000286773536,0.0670129050453876,"Deviance"
48,2000,0.35,35,2,0.25,4.99870260202295,1.05460806688666,2.01286521767698,0.0159463254548788,0.0161364635079424,0.0613349970319839,5.02720462786312,0.996249512516585,1.83079269934357,0.0166943800033438,0.0163118319304103,0.0552177707953974,5.0078510043232,1.0837748260159,1.24764902123889,0.0340919562782214,0.0342845437657768,0.061406898012829,5.01428712343609,1.05927508970581,1.99878846554969,0.0183517776920529,0.0189927288757917,0.0654096344880593,"Deviance"
49,2000,0.35,35,2,0.25,5.02354699688316,1.01151939054848,1.96757220587124,0.0161089616633447,0.0163729663087092,0.0595363288023219,5.05607276652307,0.956653377886952,1.7823012247444,0.0168995749277967,0.0167073040179414,0.0533871633723327,5.02935095767879,0.983893469730091,1.20913453636202,0.0346155632740828,0.0342963911667768,0.0592422856408081,5.03395921109013,0.995019888732547,1.95474815787747,0.0182600449099059,0.018996050541239,0.0630587169221904,"Deviance"
50,2000,0.35,35,2,0.25,5.02123524097513,1.0113389277863,1.9988438577333,0.0159839263464416,0.0163230364377725,0.0605329091984282,5.04029458502055,0.94907378716717,1.78560183874948,0.0168861624860506,0.0167441860700842,0.0534607866630174,5.02500500266803,1.05091595441984,1.2264525152691,0.0343629528761947,0.0349652405972634,0.0601503879422748,5.02331686975525,1.01519542964432,1.99429424101604,0.0179847289985581,0.019157897218685,0.0642647991252451,"Deviance"
1,2000,0.35,35,2,0.25,4.98283187885283,1.02008255644586,1.99330585480863,0.0160150652264943,0.0162755111228495,0.0606654450231883,5.00568731176508,0.954568291093706,1.81216308682967,0.0167725174927669,0.0164179372600346,0.0545995234656698,4.96233097471254,1.06282307199474,1.27092322434854,0.0338012880562542,0.035005594111334,0.0625827427928453,4.98033018894809,1.03180797131983,2.0118444967916,0.0181876428321358,0.0195033879371879,0.06555868217444,"Deviance"
2,2000,0.35,35,2,0.25,4.97980659284398,1.01388438833289,1.93791847185195,0.016238964023879,0.0163324571708699,0.0587271500940212,5.01106292375812,0.956708072053861,1.75679604500006,0.0170281835630758,0.0167170193133827,0.0527060653804167,4.97539723948491,1.01784052551023,1.19768552752481,0.034768676341825,0.03498642414146,0.0586504534571451,4.98944537497336,1.01763587094365,1.94139740162177,0.0183475729947281,0.0191707137161594,0.0627338942261,"Deviance"
3,2000,0.35,35,2,0.25,4.97531976484026,0.996093303138109,1.92084142570092,0.0163123732901603,0.0166111060874161,0.0581300463289613,4.99681800491139,0.954100896472281,1.80120912976906,0.0168296505019694,0.0166627292635055,0.0541238514511576,4.93823280715052,1.01200523913124,1.17887819854517,0.0352080771149898,0.0366068072812703,0.0575257215170986,4.9623825613452,1.0037229712561,1.96304271529412,0.018315729647922,0.0192336325568296,0.0633659650416551,"Deviance"
4,2000,0.35,35,2,0.25,5.0159114878501,0.990587591668573,1.96292416635498,0.0161300187283581,0.0160606209903517,0.0594794917181841,5.05306147291304,0.925210214165513,1.74438907377323,0.0170797991233342,0.0164633540099547,0.0522126318369458,5.00122579065155,1.02600724932784,1.23018259060805,0.0343255838144396,0.0334144422942897,0.0605095513224042,5.02051211067554,0.992484513399931,1.95108497936121,0.0182597576615966,0.0189423744364078,0.0631233987678441,"Deviance"
5,2000,0.35,35,2,0.25,4.96177025255114,0.984353684846983,2.02550111236782,0.0158911820678203,0.0160289078653254,0.0614351010383697,4.99541754161484,0.925269445565666,1.83802328263059,0.0166534650360498,0.0162934275287568,0.0552173731722865,4.99079677356152,0.994685178139968,1.24381865325874,0.0341910345331222,0.034392760103458,0.0610296879682952,4.96635152981852,0.9714472840371,2.03719024105289,0.0178820729821047,0.0186960451080369,0.065868104697956,"Deviance"
6,2000,0.35,35,2,0.25,5.02132011111032,1.01477948955346,1.95037520946266,0.0161845805071923,0.0158377965348213,0.0589385900389323,5.045844174912,0.96693358264391,1.75943892737523,0.0170145164915872,0.0162835777927943,0.0526185621921037,5.06911585296424,1.0262060712847,1.18458848569503,0.0349510386148629,0.0341324641508804,0.0578703470839646,5.03242788180221,1.01256201072583,1.94119507597305,0.0183038204417631,0.0183883303453425,0.0624916144218325,"Deviance"
7,2000,0.35,35,2,0.25,4.98555339639413,1.01054922747036,1.99128390485195,0.0160273323895988,0.0162165822838942,0.0605024973111006,5.01532404337862,0.950067987396996,1.78764752077927,0.0168875246285694,0.0166033338722631,0.0536974535234079,4.95940332402733,1.06034788478168,1.20822445850118,0.0346473557342033,0.0355192137857834,0.0593343763926387,4.97299170732764,1.02859708582748,2.00889934507042,0.0180870116592171,0.0193285718703602,0.065014112676326,"Deviance"
8,2000,0.35,35,2,0.25,4.99860586829338,0.986988835200428,1.98533516524179,0.0160457279438142,0.0164436365615698,0.0601867909318992,5.02725245957558,0.926682666654866,1.77102289958894,0.0169592575930143,0.0169698456117465,0.0530595438302463,5.07262219508231,1.03551457354915,1.22307504333708,0.0344152219536164,0.0352648745035875,0.0600161883249418,5.00602862057627,0.9839075205916,1.97099590529188,0.0179613958985623,0.0190793234117443,0.0633809557614201,"Deviance"
9,2000,0.35,35,2,0.25,4.9712705421056,0.994299052647579,2.00845004090634,0.0159669947117859,0.0156938798245332,0.0609890378676757,5.00047210817618,0.933433734905027,1.80123949935137,0.0168328862479193,0.0160352057323309,0.0540860563408826,4.99260798178056,1.01772562820096,1.27792588084112,0.0336792718296706,0.0339424014851406,0.0629145350267177,4.96266171269404,0.993915529736702,2.02630719173419,0.0178651242245027,0.0185493230915264,0.0656871748243086,"Deviance"
10,2000,0.35,35,2,0.25,5.00778550005278,1.02989199690143,2.04901732073708,0.0158133332908492,0.0156633249516113,0.0626525479033197,5.04514638798904,0.969994452307543,1.83570169086251,0.0166827322884346,0.015965695770987,0.0554599122663126,5.0174171782294,1.02482049872906,1.27464719502949,0.0337455470756542,0.0339471742596898,0.0630551863261635,5.01078895690803,1.02315386930478,2.03673139065606,0.0179901110772739,0.0186773938601906,0.0665387708337993,"Deviance"
11,2000,0.35,35,2,0.25,4.99578769773245,0.993633875218352,1.90153644779091,0.0163788213779253,0.0167258061982416,0.0575448998288388,5.01648267756233,0.945489702352805,1.77595882226875,0.0169309994620719,0.0167383184589118,0.0533378387102167,4.99193088895835,1.04176886494066,1.18460193837438,0.0349492037667851,0.0368851416929511,0.058088671699839,4.98692220014488,1.01095446068105,1.93111644517407,0.0182893090969859,0.0203003298876968,0.0622154120625891,"Deviance"
12,2000,0.35,35,2,0.25,5.00398447309587,0.987691835871909,2.02237185641499,0.0159062599787496,0.0156226308760495,0.0613097514977955,5.03761406022316,0.923820768541834,1.8249699776073,0.0167143677742628,0.0157793741783818,0.0547412925121599,5.00989789146341,0.982039279648477,1.23284805369094,0.0342804983000863,0.0321827384637454,0.0604455134055668,5.00879599653361,0.968887021404548,2.00334384521102,0.0179179031152892,0.0178152020392673,0.0644784198077154,"Deviance"
13,2000,0.35,35,2,0.25,4.97377615435599,0.977373004560585,1.98779178630592,0.016035931021723,0.015782520134283,0.0603181960723175,5.01078107198126,0.915530511215845,1.79314907505028,0.0168562658752011,0.0161306921604875,0.0538592284311174,4.9893690407285,1.01174978500821,1.22656600530126,0.0344065929231398,0.0352669009165609,0.0602666225077538,4.9802091170389,0.968277213470493,1.97775200099486,0.0181267533131758,0.0193153339140697,0.0640528901539556,"Deviance"
14,2000,0.35,35,2,0.25,5.00402556249904,1.01560601973628,1.95679656266948,0.016170601130948,0.0161050922677231,0.0592838058485219,5.03583533539251,0.969951086063713,1.80050193269479,0.0168300173270222,0.0163365685244872,0.0540669449911873,5.00560653969894,1.00548429126168,1.21776668975961,0.0345478085696942,0.0342658534833567,0.0596625859338743,5.00020945275076,1.01699153285428,1.96916281412598,0.0182504837605654,0.0185921136532179,0.0636468611887724,"Deviance"
15,2000,0.35,35,2,0.25,5.02463885315973,1.03636736038306,1.97890741154031,0.0160682317187866,0.0162377176960202,0.0603254780171772,5.05818641122697,0.97317909296046,1.78460782005931,0.0168929534027398,0.0164089103425183,0.0537913508723699,4.99900784536527,1.06428129097944,1.25496378438023,0.0339807292881127,0.0343330824969093,0.0619552480749857,5.01410643112611,1.03090717243412,1.9990494836876,0.0182741872924541,0.019290877481796,0.0654861095187249,"Deviance"
16,2000,0.35,35,2,0.25,5.00531259716344,1.01160622132477,2.02791870477028,0.0158800994723528,0.0160070334895297,0.0617015826842818,5.04863200554809,0.948696659355627,1.80318618814578,0.0168060630396299,0.0164349347252203,0.0541962423867096,5.04377282510464,1.04750026364826,1.22449444168608,0.0344104261334344,0.0339382009157617,0.0601937844876131,5.00045414372333,1.00623840164424,1.99293870473709,0.0179785280940413,0.0189030940729332,0.0643484101455349,"Deviance"
17,2000,0.35,35,2,0.25,4.98569929213413,1.02016045998815,1.98693749424386,0.0160371717160006,0.016572755066504,0.060160355098134,5.02192799461435,0.957929455682946,1.78110660679424,0.0169110164928035,0.0169062450721703,0.0533266120513813,4.99452524712644,1.03586441831902,1.19816963734203,0.0348326247785066,0.0350509329211947,0.0585765229139631,4.98181997834182,1.00151995414046,1.97410142606559,0.0180398489486275,0.0190391304560056,0.0633523930010224,"Deviance"
18,2000,0.35,35,2,0.25,4.9875916767303,0.984655834165599,1.99097898442248,0.0160241018537095,0.0165671880301911,0.0603827697209296,5.00593364960365,0.920639144150538,1.80273781290794,0.0168115495038888,0.0168165812914014,0.0541205737063167,5.01308158599623,0.974664131247978,1.25660473236944,0.0339439131580255,0.0360449034573362,0.061722919736798,4.98778154403287,0.977551588038698,1.99557345408702,0.0178280408055267,0.0189535060888524,0.0641788726402899,"Deviance"
19,2000,0.35,35,2,0.25,5.01925326948441,0.98032570148742,2.07367220870659,0.0156979463181138,0.015626838591993,0.0628915256058012,5.05214364466862,0.926906123763143,1.86851803244901,0.0165118944322592,0.0159739137237659,0.0560693918204781,5.01784559985545,0.986926892518873,1.23847046728147,0.0342371078431543,0.0350646996208588,0.0606342941589953,5.01125088013699,0.977405222921797,2.0459108387684,0.0177560967293854,0.018238082847715,0.0657304918851797,"Deviance"
20,2000,0.35,35,2,0.25,5.00184212749864,1.00290795304498,1.9351299096615,0.0162498877952959,0.015884292426565,0.058661743953265,5.02163735229505,0.94616576419311,1.78677139155964,0.0168890071832805,0.0159796319102669,0.0537202975817461,5.02926625778581,1.02533142914726,1.21287235869812,0.0345566124624937,0.0334392641331642,0.0595444727197733,4.9954145153832,1.01417676357398,1.96546702311906,0.0180615981716045,0.0183774272739106,0.0633909575927687,"Deviance"
21,2000,0.35,35,2,0.25,4.97702872707108,0.990211616310698,2.07345498866598,0.0157140453775101,0.0158634019517784,0.0631787974682781,5.01078136079497,0.929999029663476,1.8851077123766,0.0164610969023554,0.0160305315835682,0.0568876149869942,4.98174268859039,1.03007361447631,1.32740009765209,0.0331140058770298,0.0327610988322308,0.0658422574417029,4.97760364303411,0.990622669112631,2.11785742616116,0.0175987238276618,0.0184353294830545,0.0690871204716967,"Deviance"
22,2000,0.35,35,2,0.25,4.99213910879649,1.00171774427373,1.94599344378281,0.0162006219344068,0.0164874644866542,0.0590005553905202,5.01369657734977,0.951946771559377,1.80519361097021,0.0168022558084555,0.0165346959393061,0.0542918469389041,4.96607547740876,1.04120974561271,1.23548369145989,0.0342502242573009,0.0347858535104334,0.0608593368854177,4.97259524042246,1.00459491166908,1.98069941561467,0.0181513958296284,0.019041866016911,0.0642503701191117,"Deviance"
23,2000,0.35,35,2,0.25,5.0021325994998,1.01806204472959,2.03426563194953,0.0158589624962384,0.0158701187883967,0.0619167218258114,5.04477459312739,0.945660555338521,1.77972794424891,0.0169177232940405,0.0162924672362841,0.0534020671047026,5.0240399135141,1.03537060408485,1.23821186946566,0.0342654597111135,0.0345870074174517,0.0609565416354533,5.00091306815093,1.01575522239431,2.01663605512376,0.0180468967009863,0.0188886662477036,0.0654850586895907,"Deviance"
24,2000,0.35,35,2,0.25,5.00931200044696,1.03113976881504,2.01119916375951,0.0159418359082942,0.0163312804561101,0.060979375529568,5.02922783756051,0.97997834727613,1.85378393508955,0.0165854001008965,0.0165197831867215,0.055732110215853,5.04672585682404,1.02631466036481,1.26031683524406,0.0338891990111237,0.0350036107870701,0.0620209526203524,5.00410490875308,1.01874459944422,2.0412554097049,0.0178407074415096,0.0187852837184187,0.0660534220482652,"Deviance"
25,2000,0.35,35,2,0.25,5.02772441002044,1.02126089771353,2.14056416744786,0.0154574364042609,0.0157050841972053,0.065182338184743,5.06429839264644,0.940103284637817,1.88075727437385,0.0164582925353332,0.015977736986336,0.0565479847662104,5.02908382711218,1.02540539424352,1.32746528255206,0.0330445766399878,0.0334387585936475,0.0655888738054293,5.02940609019029,1.00451132303035,2.14306404073052,0.0175407957814312,0.0183301173435465,0.0697780124069908,"Deviance"
26,2000,0.35,35,2,0.25,5.01216338549785,0.989033897903379,2.02156586611391,0.0159012837124307,0.016343706147868,0.0612632589793041,5.04228817905309,0.915889515553507,1.81951290679001,0.0167346140413205,0.0165090390446946,0.0545604719121071,5.04907437719783,1.03936614003754,1.27736360148089,0.0336832163799485,0.03492906850486,0.0627968100632082,5.01629855014092,0.996385364354635,2.03981915868208,0.0177896119524263,0.019257334038983,0.0658767656656222,"Deviance"
27,2000,0.35,35,2,0.25,5.01996203912495,1.02081058438883,1.91030271390222,0.0163508380519998,0.0161379901383107,0.0577007608487178,5.05092333033831,0.960465043234951,1.73197063409192,0.0171462409909738,0.0163306932105942,0.0517802684794876,5.0080570925816,1.05616068110112,1.19393191649955,0.0348263926364158,0.0352348070635975,0.0583897856965905,5.02148008303338,1.02464334754733,1.93275293874748,0.0184428263455936,0.0192322846275936,0.0622956644707229,"Deviance"
28,2000,0.35,35,2,0.25,4.98389545983397,1.01606688187543,2.04849762495016,0.015803115849681,0.0160698836273928,0.0625908788827987,5.00828169395809,0.961988385538019,1.84616831156381,0.0166235590102174,0.0163787357600068,0.0557572008201811,4.95826819767222,1.07768069262775,1.25703195270158,0.0339728459760672,0.0338528040999867,0.0620413940875304,4.99406633310179,1.02043700282521,2.05771445963547,0.0179933043625327,0.0191169998717736,0.0671744761304912,"Deviance"
29,2000,0.35,35,2,0.25,4.99831177096063,1.00315706875252,1.98175552784774,0.016061315811221,0.0159209940461233,0.0600607324328585,5.02355034255884,0.954172080878678,1.8062361318881,0.0168019438125597,0.016263860889294,0.054225242622852,5.01048526112571,1.02883890143263,1.19907652982858,0.0347898873574375,0.035617794767182,0.0587391495949088,4.99669245162487,1.00990629300084,1.9770588710545,0.0179918763650013,0.0185395390508014,0.0635507208655081,"Deviance"
30,2000,0.35,35,2,0.25,4.9908532294594,0.998365265909573,1.95635429415792,0.016182409534637,0.0160825922561505,0.0591552447036586,5.03066111676769,0.921123066861262,1.74470805862347,0.0171014430387854,0.0162580167531579,0.0521427150117592,5.03059123495443,1.01037056612727,1.15920449418855,0.0354000516303399,0.0342969813602226,0.0566200930958494,4.99535248012987,0.991544968876641,1.93131434572641,0.0182985087289786,0.0189287723442302,0.0619195649869587,"Deviance"
31,2000,0.35,35,2,0.25,4.99986428829424,1.01027228542176,1.95309272912649,0.0161648740806827,0.0167287605714104,0.0591039150427901,5.02571801340556,0.95157043855421,1.78731068654737,0.0168767336719574,0.0169118025558938,0.053582285586016,5.0467779769551,1.03371662739816,1.23330553925053,0.0342762489010894,0.0359508783582028,0.0605673463183721,5.00320849898096,1.01540648415614,1.97322993825669,0.0180252550854501,0.0194285743992719,0.0636542726565529,"Deviance"
32,2000,0.35,35,2,0.25,4.99166470541878,0.997712574799389,2.06969809531845,0.0157177312381054,0.0159925646968222,0.0632106134079024,5.02835647394925,0.926189585885223,1.87168393951762,0.0165026782436217,0.0161576866655369,0.0565916346513434,4.98252314830066,1.02100481561777,1.27740192587963,0.0337162645075112,0.0347572844647613,0.0631352474069801,4.97911131049173,0.992279500390886,2.06741033672546,0.0177205168908322,0.0190795902783759,0.0672372762346292,"Deviance"
33,2000,0.35,35,2,0.25,5.01073222619956,0.991175809941136,2.05004382711388,0.0157941922667422,0.0157672651835074,0.0623060328274897,5.04048772007352,0.936827787242893,1.82792381035664,0.0166979928115551,0.0162552433412249,0.0548901347091805,4.9954539726551,1.0178859745264,1.28669822711721,0.0335678385749645,0.0340940736280463,0.0634316891539951,5.01009516824972,0.999417334043209,2.05573363805909,0.0178640698409425,0.018497788430231,0.0667348934259389,"Deviance"
34,2000,0.35,35,2,0.25,5.00033983643586,1.00314871133364,1.87836747421997,0.0164936213124786,0.0163407204310954,0.0567302174914556,5.03683422251362,0.942837382261088,1.7113878278604,0.017250327229083,0.0165326045442741,0.0511857457303801,4.99247689444912,1.0292509903762,1.13179191933186,0.0358270742668883,0.0364660810159955,0.0551967328003973,5.01361175174523,1.00108015566021,1.85915568296462,0.0186886879928085,0.0193642477235099,0.0597493578117954,"Deviance"
35,2000,0.35,35,2,0.25,4.99040964277335,0.97296417811248,1.92027405047514,0.0163111932642949,0.0168410768864918,0.058049831146206,5.02786308239091,0.903969139476466,1.74687054271167,0.0170714293475664,0.0168264665407467,0.0522659523289593,4.99203743265542,1.00125100615142,1.18226129339661,0.0349929289363611,0.0364609245973784,0.0578345043635937,4.98229791260832,0.97556445800432,1.93099991579723,0.0182601105497863,0.0197098508511142,0.0620249129822587,"Deviance"
36,2000,0.35,35,2,0.25,4.99933825244565,0.98532713878398,2.03854846353674,0.0158335337714268,0.0159386522645084,0.0618844374713912,5.01882561161578,0.927235429501676,1.84741004410677,0.0166108064450477,0.0160469446716082,0.0555081900972148,5.00026235244792,1.02993332956691,1.24069709813272,0.0341876954230186,0.0342002893511844,0.0610083527187728,4.99789886171,0.984556587710563,2.05014430594655,0.0177511806441481,0.0185866565498174,0.0662000141383028,"Deviance"
37,2000,0.35,35,2,0.25,5.01280607318584,1.00998688181704,2.0282783928188,0.0158737969999369,0.016019239438434,0.0617353364509123,5.04269862119384,0.944368486124163,1.83820879291289,0.0166483873146362,0.0162256062408839,0.0553724516153947,5.0453623722169,1.05674482314962,1.21230232938637,0.0345774389820179,0.0360854887816629,0.0595741341073991,5.01198034961812,1.02684007083352,2.01788737198116,0.0179119951340436,0.0194042156845332,0.0652080732842841,"Deviance"
38,2000,0.35,35,2,0.25,5.00917127761234,0.980214109513376,1.98464133849178,0.016040041227058,0.0163013225271299,0.0601752369159817,5.02879677879104,0.920908032440013,1.82499738022327,0.0167048529067325,0.0163658129805897,0.0548621882959536,5.05483526148683,1.0088325352903,1.20251363755823,0.034681574057174,0.0356859400484879,0.0588477969279438,5.01433882203608,0.987221878195788,1.97935792237829,0.0179415595626038,0.0188548095036375,0.0636614721861653,"Deviance"
39,2000,0.35,35,2,0.25,4.98608220575268,1.03674343832532,1.95594130757915,0.0161682023398595,0.0161957904228205,0.0592505062031433,5.00043109318115,0.972649941343602,1.79993155167712,0.0168366973177397,0.0162235322871033,0.0540648648758702,5.01799776616838,1.02646219471796,1.16567394220065,0.035303766784102,0.0352842071486395,0.0569125307008339,4.98797399431876,1.02918873425654,1.94069893591993,0.0181546081188142,0.0189049480112889,0.0622035271221185,"Deviance"
40,2000,0.35,35,2,0.25,5.02431360595722,1.01867268083507,2.03985795566653,0.0158369744616932,0.0154688167207249,0.0620808517221443,5.0493850155081,0.971400245061203,1.84850636803988,0.0166112304035021,0.0158215282892069,0.0556693827163244,5.04312700644774,1.06280389998291,1.23817732778278,0.0342113631472836,0.0332644516361801,0.0609555384133344,5.04056923505727,1.02249342055487,2.04037244323872,0.0179161026444483,0.0186337132911606,0.066267937531368,"Deviance"
41,2000,0.35,35,2,0.25,5.0108434009193,0.989229126749898,1.9820195940845,0.0160509545413088,0.0162019630895308,0.0602398045435702,5.03952815996572,0.924488528821561,1.77366113634761,0.016940362391609,0.0164687553932335,0.0532612508477276,5.0169670987043,0.996799894993351,1.23923590157119,0.0341755717887346,0.0347074808428926,0.0609437461345345,5.0061602713528,0.993275993537836,1.98692479058509,0.0182006291412438,0.0188703204456538,0.0645449888334506,"Deviance"
42,2000,0.35,35,2,0.25,5.0065689539603,1.01882291080627,1.99345351254206,0.0160130704902205,0.0160748873338843,0.06059874863836,5.02901102079772,0.962922331282343,1.79123876618941,0.0168645077916534,0.0165016071022831,0.0538554175398297,5.00455096581711,1.05304735999157,1.22382356428357,0.0344754926233469,0.0348108938304757,0.0601868326071339,5.00304848105909,1.01923062195338,1.99511006100209,0.0181011623778931,0.0192916494551189,0.0647483935075343,"Deviance"
43,2000,0.35,35,2,0.25,5.03875138681466,1.00783414662735,1.94838328746119,0.0161851672987315,0.0165670846726306,0.0588799322344589,5.06618878564032,0.953423775450035,1.78197271231992,0.0169008878809046,0.016842108639815,0.0533731756629338,5.05670690830426,1.00483657125125,1.22559359184035,0.0344618984597088,0.0354198213700593,0.0600243387416504,5.03594032950012,1.00722817478583,1.97153635123464,0.0180715105629547,0.0190683408529358,0.0634531459964508,"Deviance"
44,2000,0.35,35,2,0.25,4.97506094058165,0.995443700098677,1.79627231131612,0.0168489719410226,0.0171662874457487,0.0542574232804841,5.00662725078492,0.938767694862263,1.65000709989135,0.017556744161315,0.0174339355745207,0.0493681793568753,5.00392972688469,1.02734015627239,1.10081525676246,0.0362877711025987,0.0374855283717074,0.0537546191822366,4.96928369958734,0.998948121590461,1.80487676681605,0.0187907411176093,0.0198846031799046,0.0579803406091295,"Deviance"
45,2000,0.35,35,2,0.25,4.99401885556922,1.00466780012993,1.966483300483,0.0161243270013874,0.0165437000784965,0.0594490468091727,5.0269405882069,0.956593898084587,1.79324531774436,0.0168657057716586,0.0168974963690789,0.0536886743280768,4.98124040460462,1.04085714207172,1.22120817527761,0.0344371291337612,0.0373031488666026,0.0598430495542488,4.9855982818686,1.0224370181907,1.97387668868576,0.0181120098091883,0.0194233910811499,0.0635570529218502,"Deviance"
46,2000,0.35,35,2,0.25,4.98859261329501,0.98887787847674,2.09906681092861,0.0156098719283388,0.01569833590469,0.0640175681657923,5.00781138129519,0.938989127758945,1.91195922264657,0.0163330543686517,0.0159861039049295,0.0577389768433355,4.98876950836049,0.959638874369085,1.2879638140857,0.0335644632825159,0.0339121034740234,0.0636770158267574,4.98511187685496,0.974695415576491,2.12971532714896,0.0175172234100596,0.0182099817321892,0.0692010345671759,"Deviance"
47,2000,0.35,35,2,0.25,5.0237603743641,1.0076162091115,2.10115343814944,0.0155920775641416,0.0164434174453364,0.0639076629613408,5.06073872043356,0.949469817798319,1.91227502114169,0.0163227775435448,0.0167192438641471,0.0576236682749244,5.03146554982557,1.04979867644351,1.26460005233839,0.0338569428714149,0.0364502235946733,0.0622691937781299,5.03265320580886,1.01739745624961,2.07951693102452,0.0175883151815268,0.019731738223098,0.0671389395227476,"Deviance"
48,2000,0.35,35,2,0.25,5.00517818600314,0.99858311390544,1.98196843785494,0.0160725395116264,0.0162326775023076,0.0599953241702038,5.03628264676478,0.938926995118738,1.82180783653804,0.0167376729858276,0.0162906290023618,0.0546748954819784,5.01740921115477,1.0203938420753,1.19006142677451,0.0348999441554417,0.0350962970284738,0.058160110079658,4.99973004124552,1.00032541838377,1.97628229939412,0.0180465170513114,0.018396264402285,0.0634038127032766,"Deviance"
49,2000,0.35,35,2,0.25,5.00150650601067,0.987312962075742,2.08469227797024,0.0156634000850904,0.0157393121737404,0.0635651758951153,5.02720574367905,0.936650861940751,1.90624808258164,0.0163575514334685,0.0160094197432158,0.0575942127175,5.01375575400709,1.0307823541254,1.24496668101882,0.0341273949835452,0.0328631207076045,0.0614728068262199,4.99700529650806,0.993025084550691,2.07237686362714,0.0176562019135314,0.0183322592187708,0.0670622923849549,"Deviance"
50,2000,0.35,35,2,0.25,5.00751928570263,0.995891195418247,2.03902778551288,0.0158269926400782,0.0163365215572376,0.0619343616503411,5.04643593353606,0.935160418450528,1.8274152992956,0.0166895250669862,0.0167753574096564,0.0548979015419994,5.04001792229738,1.06573755022662,1.2708149505536,0.033769041158106,0.0346202309625462,0.062565305569223,5.01207124761,0.998090747737303,2.04717887765401,0.017784662378319,0.0192417348252809,0.0663532742287313,"Deviance"
1,2000,0.35,35,2,0.25,4.98710201864864,0.998368083252924,1.96447166394175,0.0161232701187687,0.0163276377915781,0.0595233408371745,5.00845401249713,0.933460748462826,1.75978948741462,0.017011378312005,0.0167151226352974,0.0527174656080906,4.99238487591678,1.01795010635428,1.22511101975458,0.0343844276063876,0.0339323155702969,0.0600735726758214,4.98146333536345,0.975855105733483,1.95086102248985,0.0181617960977628,0.0187878409711018,0.0628728909136411,"Deviance"
2,2000,0.35,35,2,0.25,5.02535518925477,1.00736080333648,1.9566414588406,0.0161478308718882,0.0165569655753438,0.0594162103729415,5.04941076641187,0.944968936920194,1.77025292717412,0.016952249016476,0.0168382864283132,0.0532029128798092,5.01843899523141,1.0686848040066,1.22851975319752,0.0343405918251492,0.0354784849594871,0.0606522292452516,5.01370253738783,1.02123336574841,1.9907317094526,0.0180812746093409,0.0195350206454237,0.0646517481113231,"Deviance"
3,2000,0.35,35,2,0.25,4.99917427625046,0.998907532353297,2.13682217678193,0.0154817621507437,0.0154923985035874,0.0652919238713734,5.03748186663656,0.948148680240721,1.92891029110079,0.0162619172627726,0.0158571867952141,0.0583209896187755,4.9942686241831,1.02599565879443,1.32006976890745,0.0331529172583812,0.0330726081888126,0.0654045584315692,4.99442638727417,1.00392585558944,2.15050685689716,0.0175478341337737,0.0182446025564601,0.0702722155499869,"Deviance"
4,2000,0.35,35,2,0.25,5.01465014867959,0.966107106463332,1.81726185958297,0.0167488834507433,0.0165493096372585,0.0547134164275386,5.04001685910105,0.921561065255623,1.66512944795499,0.0174768013754297,0.0168094237760444,0.0496508624931341,5.04843316177228,0.998063655709009,1.11246924376916,0.0360400095508445,0.0373350387999645,0.0541404207269804,5.0111278576994,0.976959381981871,1.81410817551781,0.0187163621132829,0.0194551478049038,0.0579693831519963,"Deviance"
5,2000,0.35,35,2,0.25,5.00631781561812,0.994607335050402,1.95874971577969,0.0161432372150189,0.01646855868256,0.0594410372232109,5.03269187217211,0.93947541962641,1.79094331320864,0.0168603686756524,0.0166486569843138,0.0538044142653787,4.98763987651117,1.02192817651846,1.21713607243797,0.0344828693935059,0.0357710762919364,0.0597047698874865,5.00457620835592,1.00194296450523,1.97959288987554,0.018247414527512,0.0196206345609397,0.0641064683332941,"Deviance"
6,2000,0.35,35,2,0.25,4.99127651974428,0.986471789258208,2.0253450026079,0.0158858274204699,0.0162940735403331,0.0616170537366874,5.01128387437101,0.93129399651199,1.83013985647625,0.0166912609948527,0.0166982548140581,0.0550787102795746,4.9646284517609,1.03999633928027,1.23794933990624,0.0342076904638149,0.0356332436890333,0.0609444838502532,4.99744122734228,0.995548339768647,2.04048489179299,0.0178760528607725,0.0195887520202484,0.066058119372147,"Deviance"
7,2000,0.35,35,2,0.25,4.97497635786689,0.998382183245558,1.90706699183525,0.0163617184843608,0.0169741802697463,0.0575730501367012,5.00829456239923,0.945918818174165,1.74254519511064,0.0170920599172498,0.0172161951859499,0.0521070739162739,4.97663575325424,1.05065028641034,1.19671132853262,0.0348036851713245,0.0360835605965343,0.0585846563450669,4.96459384904393,1.00872361936414,1.93516898368882,0.0181500586586316,0.0195607330200089,0.0620629025024749,"Deviance"
8,2000,0.35,35,2,0.25,5.00920689550785,0.986793183534048,1.88057931528763,0.0164659782709357,0.0169581434639967,0.0565631882990165,5.03323802032615,0.930282247156925,1.71656569697417,0.0172136091480055,0.0172516646280658,0.0511614526794825,5.04553674340299,1.00386409045913,1.16610523258822,0.0352046551655108,0.037739968240243,0.0567313449340864,5.02173754073064,0.998409794411643,1.90740742756172,0.0184228685345359,0.0198874587295337,0.0612026109165342,"Deviance"
9,2000,0.35,35,2,0.25,4.98501931760966,1.00768433891436,2.05636245532358,0.0157760426254246,0.0161689372509372,0.0625520226039723,5.01938641688877,0.939892625439293,1.84169044158907,0.0166382194599915,0.0164722332005551,0.0554040848008661,4.97379535109767,1.0967839523042,1.25311854522442,0.0340259888334156,0.0350623276640707,0.0618380121841042,4.98563044173338,1.01140088857421,2.06789957280666,0.0178718822214345,0.0194241073346848,0.0672585868999453,"Deviance"
10,2000,0.35,35,2,0.25,4.96268959931204,0.99128218144275,1.97880876194776,0.0160857485333353,0.0164860367738488,0.0600796711583201,4.99423534898707,0.927851593844232,1.79856590736221,0.0168441096649514,0.0166466892794208,0.0540718216971991,4.99249553367985,1.03894266425169,1.24401135454003,0.0341583613785042,0.0352767138929857,0.0612046210882464,4.96819408859322,1.00579162148554,1.99575933240129,0.0179801509302763,0.0197982668972819,0.0645736358358551,"Deviance"
11,2000,0.35,35,2,0.25,5.02440866764443,1.00414997967997,1.99069087699294,0.0160376823871942,0.0162066260945305,0.0602622498470474,5.05514794733577,0.934079886729094,1.79182605992063,0.0168775401647743,0.0164766430969433,0.0536782207929814,5.02644930770279,1.01342289313522,1.21783442955821,0.0345199822817959,0.0342784839410498,0.0597180237088983,5.03208569553114,0.997152885754703,1.98606329249637,0.0182156511103414,0.0193085545332298,0.0641013306948087,"Deviance"
12,2000,0.35,35,2,0.25,5.03424225860483,1.02351783510502,1.93439743135224,0.016243825781649,0.0165712944326028,0.0584753925297435,5.05959260012747,0.967504133045816,1.75569315978299,0.0170262764621822,0.0168665105304331,0.0525418274391419,5.04576456898668,1.08616217706723,1.1826204323717,0.0350081438971793,0.0354080542248935,0.0579054043251003,5.03896874915923,1.03579424811117,1.94291883395098,0.0182528578131788,0.0191446999150823,0.0625644478169017,"Deviance"
13,2000,0.35,35,2,0.25,4.96443648775055,1.01652989209677,1.9297683633094,0.0162749086468322,0.0165573235375164,0.0584968334029604,4.99222175896275,0.963857423134068,1.74666545168559,0.0170811413270615,0.0168863003718893,0.0523758058065311,5.00481310058878,1.03160598364109,1.20475571040951,0.0346866435982825,0.0347687234331642,0.0591589966773573,4.97459152859127,1.01557661438628,1.94095217720507,0.018291845242743,0.019232969902695,0.0626244664593859,"Deviance"
14,2000,0.35,35,2,0.25,5.00487647485088,1.00887660797041,1.98507197228777,0.0160390996474683,0.0164234993300996,0.0601650743936674,5.03984744766618,0.940088973144893,1.77468990982948,0.0169342462762736,0.0167849782298243,0.0531677791631576,5.0155515270894,0.989808205111039,1.16680717830777,0.0352267018807947,0.036476899438024,0.0569378272831003,4.9990933423906,1.00062341905075,1.9425758565011,0.0182121621795336,0.0191619068283692,0.0623174943587345,"Deviance"
15,2000,0.35,35,2,0.25,5.00033033904008,1.02437859229981,2.10324931871946,0.0155963397904971,0.0159830910711667,0.0640782552884398,5.02620051920334,0.956105740555284,1.85240033814329,0.0165905009263723,0.0164201182454032,0.0557096718889058,5.0172935626132,1.04187199493582,1.29231356854247,0.0334829403968925,0.034362421628447,0.0637884509853639,5.00101856054625,1.03102107446698,2.08494904618142,0.0177485805036596,0.0189546658320462,0.0678556239837872,"Deviance"
16,2000,0.35,35,2,0.25,5.00186369600741,1.02469762284111,2.06772426634054,0.0157269704615121,0.0161040884386607,0.0629507945072038,5.03234148838067,0.959565002103305,1.82917163236907,0.0166911405141774,0.0165087487642071,0.0549704278113636,4.97751968620629,1.09394892033654,1.31527142985778,0.0332363662878865,0.0350206650654145,0.0648814242127099,4.99737408318161,1.03394569493705,2.07913655122548,0.0179730046446828,0.0197065822155317,0.0679250149374022,"Deviance"
17,2000,0.35,35,2,0.25,4.98094098694064,1.00316430569686,1.9742987043443,0.0160858388895453,0.016404811222016,0.0598887544839591,5.01904172382738,0.93999152370891,1.78410423690235,0.0168948619718134,0.0167056053583333,0.053547217003137,4.95099861042866,1.07264188239549,1.21073934977384,0.0346088516195128,0.0342868533160748,0.0595512869784867,4.980592647018,1.00092487744707,1.98474720675476,0.0181720851437647,0.0190773464722045,0.0642710851106962,"Deviance"
18,2000,0.35,35,2,0.25,4.99050148960344,1.01113699528959,2.08865687223395,0.0156510189310016,0.0158593506003159,0.0635957430694674,5.02854188563123,0.953764635581675,1.8947348767884,0.0164082250483525,0.0160705331918033,0.0571212585823703,5.01261088962264,1.00878884713761,1.25617319144837,0.0339522894421625,0.0342693082959034,0.061737514567557,4.99436405319092,1.00870533095304,2.08577605438525,0.0176532184577407,0.0184733472313206,0.0675512256589621,"Deviance"
19,2000,0.35,35,2,0.25,4.99758338089141,1.03250762012252,1.96179860635242,0.0161485573805469,0.016276894511766,0.0595289788951943,5.03318698273251,0.970107327855595,1.78176944874795,0.016914456630019,0.0164357489017477,0.0535266571907592,4.96699955604003,1.0723502462042,1.2546576113603,0.0341736649491497,0.0351833075135236,0.0616147320287222,4.99418057990447,1.03859236479531,1.98590598607548,0.0183311461654436,0.0197273038566101,0.0647253442164344,"Deviance"
20,2000,0.35,35,2,0.25,4.99895921181415,1.00263765459501,1.97125313137516,0.0160972062842314,0.0160796355481529,0.0598549040997523,5.03298824582212,0.94114856441663,1.77096685496641,0.0169548572130344,0.0163881526139049,0.0531619753450508,4.99428953041846,1.02353304577401,1.24327594220534,0.0342060365251766,0.0353081610236093,0.0612965692966613,4.99654923247374,1.00462964995025,2.00469284865803,0.0180725465387371,0.0188208843450997,0.065153674533631,"Deviance"
21,2000,0.35,35,2,0.25,5.02687026998926,1.011224948983,1.9745756654712,0.0160793520830785,0.0164927912643028,0.0598753318160221,5.06446675633123,0.960018498984107,1.80064001803282,0.0168149815499153,0.0167350736534849,0.0540564748785246,5.05714626761249,1.0018390939352,1.22766880636729,0.0343262203815566,0.0364590171572867,0.0603392308922652,5.03962574339447,1.01554731350338,1.96854921302068,0.0181207759664427,0.019027302473717,0.063543248335108,"Deviance"
22,2000,0.35,35,2,0.25,4.97157755001579,0.978429277460053,1.9718080555389,0.0160999356453151,0.0164020464571226,0.059648018309264,5.00219110840239,0.915313040944484,1.77951955033526,0.0169221296249646,0.0166586401993288,0.0532694757949189,4.97769186570927,1.02685174270443,1.23506805411793,0.0342690900200955,0.0354463767062821,0.060530820927053,4.96489846481563,0.981935031572645,1.98418878511666,0.0181496784251702,0.0191260307314843,0.0641388751715831,"Deviance"
23,2000,0.35,35,2,0.25,5.00456806097714,0.998007970714601,1.99919291888151,0.0159880190594691,0.0161010436275502,0.0606398692432454,5.02571417338372,0.94360131233606,1.81235394879857,0.0167705798495042,0.016527292136578,0.0544399184839618,4.9909176722433,1.03749574952189,1.22412286265995,0.0344011392556741,0.0360326926589559,0.0600348548041517,4.99398700170714,1.01974928725602,2.00814835754207,0.0180884204950168,0.019583557174414,0.0648896970054108,"Deviance"
24,2000,0.35,35,2,0.25,5.00587203969275,0.992348441934729,1.99680381285664,0.0159912262512539,0.0162503602560832,0.0606497220576938,5.03619031293526,0.943428651919516,1.81795060448091,0.0167365810969262,0.0165115151245131,0.054642609186727,4.9791018429467,1.00501524505164,1.18969357970052,0.034889647350685,0.034429869884816,0.0583304741682014,4.99801679137001,0.984607812379466,2.00094899266567,0.0180472533806881,0.018804689154884,0.0645290218445528,"Deviance"
25,2000,0.35,35,2,0.25,4.97722755506658,1.00512882520473,2.14025478868784,0.0154683209472139,0.0154438907300832,0.0652628097431836,5.02203225007587,0.93974710429098,1.88943888326848,0.016428837199725,0.0159355870532312,0.0569085283405774,4.99919909577631,1.00360157747444,1.29286169681415,0.03348743774398,0.0328613999274418,0.0637817533073302,4.99880076312559,0.991448064306308,2.10820838984528,0.0176415355000767,0.0180941206191537,0.0683870509170475,"Deviance"
26,2000,0.35,35,2,0.25,4.98655409595849,1.00899962122392,2.09535952051032,0.0156406629616857,0.0159947325689023,0.0638754833026313,5.01685311523851,0.958820606911679,1.89183414898844,0.0164324511556412,0.0163587890967507,0.0570786896309472,4.98188882231464,1.03782381204879,1.33565300408722,0.0330287743523896,0.0339657398941397,0.0659877064616707,4.9857635942972,1.01145660342318,2.11502773664849,0.0176577988092034,0.0185564973792959,0.0689751712585296,"Deviance"
27,2000,0.35,35,2,0.25,4.98675160255771,0.996775360601962,2.01947352606481,0.0159174944266626,0.0159416080304635,0.0615467509812532,5.02384093461439,0.934518680146728,1.82064551730524,0.0167318035611157,0.0161810559467283,0.05487235868882,4.98259622615883,1.0058077765566,1.22195458536041,0.0345069547657875,0.0331317383469327,0.0600871901727581,4.98412424332086,0.993454994829012,2.01689656655117,0.0179321604304022,0.0185807685772966,0.0652423174937431,"Deviance"
28,2000,0.35,35,2,0.25,4.97161987978119,1.01505551800002,2.10193150393005,0.0156065946856252,0.0159322724453721,0.0641195719231476,5.00947746034218,0.952003265448115,1.87257246847832,0.0165036692340371,0.0163173574394528,0.0564525569951985,4.99134253482669,1.01652949917176,1.35009015207771,0.0327726765460518,0.0344020812977517,0.0668868932482621,4.96717970488271,1.02010182737898,2.12196506366574,0.0177335688256799,0.0190347972946749,0.0696301875342983,"Deviance"
29,2000,0.35,35,2,0.25,5.00911555241353,0.992992993109647,2.02434598123157,0.0158870964750537,0.0158934070147276,0.0616046053776348,5.03885332081641,0.946598892349951,1.83434311995735,0.016664227339753,0.0162692763056684,0.0552312144746905,5.00700709308776,1.01599602109556,1.24742124883381,0.0340750122353446,0.0347750313856054,0.0614065953642284,5.00634685668642,0.994025095465969,2.03721831435098,0.0178583319841052,0.0187609984300788,0.06602441697579,"Deviance"
30,2000,0.35,35,2,0.25,4.99703599576348,0.97725154289794,1.9518182583893,0.0161711633085996,0.016515103939949,0.059199520473097,5.03180216661943,0.911839757942867,1.7689936621571,0.0169610856855317,0.0167518692407581,0.0531126562572393,5.00119855727403,1.00227101904793,1.17297832334109,0.0351373852641631,0.0358319781747037,0.0574320895432548,5.01070134513118,0.96331274682868,1.94317856553776,0.0182023854978087,0.0190112670512276,0.0625827577841095,"Deviance"
31,2000,0.35,35,2,0.25,4.97525606298724,1.0130611480694,2.00086961981448,0.0159852283127325,0.0164141653473055,0.0606075221178237,4.99552422253651,0.953666064586798,1.83594025526041,0.0166669440281039,0.0165029354705169,0.0551029259341345,5.01525699986464,1.03993971988893,1.2546058664766,0.0340213563001607,0.0347544331349819,0.0616970463012784,4.97442419669777,1.02059604516505,2.02218436608102,0.0179481733357363,0.0188898923656641,0.0654024636509471,"Deviance"
32,2000,0.35,35,2,0.25,5.00745080268118,1.0216458488305,2.05913327131133,0.015757812221091,0.0160600195426637,0.0626790099485222,5.02365312144766,0.967343867006014,1.93017344220183,0.0162592369140429,0.0160426192468542,0.0583584799167669,5.0142154184875,1.04051590052896,1.25841203421355,0.0339231309982354,0.0345727367949637,0.062015937431713,4.99742990930423,1.03146314167667,2.09745100394706,0.0175955395517409,0.0183890365899796,0.067989323494149,"Deviance"
33,2000,0.35,35,2,0.25,5.02758977990346,1.00522603105634,1.93858768822968,0.0162288458766507,0.0164847451957966,0.0585676981272632,5.05965163407347,0.93711971735728,1.75554050490396,0.0170299959789888,0.0166795913481974,0.0525170009000467,5.026074977498,1.05777707587419,1.20225222154547,0.0347554426554301,0.0349607316930938,0.058817977386468,5.01747555772075,1.00550855831307,1.96160029981529,0.0181909503777928,0.0191644334647041,0.0631206978189071,"Deviance"
34,2000,0.35,35,2,0.25,5.01014557884957,1.00219336221261,2.04486250700666,0.0158221538116968,0.0159379581797511,0.0619063849833926,5.04299243424712,0.948462129625927,1.85686912837925,0.016574886110716,0.0162091147978732,0.0556822018373329,5.02416103220947,1.01017509834232,1.26176353128885,0.0339593745469483,0.0340504070075515,0.0618619405679465,5.01452773734712,0.994587231220456,2.05378878930513,0.0177995867131281,0.0186550660366618,0.0662401986906839,"Deviance"
35,2000,0.35,35,2,0.25,4.99789763450721,1.02141448182015,1.94812105711407,0.0162094597999031,0.0168922959575254,0.0588966651291821,5.04039955892073,0.953507900775626,1.76370907225155,0.0169985445054392,0.0171829559685718,0.0527863539661398,4.98400098163211,1.05677646924407,1.25847194731373,0.03402004941372,0.0361029316593856,0.0619040029133436,4.98916013557032,1.02981236325337,1.99867947145721,0.0183305220144781,0.0202708826113409,0.0651193282714779,"Deviance"
36,2000,0.35,35,2,0.25,4.98971245942763,0.997001185130334,1.92476809755563,0.0162887039039739,0.0165554575041204,0.0582638959406553,5.01769356421912,0.934854454598823,1.74953617811897,0.0170602717552758,0.0167511298516126,0.052438753674825,5.02019517403717,1.04067145477602,1.22781315774172,0.0343738287152758,0.0368821886468058,0.0603266697863285,4.98069507775179,1.00314032432372,1.95982254248295,0.0181349161948799,0.0194646058440805,0.0634780676058541,"Deviance"
37,2000,0.35,35,2,0.25,4.99982496510969,1.01714767271275,2.05237491666457,0.0157891495971366,0.0158150682072992,0.0625074832617598,5.02933042031853,0.955048933744161,1.83751630099208,0.0166566000974745,0.0161438749766177,0.0553066016994892,5.05278413703867,1.00128887240472,1.22034223366459,0.034430974945785,0.0349751935296109,0.0599318637447844,5.02103558476507,1.00290405353794,2.0202008429521,0.017926343606553,0.0185063627673934,0.0653918586304574,"Deviance"
38,2000,0.35,35,2,0.25,5.01331567756845,0.988624817497197,1.9956361481937,0.0159948741482413,0.0168131317358899,0.0603907072665926,5.0394972640966,0.926256011222931,1.84108905502039,0.0166312667450743,0.016867022482901,0.0552672254604102,5.00404768700407,1.00402481391517,1.23768706674598,0.034211813227561,0.0362685308683048,0.0607538178733137,5.01745072195934,0.987860546023797,2.00963264650357,0.018165198664747,0.0196280902267691,0.0651088893761262,"Deviance"
39,2000,0.35,35,2,0.25,5.02728997637052,1.0221636633208,2.02640142499415,0.0158985448203689,0.0155891890059671,0.0617289558201923,5.05663537576628,0.967658306298488,1.82767553478905,0.0167145412403666,0.0159447644252651,0.0550802895837158,5.02025224157938,1.01016973577901,1.22513716170854,0.0343857934785855,0.0332877821523613,0.0602547164644808,5.01449115507318,1.01214443714793,2.02144061992752,0.0179963826547227,0.0180164045652955,0.0656016635455161,"Deviance"
40,2000,0.35,35,2,0.25,5.01324025109776,1.00270726379294,1.97564323899274,0.01607312755295,0.0165764184066416,0.0598179475387007,5.03669260653885,0.941564395602341,1.79693818164419,0.016831569760792,0.0167838471993523,0.0538796594110456,5.03854447511673,1.07209395546184,1.20132101095661,0.0347095838978303,0.0356777479764148,0.0589225344224987,5.01454428522667,1.01674376585526,1.97308409664367,0.0181019204111004,0.0199043096678537,0.0635367308371882,"Deviance"
41,2000,0.35,35,2,0.25,5.00786255199463,0.998838464194476,1.87936121502712,0.0164746947719534,0.0166441991916526,0.0566934978212911,5.04389119235559,0.943851953262358,1.71426763342162,0.0172259221098766,0.0169281304789623,0.0512148730175802,5.03964088167212,1.05220224543583,1.1701878447024,0.0351614159788939,0.0368816944436775,0.0571904614160153,5.00530622140129,1.00492117801913,1.88517238437502,0.0184719530968333,0.0194304145175822,0.0605666690371694,"Deviance"
42,2000,0.35,35,2,0.25,5.00147989276667,0.990255529073869,1.99826955574185,0.0160096505447866,0.0162900063353712,0.0606597713874421,5.01972008499981,0.933004267488455,1.81961887820585,0.0167645754746153,0.0164378430913604,0.0546845997296469,4.98068132699411,1.03335333619898,1.20836970195025,0.034713330848667,0.0349798325753474,0.0592039476097932,5.00146885724266,0.997337196069165,1.98879322650988,0.0180598004660954,0.0190370538575801,0.0640933793600515,"Deviance"
43,2000,0.35,35,2,0.25,5.02923164172551,1.01583953692833,2.1213856173582,0.015525237769699,0.0156616072687873,0.0645939850378586,5.05679090851162,0.960224118751054,1.88713747543616,0.0164318143862776,0.0162291656784036,0.0567992302096446,5.03233201334979,1.04234955372299,1.32874892842162,0.0330302344253605,0.0335266802354188,0.06561307442537,5.0356376940503,1.02867298813553,2.1157332183412,0.0176704584562213,0.0186923492876701,0.068926675868512,"Deviance"
44,2000,0.35,35,2,0.25,4.99941637227975,1.00613163953907,2.09332652139501,0.015659776872082,0.0158920849946764,0.0637600667076169,5.0303343951995,0.938752176845377,1.8527888952978,0.016618516796816,0.0162592348364297,0.0557304254290932,4.99686083000528,1.03487433157431,1.28008741499249,0.033759858599196,0.0344752710514079,0.063025185616914,5.00011915696147,1.0054344706069,2.06527828113517,0.017772369407311,0.0187562566812833,0.0669026265753976,"Deviance"
45,2000,0.35,35,2,0.25,4.99786086182008,0.990842799703144,1.96874749584173,0.0161072903558464,0.015927829970624,0.0595580850341723,5.01181661404953,0.939861126473789,1.84803361995004,0.0166092809853288,0.0158645677040244,0.055558632105271,5.03507782536075,1.03301445176298,1.2115638578764,0.034571421088655,0.033873539952619,0.059330353988772,4.99051915513921,0.996193813152913,2.01500714869322,0.0179206317594074,0.0181712976689857,0.0648666547811473,"Deviance"
46,2000,0.35,35,2,0.25,5.00248512493151,1.00265087786154,1.86199762136754,0.0165508535708749,0.0168823316424599,0.0561425516372748,5.03680403562886,0.948229244948299,1.69846124495877,0.0173066750343042,0.0171733907182658,0.0507086657935115,4.97953246138226,1.03865572917359,1.16686221143042,0.0352441662963033,0.0352619449932147,0.0570207900604382,5.00366826275534,0.995610797386473,1.85899589930005,0.0187431833875018,0.0197506780726017,0.0597548205519301,"Deviance"
47,2000,0.35,35,2,0.25,5.01839000386129,0.998016112801827,1.95270526685397,0.0161756887662906,0.0164944012132843,0.0591215486805444,5.04437247433382,0.950813083549192,1.79838097412635,0.0168350168962784,0.0166736935441742,0.0539748767736667,5.01715573856063,1.0166595386868,1.21531960394664,0.0345279746810907,0.0347358561098083,0.0597497811178484,5.01874648066174,1.0023701755408,1.98184308288452,0.0180720661457414,0.0186978576105276,0.0639471011866991,"Deviance"
48,2000,0.35,35,2,0.25,5.01610633170384,0.972130281011369,2.02840588409249,0.0158818167068831,0.0158573974144692,0.0615816134195817,5.03692921702641,0.926444193697903,1.89351000507898,0.016419303325892,0.0160003610031296,0.0570928289294611,5.03065614231408,1.04271434947468,1.27544085112457,0.0337073193800045,0.0332204855417624,0.0628527822267418,5.02358145635929,0.980638377016005,2.07036307662112,0.0178064011667743,0.0186849538340425,0.0671874584145834,"Deviance"
49,2000,0.35,35,2,0.25,4.99085874732063,0.994162876385839,2.00569836928098,0.0159606504482628,0.0162405934152042,0.0607743362975413,5.01758155504111,0.929917076690909,1.83697398320789,0.0166539448970286,0.0163647789228941,0.0551729610701909,5.02838411117148,1.05127466621217,1.25717053951298,0.0339736370664502,0.0352801456911723,0.0617272277940392,4.98862478879835,1.01223693250447,2.01257543443193,0.0179079829068521,0.0201636209209833,0.0649663617256983,"Deviance"
50,2000,0.35,35,2,0.25,5.01819321668056,0.982131613212933,2.05670808060008,0.0157658916495446,0.0156646488933376,0.0625440318983751,5.04206612708797,0.921042755008056,1.89687381727477,0.0163940240564605,0.0156119915141819,0.0572166134406411,5.02805355030143,0.985644378613466,1.2470945079519,0.0341661300504146,0.0340896899381881,0.0612002819240775,5.03198679813438,0.982330282027754,2.06508822165423,0.0176714168748844,0.0181256890426322,0.0666488080241193,"Deviance"
1,2000,0.35,35,2,0.25,5.00288857697388,0.97698101545886,2.05513452056353,0.0157702659315517,0.0155723516751449,0.0625928701812652,5.03865031826165,0.917863862743292,1.86395711868146,0.0165368716114356,0.0158516360859822,0.0562168350899709,5.05619870432295,1.03841417338167,1.25406658869532,0.0340116190984225,0.0333413248590411,0.0618818245774323,5.01225747853864,0.969989661447834,2.06180378083694,0.017634969076617,0.0181253036561669,0.0667615059476777,"Deviance"
2,2000,0.35,35,2,0.25,4.9765723049624,0.987424570970062,2.01890992801687,0.0159157269123498,0.0157888273971137,0.0614038969231646,5.00976217328094,0.941703146727223,1.84905543102598,0.0166055891347801,0.0160482880479246,0.055701281091211,4.96992829466457,1.05271584545287,1.2445509564184,0.034183977599078,0.0329552088701151,0.0614849146840799,4.97841800138825,0.988149289060198,2.04822736727714,0.0177722782940899,0.0182230514251527,0.0664412237213763,"Deviance"
3,2000,0.35,35,2,0.25,4.98503012766062,1.01253855269067,1.96457338519812,0.016124106755046,0.016563151259392,0.0594870848771034,5.02638123996856,0.94942361632041,1.74059984848966,0.0170989147996046,0.0170398279733296,0.0520275954978096,4.99120314918944,1.05167438487432,1.23629173240461,0.0343077428076642,0.0349122866278213,0.0607710391580942,4.97487637208059,1.01986278387069,1.97583089951555,0.0182982623282959,0.0192197712890711,0.064103859098117,"Deviance"
4,2000,0.35,35,2,0.25,4.98298548426393,0.997319929220317,1.99618622681283,0.0160015245878227,0.0162600348236581,0.0606794078085257,5.01705779428857,0.932587767273615,1.76498263174749,0.0169861446390517,0.0167847320796461,0.052977389675401,4.95594528400865,1.0504307337258,1.2803462102967,0.033659027351522,0.0340960004583766,0.0631741276432104,4.98110693484726,1.00780411817922,1.99752976673642,0.0182371070842341,0.0193376211706365,0.0651642159937807,"Deviance"
5,2000,0.35,35,2,0.25,4.98758387173647,1.02727241682855,2.01329614959671,0.0159380412520555,0.0159028773489632,0.0612736144823602,5.02073095413482,0.973524314807505,1.82590629736596,0.0167073454310624,0.0162922404023564,0.0550062254724739,5.00944663542483,1.0748949481232,1.22045671840431,0.0344532385854342,0.0346684112732629,0.0600434133373224,4.9879684914363,1.02598500138897,2.03200356749292,0.017981574978269,0.0187587153558418,0.0660676195520887,"Deviance"
6,2000,0.35,35,2,0.25,4.99442953630091,0.993467191432623,2.05658206595257,0.0157776201946863,0.0158903794205066,0.0626266472963388,5.02943481611443,0.937468952139547,1.82058870106762,0.0167358951171832,0.0165133723387913,0.0547385394255076,4.96476697334608,1.02932376485883,1.28220438483878,0.0336510626809771,0.0336773058761973,0.0632975173077198,5.00335208227072,1.00477035227692,2.0639507048055,0.0179775667540948,0.0186525665215444,0.0673237805612885,"Deviance"
7,2000,0.35,35,2,0.25,5.00438277468056,1.00953605382732,2.04832888767177,0.0158077367712513,0.0156900729203684,0.062244553681265,5.0300697981317,0.950764409759311,1.8314446528868,0.0166876224230043,0.0161000777098941,0.0550321021519047,5.01706277534226,1.0389919658483,1.29780517233853,0.0334907682469272,0.032978602025876,0.0641843207193002,4.99643958968634,1.01223415059453,2.08568666675405,0.0176505096843563,0.0182773925084811,0.0677692065878444,"Deviance"
8,2000,0.35,35,2,0.25,4.9975379990261,1.01865706004139,2.08660625584897,0.0156629918789928,0.015925584889547,0.0635656965190393,5.02988373917206,0.964402340532337,1.9017473781519,0.0163775132155977,0.0160976429620582,0.0573751198272076,5.02619071445735,1.05820613826008,1.33067422349351,0.0330206827067578,0.0331323493359454,0.0657350839873094,5.0080088117702,1.02936918369917,2.11211022581445,0.0177382811080645,0.018666630721509,0.0690317243487469,"Deviance"
9,2000,0.35,35,2,0.25,4.99757781836259,0.998635101786843,1.891861282351,0.0164232607337278,0.0166698859212381,0.0571382696416225,5.03395947850394,0.945136087035178,1.71656837567641,0.0172153006505588,0.0170183462514184,0.0513150427029014,4.99475101497288,1.00986627577409,1.17200514911873,0.0351341225648639,0.0359914563136776,0.0572487139054681,4.99689386833904,0.997941371792336,1.90455175533205,0.0183699313086841,0.0195054409773059,0.0611878663175912,"Deviance"
10,2000,0.35,35,2,0.25,5.01606938245801,1.00721937231313,1.9093732009074,0.0163515689725163,0.0164634832098506,0.0576104486218663,5.04567498884048,0.945112136532633,1.72296782461197,0.017187122566554,0.0167582009256856,0.0514552360848627,5.07134206026999,1.03276962465444,1.19019660576699,0.0348659824615928,0.035092218492387,0.0580542176816262,5.02360866389911,1.00660233221859,1.91054927850085,0.0183638386511424,0.0194273469836121,0.0614394354836838,"Deviance"
11,2000,0.35,35,2,0.25,4.99028347237243,1.01875405627359,1.95026304258773,0.0162060365094932,0.0160805619260519,0.059066083166378,5.02724186304024,0.974725108873399,1.78562799893757,0.0169043984146578,0.0163930409403858,0.0535756788557582,4.97047407367738,1.04537601588259,1.20791771679875,0.0347797124796997,0.0346677747584839,0.0591478610587581,4.96917383499654,1.01698465485838,1.95901251115637,0.0183686134078178,0.0191573226968339,0.0633505431082969,"Deviance"
12,2000,0.35,35,2,0.25,4.98860972084032,0.978051420926315,1.98742441321517,0.0160367347375792,0.0160181579170177,0.0603284377430111,5.01566048064707,0.92677098513069,1.83689347917925,0.0166587757794909,0.0161840253009049,0.0552969565487286,4.94002113329895,1.00357604011959,1.21360176443639,0.0345587262532523,0.0338195305266281,0.0595975528779449,4.99423569667248,0.975137601883637,1.99661220170306,0.018137382545861,0.0187840678485087,0.0645983341602669,"Deviance"
13,2000,0.35,35,2,0.25,4.99938178626044,0.973006042012441,1.8262118347034,0.0167083404557295,0.0166133034325367,0.0550626557985448,5.02760366958589,0.930819865067143,1.69702863076938,0.0173140448579321,0.0168108824383762,0.0507611138250804,4.99868142681095,1.01399761504736,1.15094904919638,0.0354576254188477,0.035222637236529,0.0562311594341402,4.98463237944986,0.988777666837623,1.86315154968423,0.0184271704459009,0.0188573811917585,0.0596676989735125,"Deviance"
14,2000,0.35,35,2,0.25,4.98922171498529,0.994120239742087,2.04687753508459,0.0158170612073649,0.0154575615617638,0.0623370894332257,5.02181360179738,0.936711636213625,1.86397637142691,0.0165454962436216,0.015643320511737,0.0562017090556459,5.0106680574361,1.02654101450532,1.22170703307747,0.0344394204630196,0.0335915300290579,0.060113741115069,4.98861657121744,1.010093163405,2.06520145089392,0.0177232165666837,0.0180941893132929,0.0668291296516138,"Deviance"
15,2000,0.35,35,2,0.25,5.01115708129268,0.985239006630543,1.96575772060574,0.0161081063802326,0.0169979095297771,0.0593528349953117,5.04452476294381,0.930570406265413,1.80679946019199,0.0167825113982876,0.0171895320056402,0.0540908252152979,4.99264967296389,1.04474457884428,1.22161122545469,0.0344285647053436,0.037734958400059,0.0597821142351143,5.00796686900769,0.992971865283901,1.99208060111824,0.0179947508011314,0.019984457226774,0.0640347191227276,"Deviance"
16,2000,0.35,35,2,0.25,4.98381342538963,1.00624909983206,1.93699902801156,0.0162470148680125,0.016155833923149,0.0587047895673982,5.02348390353451,0.95073285517605,1.76213399727367,0.0170116092989391,0.0164219749851119,0.0528756617396539,4.98520607026818,1.05458507449185,1.20359166117456,0.0347253681153431,0.0338191762280524,0.0590559042477689,4.97061700873856,1.01026898387397,1.95246086852941,0.0182470149027955,0.0187995686554784,0.0630560638923229,"Deviance"
17,2000,0.35,35,2,0.25,4.9826825375703,0.988659089979473,1.98629334347125,0.0160388733292212,0.0162372788930333,0.0604235492601263,5.00582067842723,0.931594685356552,1.81402045289671,0.0167610284406074,0.0164218844053545,0.0546498086954912,4.98352222296777,1.02681579611135,1.25905907147305,0.0339688942501354,0.0347043427117455,0.0619765678074393,4.97817911497432,0.992466042658662,1.98563491588851,0.0181382221836514,0.0194389548604274,0.064572323967755,"Deviance"
18,2000,0.35,35,2,0.25,4.97213664889642,0.978579490864646,2.04142875924426,0.015823520454959,0.0160665371101938,0.0620396620551358,5.00129442701847,0.916286256373585,1.84597344754208,0.0166135418046746,0.016326808038629,0.0555210988756744,5.00181331357251,1.01100727145202,1.26423750953393,0.0338622004611121,0.0345187875614962,0.0623493797051576,4.97189675282973,0.970040208497555,2.04945283045673,0.0177190882696786,0.018452780586291,0.0663127662958166,"Deviance"
19,2000,0.35,35,2,0.25,4.9907119724278,1.00528753225713,2.06957809622761,0.0157268954809492,0.0157647061602841,0.0630534368163723,5.0250181513355,0.946828513439937,1.90059050835988,0.0163813737939554,0.0158873400209334,0.0573998937246035,5.02491188535192,1.01186421350387,1.30501498607559,0.0333147243800183,0.0337962396405377,0.0644718757784127,4.98863062575649,1.01207054505738,2.09878309277182,0.017636853946888,0.0185230611780914,0.0683464392579685,"Deviance"
20,2000,0.35,35,2,0.25,5.02776918697737,0.968499253143675,1.97580136102631,0.0160655299853916,0.0164957699779259,0.0598358634972644,5.0601427275713,0.918695688029587,1.78358370679892,0.016884684312317,0.0170008721575712,0.0534299165992673,5.01969228030301,0.989190145952246,1.19995928639171,0.0347293178516079,0.0347367725666417,0.0587992254696787,5.02861773191095,0.96878697213873,1.96876516612175,0.0180492020842599,0.0190519434348699,0.063245763275517,"Deviance"
21,2000,0.35,35,2,0.25,5.01008728198838,0.972633762319065,1.9971313538463,0.0159942660362124,0.0160065963443348,0.0605420991277065,5.029111394109,0.920389729756091,1.86362440266048,0.0165408559383138,0.0159271535744818,0.0561024499044839,4.97370936165238,0.97709214911975,1.24239958255164,0.0341440567244563,0.0337871277683147,0.0610357773721104,5.00974571632824,0.973669897936917,1.99758015983945,0.017974722289746,0.0190543956977222,0.0644048356469618,"Deviance"
22,2000,0.35,35,2,0.25,5.00449762651737,0.974163802912066,2.04382915037767,0.0158109027535225,0.0162889359818075,0.0619382657806808,5.03615829995287,0.920718694123556,1.85875507784995,0.0165542093465074,0.0165904071884467,0.0557974440157463,5.00890233133817,1.01507218379913,1.2651516686869,0.0338483740676545,0.0340146633951325,0.0622051695986599,5.0090682008776,0.983975300056122,2.06141939700739,0.0176719619744613,0.0193684016719773,0.0664088194454713,"Deviance"
23,2000,0.35,35,2,0.25,4.973788007247,0.987475676454943,2.01122671169236,0.0159541052679429,0.0159260332814078,0.0612359364899301,5.0167672861926,0.929607865860294,1.78018175603686,0.0169189519901519,0.016413179318912,0.0534910392284683,4.99763219630808,1.00672486258563,1.23356586225328,0.034308495555111,0.032289237592055,0.060772759909471,4.98380731352335,0.971408222394661,1.99818905837725,0.0180744254101529,0.0186339989878009,0.0648446188909721,"Deviance"
24,2000,0.35,35,2,0.25,5.0214636597018,1.04894776495229,2.0562163657567,0.0157712923825585,0.0162144221253834,0.0625993950603873,5.0513411360355,0.986033691540817,1.81492842328725,0.0167545702140562,0.0167282204208506,0.054560288751047,5.02063666603162,1.08157704142534,1.26580727125033,0.0338457188274184,0.0352433086308458,0.0623221079084426,5.02858367311504,1.05160052853149,2.03653556824765,0.0180176928324767,0.0191818073736604,0.0663066589676886,"Deviance"
25,2000,0.35,35,2,0.25,4.97191917568285,0.99987468885427,2.07501259874075,0.0157054342601104,0.015654850534942,0.063289970189652,4.99920817077842,0.953905477631825,1.90870263847901,0.016352300929242,0.0159017563564971,0.057713233704116,5.0067052502296,1.03174830346222,1.23940364330972,0.0341937610235425,0.0340312131942961,0.0610977120245368,4.97846987376785,1.01735375636194,2.08836567493662,0.0176577358922247,0.0184085096039414,0.0677909562874667,"Deviance"
26,2000,0.35,35,2,0.25,4.96502532893835,0.997538318901215,2.02689899066846,0.0158858631744366,0.0165846916074064,0.0613910912479974,5.01350300276865,0.930395759167328,1.78622065151497,0.0168837841794384,0.0170058890366076,0.0533929187903738,4.94531491634569,1.07287159533002,1.21466655303883,0.0346253789310661,0.035111235749232,0.0593714958572745,4.97124753993253,0.994862595219019,1.99074909250346,0.0180837983760897,0.0196454789444536,0.0639699481160752,"Deviance"
27,2000,0.35,35,2,0.25,5.01067084490551,0.962692665727055,1.95644487627567,0.0161489838541798,0.0164420021478634,0.0592427981060119,5.04114427318415,0.902171603950698,1.77989124024338,0.016906874067065,0.0166274115554534,0.0533603958296913,5.03180248443642,0.933349152337081,1.18343859769278,0.034977090672593,0.0358845882946833,0.0579587485435273,5.02118165655266,0.955313083830002,1.92769651538522,0.018106910615618,0.0188895348278743,0.0617328492246389,"Deviance"
28,2000,0.35,35,2,0.25,4.98433634055328,0.994024072590259,2.10907054188328,0.0155829452755436,0.0154124979430351,0.0644439674147777,5.00012961044257,0.934138206354769,1.93159961114802,0.0162586189132457,0.0155124393720214,0.058509203237487,4.994497531008,1.03086604567099,1.30056130700774,0.0334028817800039,0.0333524848962478,0.0643832212356737,4.98630772215504,1.012846025443,2.13104357530675,0.0175635241424505,0.0182490122676589,0.0694638697688071,"Deviance"
29,2000,0.35,35,2,0.25,4.97766305085827,1.00563614338989,1.99956182047172,0.0159900465017598,0.0165690040521322,0.0604335149584357,4.99942134767209,0.93578229129213,1.81825677018531,0.0167472612222332,0.0166406092084233,0.0544422006456002,4.99835667575431,1.03772995122642,1.23110954394748,0.0343419489818854,0.0360686042863696,0.0602388227968934,4.97411956383755,1.00046211131557,1.99652272515112,0.0179475581768686,0.0193965012992721,0.0641115092092268,"Deviance"
30,2000,0.35,35,2,0.25,5.0082826038596,0.99842770905654,1.90421031018551,0.0163736108408231,0.0159466890956898,0.0576946339245967,5.04055165727986,0.942951421823303,1.73881834725528,0.0171120144008848,0.0162048333834587,0.0521824011397908,5.06968243880376,1.00500212024643,1.21156150866515,0.0345783887956547,0.0333734230853164,0.0595372665861072,5.02304043167765,0.989568701865958,1.92423123235026,0.0182018964701023,0.0180959558174886,0.0621130950697432,"Deviance"
31,2000,0.35,35,2,0.25,5.00942974003459,1.00430069643526,2.18836586424367,0.0152934510411578,0.0156819108793858,0.0667694931458406,5.04056912421578,0.932601022200668,1.92969949975189,0.0162525561911724,0.0161340690665661,0.0581519507629203,4.99977216808632,0.996204307213879,1.37774708444668,0.0324631514963433,0.0327987396037971,0.0683274127580196,5.0029958174304,0.980349951348427,2.17365920493824,0.0174097879711739,0.0181350949213215,0.0709848615542062,"Deviance"
32,2000,0.35,35,2,0.25,5.00427130007494,0.97550547107713,2.05548177731492,0.0157658328936606,0.015958822800684,0.0625685290770035,5.03001444651713,0.915394611532849,1.85384990114726,0.0165752938519666,0.0162541220353734,0.0558309140825418,5.0176897924941,1.00135611669576,1.26624220332904,0.0338183572943366,0.0343059440978483,0.062351760902061,5.00891361303777,0.973875540555353,2.03964886220323,0.0177009114679579,0.0183549172154499,0.0659092211948536,"Deviance"
33,2000,0.35,35,2,0.25,4.98298818798593,0.970437664747921,2.01273209384836,0.0159306366326755,0.0160515377524095,0.0610629643462091,5.0033891494171,0.904653500609637,1.82802408836995,0.0166922600355209,0.0162087635620969,0.0549171493360271,4.96715182338141,1.01391062441982,1.24658536153579,0.0341297009412461,0.0347213290541651,0.061264598198152,4.97374763609149,0.977519860918278,2.01296074196975,0.0180226747940611,0.0192614088110105,0.0651954190539837,"Deviance"
34,2000,0.35,35,2,0.25,4.98291690675613,0.993813464260358,1.99279600797641,0.0160206167514075,0.0157881691772113,0.0603931102599403,5.00670017783961,0.944575068835473,1.82899948027044,0.0166983297446155,0.0160284400395711,0.0549607906316447,5.00575578025147,1.02468242624019,1.24911104763879,0.0340782869955789,0.0326963883527555,0.0613439304646288,4.99426276996507,0.99369726555852,2.00605309560526,0.0180542441618979,0.018305797218443,0.0649159766805024,"Deviance"
35,2000,0.35,35,2,0.25,5.0258844235345,0.998272972647808,1.9770155550539,0.0160769559922496,0.0160681427526526,0.0599727691401462,5.04746616485766,0.946353269237216,1.81850904026013,0.0167436973135605,0.0162312356745786,0.0546870192848648,5.0110656684509,1.02822694755074,1.23361721638124,0.0342651761694129,0.0342866966953579,0.060747612264016,5.0251722758202,0.99159062135277,2.01017836730081,0.0180080194758154,0.0184877927382298,0.065097533001142,"Deviance"
36,2000,0.35,35,2,0.25,5.01101068424449,0.981397433044301,2.032684771885,0.0158604606803287,0.015944592032456,0.0616549656892595,5.04058407675432,0.91639838397607,1.83239177822895,0.0166787344109486,0.0162086951661453,0.0550116300071526,5.00101008548957,0.986945282516321,1.24472744358019,0.03411223130788,0.0337715916394697,0.061110371314199,4.99783197845632,0.981864636227387,2.06800337574258,0.0178935393117675,0.0185612618614091,0.0670771797208727,"Deviance"
37,2000,0.35,35,2,0.25,4.9987906177996,0.992389322416685,1.97322849305584,0.0160904093748678,0.0165525097692366,0.0600772485313384,5.01533425453404,0.943481282024409,1.83795988777087,0.0166534701900421,0.0166766631116162,0.0555148630103538,4.95521946925131,1.0305005348531,1.23216421958887,0.0343238052422759,0.0350469301422993,0.0609085138260419,4.98212078089934,0.9890429498416,2.00626413913174,0.0181028181706556,0.0196241852325813,0.0653469961942453,"Deviance"
38,2000,0.35,35,2,0.25,5.00967045945641,1.02392619395717,1.90168005934558,0.016388582071254,0.0164886547650755,0.0576463859314171,5.04022189169853,0.965926691898719,1.74034552693241,0.0171067356018369,0.0166724695845281,0.0522567246769909,5.02212538730558,1.0713021620332,1.20163014354518,0.0347348224137833,0.0343425967984016,0.0590233337278842,5.01766528493463,1.02497504363453,1.93908516784139,0.0183754166544026,0.0191051784993869,0.0629337326309638,"Deviance"
39,2000,0.35,35,2,0.25,5.00643310783691,1.00131662532948,1.89369797037208,0.0164227336363063,0.0164303847282473,0.0573530431781049,5.03196075151942,0.950030098311534,1.75048792582953,0.0170604341626171,0.0165178463950888,0.0525685985329303,5.03369226355724,1.06330014679908,1.20274086096129,0.0347502762787442,0.0348013389085136,0.0590475751262975,5.00598202045781,1.01876407370098,1.93792509436441,0.0182641362234655,0.0190801876568007,0.0626049911922269,"Deviance"
40,2000,0.35,35,2,0.25,4.99626302219441,0.970740639991701,2.07421370497017,0.0156978950686009,0.0158687778027738,0.0630785228577885,5.02115342845032,0.911194961011713,1.86497690982999,0.0165274394728088,0.0162308946435977,0.0561257679180053,5.0260282133822,0.989999202121437,1.24936623831346,0.0340439054964116,0.0334037234947509,0.0613086343581694,4.99765035346635,0.957496432083369,2.04845300001566,0.0176447495167285,0.0183763820945676,0.0658995483668329,"Deviance"
41,2000,0.35,35,2,0.25,5.0039709776102,1.00370327444666,2.05374247532026,0.0157763231202309,0.0159480397719659,0.0626311000589223,5.03509561319491,0.933737885354109,1.86867245064659,0.0165126808832573,0.0160219991356611,0.0564266233892584,5.01935490460079,1.04695988618156,1.23360183249668,0.0342553386149252,0.0352569085706282,0.0606693047278228,5.0130442974856,1.01399419893313,2.0495410296385,0.0178486394332796,0.0189415853840439,0.0663977802501708,"Deviance"
42,2000,0.35,35,2,0.25,4.98599869674031,0.991219333536807,2.00979053716793,0.0159438423513668,0.0160715053474291,0.0611091930246543,5.02143307061025,0.938542336877664,1.83650456076038,0.0166563951520607,0.0162068008089745,0.0552948672667011,4.9994108117836,1.01415092267704,1.22938060357132,0.0343712271802909,0.0339042923817032,0.0604553759461143,4.9944818376199,0.989120324988325,2.00476179559217,0.0179229326212031,0.018678997156029,0.0646844001882648,"Deviance"
43,2000,0.35,35,2,0.25,5.01594995359753,1.0213167921444,1.98719914384029,0.0160314144032596,0.0165578012787067,0.0601725823478896,5.04598295113767,0.959134637184508,1.80788889701361,0.0167830913733877,0.0166668589491482,0.0542186843592066,5.04950003861353,1.06760134583879,1.21643346839776,0.0344993265062116,0.0368457323125353,0.0595992153105792,5.02130443289645,1.02838387423855,1.99734700731703,0.0181634193487769,0.0197788027809567,0.0646070286218004,"Deviance"
44,2000,0.35,35,2,0.25,4.99139630656579,1.00599023197068,1.9345454665816,0.0162539779109472,0.0159916955290575,0.0585602358042445,5.02733512085037,0.959256346026396,1.74343351221569,0.0170946069931741,0.0163653873785649,0.0521843188012345,5.00140056617402,1.04811941482944,1.20462882557654,0.034731839498998,0.0336202953593093,0.0590036984053006,4.99644897556116,1.01223323917539,1.94478846130574,0.0182390131874459,0.0184344473042403,0.0627421570683888,"Deviance"
45,2000,0.35,35,2,0.25,5.01959226868386,1.00837216163785,1.89604036905898,0.0164090108781546,0.0167053572510533,0.0573395577175372,5.04405759123422,0.95548953766014,1.73203920356914,0.0171465498557356,0.0169679904816045,0.0518711969699993,5.01095427916894,1.05843840046154,1.13590939418475,0.0357132225991701,0.0360727404265131,0.055490833748196,5.01679621511219,1.00739004963874,1.8897047520907,0.0184963465602049,0.0203692775290849,0.0606835060503986,"Deviance"
46,2000,0.35,35,2,0.25,5.01886485483216,1.00161014387871,1.9428081695457,0.0162310442398018,0.016603157591889,0.0586524423556319,5.05861944029204,0.92759927821458,1.72921025272962,0.0171703729027066,0.016922393154918,0.0515980399903047,5.03492451632125,1.06168836500156,1.22827278697352,0.0343730281090563,0.0348999769620824,0.0602024032476441,5.02193249111244,1.00448093310591,1.93984490944144,0.0184205973469656,0.0200439981011055,0.0626677750725448,"Deviance"
47,2000,0.35,35,2,0.25,4.98572057081017,0.98907539346578,1.98942161729924,0.0160309617694004,0.0159131256592649,0.0605996455987913,5.01768372106878,0.940888258272351,1.8168013997908,0.0167490032303529,0.0162219265556127,0.0548039857350419,4.95059581687613,0.988441566286496,1.22869033091974,0.0343577097856576,0.0330532765398637,0.0606319572261408,4.99071131861405,0.971795575754945,1.99277451761925,0.0179512405712339,0.0181058158947769,0.0644518229287385,"Deviance"
48,2000,0.35,35,2,0.25,4.97702411908247,0.998143941792535,2.00814020664283,0.0159562257234572,0.016110580070019,0.060876644348034,5.01084494959273,0.942354690310906,1.82900509442236,0.0166920430698105,0.0163236959099917,0.0549113808407339,4.951716678603,0.996575751773761,1.25677740999725,0.0340029210001724,0.0325207195180373,0.0617089111774944,4.96761926278016,0.993109140629034,2.03225121175788,0.017852741787242,0.0179891758942413,0.065499558422653,"Deviance"
49,2000,0.35,35,2,0.25,5.0077161446007,0.970959881104036,2.05728730177354,0.0157592014880957,0.016188945689031,0.0624382944187834,5.0339397378474,0.916432276943575,1.88790739623584,0.0164309848553528,0.0163944647929218,0.0568006648375913,4.94922832331897,1.00125187424174,1.24780582781679,0.0340716735583305,0.034770801655485,0.0612625657015083,5.00131431047836,0.962115695970379,2.0585724679846,0.0177058079992176,0.0188156602333268,0.0663670046586041,"Deviance"
50,2000,0.35,35,2,0.25,5.02485848442722,0.976936695509126,1.92982966607976,0.0162579462872362,0.0162035717632827,0.0584445883713641,5.04615814331976,0.919277898504074,1.76655234524759,0.0169716387927258,0.0163603043673659,0.0529931734771995,5.04501149287979,0.984653472684537,1.20343202989603,0.0346755863297715,0.0342017199041156,0.0589572521056146,5.01507339620534,0.983891847336274,1.92921147121663,0.0181654756182864,0.0186294139023976,0.061978679656564,"Deviance"
1,2000,0.35,35,2,0.25,4.99136151113857,1.01456199135565,2.0299606751932,0.015877544683857,0.015834576574638,0.0616084801480618,5.02371754068301,0.961772960790662,1.84050584915412,0.0166461177622676,0.0160653620367278,0.055293782308417,4.99271732170745,1.03194124234515,1.25397560914508,0.0339983638916705,0.0337263490291653,0.0616166452973752,4.98669498294811,1.01636307898901,2.04297747037448,0.0178461848456365,0.0185604993504322,0.0660409259724266,"Deviance"
2,2000,0.35,35,2,0.25,4.99794076215489,1.00007395809111,2.03645100185326,0.0158612051767154,0.0161088381996184,0.0618532476133736,5.03431304964331,0.943417571401779,1.85391229739837,0.016591304742924,0.0162776986788791,0.0557503576930426,4.98219515302961,1.09232655884312,1.24831720671547,0.0341905466052961,0.0341922846160812,0.0614932692272428,4.99653633699812,1.0197475814326,2.0617318015271,0.0178626569215155,0.0188462305920746,0.0668126490880771,"Deviance"
3,2000,0.35,35,2,0.25,5.00147772330024,1.00403020934867,2.04753624349982,0.0158027379319308,0.016050921546418,0.0623746491382669,5.02314563311522,0.943917746112333,1.85958163711538,0.0165583375914345,0.0161901342847072,0.0560694729136166,4.99674504261945,0.992050235987112,1.27102860521546,0.0337892626916454,0.0335204892764983,0.0627121118284661,4.99596794139313,0.991709112431851,2.05896138214641,0.0178480083363883,0.0189362389068792,0.0670249419671924,"Deviance"
4,2000,0.35,35,2,0.25,4.99769245519925,0.998236841226953,1.90218975544209,0.0164092280163515,0.016623431807314,0.0572916131463183,5.02340228903541,0.933357878447488,1.75640994543083,0.0170549915137629,0.0166339555684484,0.0524794890399336,4.97263744434107,1.00858724375433,1.16241542094302,0.0353572345952533,0.0345104334883891,0.0567323835568493,4.99679059059576,1.00837483650621,1.89390334207646,0.0187548412083101,0.0192079304507879,0.0608292945653909,"Deviance"
5,2000,0.35,35,2,0.25,5.03100173220092,1.0037505601397,1.96262204014651,0.0161346235125591,0.0160888280290186,0.0595956463863582,5.05975023287201,0.945482810368676,1.78778750010439,0.0168807895776497,0.0163059706182068,0.0537499127795414,5.0011921446651,1.00544254715799,1.19207867444507,0.0348594806182413,0.0352454011647801,0.0585876025457691,5.01554938899996,1.00849008487399,1.96069228930812,0.0182759434166191,0.0194711059843063,0.0633678686602954,"Deviance"
6,2000,0.35,35,2,0.25,4.97861103641885,1.02537521710678,2.06642422042163,0.0157607494780006,0.01582127506958,0.0628511546489252,5.01053071802824,0.967829259017433,1.84703032538144,0.0166408861964575,0.0161813063197224,0.0555299512810695,4.97201447885027,1.05438547665201,1.26389468365658,0.0339470812260905,0.0335741132306516,0.0622592515264497,4.98042489084715,1.04286489822658,2.06488580783769,0.017910293623638,0.0187468035247723,0.0670623616551524,"Deviance"
7,2000,0.35,35,2,0.25,4.98077817833487,0.978049977891158,1.93646969653722,0.0162584398856756,0.0159791447269314,0.058538221535205,5.01067690598359,0.923255601357267,1.73206394047079,0.0171674062600638,0.0163165559002243,0.0517291036267121,4.99646937679526,1.00037687247534,1.19252885099939,0.0348393506484388,0.035225544746711,0.0584540070753621,4.98114918532619,0.982559798909674,1.91735544238827,0.0183377426211598,0.0185571808340143,0.0615354736618478,"Deviance"
8,2000,0.35,35,2,0.25,4.98877006529028,1.01177062476819,1.94508712769644,0.0162249066463547,0.0164099947335924,0.0589598298854273,5.00996966945635,0.946753534173249,1.78101582275629,0.0169305852652305,0.0164778580632973,0.0534861482916331,4.98430149994594,1.01331563903652,1.18510118233205,0.0349510066991976,0.0356455497990974,0.0580837053464974,4.98413992121255,1.01096832113493,1.94339847880738,0.0181967965270948,0.0191482883879319,0.0625990540572666,"Deviance"
9,2000,0.35,35,2,0.25,5.00308992194948,0.988136428997635,1.9782389149,0.0160690514358511,0.0162751640814378,0.0599913051985466,5.02132155699945,0.929150443246862,1.79494805630688,0.016852351740061,0.0164382005994179,0.0538624345492021,5.00232835302349,1.00155923041262,1.24305109515354,0.0341385037438366,0.0332143213002583,0.061098075544394,5.00081318359637,0.99084358576519,1.98772909315428,0.0180287479099864,0.0184589756209683,0.0641808509947772,"Deviance"
10,2000,0.35,35,2,0.25,4.98762459751025,1.03464399360703,2.07648998518135,0.0157070516393972,0.0155288601435532,0.0634125029934421,5.02181970654346,0.960401946512116,1.85815247286557,0.0165715974094126,0.015694169212412,0.0561129019615827,5.01890680758448,1.04510306153002,1.32709174454256,0.0330571766571435,0.0329376022949378,0.0658895982399885,4.98192045680924,1.03511305969835,2.11452976509769,0.0176891285990443,0.0184135332851598,0.0694537658088135,"Deviance"
11,2000,0.35,35,2,0.25,5.01761453801766,1.00107770307635,2.13285173792186,0.0154887999767849,0.0155730919333592,0.0649668638998129,5.05585787613141,0.953971270137505,1.94034365415045,0.0162153217679826,0.0158442244459771,0.0585161616690936,5.03783131472336,1.03390996145535,1.3427565646504,0.0328780763255774,0.0341104350881617,0.0665387486224521,5.02095204900718,1.03265808741224,2.15864535088082,0.0174475492209278,0.0181930590544687,0.0704096438569216,"Deviance"
12,2000,0.35,35,2,0.25,5.01025414478266,1.00144736699982,1.96869141201948,0.0161032308321036,0.0164900974545658,0.0597302882715288,5.03153286632393,0.9424697616434,1.79776960773506,0.0168314176265836,0.0166146306207804,0.0540089277085816,5.06037670261844,0.993298359612425,1.20133214056537,0.0346902730980299,0.0356082831194149,0.058958793305048,5.02273581135834,0.998068973923649,1.97359872536134,0.0179552229898087,0.0191966989336133,0.0634817025788846,"Deviance"
13,2000,0.35,35,2,0.25,4.98531852991253,1.01521302628197,2.03734784373508,0.0158563704804567,0.0156936253486089,0.0621174136265977,5.0140166767624,0.955177564139545,1.84990695356729,0.0166141148078443,0.0158858074812124,0.0558261759157021,5.00365006310778,1.01855744572099,1.27917885558344,0.0337069548344432,0.0334811524842593,0.0630529551901771,4.9859066653689,1.0072815865663,2.05162848174901,0.0179283263146096,0.0183866417234485,0.0668214557986124,"Deviance"
14,2000,0.35,35,2,0.25,5.00277178580496,0.994923704994484,1.92527945608983,0.0162931360382766,0.0164810234788816,0.0583025996950793,5.02299256630551,0.936798050696497,1.75194892819876,0.0170631648729333,0.0167089765146671,0.0525231948789402,4.9715945347383,1.01037762472342,1.19787904920507,0.0347986473560868,0.0350100474867841,0.0586842492189975,5.00148453210001,0.999657242063311,1.94008415179419,0.0183250958222905,0.0190059619559706,0.0626834774157186,"Deviance"
15,2000,0.35,35,2,0.25,5.0321362587162,1.00069439684057,2.03943578885223,0.0158292077300916,0.0159186219706298,0.0619774835625842,5.05335382585162,0.947195345958136,1.86173859661722,0.0165466702941925,0.0161093370242723,0.0560243908831297,4.99500081140746,1.00345491333427,1.25062464644526,0.0340446402730127,0.0338553795404105,0.06152771988786,5.02189271879121,1.0053946330603,2.05094824874029,0.0180778279056497,0.0184336934695462,0.0667612874254497,"Deviance"
16,2000,0.35,35,2,0.25,5.01455622809636,0.984167584733073,2.01432500882514,0.0159223811300857,0.0160252429002188,0.061086986691316,5.03443838161341,0.921861780692983,1.84853326354582,0.0166015178673318,0.0161217240144432,0.0555764570019909,5.03006214053092,0.995957090431601,1.21608634812483,0.0345004829433245,0.0340714233104748,0.0597130635326923,5.01087576369624,0.980509877163115,2.01455069178985,0.0178535700787678,0.0182979362235902,0.064860887407262,"Deviance"
17,2000,0.35,35,2,0.25,5.00939925751908,1.00467238893593,1.98776572622778,0.0160346983622108,0.0155917800095311,0.0603636860458706,5.03768473372751,0.954976851505944,1.80430006119739,0.0168060412366683,0.0159159381083027,0.054235683953507,4.97637584488198,1.08215755027984,1.22144500423233,0.0344919696786542,0.0344373320071415,0.0600676525116224,5.00020740614382,1.00868409415875,2.0028651143379,0.0181313293559108,0.0184281084951211,0.0650326060738394,"Deviance"
18,2000,0.35,35,2,0.25,5.01186279084432,1.01742325035211,2.07833454392274,0.0156920903123095,0.0156438014505872,0.0634411761953763,5.04691970690838,0.956417223008429,1.84024629604617,0.0166471561406037,0.0161006920934733,0.0554426562627608,5.00938114240863,1.03384477111742,1.28630633386892,0.0336130778333873,0.0330256193395059,0.0636975516154883,4.99935320869913,1.01113146422292,2.07722232193722,0.0178148409602364,0.0179945919745298,0.0678478896638323,"Deviance"
19,2000,0.35,35,2,0.25,5.00964014244941,0.98599998380514,2.05110853263391,0.0157813547147566,0.0162243023009509,0.0621821598354582,5.05081327855888,0.930402545753346,1.80161466559915,0.0168061765602821,0.0169011252504644,0.0538914229688839,5.05095340981487,0.987546469546871,1.21980646577597,0.0344863096476399,0.0352940870959471,0.0597137333295882,5.01108816010435,0.976855609764968,2.02278967711879,0.017873147284517,0.0185828326245512,0.0650348401655998,"Deviance"
20,2000,0.35,35,2,0.25,4.99416937789067,1.0068150402039,1.9949366391303,0.0160160331133703,0.0164643271041027,0.0606666354893717,5.01940917048884,0.956168573926918,1.82032523604069,0.0167445652668001,0.0166382117392543,0.0548046808328549,5.00714809730027,1.03415431618214,1.21881419938015,0.0344737057743055,0.0346221211970982,0.0598056188562015,5.00281260569978,1.00434042871301,1.99599295318204,0.0179695560453784,0.0187913610592168,0.0644493487539576,"Deviance"
21,2000,0.35,35,2,0.25,5.00577069978116,1.01271389389508,2.04934590361633,0.0157912750363823,0.0162923707773568,0.0624426238745393,5.03722837511284,0.941278493463136,1.83500826376778,0.0166605167868106,0.0165250974684046,0.0552752124630081,4.9978181112963,1.00785206168142,1.28454018696758,0.033604395534451,0.0350217067467046,0.0635110670463551,5.00436546095286,1.004268183864,2.04670373052895,0.0178550058996981,0.0190593699979207,0.066660813084241,"Deviance"
22,2000,0.35,35,2,0.25,4.99976315819761,0.985156042216641,2.01329725632203,0.015937037480875,0.0156856344523686,0.0613241678161601,5.02797025323259,0.92948465692608,1.81960771394112,0.0167377488428445,0.0160031377471549,0.0548314827751378,4.99116221124452,1.03786090695253,1.24166688667636,0.034167501775403,0.0339833499092905,0.0611451936327879,4.99067071884809,0.991778110926312,2.02879742557111,0.0179420784459408,0.0186885233415221,0.0658889009809131,"Deviance"
23,2000,0.35,35,2,0.25,4.98374652803828,0.98209351984231,1.91830692605684,0.0163159774779283,0.0164555938026278,0.0581290013961352,5.01174321168889,0.910248863416025,1.74111246401498,0.0171010953913057,0.0166326828999405,0.0522453869158416,4.96877679735166,1.00783755555689,1.21424646324537,0.0345361796187461,0.0349265438435048,0.0594782360766616,4.98364210248254,0.980456235135769,1.91162635551316,0.0183243018488612,0.0189443832314017,0.0615200287004557,"Deviance"
24,2000,0.35,35,2,0.25,5.01043361687615,1.00063147869631,2.01101453149413,0.0159409290696907,0.0162590380065314,0.0611004597487951,5.0403311114898,0.942050534703816,1.79908814119989,0.0168266208530733,0.0166530333265764,0.0540301992372642,5.01576651368952,1.0203924710411,1.24830280463857,0.0340771043894087,0.0337746658070274,0.0613385850779249,5.01014300012909,0.994980682711507,2.00220141433946,0.0179943363274972,0.0186043900166744,0.064795215445429,"Deviance"
25,2000,0.35,35,2,0.25,5.00419331369917,1.00234679504675,2.01805532881954,0.0159117214776214,0.0162234101599513,0.0613705982314909,5.02499553745919,0.941422501814732,1.84971737200625,0.0165988318350729,0.0162292342741334,0.0557354838667104,4.97439146827151,1.02406047355164,1.263499686676,0.0338769465205651,0.0356988335250088,0.062207727870799,4.99607308732843,0.999772026999835,2.04274545207344,0.0180157864913678,0.01990923050658,0.0664501022575509,"Deviance"
26,2000,0.35,35,2,0.25,4.97656667643509,0.990892110136275,1.95099107244078,0.0161882365159279,0.016003591876972,0.059174103652378,5.01609310836193,0.92865404727857,1.7403474584706,0.0171064038827864,0.0165046221475886,0.0521681969525798,5.01341874336644,0.978145921727167,1.1839827360117,0.0349846406834395,0.0335121454610474,0.0579844405984056,4.97930221793803,0.968680730964953,1.91718157446694,0.0182436911899835,0.018699292268839,0.0615846257724842,"Deviance"
27,2000,0.35,35,2,0.25,5.00412880438773,1.00640539242247,1.92449248843988,0.0162997989136828,0.016047339201449,0.0582125950656235,5.02088317360521,0.954808229800162,1.79728435976478,0.0168484713884904,0.01606011628095,0.0539730092015883,4.98730687489267,1.01064109181338,1.21035079203392,0.0345891970271687,0.0348444862634022,0.0592974688005898,4.99406222997699,1.01145041349176,1.9320366827817,0.01821048654977,0.0190413579154095,0.0620944840123097,"Deviance"
28,2000,0.35,35,2,0.25,5.01322288129044,0.996820780058626,1.91483450753762,0.0163266041178253,0.0162473973821659,0.0579173464206307,5.0363477105774,0.959465848294158,1.77272384252184,0.0169501572926546,0.0165404174328416,0.0531707690022659,4.95631221340949,1.01899780387179,1.17530257645438,0.0351112227943448,0.034392035136834,0.0574637488830539,5.00067681902614,0.994562941471851,1.9323824417362,0.0183000652090415,0.0188033121704621,0.0621497025134896,"Deviance"
29,2000,0.35,35,2,0.25,5.01565468887143,0.986674660678355,1.92727791606231,0.0162705687397253,0.0162774792822855,0.0584230807328991,5.03780713602748,0.939320248510674,1.77550228758685,0.0169318238864594,0.0164928156525373,0.0533529722412844,4.98435881621625,1.03776709951637,1.21096614649082,0.0345749419005168,0.0358496681248503,0.059525686450693,5.00925203846271,0.992204668538686,1.9395612848075,0.0182923049925591,0.0192567617827403,0.0627500004493834,"Deviance"
30,2000,0.35,35,2,0.25,4.97492955477599,1.01046549565028,1.98903987176043,0.0160311119261479,0.0164186452524452,0.0602879927488395,4.99601621855802,0.944715737759762,1.8116107861476,0.0167723001261401,0.0165706684313985,0.0543977039988703,4.94997502828907,1.03434292641969,1.22011617792215,0.0344939284900077,0.0338576629606217,0.0599181930575772,4.97307762378225,0.998737165353329,1.98925714773096,0.0181841503968178,0.0193958459136797,0.0643589672153477,"Deviance"
31,2000,0.35,35,2,0.25,5.01073943522578,0.986346444258259,2.00553337957361,0.0159654180584251,0.0161524405941206,0.0609322099362523,5.03712249707003,0.92833762242815,1.85656009144086,0.0165709193122544,0.0161600946320177,0.055953252195003,4.99540126179179,1.01202933705783,1.2161490407372,0.0345181494424228,0.0340542899152656,0.059833198706658,5.00473317785783,0.981966933634563,2.02201107332307,0.0178305487311457,0.0185038914784175,0.0651761242576251,"Deviance"
32,2000,0.35,35,2,0.25,4.9875401698048,0.97801534720231,2.03892672545779,0.0158315336869807,0.0163581906878994,0.0620663852830674,5.01201540419112,0.92543426053575,1.84207062644719,0.0166337488831291,0.0167185588441807,0.0554726453875883,4.96521364807476,1.04043192698282,1.24969692225827,0.0340584539947436,0.034640883323464,0.0616337968121569,4.98484246245413,0.984166914695454,2.05711431959986,0.0179295592717684,0.0192231779069497,0.0668533334395161,"Deviance"
33,2000,0.35,35,2,0.25,4.98874600298111,0.99321982174393,1.96978362002931,0.0161043841348633,0.0162703816014556,0.0598169198506377,5.01657468740039,0.935636465082989,1.79744443270082,0.0168348726831594,0.0163991081256286,0.0540452062367382,5.03017904927983,0.993789274634977,1.2315267493705,0.0342734733277619,0.0356406352723314,0.0604968693612383,4.99797234036113,1.00346199633761,1.9832717225115,0.0179777217856037,0.0192306451110333,0.0640002675578605,"Deviance"
34,2000,0.35,35,2,0.25,5.02579499867155,1.01703541706687,1.95379790818561,0.0161690505940342,0.0163156655230678,0.0591634472143601,5.05860026848336,0.962537359115276,1.77315875262355,0.016950446083482,0.0165995300439871,0.0531474176355681,5.06510769712046,1.06807096580168,1.2041760904351,0.0346634804134279,0.0359414260245314,0.0589840116124318,5.031401949391,1.02501788356406,1.98045609317042,0.0180923037866121,0.0191041233863364,0.0638844461461419,"Deviance"
35,2000,0.35,35,2,0.25,5.00210846211355,1.00130685724288,1.91182391666851,0.0163447783384603,0.0163505273510075,0.0579269353963693,5.02154743585296,0.949401099431724,1.75255136536756,0.0170486826186742,0.0165895829677318,0.0526080205527549,5.03161109916293,1.03382176441866,1.20255176595209,0.0347126752294774,0.0336189752133253,0.0590538944178604,4.9990277469716,0.99584463204566,1.93762873086374,0.0182940722464483,0.0189811021195304,0.0626506352129606,"Deviance"
36,2000,0.35,35,2,0.25,4.99119165797427,0.977550889330173,1.93610489065898,0.0162358409360062,0.016488205388414,0.0586501305818798,5.01736760515084,0.928337080125775,1.76195473817892,0.0169974922801278,0.0167353736098418,0.0528217349094646,5.0003009242313,0.990608189195584,1.1934278020431,0.0348229556747313,0.0353555829289717,0.0584242383975292,4.99574345044654,0.974301385142161,1.94264653339567,0.0181611949641015,0.0188007279195564,0.0624507588100685,"Deviance"
37,2000,0.35,35,2,0.25,4.98807875768251,0.996961990509128,2.01316967920996,0.0159412678924903,0.0161532025363235,0.0612387351325476,5.01256980885211,0.928055436329456,1.83767376788345,0.0166618878910455,0.0161514524247433,0.0553644130068107,4.93584913779364,1.03345462921878,1.2552181547312,0.0340139530592002,0.0336402699551901,0.0617561247845236,4.97379712286897,0.99775830907027,2.03799379103829,0.0179805214006472,0.0193156930596098,0.0662223386231772,"Deviance"
38,2000,0.35,35,2,0.25,5.00986875705069,0.963450237182675,1.94398164051348,0.0161980971692489,0.0166792343185947,0.0588860596908222,5.04266273224207,0.905168026871172,1.77596551135727,0.0169235616358116,0.0168445871702825,0.0532871021500383,5.00557612911119,1.00290707244718,1.19402164698722,0.034815365090275,0.0351028802283568,0.0584213718846679,5.01520245070722,0.953841724683698,1.93992706716908,0.0181308024814498,0.0193448017731439,0.0622276323687915,"Deviance"
39,2000,0.35,35,2,0.25,5.01166578534252,0.987138206097642,2.09173681382367,0.0156504091290535,0.0157441720585114,0.0634719239247436,5.0484125609797,0.933324239933592,1.90013857704582,0.0163870130493731,0.016055200074031,0.0571200414580836,5.01274629511897,1.00900811506346,1.25412768887647,0.0339976124980549,0.0334404550548658,0.0614940893531314,5.0109837797051,0.966914086087803,2.07511265768604,0.0177040475858774,0.0185025311385048,0.0668840918976996,"Deviance"
40,2000,0.35,35,2,0.25,5.01521532684091,0.989426167386941,2.05652649239597,0.0157691929935222,0.0156678597924555,0.0625646964585882,5.04154701353496,0.926872647245046,1.86172783324609,0.0165497591416879,0.0158330388944932,0.0560617219905691,4.98718861838749,1.00926114308812,1.23603141405412,0.0342648960889755,0.0340614481374128,0.0607915137975422,5.01596121955776,0.985290804568806,2.03714054197261,0.0179947457945139,0.0186846939761271,0.0660082039132203,"Deviance"
41,2000,0.35,35,2,0.25,5.00859445910657,1.00188465572275,1.97793468267032,0.0160981603963585,0.0156138366208818,0.0599857083959736,5.04344421245643,0.943630300769391,1.77862419184541,0.0169438515537928,0.015995079007013,0.0533524307865745,5.00292873435892,1.02382662320275,1.21483758106101,0.0345278660609819,0.0343709451192203,0.0595511575686049,5.02188111986032,1.00086876880673,1.96783704407355,0.0182014899375692,0.0186096972512321,0.0635337856795017,"Deviance"
42,2000,0.35,35,2,0.25,5.00098227130919,1.0075301557239,1.91216266227308,0.0163379384899107,0.0168521564376371,0.0577879457900517,5.01253807302223,0.962280415295584,1.80104474321397,0.0168183729969774,0.0168774239959814,0.0540688730729834,4.96254726873233,1.05263379127798,1.1565383127681,0.0354133464168584,0.0362174059325034,0.0565292876034204,4.98925038863241,1.00533741972785,1.94673005205746,0.0184478661190025,0.0194042943746132,0.0628867550460557,"Deviance"
43,2000,0.35,35,2,0.25,4.98421495075597,1.02976471543058,1.99541053322755,0.0160080697768455,0.0162691996814112,0.0604969842300112,5.01841011632396,0.961304564031434,1.7749226701058,0.0169427726812375,0.016558082382634,0.0531629592057509,4.99934230411942,1.0425019693229,1.23945540486638,0.0342053878251004,0.0349457264393156,0.0609142586562643,4.97432228554496,1.02552137791249,1.99612622896959,0.0182108064400595,0.0191162207558464,0.0647582636443403,"Deviance"
44,2000,0.35,35,2,0.25,5.00509756113195,1.00301295199551,1.91635206385492,0.0163285235012035,0.0166031542097718,0.0577921485524328,5.0417437645809,0.934562955901642,1.73954861743134,0.0171073133870377,0.0167927478225857,0.0519544416855935,4.98338512888374,1.04438315044755,1.21161096549637,0.0346307257628589,0.036239747891645,0.0592729271053758,5.00002493037854,1.01253200573641,1.91703191884982,0.018395523064719,0.0198827490279813,0.0616762518666319,"Deviance"
45,2000,0.35,35,2,0.25,4.98777587252332,1.00621616060367,1.91865697249421,0.0163187372585292,0.016625523259255,0.0580653340197513,5.01610146476622,0.944082188525592,1.71148613255313,0.0172480014293069,0.0170158339956527,0.0511737034649397,5.03059161802833,1.03672607766356,1.17750937111594,0.0351283767754762,0.0345632119589006,0.0575753071541762,4.99846918080519,0.996530695771314,1.89382867496221,0.0184598350553737,0.0194129353936501,0.060911675640874,"Deviance"
46,2000,0.35,35,2,0.25,5.00892798324521,1.00834620717363,1.96123083468873,0.0161552374680841,0.0159660023188305,0.0593715544909192,5.03627770357899,0.954660153938302,1.83547213288307,0.0166760373654364,0.0159447417563322,0.0551956103250754,5.00829780578037,1.04167970774183,1.21071124028943,0.0346873046554877,0.0345822436371588,0.0593446757929155,5.01445419055746,1.01853840894551,1.97042413266861,0.0181642997218063,0.0190866022913114,0.0635363609073267,"Deviance"
47,2000,0.35,35,2,0.25,4.97817525741982,0.966574776804022,2.02296665536522,0.0159037742318725,0.0161760312706704,0.0613501926804762,5.01106843879361,0.899693989123852,1.8470239225239,0.0166143756965598,0.0162955128090025,0.0555055322366796,5.01028467984079,1.01437622660003,1.22045661922748,0.0344715746062516,0.0358491937609738,0.0599332648755793,4.99145415259374,0.986018522122338,2.00541293348697,0.0179080472556637,0.0194698741372338,0.0645187806497348,"Deviance"
48,2000,0.35,35,2,0.25,5.00169029071593,1.00463339363925,1.91219207104552,0.0163545732042562,0.0164860035215773,0.0577721624366921,5.03834344314906,0.935771075490382,1.72536117525666,0.0171858102428982,0.0166468011994037,0.0515722474967811,5.0269765077828,1.01575705904755,1.16245796365188,0.0352899945605692,0.0355061505465395,0.0567280994880943,5.0013530390395,1.00178632501892,1.90144890998758,0.0184098497594276,0.0196665297468495,0.0609984602988933,"Deviance"
49,2000,0.35,35,2,0.25,5.00957244735654,0.971188431864344,2.02145835588207,0.0158925829532117,0.0160972392703448,0.0614775532381151,5.04003995408428,0.904775452957654,1.78237295811658,0.0168970278487585,0.0165484659330401,0.0534866618807371,5.02589569199458,1.00934641199599,1.24750948685058,0.0340696327790145,0.0350360402985073,0.0614210292390681,5.01131170575587,0.969824942946947,2.00566561303209,0.0179465213367403,0.018921511798394,0.0649609931350043,"Deviance"
50,2000,0.35,35,2,0.25,5.02915561934312,1.0242067882791,2.05346200165374,0.0157788250657078,0.0157495039181613,0.0625102489839733,5.0652515965672,0.972933677510094,1.83269454767399,0.0166729851663213,0.0162052710515347,0.0551130640034987,4.99173909039593,1.10471727311359,1.2466121192266,0.034114381111797,0.0341505337799853,0.0613664497433035,5.02289118272727,1.02951178526823,2.03894240695755,0.0181308196726908,0.0193828590984904,0.066470335771474,"Deviance"
1,2000,0.35,35,2,0.25,5.00708478376815,1.00394966624879,2.06226481547897,0.0157498501729787,0.015941078897964,0.0625617231524875,5.02718626118495,0.946785595902305,1.84088956881382,0.0166487503078076,0.0163664066435409,0.0552082835165629,5.02161463585585,1.01982920606101,1.2339300223661,0.0342898248347203,0.0340349158778614,0.0605016953528067,5.01931830704785,1.00386079145848,2.04726333064087,0.0178882579899092,0.0189499977608776,0.0660284140734117,"Deviance"
2,2000,0.35,35,2,0.25,5.01263175384613,1.00626980670757,1.94781889478628,0.0162061770706561,0.0165792631312687,0.0590120417828806,5.04498465022844,0.941926658171919,1.76014293490526,0.0170203364585356,0.016843143389588,0.0527553891424707,4.9974175174306,1.04563206570067,1.21200853304465,0.0345763731110403,0.0358537035008712,0.059542386159501,5.01162124739181,1.02061048590283,1.95378014700667,0.0182500781619242,0.019542011336658,0.0630400192107725,"Deviance"
3,2000,0.35,35,2,0.25,4.99514391764841,1.00410387114948,2.08359643672468,0.0156665648151756,0.0161415623312062,0.0635644468496673,5.00793271104736,0.9450524251434,1.87406949679497,0.0164915884352122,0.0164184892716445,0.0565203876021145,4.99599917977404,1.03250393639149,1.27974346623249,0.0336606210759879,0.0344327317122803,0.0633052872021684,4.98880841041855,1.01452065354934,2.10144430338468,0.0176834129471976,0.0189968045713258,0.068485486613583,"Deviance"
4,2000,0.35,35,2,0.25,5.01716621943918,0.997596600174614,1.99826840739397,0.0159901559583399,0.0166839697893188,0.0605560234142469,5.04132077642356,0.930999184687442,1.80543451469444,0.0167954846697938,0.0168989449903227,0.054133729404719,5.00750703239621,0.997991538550768,1.25678724091196,0.0340667120893261,0.0366691841137122,0.0618060514542752,5.01436263782159,0.999762459542753,2.02698918970442,0.0180340062931008,0.0196467863297147,0.0657918688411071,"Deviance"
5,2000,0.35,35,2,0.25,5.01845178047261,1.01064326267019,2.00319620665695,0.0159700134345966,0.0162974103347535,0.0608098094464857,5.05243112593154,0.96518890045491,1.83022827564754,0.016682542602332,0.0166444917578789,0.0550586713105799,5.03065594397387,1.00180797172311,1.24732997583246,0.0341561202636239,0.0335147859029849,0.0612434165896798,5.01440939395219,0.992711373705696,2.02451100186034,0.0178155355259872,0.0182526621448086,0.0654240290330317,"Deviance"
6,2000,0.35,35,2,0.25,4.99340054499468,1.02540997500592,2.10069623951989,0.0156123980267195,0.0155145770403975,0.064073691724094,5.0349814655124,0.967336110981875,1.85786313034826,0.0165684899262904,0.0160274663671298,0.0559630184179229,4.99900738640065,1.04899203136863,1.27698699102772,0.0337027365805957,0.032348195022964,0.06314526327857,4.99885012223813,1.03170198246222,2.10928321343179,0.0178264748702506,0.01823415500036,0.0689188700351899,"Deviance"
7,2000,0.35,35,2,0.25,5.01656219475086,1.0112851159945,2.01294273470018,0.015931056439187,0.0164698879182207,0.0610601691599788,5.04361406386012,0.940254017657987,1.80457940164814,0.0167996708914193,0.016770348313137,0.0541412952958287,5.05243536354052,1.07216178964198,1.25606470510845,0.0339648224689983,0.0344189893336452,0.0617942681366489,5.01327718792969,1.01075624902025,2.02164288860365,0.0178416765706264,0.0196745744003137,0.0653368050889762,"Deviance"
8,2000,0.35,35,2,0.25,4.97964450290532,1.01046189118049,2.02633698768405,0.0158860216018923,0.0162386678626905,0.0615747733979283,5.01583843401424,0.946478055103803,1.80905014524275,0.0167818087044315,0.0166729478421615,0.0543338249327931,4.95635251971505,0.983320606553349,1.2467187140155,0.0341050361644911,0.0355341003179852,0.0613162859582929,4.99633064627002,1.00654752374339,2.01496585227609,0.0181572388042701,0.019028998138798,0.0654380079201277,"Deviance"
9,2000,0.35,35,2,0.25,4.97190183766949,0.969003492568144,2.01397775151572,0.0159537961332818,0.0165848066292946,0.0613353457604477,5.00279847817371,0.909766936327749,1.85973748256047,0.0165715095092414,0.0166125219622971,0.0561583701441393,4.95871062774353,0.983328216427116,1.23781896797917,0.0343827131071354,0.0365572179314063,0.0609422087844324,4.97033265444341,0.965926484122353,2.01417453065067,0.0179924480723261,0.0196124322149746,0.065207288442188,"Deviance"
10,2000,0.35,35,2,0.25,5.01087998942876,1.0103573404292,1.94273871909181,0.0162190477341141,0.016269247092614,0.0588416446728533,5.04620770296403,0.945585428091676,1.74324575422496,0.01709197486393,0.0166655633829106,0.0522192869512257,5.04567117251327,1.07209569134969,1.18040614053591,0.0350217577780804,0.0341556247618994,0.0577036031455377,5.02445528429973,1.00826703619981,1.92821349378196,0.0183219471919071,0.019054586275667,0.062056258580453,"Deviance"
11,2000,0.35,35,2,0.25,4.98916455669859,0.992573807365855,1.97857499461495,0.016070715746744,0.0160157573447643,0.0599463945799711,5.02243162964123,0.943438577225032,1.81629772566129,0.0167517310623149,0.0161708482073386,0.0545385342862067,4.98855667031873,1.0203071555492,1.22536713543036,0.0344015997502171,0.03343624715551,0.0600437063339366,4.99714851154447,0.992644780129469,1.9949079464249,0.0179941738995822,0.0182286809864504,0.0643069247881002,"Deviance"
12,2000,0.35,35,2,0.25,4.98047054898232,0.979567853632591,2.02828534081681,0.0158754847672721,0.0160970489463339,0.0616089087729508,5.00319378141696,0.925338488703529,1.84984247510122,0.0165998030945462,0.0163128788878118,0.0556586784427211,4.9706258993285,1.02333329275678,1.2331550223388,0.034290662537108,0.0342813063577663,0.060571509593643,4.97318148925551,0.986535620937283,2.0368577123352,0.0178345678914859,0.0188861417462029,0.0657536581549601,"Deviance"
13,2000,0.35,35,2,0.25,4.99621306937874,1.02335857293153,2.05950742588051,0.0157555717227681,0.0165093143545797,0.0626343595467474,5.02864345783775,0.968899292022112,1.86000052404151,0.0165536391417132,0.0168398433392149,0.0559672329892511,5.01264985111965,1.0252624656911,1.25228078762345,0.0340071872091407,0.0360489955425653,0.0614388319874251,4.99453895235802,1.01355791310593,2.0475433030211,0.0176933110665808,0.0189320328514937,0.0660106527667457,"Deviance"
14,2000,0.35,35,2,0.25,4.98195342181814,0.983045290586928,2.01018205336229,0.0159567241750895,0.0162196653492091,0.0611889901018248,5.01786034204512,0.910698400998581,1.80361893031241,0.0168144901774511,0.0164266903312691,0.0542898439898955,4.97746011376756,0.973095486373494,1.24864044832053,0.0340848449497608,0.0350414571581303,0.0613605323402555,4.99193566545706,0.982728929710285,2.00584523726024,0.0180472784303213,0.0190340311071143,0.0650193699900052,"Deviance"
15,2000,0.35,35,2,0.25,5.00278979819181,1.00496799815961,1.92830038167426,0.0162769264968564,0.0160989104707284,0.0582929286742305,5.02520489235565,0.947794298814147,1.75647800455348,0.0170350994907931,0.0162853211836801,0.0525887178825336,5.00020959537935,1.04574096574062,1.21803804116763,0.0344942101659286,0.0341465527804706,0.0597143648004827,4.99159918535908,1.00944424743292,1.94852243861438,0.0182584915374582,0.0190516732268073,0.0628437475572398,"Deviance"
16,2000,0.35,35,2,0.25,4.99351994642795,1.0197670398094,2.08379986777782,0.0156691452822496,0.0158639333149021,0.0636154075646433,5.03172427712659,0.956897772351341,1.87319286942742,0.0164980959195464,0.0161294551654014,0.0565408882454067,4.9819030914075,1.05070010301308,1.26628549035848,0.0338375136360828,0.0344189113658315,0.0624239112023077,4.9941798042068,1.02075102202339,2.07072672198364,0.0178317018954324,0.0185714569002612,0.0673104367064158,"Deviance"
17,2000,0.35,35,2,0.25,4.98672471750932,0.986958297363397,2.06776531341055,0.0157292153659127,0.0158595116522835,0.0631124002001855,5.01672657884694,0.926224839676896,1.87848841646562,0.0164751168368261,0.0160973525461766,0.0567695762606994,4.99851549404193,1.01258371038611,1.27583983036532,0.0337065350312312,0.0334717305881045,0.0630815273265874,4.98780720697027,0.991907310805551,2.07906071508697,0.0176622493392433,0.0185272616490528,0.0675977322519313,"Deviance"
18,2000,0.35,35,2,0.25,4.96716860718762,0.991122183577814,1.88218295940935,0.016473077018855,0.0166080772204792,0.0568718677282316,4.99531688916534,0.932278565314015,1.71536950319778,0.0172306199125029,0.0169445551098206,0.0513324913146327,4.96857371731796,1.04380316042586,1.17692982286798,0.0351000600748668,0.035377939938752,0.0577127624081073,4.96144712778618,1.00134141527645,1.89917881813726,0.0183637362776427,0.019419481722339,0.0609906441730865,"Deviance"
19,2000,0.35,35,2,0.25,5.00576181869467,0.981607721429247,2.01349574211707,0.015924872768505,0.0164849405441323,0.0612679368288267,5.03032882227613,0.917115374434344,1.83571702070349,0.0166547014687347,0.0165995046975597,0.0553214399816587,4.9888446178801,1.06483190020767,1.23955505525992,0.0342441182707108,0.0373972472165618,0.0609372879184491,5.00235959157293,1.002799586295,2.01405670881562,0.0178282635785413,0.020171756011523,0.0650686785308672,"Deviance"
20,2000,0.35,35,2,0.25,5.00387797041814,0.975746681776279,2.03423416399663,0.0158502501547712,0.0157346400841278,0.0617576648621232,5.03293112790271,0.914283873218164,1.82785422426634,0.016694726062731,0.0160705682037728,0.0548855289215335,5.01300570331527,1.03473090415692,1.24082844756589,0.034167664291651,0.0344228227896276,0.061045022775949,5.02250602191119,0.989764902320858,2.01859531826045,0.0179280268214864,0.0191028060151713,0.065169438081127,"Deviance"
21,2000,0.35,35,2,0.25,4.9743278446537,1.01587064037979,2.02020965512296,0.0159275634466769,0.0162143714577283,0.0613422379934414,5.00705377324874,0.964998089933251,1.83454120393869,0.0166843557899499,0.0165278755633961,0.0551369801651986,4.9754947576982,1.03351041075626,1.23383572267202,0.0343473153166272,0.0353554205660455,0.0605311052986115,4.98672364356424,1.0176132606775,2.02912895238571,0.0179402830392805,0.0191882350800002,0.0655106157286532,"Deviance"
22,2000,0.35,35,2,0.25,4.97304459618373,0.979484559042272,1.94472088051981,0.0162080096955053,0.0162169607939424,0.0589507929762827,5.00418537912188,0.926039560982565,1.78886401388614,0.0168755936753848,0.0164239652396264,0.0537502536164744,4.92887920754255,0.997454797552563,1.21836163889988,0.0345210163154099,0.0338920870622947,0.0598547297010588,4.96256060305069,0.980724536896192,1.96584399972342,0.018256184880431,0.0190076567002974,0.0636594495829265,"Deviance"
23,2000,0.35,35,2,0.25,5.01281612911776,0.997001810041218,1.95208133751509,0.016185703639399,0.0159759168352864,0.0590670493661349,5.05400003827344,0.94506046886695,1.78102282254373,0.0169120966662336,0.016221388149832,0.0533975305952572,5.06372574492643,1.03086242299499,1.23639372790741,0.0343393000682879,0.0344929657297235,0.0606362920132262,5.00632876636417,0.999746360959504,1.96930521593672,0.0179809964069279,0.0187479131852817,0.0633227206344121,"Deviance"
24,2000,0.35,35,2,0.25,4.99899147946656,0.994015282012263,2.08933757803527,0.015648181356152,0.0160724871297178,0.0636540329271817,5.02236234687758,0.937944005532348,1.88719194945377,0.016437760153424,0.0164240824961687,0.0568976016529398,4.97503748042134,1.02603426299125,1.28115489783296,0.0336716918586663,0.0341713872600729,0.0631458345025429,5.00942986029452,0.995117144779049,2.09529425416811,0.0178494719507091,0.0194883277900475,0.0683112213182569,"Deviance"
25,2000,0.35,35,2,0.25,5.00003529884726,0.992618162851312,1.9918458738174,0.0160164111053295,0.0159872944080199,0.0603197108002118,5.02966030748931,0.931232561058884,1.80017788539138,0.0168202910797398,0.0163533503983648,0.0539613070419242,5.01204029076736,1.02256781231326,1.19989653324515,0.0347392633078563,0.0344815044714404,0.0587161724012143,5.00147392706042,0.989445639324478,1.98064060156906,0.0180427993470372,0.0185596511334107,0.0636644445137966,"Deviance"
26,2000,0.35,35,2,0.25,4.99720576133381,0.996205513689322,1.98481684740965,0.0160400689158073,0.0164141807119305,0.0602739297819268,5.02085708360939,0.944647071882575,1.82359053375838,0.016713630746542,0.0166568942678417,0.0548806609850275,4.98121265340738,1.03536742305092,1.21063587558351,0.0346316246359714,0.0342482840322404,0.0593875018863851,4.99400757727248,0.981192327281943,1.98635604167174,0.0180636330483814,0.0193415620199406,0.0641251237765826,"Deviance"
27,2000,0.35,35,2,0.25,5.00993619646107,0.989408994042096,2.09508935069205,0.0156167943481756,0.0161560901904561,0.0639321688988588,5.03275631058454,0.936703795769035,1.91303293163024,0.0163206458148375,0.0163799960131593,0.0578200392300552,5.01515488111691,1.01401216192718,1.28602309615707,0.0336259615357792,0.0345590372046247,0.0634027704633876,5.01292714957809,0.987000019402521,2.09057133804382,0.0176465078313197,0.0186919680768231,0.0677723094962589,"Deviance"
28,2000,0.35,35,2,0.25,5.00666358579327,1.00334000632976,2.02512698895197,0.015885311758087,0.0162212062073272,0.0615029542168687,5.03559313406621,0.933447230818417,1.83031138633836,0.016682641355713,0.0163920583166375,0.0550165537979359,5.00808602064534,1.05485825230558,1.25916360015012,0.0339297113725145,0.0347433132105121,0.0620014258448494,5.00566029969022,1.00699435531305,2.04566394290934,0.0178910203595476,0.019540939159944,0.0663325019872199,"Deviance"
29,2000,0.35,35,2,0.25,5.00318759178178,1.01935499508117,2.0510465383436,0.0157911716154748,0.0159292505565837,0.0625694148346005,5.02923908192421,0.963047311532671,1.84406698520192,0.0166271022601218,0.0162338928070276,0.0555997290718203,5.04616511502349,1.04467770366942,1.28549999697533,0.0335673874992116,0.0344222076552832,0.0635471284545431,4.99510137185465,1.0220254853268,2.05568253405126,0.0178356293731826,0.0187751640489615,0.0668782043088867,"Deviance"
30,2000,0.35,35,2,0.25,5.00871742476442,0.995254270345065,1.99032755341119,0.0160135937286984,0.016502940940499,0.0605762778592665,5.03684273154648,0.934997223095039,1.83207427438468,0.0166689676439934,0.0165774716912345,0.0552778918339376,4.97944088108751,1.00769868067758,1.2418318364163,0.0341489119094537,0.0342305631931086,0.0611123666396901,4.99205749156759,0.98663956048457,2.0187802802949,0.0180509350566138,0.0189736731880517,0.0656097262972944,"Deviance"
31,2000,0.35,35,2,0.25,4.99774896896523,0.968967223871166,1.99994581315392,0.0159805810143471,0.0162445742733388,0.0607147459961635,5.03301448251321,0.908046304757999,1.80329126190616,0.016800208464155,0.0166012101212455,0.0541646974420067,5.01180804936345,1.00964771680741,1.25733575744904,0.0339365280244937,0.0340566348269599,0.0619121531731932,5.00436176866466,0.973272632145894,2.00535453674984,0.0179177370255088,0.0190452817067884,0.0649120765976556,"Deviance"
32,2000,0.35,35,2,0.25,5.01293456036191,1.00294085957191,1.97676425685928,0.0160783231211753,0.0161653270723817,0.0598984208222782,5.03658563484485,0.942151023325102,1.81023861238541,0.0167793834207138,0.0162816545435188,0.0543764753085818,5.01595116204947,1.00643030400108,1.24722311688431,0.0340804165494644,0.0330892923647916,0.0612491809784797,5.00966988681669,0.996679527323843,2.00740719781765,0.0180899221248331,0.0183923602158948,0.0650709979240576,"Deviance"
33,2000,0.35,35,2,0.25,4.98704861587565,1.00495119053263,1.93999976551218,0.0162281879783946,0.0160957706355169,0.0586389293556567,5.00712643526475,0.955937067124388,1.77860326556852,0.0169262808575696,0.0163966368962595,0.0532914166115455,5.02578830087692,1.02517313294069,1.17273472096833,0.0351244886335128,0.0350345617098909,0.0572299043044203,4.99486625364479,1.01031355765319,1.96450071664801,0.0180770781917087,0.0188328861502224,0.0630453505472911,"Deviance"
34,2000,0.35,35,2,0.25,5.01234915973649,1.0009922287901,2.0679339056351,0.0157185510728019,0.0162737970664001,0.0629067022454972,5.05128883578192,0.932863750023181,1.80760258012793,0.0167790569324886,0.0168495465518267,0.0542253758514862,5.06693374622006,1.0487998953373,1.27592557396319,0.0336851790327991,0.0358093078014724,0.0628563838713632,5.01523377391086,1.00559128650735,2.04358920678207,0.0176249082517509,0.0189008039629761,0.0659435066367695,"Deviance"
35,2000,0.35,35,2,0.25,5.0218173472364,1.00721904010691,2.02472855523751,0.015891461095389,0.0160415950937637,0.061660281674061,5.0602281583759,0.945135187987365,1.75803697358185,0.0170210628454743,0.016708137348454,0.0527465173647728,5.00332232043869,1.04056972938774,1.22321973335537,0.0344398192353825,0.0344437424667635,0.0601088620044571,5.01662050669377,0.997736047072271,1.99080554715778,0.018097832691139,0.0192400516221627,0.0645183691936587,"Deviance"
36,2000,0.35,35,2,0.25,4.99238664760754,0.996275666819441,1.94192836349205,0.0162177539033956,0.0163655429925287,0.059000403280916,5.02497274876244,0.936285895479243,1.75733604466155,0.0170215572097609,0.0165979296910441,0.0528151684563085,4.97625397272585,1.02073308132693,1.22480767974659,0.0343836954356249,0.0360389244991278,0.0601991611259104,4.99498950226457,1.02485017541076,1.92356435405878,0.0182816265171769,0.0198895321238995,0.0621635386947035,"Deviance"
37,2000,0.35,35,2,0.25,4.98714093894728,1.00975411380838,2.05882868605141,0.0157609656748932,0.0159437192907397,0.062844678256882,5.02078600645538,0.940085169073761,1.86990786635788,0.0165096228173182,0.0160623402165626,0.0565203352786949,5.01209966737623,1.05340864763748,1.2960315945863,0.0334534655157382,0.0336684722134534,0.0640807194532287,4.98681239078764,1.01019665984099,2.07544922742061,0.0176855266294846,0.0186866442271117,0.0676359458909418,"Deviance"
38,2000,0.35,35,2,0.25,4.97632474729027,1.00188466062042,2.12815644321356,0.0155052177855154,0.0160876826751602,0.0649362196288405,5.01513876279319,0.927353211726964,1.89881451805177,0.0163831481655759,0.0163884908885729,0.0572892845257472,4.97633785318452,1.0593765831882,1.33250262027572,0.033047313689389,0.0339347902388279,0.0661482950535701,4.97344401681223,0.996331507648349,2.13309566911056,0.017498682063402,0.018638600455265,0.0695788994581298,"Deviance"
39,2000,0.35,35,2,0.25,4.99439994510739,1.01684282665882,2.03245482021032,0.0158611429791987,0.0162290122486781,0.061786335755855,5.02722377380228,0.949151427848672,1.80698873532771,0.0167909096121841,0.016616075500261,0.0542663430934798,5.0203558710447,1.02959292188996,1.20028102809613,0.0347304076653128,0.0350316513663458,0.0589768787353192,4.99814363805263,1.00845396222808,2.01367378697848,0.017934224083272,0.0189561283995433,0.0649073062017524,"Deviance"
40,2000,0.35,35,2,0.25,5.0024471403085,0.992035421784982,2.08177456300246,0.0156647428789362,0.0161547975487611,0.0631459907288293,5.03545917317307,0.935567981489951,1.87431233068762,0.0164829261138113,0.016584683819963,0.0562673561621537,5.01073179100292,0.974928151145555,1.27786506370058,0.0336604458657629,0.0350256344729571,0.0628029664458379,5.00182073471433,0.989234802273778,2.07185117759274,0.0177489237646792,0.018897699387873,0.0669802125102253,"Deviance"
41,2000,0.35,35,2,0.25,4.98967143339795,1.00326083302202,1.99034551074764,0.0160312584859265,0.0156956633872991,0.0604451406428746,5.00152536280941,0.967149681275389,1.8531878777534,0.0165947969069265,0.0158678355826734,0.0558429234837916,5.00787104921532,0.991921003518349,1.22626797189066,0.0343642725346084,0.0333447389405498,0.0602214963118519,4.98724394493664,0.995632753775895,2.01733305399508,0.0180669548018369,0.01771390525192,0.0654170862777328,"Deviance"
42,2000,0.35,35,2,0.25,4.97654352032451,0.974053808203723,1.94045167561434,0.0162213152963462,0.0165106365672837,0.0587950329532184,4.9981436705497,0.912279934036438,1.78772617171108,0.0168787208597103,0.0165347190289847,0.0537205830112299,4.98988538878154,0.99405827510811,1.19810921930003,0.0347565931661479,0.0353220973446391,0.0587049909639491,4.98555203869831,0.972586671847879,1.95198539748776,0.0180211200849512,0.0192820465851339,0.0625779644285677,"Deviance"
43,2000,0.35,35,2,0.25,4.9762553302104,0.992338270084665,2.10144854815792,0.0156047427001579,0.0157874220280882,0.0640076030374339,4.99484829162932,0.930959402796979,1.91681370527505,0.0163184190509838,0.0159879723532713,0.0578477402479061,4.95542047490444,1.04614050691342,1.2743955539678,0.0337299391832865,0.0347950837069755,0.0628227248881159,4.96557249798817,1.00905349945854,2.11269012770982,0.0177117822342803,0.0191312147562578,0.0686888581784828,"Deviance"
44,2000,0.35,35,2,0.25,5.01718767272301,0.985203180643348,1.99834929308518,0.0159886581141017,0.0160152763310966,0.0607086639491635,5.05519597855481,0.929598037781122,1.80162775991036,0.0168108439673488,0.0163162001283124,0.0541540408787868,5.02736329176591,1.00961273812312,1.2227445273053,0.0344044271077592,0.0353804801704714,0.0598937639043409,5.01954619851933,0.987769312626984,1.96032651607532,0.0181251526163729,0.0193618502563209,0.063194734271846,"Deviance"
45,2000,0.35,35,2,0.25,5.00661838750123,1.02636761929191,1.88411581038668,0.0164568258376116,0.0169708237145712,0.0569345241143987,5.03747341633927,0.955031789368361,1.69574193120846,0.0173197597977914,0.017229140808403,0.0506701613101481,5.00811516709187,1.07935985348389,1.16478150713331,0.0352568421304953,0.0359710982971952,0.0570394421756514,5.00607670608356,1.03652773950993,1.90660385719866,0.0184741665621279,0.0199329438232002,0.0615023850604606,"Deviance"
46,2000,0.35,35,2,0.25,5.01374034099688,1.01044589061785,1.92191556640123,0.0163479924877527,0.0165699669886275,0.0579636335218601,5.04684205093874,0.951385464117388,1.75729750710182,0.0170680460444677,0.016693378769414,0.0525063835287004,4.99286443829666,1.04555013130205,1.19770395145043,0.0349152082202724,0.0357464906868057,0.0584839488177872,5.01417559296084,1.01093959471398,1.92875917931987,0.0183632027346536,0.0191392399429715,0.061876793874618,"Deviance"
47,2000,0.35,35,2,0.25,5.01252066164115,1.0060871056755,1.97486031542791,0.0160858045222304,0.0160023934058352,0.0597644260872497,5.04008535094561,0.95072905601518,1.78024339393637,0.0169153723789044,0.0163227585470981,0.0532954129410623,5.03090400183271,1.04189682906649,1.23004820850118,0.0343151429255746,0.0341881420618603,0.0603823221480241,5.01298764908835,1.00752312860778,1.98154277681691,0.0180536310858245,0.019053718862866,0.0639663706991718,"Deviance"
48,2000,0.35,35,2,0.25,4.98975412020463,1.01910674887187,1.96843154792968,0.0161167129280276,0.0162402815892182,0.0597987178759397,5.03234801061909,0.966509442566424,1.75833543771497,0.0170184340237728,0.0167323756701613,0.052773351339694,5.02846245358299,1.07297843929435,1.19841944017461,0.0347605420769984,0.0353988190051867,0.0586973189319168,5.00122680395715,1.03149960747145,1.95879311264335,0.018260803536397,0.0191903067682164,0.0633532709347406,"Deviance"
49,2000,0.35,35,2,0.25,5.02059038245838,0.99946839118899,2.00566072857232,0.015950869716238,0.016687350838632,0.0606495492953837,5.05401240427641,0.919329670929089,1.77244002259671,0.0169387337391355,0.016998896687884,0.0529325512655865,4.98648056511966,1.02025162639482,1.24876354763935,0.0341095615831009,0.036217497661497,0.0612676385494785,5.00809099992308,1.00507652844184,2.01839349775203,0.0181289078981223,0.0198024238340141,0.0653217262818428,"Deviance"
50,2000,0.35,35,2,0.25,5.0090666279594,1.03550482665015,2.03140541203148,0.0158658065941573,0.0161599959709904,0.061958675343825,5.04485971766343,0.983711061388156,1.84265683751999,0.0166357289903169,0.0165311800987303,0.0556395114403946,5.0096643413668,1.0680653195981,1.25677513976677,0.033968506330638,0.0329433329762309,0.0620595532026504,5.01157567644147,1.03952424581118,2.05683609356779,0.017995413349869,0.0186730204003111,0.0671661957963669,"Deviance"
1,2000,0.35,35,2,0.25,4.98198212401807,1.00383124541554,2.04714970319802,0.0158091581115434,0.0157995579922482,0.0623155602454505,5.01751982799147,0.931704519951717,1.84007636864357,0.0166439606877345,0.0159466187563879,0.0553990081152398,4.96522371934164,1.0510134616197,1.22683036951774,0.0343801340727964,0.0333740331572029,0.0604180158489645,4.98552274098714,1.00911230783218,2.03627444837759,0.0179074281029886,0.018677511411238,0.0659878582581509,"Deviance"
2,2000,0.35,35,2,0.25,4.98641220610272,1.01425343070905,2.10543572228387,0.0155869471987638,0.0161772802047272,0.0641248029953738,5.01131766957607,0.95975394171417,1.90673124329694,0.016354633994253,0.0164723131425725,0.0574836480649283,4.98209529162339,1.05963657404542,1.26967355819642,0.0338315071977086,0.0352493498287369,0.0625245932053925,4.97212508465966,1.02020029023859,2.09934412993657,0.0175047086389471,0.0190128588827674,0.0678109592765319,"Deviance"
3,2000,0.35,35,2,0.25,5.00270810751252,0.975130850794306,2.09411308257341,0.0156287497874162,0.0155516098634289,0.0637105970396077,5.04359868272373,0.910908347414413,1.84837719266526,0.0166009004188471,0.0160149630746224,0.0555197473954368,4.98846017855414,1.02454417310894,1.27103332101767,0.0337744311436762,0.0326483706261986,0.0626278896015259,4.99834299957081,0.980988651264925,2.08198374490137,0.0176858485235148,0.0185330284888613,0.0674309939562264,"Deviance"
4,2000,0.35,35,2,0.25,4.99101928826312,1.01210970837454,2.00585168648009,0.0159859865767147,0.0159955318077125,0.0610003631725296,5.01191372382983,0.941410278864659,1.82538647954167,0.016729677364812,0.0160481954325524,0.0549679551058077,4.92415999482502,1.01663139615979,1.26640998893426,0.0339836199058699,0.0338567261881529,0.0625391947475716,4.98695921187879,1.00770507096785,2.02660959092601,0.0182109918911641,0.0195412936679941,0.0661340361197368,"Deviance"
5,2000,0.35,35,2,0.25,5.03329202199184,0.988027983421681,1.97761560979049,0.016070318384015,0.0161633897845114,0.0598556960548185,5.06089966113124,0.925667764256606,1.80696428274421,0.0167885790081412,0.0163589641956295,0.0542042217687009,5.01476873850783,0.985704073429148,1.21274244986661,0.0345669668773717,0.0340441326609609,0.0593857316433071,5.0231111950968,0.97443016433057,1.97875379331811,0.0181360642903077,0.0192035005038887,0.063623075475741,"Deviance"
6,2000,0.35,35,2,0.25,5.01518895959546,0.988417969908488,1.92875478690409,0.0162641870907307,0.0165077273171468,0.0582638064004039,5.0536075239363,0.938622810966268,1.75939748777454,0.0170049608423682,0.016759987454702,0.0526296488895039,5.01452090600558,1.0027590909574,1.18308246255028,0.0349944136704633,0.0356810416949048,0.0577151232221201,5.02228680749038,0.987631668709502,1.92781626581469,0.0181744457358551,0.0188149519889175,0.0617799017392891,"Deviance"
7,2000,0.35,35,2,0.25,4.99458907288122,0.98027076380294,2.01801468106279,0.015915528722141,0.0158983180239763,0.0612597279697832,5.03127394953448,0.913757050794738,1.79485607737953,0.0168441524597178,0.0162563344638879,0.0538272603282701,5.01255579502382,1.01224348649188,1.25807266493361,0.0339585605864393,0.0346082002470528,0.0618857715528323,4.9993073501664,0.994796731728102,1.99251724267389,0.0180564167809321,0.0191506545940628,0.0644503737505038,"Deviance"
8,2000,0.35,35,2,0.25,4.97065497750179,1.0065467466594,2.05790172466561,0.015768239408627,0.0158556393711692,0.0627089632722308,5.00098011584618,0.953446348458956,1.85540441830859,0.0165789572059391,0.0161722960050784,0.0559151020381666,4.94448464087241,1.0409364689585,1.28877404076514,0.0335580788252137,0.0336414743227364,0.0637692313132593,4.96151726276004,1.00032093837447,2.07985240065638,0.0178830792259892,0.0186189338050909,0.0680490855939891,"Deviance"
9,2000,0.35,35,2,0.25,4.98564754856094,0.988799206641924,2.01234615367401,0.0159417029379908,0.0159199542199091,0.0611533429727249,5.00735709996283,0.925974616637808,1.83506528543238,0.0166693057779718,0.0159987860854777,0.0552329308489151,5.01104094399138,1.0161591710687,1.22486037320498,0.0345448019211503,0.0345715821856164,0.0602004605710546,4.99521837650523,0.983655669349674,2.01986064929185,0.0179479888402246,0.0184756256785659,0.0653161151245414,"Deviance"
10,2000,0.35,35,2,0.25,5.00828955451021,1.03789843995081,2.01274045913176,0.0159466859637927,0.0158880832569384,0.0611715317691816,5.0338898769338,0.973478018189004,1.81334103385002,0.0167717042283219,0.0161507096523964,0.0545307035348227,5.01944263972536,1.04277623510863,1.2102116807986,0.0346188484824238,0.0346849456617488,0.0593119251441157,5.01413833280358,1.03882319886782,1.9912247258904,0.0181290776914911,0.0185284096203443,0.0643950181948947,"Deviance"
11,2000,0.35,35,2,0.25,4.99190447833588,1.01065992372516,1.97954699373958,0.0160684043147113,0.0159078368412467,0.0601757403017742,5.03956925859994,0.932982448573492,1.77334592821643,0.0169454741464147,0.0160777663227549,0.0532944088760789,5.00617975878261,1.04283197980838,1.2290070651184,0.0343599282497302,0.0334755254441514,0.0605261179381004,5.00851179424924,1.01228738871649,1.96548424943,0.0180776117297806,0.0181562487365879,0.063493031647861,"Deviance"
12,2000,0.35,35,2,0.25,5.01069058681062,0.994783060186835,2.11371417607767,0.0155582991858295,0.0156038672530625,0.0644185415943842,5.04162051686374,0.926275130677252,1.91690255723118,0.0163093480521189,0.0156694665310493,0.0578374055699251,5.01338401822774,1.0593386988597,1.33259833837826,0.0330933709161411,0.0338490003021459,0.0658945532787322,5.01064827196164,1.00713278680468,2.12312020992018,0.017615224287965,0.0186615919903758,0.0691369810366793,"Deviance"
13,2000,0.35,35,2,0.25,5.03746966110713,1.00780617746312,1.94256350870585,0.0162078680000503,0.0163152703804756,0.0587494175948979,5.05857741284224,0.952900294126148,1.76872847770788,0.0169632549945785,0.0165214050892731,0.0529597966343681,5.02606443591512,1.06909839498747,1.20813443166971,0.0346738434020909,0.0359968329860824,0.0592242162571267,5.04716693513926,1.04194089159453,1.94739219079182,0.0183359161691692,0.0202921455788291,0.0628056962242718,"Deviance"
14,2000,0.35,35,2,0.25,4.99592011647802,0.979970383863116,1.92285217487196,0.0162946260436106,0.0162710261999954,0.0583095395676313,5.02773772559343,0.927935005112897,1.77744509215964,0.0169254411879118,0.016390963104066,0.0534565590810043,4.94672460151315,0.997629471052532,1.21093678078588,0.0346031701833409,0.0343254215556379,0.0593784329421175,4.98097364663463,0.98889641483534,1.95096897989127,0.0183444199722921,0.0189972208043941,0.0632198338495974,"Deviance"
15,2000,0.35,35,2,0.25,5.01472722169285,0.99178767302867,1.98403519342341,0.0160626530225995,0.0165165161118052,0.0600856745479185,5.0497193339708,0.926459453206078,1.79835427965236,0.0168420869420695,0.0166763878974263,0.0539153493316893,5.02792914444282,0.98272270318642,1.26110839156597,0.0340304991601129,0.0347388765610678,0.0619666202263373,5.01621206991391,0.982500577173767,2.00548788251147,0.0179539647057132,0.0189034553629723,0.064765929782243,"Deviance"
16,2000,0.35,35,2,0.25,5.02630673308646,1.02679818852582,1.95750506652306,0.0161523294768423,0.0164371163348919,0.0592506068867297,5.05626095649323,0.967993724530052,1.77333680518222,0.0169470862924916,0.0166980759229027,0.0531221723528828,5.00765462875987,1.09204658396493,1.24189849987366,0.0341500649776037,0.0360721386658854,0.0610566386716598,5.00866982475758,1.04426406212308,2.00110673499232,0.0181313863886373,0.0197848905900535,0.0648747152608627,"Deviance"
17,2000,0.35,35,2,0.25,5.0197544243527,0.989807801032106,1.99562481077222,0.0159941781645271,0.0163821102596496,0.0605131007855369,5.04539852329577,0.927375553562433,1.84153829643829,0.0166300221924373,0.0163204040149822,0.0553847678086002,5.0185584597069,1.03714153924453,1.24844705666643,0.0340659756269994,0.034582952097397,0.0612303084805123,5.00739322168094,0.991792877281278,1.99947545459369,0.0178320253156533,0.0191533224786268,0.0643339969801197,"Deviance"
18,2000,0.35,35,2,0.25,5.01176422441443,1.01970797767382,1.9415881185332,0.0162254450485466,0.0160172819110577,0.0586455462086809,5.04929105537662,0.96404963416016,1.74536593334676,0.0170816920417168,0.016488551602599,0.0521517075659251,5.01712299323122,1.08107137130322,1.18215976623376,0.0351252675625951,0.0335771052305855,0.0578163959508227,5.00527834790212,1.02537804081075,1.93378086895141,0.0184060376214037,0.0186206377584406,0.0621321209256726,"Deviance"
19,2000,0.35,35,2,0.25,4.98994562116993,1.01440107243932,1.99749041246701,0.0160017121759001,0.0156189793355553,0.0607393490147221,5.02572324763009,0.95536257630718,1.80033701452568,0.0168264905595402,0.0159716817145009,0.054156922459775,4.98108552197435,1.04858500853053,1.22195466923848,0.0344491540150371,0.0334386617396519,0.0602378748790187,4.99297564071059,1.00964129142065,1.99466223079257,0.0181110191808946,0.0184260806283942,0.0646746849285224,"Deviance"
20,2000,0.35,35,2,0.25,5.00845339677163,0.996870040788342,2.06718925026668,0.0157293929645182,0.0161162558649737,0.06278708106582,5.04102710496981,0.935093152695834,1.85165476592964,0.0165897031234309,0.0164221463720216,0.0556188704363796,5.02744165511752,1.02577279977784,1.25852544393331,0.0339732825778463,0.0349217463025564,0.0618694676961765,5.01442573975293,0.995279645268154,2.07387981879602,0.0177031827129545,0.0193018141515064,0.0669417775745418,"Deviance"
21,2000,0.35,35,2,0.25,5.01202054016887,0.963454069345733,1.86040618798653,0.016554865040907,0.0165225808508647,0.0561178701362175,5.03672775612983,0.925124142917666,1.722193081397,0.017188010422425,0.0167915348422965,0.0515185821160749,5.03932480646547,0.988055706597319,1.16931757367454,0.0351757717971902,0.0367180904465538,0.0570265424980429,5.01952012582664,0.97889925647965,1.87458920528717,0.0184168598881376,0.0191292292913457,0.0601062993489659,"Deviance"
22,2000,0.35,35,2,0.25,4.99603899105908,1.00425049119039,2.01794731086725,0.015917665830467,0.0156868428099423,0.0611957903480292,5.02780614849464,0.948056335548128,1.8044879941003,0.0168042528447352,0.0160192927552426,0.0540922925686803,5.00033435810544,0.99816069976297,1.23499461920528,0.0342619019360016,0.0330737098539945,0.0605990614945366,4.99526039125003,1.00170429491036,2.01547951663219,0.0179641554014466,0.0178072678374792,0.0649718628197715,"Deviance"
23,2000,0.35,35,2,0.25,4.99302411756443,0.95603321144039,2.11040659449455,0.015565452074968,0.0158679531028624,0.0642685877087534,5.02273080203505,0.898612139547907,1.90144289763776,0.0163738278084069,0.0162398201776261,0.0573050108472774,4.9653862404433,0.984680735992198,1.30676686551586,0.0333655499219762,0.0331542964006187,0.0645048353042609,4.99336407879314,0.942120623576392,2.10481175327934,0.0174654033222317,0.0185961550862468,0.0681029487211511,"Deviance"
24,2000,0.35,35,2,0.25,5.00837703639701,1.00633297490556,1.91831884569431,0.0163128266566685,0.0166401393971099,0.0579252943690465,5.03442833992425,0.945156506396077,1.73766081977683,0.0171174636143535,0.0169166089992169,0.0519339257045381,5.02768158053183,1.04112612715225,1.19489365983823,0.0348558134196947,0.0360840349516347,0.0584722446044881,5.01421899605521,1.01028982224503,1.91330473449213,0.018392340306995,0.0197778524495586,0.0615299836684401,"Deviance"
25,2000,0.35,35,2,0.25,5.0167747349338,0.989506538780511,1.89769619269964,0.0164061786819211,0.0163910740954969,0.0571892588304215,5.05121263459449,0.928976861015849,1.72673132468259,0.0171724417503898,0.0166254837511072,0.0515444739232386,5.02155883878266,1.02454716473943,1.16321143087256,0.0353444221387716,0.0341765196105376,0.0567837443478174,5.01360152392282,0.988487567210361,1.91528855696908,0.0184660097082732,0.0188663682203198,0.0614513523994832,"Deviance"
26,2000,0.35,35,2,0.25,5.01535459032396,0.987730520733835,2.04113435610389,0.0158190863861633,0.0159955685145036,0.0620675676786326,5.04212847293029,0.929287060569515,1.83771765999538,0.0166456641112482,0.0163556534289545,0.0552714648424766,5.03386381724995,0.997563242464295,1.24946318811898,0.0340406300924584,0.0338867114543449,0.0615189743393655,5.01189077549774,0.980670253648609,2.04456672035071,0.01784994330696,0.0188552752026472,0.0662743851458087,"Deviance"
27,2000,0.35,35,2,0.25,4.97446832893466,0.989588653774829,2.02240560428823,0.0159069896202019,0.0159376065099756,0.0614875527623873,4.9940550410036,0.943168031912374,1.88570441700935,0.0164552931457991,0.0158854084568038,0.0568813888853829,4.9506204903559,1.06417985059217,1.29555767482536,0.0334634324733364,0.0343682539184696,0.0639819907627059,4.96916812398048,1.01402174643718,2.07255992659487,0.0178193710990672,0.0189616862230087,0.06749304672336,"Deviance"
28,2000,0.35,35,2,0.25,5.01191887331155,0.999121522485945,1.97257730773296,0.016120574603415,0.0161654906627922,0.0597314069084825,5.0527027517199,0.939358646393399,1.76783128318575,0.0169913356042473,0.0166260738759412,0.0529383677793637,5.01204958083416,1.03030175274689,1.21189757786218,0.0346248268739146,0.03461075175682,0.059476949584165,5.01673598342702,0.987991118049545,1.95669678221129,0.0182866142595972,0.0196447809688865,0.0632118773632976,"Deviance"
29,2000,0.35,35,2,0.25,4.98878686911276,1.01096819080149,2.03720309980973,0.0158733127860646,0.0154248746839677,0.0618103780230282,5.01398606374074,0.958727497067931,1.84782260264773,0.0166443186666638,0.0157184366676132,0.0555079597332868,5.00119672746727,1.04267512845291,1.27620945849993,0.0338019762948181,0.032402147453188,0.0626865277727127,4.98229203682064,1.00600870710114,2.05552346797802,0.0179549093707747,0.0184539659633197,0.0666988411952627,"Deviance"
30,2000,0.35,35,2,0.25,5.01589491232917,1.01785584310362,2.0311570173343,0.0158658088202155,0.0163039337085407,0.0616045649022147,5.05015253582306,0.948124268533456,1.81336327243548,0.0167653346888443,0.0165915596324426,0.0543540285348242,5.00927588284651,1.03179411114337,1.26212550643539,0.033884231452678,0.0355740063696953,0.0620763735348714,5.02731490710676,1.03039445186971,2.0187851605906,0.0180592053592372,0.0193267076738217,0.0653865111972615,"Deviance"
31,2000,0.35,35,2,0.25,5.00623179602194,0.989190952454334,1.98085565557722,0.0160685224847523,0.0160531067317676,0.0602299475951062,5.03297672274344,0.925420242499226,1.79487761637128,0.0168548019295849,0.0163004147168351,0.0540132199767369,5.00633630162867,0.992693081239508,1.18869226030554,0.0348911552313896,0.0346305298341907,0.0582814077111758,5.00810401933194,0.978782759892492,1.96152687307939,0.0181543688678983,0.0188786494890133,0.063337475334562,"Deviance"
32,2000,0.35,35,2,0.25,4.99569594667434,1.00846501589432,2.01462021266617,0.0159446265723228,0.0162525973773403,0.0611380789080073,5.02813052391341,0.946041193838382,1.78721452936428,0.0169012335266099,0.0167382516348194,0.0535620486558851,4.98273288080448,1.03307421865387,1.28062554075137,0.0336329339430518,0.0350573528481387,0.0630025932699153,4.98447979264169,1.00319111484737,2.02272178966528,0.0180606329802867,0.0190682023526578,0.0656496086045544,"Deviance"
33,2000,0.35,35,2,0.25,5.00785569121894,0.979810360061956,1.98034869018235,0.0160532059874155,0.0165619224614009,0.0600565736252571,5.04304090114981,0.916358358238873,1.78463139435251,0.0168838955978524,0.0167979984577947,0.0535249255689678,5.05528601101779,1.01319829353181,1.257011005021,0.0339362139775873,0.0351867792283635,0.0618464502506416,5.01888431646274,0.983137446509495,1.99829723061444,0.0180339186690439,0.0191505691640201,0.0647790730672869,"Deviance"
34,2000,0.35,35,2,0.25,5.00353005251099,0.978184150526153,2.0208718346836,0.0159028956418962,0.0157370815540431,0.061444095230563,5.0196142158849,0.921199560309179,1.83350889324362,0.0166707109215637,0.0159715016950908,0.0551806833413528,4.98788886218288,1.00426429226105,1.26281055723817,0.033866279737236,0.0339437734739051,0.0622419267389033,4.98807716900974,0.975203970692271,2.04629052788698,0.0179130334992926,0.0182489729309787,0.0665501034911616,"Deviance"
35,2000,0.35,35,2,0.25,4.98726679911336,0.978935535231336,2.02173683852107,0.0159044949993844,0.0157994272859043,0.0613993144770854,5.01009975881554,0.930471075024699,1.86407442080468,0.0165422000048778,0.0159853322687094,0.0561462379704077,4.9956071098791,1.01780479236337,1.2270029624863,0.0343638847134735,0.0350653778047261,0.0602014435699668,4.9863722822834,0.99009525981206,2.02751601297904,0.0177635967257878,0.0181933490834547,0.0652324678303825,"Deviance"
36,2000,0.35,35,2,0.25,4.97126248676897,1.0331224195604,2.00617351663166,0.0159755209631357,0.0156629347304326,0.0610685028469578,4.99778318067124,0.989061132809264,1.83817232310777,0.0166653019991089,0.0159535631784868,0.0554304726363525,4.96669447876681,1.05112032774593,1.22253585363459,0.0344489026030951,0.0336266301625266,0.0601586449220013,4.96228421421057,1.03213571657311,2.04050665189519,0.0180810193307488,0.0184510884839424,0.0664569053618804,"Deviance"
37,2000,0.35,35,2,0.25,5.00246814559383,0.993680723434534,1.97808122723388,0.0160711093618944,0.0164451288697622,0.0599930986914749,5.02527840235014,0.938786341518436,1.79041135966792,0.0168690615569911,0.0168256607048918,0.0537289898605482,4.96846591014812,1.03450877086711,1.19749603420269,0.0347881265247227,0.0358114761714317,0.0587732236550648,5.00009664369,0.997464346641833,1.9766849056536,0.0180914913464572,0.019519418537411,0.0636969965868101,"Deviance"
38,2000,0.35,35,2,0.25,5.00113509320691,0.99576083472887,1.95033274124362,0.016190063660665,0.0157876585374656,0.0591884788943637,5.02393469928592,0.928713675083605,1.78356566470021,0.0169071403940445,0.0157605611114891,0.0536151916163497,4.94427808218919,0.994119147192434,1.19287538351253,0.0348819689693275,0.0336446237007613,0.05847526075244,4.99099604377221,0.996794376723935,1.96628146745693,0.0183631304607136,0.0182418277489258,0.0637402353599129,"Deviance"
39,2000,0.35,35,2,0.25,4.99760226716948,1.00878660087727,2.02515269387785,0.0158915827603801,0.0160291040585172,0.06142525011625,5.02817577561768,0.94983830585761,1.82994964950102,0.0166895250498517,0.0164169368845158,0.0549736447943725,5.03755894344561,1.07241119126053,1.27333764095276,0.0337564187470734,0.0324103189218282,0.0627311976831076,5.00048857501057,1.00789073343462,2.02752001842767,0.0177841018642353,0.0189244644075757,0.0654650445970756,"Deviance"
40,2000,0.35,35,2,0.25,5.01507204294572,1.02973999396735,2.06615330097036,0.0157388510661828,0.0156961493671949,0.0631268595376974,5.0408352517608,0.963249564130504,1.86673203311515,0.0165311225334791,0.0158672376968114,0.0564411846536788,5.00680556169902,1.08583971425728,1.26656476313551,0.0338383138325088,0.0352651372046748,0.0625863816922303,5.00905865543861,1.04851595469274,2.08109777441199,0.0179291236397736,0.0190239962241796,0.0681580934373515,"Deviance"
41,2000,0.35,35,2,0.25,4.99897313895311,0.990046291393525,1.94120475744659,0.0162198002810514,0.0164041802846435,0.0587877847695862,5.02587451456499,0.933357508019975,1.7634944141901,0.0169927013271455,0.0166458093256359,0.0528856350532599,5.03088308037177,0.967875382897783,1.20703369007314,0.034638932456599,0.0339705907213642,0.0589662609327954,5.00046187050323,0.977138015108848,1.94171443239402,0.0181759166341023,0.0185212590644322,0.0625036709785344,"Deviance"
42,2000,0.35,35,2,0.25,4.99855150825863,0.993072696677018,1.93340919460491,0.0162488809492585,0.0165680368518813,0.0584256784030074,5.03352698122394,0.926782655698795,1.74932102406977,0.0170576294642897,0.016754622012347,0.0523123590459318,5.00340964873464,1.02410185989035,1.19834230233912,0.0347583820103979,0.0353664301499315,0.0586147450949307,4.99242775418652,0.99261235660795,1.933785852977,0.0182524846719372,0.0189822065266562,0.0621266166797928,"Deviance"
43,2000,0.35,35,2,0.25,4.98804264172724,1.00007343525516,1.96518414530257,0.0161292701912245,0.0159504478251061,0.0597538129971097,5.01170101648254,0.94809758427112,1.79652329833661,0.0168461159218455,0.0161641486792121,0.054097644346738,4.97818788856187,1.02227817315673,1.22835389103848,0.0343399997212123,0.0352726441480731,0.0604599337797642,4.99103356825761,1.00527184877709,1.98838163480554,0.0181661933101686,0.0187761039621268,0.0645815488403861,"Deviance"
44,2000,0.35,35,2,0.25,4.99163041400138,1.01240938371849,2.06610957566385,0.015742567489394,0.0156179263525515,0.0628870986464177,5.02572878364615,0.948236551948024,1.87587724183519,0.0164932132121351,0.0157629798272025,0.056532109096233,4.96931799627859,1.05652896708197,1.27826133987818,0.0336978387311235,0.0335890867187972,0.0631573766327797,4.98946236515588,1.00965218542565,2.08438951220294,0.0178527197741055,0.0184954873587114,0.0679896855931526,"Deviance"
45,2000,0.35,35,2,0.25,5.01492342155937,1.0045314518784,2.04472019692335,0.0158150428774314,0.0159374854959762,0.0619566329468495,5.05160147783665,0.95400128886338,1.85280811980978,0.0165942814094965,0.0162094293347346,0.0555854395112737,5.03289155240668,1.00314390610176,1.25287882803496,0.0339889907526472,0.0348900847974857,0.0614224374049944,5.010224165502,0.997970583534902,2.05054681299798,0.0179785889912216,0.0189842419268612,0.0663840916567518,"Deviance"
46,2000,0.35,35,2,0.25,5.01203182754543,0.987659551798069,2.05984230301026,0.0157549532594313,0.0156460321345722,0.0625948288507566,5.04120139632241,0.943245236946211,1.89554549453582,0.0164007142120423,0.016007665389707,0.0571326273734216,5.0211156729997,1.01276056346975,1.26757395465697,0.0338059910112918,0.0331658424561378,0.0623850526322538,5.00387142926618,0.99184568654523,2.09418267112971,0.0176463115246584,0.017781607845982,0.0678087082222144,"Deviance"
47,2000,0.35,35,2,0.25,4.99760434990209,1.02071524979792,1.940814119398,0.0162265195560102,0.0163144688185259,0.0588330856238418,5.03112013749101,0.947510467472352,1.74667844510254,0.0170752151058151,0.0165717834583034,0.0523772802892092,4.98230073601661,1.04737706788774,1.21242009192839,0.0345827624271989,0.035381399326152,0.0594885429900887,5.00133936323983,1.01465038468096,1.93410699054715,0.0183205942420962,0.0193839812667427,0.0624178486063458,"Deviance"
48,2000,0.35,35,2,0.25,4.9614916403202,1.03208700689006,2.00527605512282,0.0159858010236973,0.0157679149120836,0.0608706815516868,4.9944072623924,0.971804455135838,1.81111338692041,0.0167889405046203,0.0160730983677431,0.0544079655642878,4.95671527034673,1.02916824178876,1.2326982223716,0.034326005077201,0.0337211198435328,0.060555815752017,4.95742740253701,1.03905371662765,2.01956023688456,0.0181673774589658,0.018246704183896,0.065586939723104,"Deviance"
49,2000,0.35,35,2,0.25,5.00865862880651,1.01452096849914,2.00684932987471,0.01596258440552,0.0161093302912713,0.0609764452387244,5.03400365846769,0.958961203186227,1.81519896487007,0.0167604315214066,0.0164098983229215,0.054568360466183,5.00981329234564,1.02219407357509,1.23965346954304,0.0341890309089197,0.0354448601675847,0.0609095974477634,5.01652863446769,1.0297748218867,2.03906625415226,0.0182888667400778,0.0194722582625064,0.0666328640019565,"Deviance"
50,2000,0.35,35,2,0.25,5.04696734709304,1.01167344215981,1.98384104630665,0.0160422776559613,0.0164545299256594,0.060082243103612,5.08205377796496,0.962818367757156,1.80714297211604,0.0167837979283378,0.0167499456508534,0.0541948363017116,5.03538208478651,1.02803882557853,1.24098064234089,0.034370203294467,0.0358910874947065,0.0607984995101822,5.03116733955883,1.02179843413443,2.02632302810013,0.0181680634368047,0.0196015628856769,0.0657850206435559,"Deviance"
1,2000,0.35,35,2,0.25,4.98981126239213,0.99876573914219,2.04434778995846,0.0158173838125528,0.0158988224146866,0.0619716271454798,5.02750659261262,0.944712630768197,1.83394981573238,0.016668506610604,0.0164375669748986,0.0550191098838499,4.97321168844494,1.02016818867203,1.27607903166625,0.0338005499512221,0.0357198604436199,0.062676042231766,4.97210253420631,1.01262719964791,2.05294379137142,0.017911571639756,0.0191652077804232,0.0665333611337126,"Deviance"
2,2000,0.35,35,2,0.25,4.99946513201799,0.997219003324171,1.9504285822018,0.0161887601251392,0.0163708085326171,0.0589588559263239,5.02585050331453,0.938226275402257,1.74405569069162,0.0170975120728597,0.0167808559083514,0.0521197035449491,5.01071105320261,1.05262539661956,1.1993833367216,0.034748676742795,0.0350662714161912,0.0587223986023173,4.99968331017645,0.995888533372295,1.94702669007034,0.0182748596152725,0.019088222367961,0.0627396958941625,"Deviance"
3,2000,0.35,35,2,0.25,4.99140074348343,0.978540913758595,2.04739273191916,0.0157988919996474,0.0159831753826914,0.0623030959693503,5.01726036377999,0.905836459803595,1.84655704140773,0.0166106178930485,0.016110029935497,0.0555830607677554,4.99394799401145,1.0019042422147,1.24798257706401,0.0340773626210693,0.0341722283111283,0.0615307464791498,4.98777001387918,0.980067388987469,2.04183116153019,0.0177628731951759,0.018649055124825,0.0660311149672066,"Deviance"
4,2000,0.35,35,2,0.25,5.01776888256601,0.999182145765461,2.02902448522186,0.0158697896707418,0.0164440850383628,0.0616192047464725,5.05671199668422,0.926456348518991,1.78881786105476,0.0168674455651299,0.016966093233918,0.0536392473557131,5.01367447455429,1.01745992614502,1.25129300043924,0.0340204015839924,0.0348398593505721,0.0615588653921992,5.01374308925995,0.995604556400254,2.00313313372759,0.0179353088019934,0.0193241291195146,0.0646403977691601,"Deviance"
5,2000,0.35,35,2,0.25,5.03868798759206,1.00386374818649,2.03172949216536,0.0158570921851874,0.0159330690795664,0.0616147291843221,5.07317301663244,0.950538777926305,1.85781474780857,0.0165571553214316,0.0162651192453706,0.0558517053396761,5.05197461586059,1.03349972707409,1.24477521035127,0.0341181794162431,0.0336286321935046,0.0612186429833968,5.03355553618611,0.991999880400885,2.02867731673494,0.0179208383679977,0.0193589161705171,0.0654850428998358,"Deviance"
6,2000,0.35,35,2,0.25,4.99114925292636,0.983613451563572,1.94278226801591,0.0162114377028069,0.0165162236746709,0.0587364826051492,5.01571542993715,0.923115728921511,1.78500394584155,0.0168910763451698,0.0165452064903712,0.0535049680667311,4.97405285394309,0.971390500891485,1.1916488206161,0.0348816443728151,0.0346062373895111,0.0583030137668741,4.98681139408624,0.988424196295125,1.95913189338759,0.0181964192099613,0.0188951274493196,0.062981087941805,"Deviance"
7,2000,0.35,35,2,0.25,5.00050872972796,0.988947298514237,1.96414009287219,0.0161240200725882,0.0164646338411632,0.0596009710452928,5.02976276090717,0.941938520964915,1.80969646545024,0.0167804930581229,0.0166386097910417,0.0544175071034938,5.00102687897373,1.06148778966401,1.19355538017071,0.0348607697565187,0.0360448527477308,0.0585769857382148,5.008981769789,1.00202119221024,1.98444973013653,0.0180282623821178,0.0193641116296435,0.0639619769120975,"Deviance"
8,2000,0.35,35,2,0.25,5.04009665544971,1.00130142998297,1.97355664901989,0.0160932200594958,0.0164407393393668,0.0598256357903667,5.0729271543256,0.933623273793226,1.79569863919678,0.0168443171474398,0.0165827672567769,0.0539136297957583,5.07065198636974,1.03023496270065,1.22076915347294,0.034419394100085,0.0349654237479098,0.0600002810426127,5.03254051817119,0.998172203828594,1.9690274808848,0.0180503191009106,0.0194051876617,0.06351201489287,"Deviance"
9,2000,0.35,35,2,0.25,4.99624681707457,1.01987567428427,2.00029087679351,0.0159907773420223,0.015976697337606,0.0607274695893923,5.01902774119637,0.970836161831375,1.82230800600498,0.0167315793254469,0.016251405185213,0.0547684004514859,4.97363681181349,1.00241630758377,1.23391236393227,0.0342685644371833,0.03389718754038,0.0606607002537693,4.99110486755993,1.017829702717,2.00740797725228,0.0181690689312911,0.0183548783713536,0.0651478271509023,"Deviance"
10,2000,0.35,35,2,0.25,4.9829939848682,0.968076605002211,1.98414745899905,0.0160464299831064,0.0163156818071219,0.0600229936911592,5.00815359446784,0.906167315088582,1.80616386232558,0.0167962758476772,0.0165126553236157,0.0541217263266308,4.98261397641309,0.955428497178433,1.2490622445123,0.0340456117896252,0.035269230913655,0.0612814097728992,4.97893256509968,0.965054506081107,1.9884300801277,0.0178997555933623,0.0193305377044225,0.0639579213827255,"Deviance"
11,2000,0.35,35,2,0.25,5.01176908528302,1.00286649799523,1.97934707564146,0.0160636038113557,0.0163176403191809,0.0602416845152183,5.02660766389175,0.957375428896742,1.84585505026989,0.0166171681480271,0.0164217960593969,0.0557471813025304,4.96335716557803,0.993736220572882,1.24758050001087,0.0340717439997476,0.0344020522909846,0.0615179014630447,5.006538156263,1.00918847659647,2.01170954181085,0.0180252940682133,0.0190866246784722,0.065416490591621,"Deviance"
12,2000,0.35,35,2,0.25,4.99483014440701,1.02341530266339,1.97662784564261,0.0161064262193751,0.0161962370099198,0.0600490264270926,5.01566238655201,0.964516477108541,1.80164601438356,0.0168530185586938,0.0164881656688833,0.0541962334165757,4.9978382786272,1.03383346094157,1.26000018578711,0.0339185319586646,0.0342030690727917,0.0621362128579459,4.98198629031429,1.01743727751101,2.0237165232887,0.0180755999894688,0.0188078777667446,0.0658704638466634,"Deviance"
13,2000,0.35,35,2,0.25,4.99328331968733,0.990521598140396,1.9320822446517,0.0162570611342088,0.0163045815232562,0.0585034990606773,5.03133113457845,0.930142723987885,1.72285548097304,0.017188305541247,0.0167395163483374,0.0515372445231122,4.97808851970607,1.0255182218748,1.18172813940362,0.0350084227780987,0.0351073640488547,0.0577681043299548,4.98868744693467,0.989425073135517,1.91440718925848,0.0184816364509101,0.0193749367248542,0.0616936761240584,"Deviance"
14,2000,0.35,35,2,0.25,5.00492211301471,1.01436957015678,1.9494349074284,0.0161983772478045,0.0159487578581637,0.0588602056198564,5.03505360762026,0.964961798403132,1.78318172277857,0.0169107357036155,0.0162138204349874,0.0533654342701559,4.99336752284564,1.03317272418647,1.18928538109978,0.0350543638358569,0.0342019869128043,0.0580345133453543,4.99351603830189,1.00783869113718,1.96514696501148,0.0182697881257434,0.0187175115691378,0.0632591710932065,"Deviance"
15,2000,0.35,35,2,0.25,4.99447211624915,1.02104304159943,1.97571083114855,0.0160910169343863,0.0167073761082917,0.0599825720718749,5.01955809895497,0.960043848833335,1.80849028450547,0.0167959374985721,0.0168675314009363,0.0544124058732037,5.02342795671585,1.03768580302983,1.21775181010833,0.0345242814320843,0.0352989399530783,0.0598170580406585,5.00221739911728,1.01705716569041,1.99013674525401,0.0181086801111032,0.0196968291042344,0.064259866795797,"Deviance"
16,2000,0.35,35,2,0.25,5.01930695674228,1.01101629454952,2.08454145329749,0.0156656571165884,0.0154872781247683,0.0633471767968409,5.03985113335165,0.941102133008022,1.86746072227935,0.0165284923861034,0.0156997002932782,0.0561235952020287,4.99352738900518,1.00334793336179,1.26942773394845,0.0337988709867793,0.0325900364366534,0.0624012586427845,5.00490437423637,0.998399944194765,2.08521427954891,0.0178096842849798,0.017758162344092,0.0675740128436777,"Deviance"
17,2000,0.35,35,2,0.25,4.99174432630564,0.990566456812166,2.04429390155569,0.0158157377027317,0.0158766790005906,0.0620680392586007,5.02505732981637,0.941355334917986,1.85473325679181,0.0165760463564139,0.0162687597876651,0.0557702059967014,4.98330726863695,0.979634998988102,1.25696460087158,0.0339612821917024,0.03322110382484,0.0618137477614633,4.98410788703036,0.977294478236433,2.05741075579031,0.0177849888126614,0.018385435089136,0.0665904105532241,"Deviance"
18,2000,0.35,35,2,0.25,5.02342843216739,0.975255594262626,2.04715656850881,0.0157942342658295,0.0159460018884114,0.0620617729248641,5.05313160316687,0.909941975809747,1.84023397940483,0.0166314536049364,0.0162942224958646,0.0552045188783349,5.01137672892379,1.04092589380111,1.28132683344863,0.0336446978036099,0.0349869286795451,0.0631527714561309,5.02818553644023,0.979485548968582,2.06884298628785,0.0176729704399043,0.0192886990156276,0.0668017816202114,"Deviance"
19,2000,0.35,35,2,0.25,4.99126039072586,0.976544169931826,2.03897911941159,0.0158424722181595,0.015474881106007,0.0620843923806384,5.01734592102463,0.916329303755644,1.84421702756886,0.0166322710929265,0.015651565944606,0.055556656935816,4.99999264357898,0.980780846727487,1.24326887379188,0.0342054732347862,0.033782029111488,0.0612011794172834,4.99516480478899,0.975954568644621,2.03930632418907,0.0179786068592565,0.0183116089640062,0.0662876595904291,"Deviance"
20,2000,0.35,35,2,0.25,5.00926705302737,1.00949757661118,2.03762195626373,0.0158479717303988,0.0159420189683176,0.0619445150546588,5.03880963553725,0.958455340941457,1.89371156884848,0.0164149243034087,0.0159375752113398,0.0571306972465262,5.0051863079498,1.04308793487278,1.24402016011113,0.0342838784983632,0.0344485588224689,0.061147203911108,5.00041580582582,1.00960084016939,2.06880457757173,0.0178954642617427,0.0185612945174444,0.0670710204859926,"Deviance"
21,2000,0.35,35,2,0.25,4.99833896236078,1.00574659864067,1.98064404765372,0.0160791058939326,0.01599901276511,0.0599711187035705,5.02219987100779,0.955991184685008,1.80263394707854,0.0168349100609927,0.0162876229498443,0.0540466950268945,4.99236511387169,1.02812720000246,1.23459246305969,0.0342652924406861,0.0337900139311035,0.0607260406902138,4.99039901570631,1.01103619887362,2.01112401449237,0.0181227057135689,0.0185443194225068,0.0651398027631126,"Deviance"
22,2000,0.35,35,2,0.25,5.00945827031003,1.01635416058572,2.03506270382696,0.0158447998472048,0.0163944231917987,0.0617275774329452,5.04149608175562,0.957519747663021,1.85008513415216,0.0165941569465045,0.0165959512788964,0.0555564792668308,5.02842572962727,1.04143656262149,1.23611313387267,0.0342156670037573,0.0359856457379709,0.0606768921000688,5.01879768173104,1.02386054739766,2.02591603501834,0.0179967177439919,0.019164375334758,0.0654481816564236,"Deviance"
23,2000,0.35,35,2,0.25,4.9829916125565,1.00800822102546,2.03690783795679,0.015851653458962,0.015796803440042,0.0620224223455079,5.01510279380826,0.96896482811991,1.83861320859822,0.0166576496775208,0.0162537814077271,0.0553418944517032,4.96949348044862,1.02138675917392,1.26091893314765,0.0339236870704196,0.0351906183011946,0.0622901375750452,4.98706898988751,1.01865551270405,2.04412824287255,0.0179604054104755,0.0187668994464643,0.0665293831988814,"Deviance"
24,2000,0.35,35,2,0.25,4.9836446776929,1.01257843961648,1.92354378154082,0.0162995145461476,0.016402696790845,0.0582676393936766,5.01258323285067,0.950641163186582,1.7609141058664,0.0170099463606328,0.0164738356342483,0.0528446164596422,4.99942062291243,1.01003537209704,1.20810815173745,0.0346240596267219,0.0351677656143903,0.0592324061958398,4.97596550007907,0.999995140195472,1.93886092237258,0.0182803261084999,0.0190460250490887,0.0626656840147762,"Deviance"
25,2000,0.35,35,2,0.25,5.00122553809766,1.03873001494294,2.09278517347362,0.0156411896308649,0.0158641569490643,0.0634890172134336,5.02495271828183,0.981728842127035,1.87714803370975,0.0164919595200727,0.0162250198468782,0.0563279424877326,5.01701192476513,1.07082066922168,1.31687357933451,0.0332007154573669,0.0334799085601192,0.0648985424410931,5.0043355480255,1.04341532408143,2.09675492460744,0.0176840077003891,0.0185817539355093,0.0679079909376247,"Deviance"
26,2000,0.35,35,2,0.25,5.00021161641533,1.0182875166812,2.03513552260279,0.0158549309566907,0.0157205974756083,0.0618580571989612,5.02721302095113,0.960194687638977,1.83773142154336,0.016657625646881,0.0160702088487381,0.0552892784734146,5.02207442321161,1.04875300901117,1.27313708241333,0.0337303163698176,0.034034270390386,0.0625363163701531,5.01017604359016,1.02335178582824,2.03799879205017,0.0178972575324633,0.0185685389591931,0.0661125858292186,"Deviance"
27,2000,0.35,35,2,0.25,5.01103505078784,1.00149827228667,2.01195819133668,0.0159340389012363,0.0162036225578919,0.0610476974565236,5.04499856830678,0.946456669587356,1.81309144353077,0.0167593241730066,0.0166917916371024,0.0544262567195143,5.02211863546287,1.02227802715363,1.21224624580276,0.0345768363057018,0.0356913344261236,0.0595111982184189,5.01026151769342,0.985443167518566,2.00391694656284,0.0179684905813134,0.0190078389219808,0.0646844677822117,"Deviance"
28,2000,0.35,35,2,0.25,5.01651957050831,0.966809480426346,1.96842846069347,0.0161102224758894,0.0160424670372346,0.0597191702801654,5.0375144143325,0.926242647984369,1.8468622855987,0.0166153444951708,0.0161775420302315,0.0556411106329388,4.98500812007712,0.975184177013557,1.17156930677686,0.0351433202758455,0.0348420790231285,0.0573056563711004,5.00878979038541,0.967126633598232,1.99265140678236,0.0179442300041371,0.0186558020717743,0.0641151500853208,"Deviance"
29,2000,0.35,35,2,0.25,4.99471269275681,0.998794276141631,2.01579093387924,0.0159221167126217,0.0159005684758226,0.061246802145085,5.00671729493833,0.944467833384918,1.84964276519832,0.0166037941180978,0.015928439337228,0.0556837462425727,4.9944271126583,1.01919823291071,1.21686578058421,0.0345003435207225,0.0351556658130503,0.0595941135234452,4.99216865322254,0.994055570897231,2.02741564782745,0.0178370752846064,0.0185413614110253,0.0653571912006275,"Deviance"
30,2000,0.35,35,2,0.25,5.0130198074214,0.995692708216044,2.00749271732361,0.0159497973764716,0.0159958925188287,0.0609272702153024,5.05057185741545,0.924425656931461,1.79818623669504,0.0168250985239928,0.016250045542388,0.053957491637915,5.00853895704311,1.03936984493673,1.29002666494684,0.033532369252487,0.0347260077524823,0.0635663669946486,5.0124402825776,0.992078182173125,2.02850916916908,0.0179607913430183,0.0190816861605387,0.0659413179702221,"Deviance"
31,2000,0.35,35,2,0.25,4.98376093340287,0.980129989582522,1.92260207541208,0.0162926397263416,0.0167567593570661,0.0581512116426019,5.01066489903065,0.919993929734416,1.77261497693193,0.0169466815261531,0.0168343018877741,0.0531729565733391,5.00793159621617,1.01692430697744,1.15870102534023,0.0353367308221098,0.0357093052829674,0.056586542638961,4.9818769175418,0.990423870985954,1.91928705952098,0.0182029526686543,0.0193210136762235,0.0615542440164139,"Deviance"
32,2000,0.35,35,2,0.25,5.00804729606819,0.984696167131094,2.01214875051209,0.0159656463188277,0.0163910287072525,0.0609702493229719,5.04909562695314,0.909128349692481,1.79029951601914,0.0168879409080103,0.0166738368830188,0.0536100819766352,5.01154150535143,1.04316413912469,1.24435445351059,0.0342044888778948,0.0351030844249071,0.061181508527605,5.00903496705565,0.996760330693108,2.01477526622822,0.0181778897114401,0.0197353519346485,0.0653122151486775,"Deviance"
33,2000,0.35,35,2,0.25,5.01054156150683,0.986195634417816,2.04442667319933,0.0158166997833948,0.0159245415939708,0.0621622193068743,5.04653140019801,0.923568298362872,1.83970964745076,0.0166411673262061,0.0163518280181582,0.0553445941065789,5.01276977308353,1.02285864048498,1.22615136852943,0.0343864107494345,0.0336968724693544,0.0603724738743093,5.00318764494572,0.991862205410678,2.03960792491742,0.017750356673857,0.0185509591969829,0.0657321092973299,"Deviance"
34,2000,0.35,35,2,0.25,5.00933500761534,1.03155251078661,1.94488227463892,0.0162081157425056,0.0161991341520903,0.0592504516538266,5.04316798789299,0.973040934744681,1.77676261322521,0.0169344757463199,0.0164318131444448,0.0536113689365425,5.06667351084537,1.0584579642883,1.21661473429799,0.0345018407268996,0.0342968053399956,0.0599586275863435,5.01912394359461,1.03135151926849,1.9632059284786,0.0181641721432697,0.0188640543550768,0.0638705923987781,"Deviance"
35,2000,0.35,35,2,0.25,4.99134673613888,0.979541860874696,2.00017837997099,0.0159901353582043,0.0154154894787323,0.0605928320575868,5.01941653668118,0.924580681103545,1.82906408072349,0.0166986065585618,0.0155846784260708,0.0549123909475418,4.99374796191805,1.00092626537615,1.24819784203251,0.0340667999769234,0.0330382852763948,0.061273496063587,4.99310233799098,0.98875467283847,2.01730177212461,0.0179783339136783,0.0180682954785512,0.0652594780880898,"Deviance"
36,2000,0.35,35,2,0.25,5.00357098648674,0.988879915757373,1.98588779320074,0.016034700760615,0.0162862800696218,0.0603282073317627,5.04003305819107,0.931510150044799,1.77794500227868,0.016918054782071,0.0167832204052183,0.0533883664413427,5.0361032503604,1.01384816648735,1.23459576214321,0.0342388849115681,0.0355810605004857,0.060742847128486,5.00913225783549,0.981063129482251,1.99583118006934,0.0180245280368602,0.019477415696395,0.0646809766625529,"Deviance"
37,2000,0.35,35,2,0.25,5.00206430450869,1.0030974517386,1.94303397385497,0.0162136629185244,0.0167027073039727,0.0589359363717613,5.03586150540761,0.933568961074283,1.76495716971118,0.0169842333013242,0.0168583368166509,0.0530034437066791,5.00628877726919,1.04371209844198,1.16458064329321,0.0353066917682626,0.0362612100593259,0.0570167021936471,5.00137699376252,0.999073318460153,1.92930241632349,0.0182211632569152,0.0196732995997993,0.0619796179683649,"Deviance"
38,2000,0.35,35,2,0.25,5.01135045195264,1.00892793573748,1.96927813500106,0.0161167102041597,0.0159738027274407,0.0596211654852871,5.03331370490964,0.94837994390257,1.80339431994052,0.0168224144362785,0.0160498117815533,0.054106984433067,5.03378663116307,1.02354895658772,1.22482979665498,0.0343842123593921,0.0343995070282691,0.05993877657853,5.0159273830168,1.00234968085057,1.98016215665927,0.0180968624560788,0.018578969339275,0.0638344382639171,"Deviance"
39,2000,0.35,35,2,0.25,5.00818939113628,0.991724924509191,2.14224943247006,0.0154541797636673,0.0155373990110628,0.0652203555996733,5.03873326817214,0.942161684667422,1.94135266273727,0.0162078847159661,0.0158679917366403,0.0585198546961582,5.02427679411286,1.0425773089126,1.33503605066673,0.0329628019893779,0.0329759254001069,0.0660074298911838,5.01290834986866,1.00577387556022,2.16584014193155,0.0174131535516599,0.0185788662281828,0.0704855166817936,"Deviance"
40,2000,0.35,35,2,0.25,4.97299231631154,0.983656759460032,2.14166068652019,0.0154577683938583,0.0158377583499801,0.0654590568396582,4.9951190460735,0.928622874683939,1.94537686836403,0.0161944210744722,0.0161477942879081,0.058878174942475,4.99850398937371,1.02946198270376,1.299060536606,0.0334405881696322,0.0350539351013702,0.0642784788820877,4.97252500313973,0.998720618964268,2.14513426193693,0.0174328541944939,0.0188548870246878,0.0698134219865994,"Deviance"
41,2000,0.35,35,2,0.25,4.99862870590676,0.989020068994609,2.01801790419267,0.0159093582658264,0.016259910039765,0.0612866691015237,5.01932724255678,0.926225299785352,1.85907364683922,0.0165554010297698,0.0161997920078939,0.0559809024229845,4.98795639729531,1.02728896197664,1.22116656226508,0.0344468829038826,0.0344246926119368,0.0598921090155691,5.00233683277606,0.987986586776664,2.02264725069229,0.0178709960107531,0.0191166764308823,0.0652828160692227,"Deviance"
42,2000,0.35,35,2,0.25,4.97166210183473,1.01147361329204,2.02766012212968,0.0158868516913269,0.0158895231358431,0.0617554079948502,5.00769002153837,0.939873881057223,1.8198755999079,0.0167399520737593,0.0161008517837671,0.0548160830196392,4.99077203572097,1.0480077747181,1.24749707436342,0.0341049822041861,0.0339774397233647,0.0613979850175133,4.96917480283448,1.02197606962008,2.01941505091963,0.0179465385438138,0.0184658866186429,0.0654327956945023,"Deviance"
43,2000,0.35,35,2,0.25,5.00747786305153,0.996640288989906,2.01843073184552,0.0159137086982122,0.015788399814643,0.0612980244334208,5.04111499827986,0.938143932351541,1.83619926546338,0.0166626158400653,0.0158898634441083,0.0551967167965523,5.00978546580236,1.03651603120378,1.25996854398669,0.0339087884121368,0.0345318157840705,0.0619976323355465,5.01018495193428,0.996471437141766,2.05055954836947,0.0178322380160401,0.0183991207635636,0.0664171277088143,"Deviance"
44,2000,0.35,35,2,0.25,5.02430099124779,0.996162783482004,2.07945244994941,0.0156828845802379,0.0153256183869583,0.0632596921447287,5.03708155427779,0.95398260506327,1.89412315804047,0.016410384186211,0.0156926240150299,0.0570616581701029,5.03873249661599,1.02867537536362,1.28771169084055,0.0336609934737845,0.0336998840414927,0.0635710718435025,5.02948324649899,1.01327157922993,2.10747542695074,0.0177792634802935,0.018708402736715,0.0686134975735498,"Deviance"
45,2000,0.35,35,2,0.25,5.00747632016166,0.990729949479441,1.96378854216917,0.0161362269352053,0.0164131984166185,0.0595570558867469,5.01990878984201,0.95229871239199,1.81284914653523,0.0167717870895448,0.0166386868767329,0.0544945278269925,5.02132158525985,1.0475246405887,1.2155699095482,0.0345163899209564,0.0350279119981269,0.059660256900816,5.00972753480304,1.00216609566248,1.99111489854022,0.0179222375408894,0.0188237943279529,0.064106619295952,"Deviance"
46,2000,0.35,35,2,0.25,5.00250620402614,0.985342868631472,1.99966426577177,0.0159823661116425,0.0161609011151475,0.0606045330189084,5.03166238548129,0.923218957137444,1.83347040787083,0.0166682779410327,0.0162888305907477,0.0550897844477147,5.01803680147649,1.03238998976093,1.21518977384501,0.0345454518333831,0.0355532416333585,0.0596622589946866,5.00496028512401,0.992436817483984,2.00211627257245,0.0179535988818749,0.0190848759468114,0.0645080790720875,"Deviance"
47,2000,0.35,35,2,0.25,4.98597569998018,0.985775409002585,2.06501909461208,0.0157343229377426,0.0161229901131926,0.0629268691705957,5.00912674852475,0.927502353437593,1.92082175438754,0.016294156058912,0.016051146939425,0.0581150448720027,4.99264358197934,1.03776155870215,1.26605091497182,0.0338388607828393,0.0331898103237127,0.062319575883773,4.98338139850299,0.977882104958366,2.08010316037666,0.0174382312695634,0.0184879965658498,0.0670273980511353,"Deviance"
48,2000,0.35,35,2,0.25,5.01109948356476,1.00243261116143,1.91900103991267,0.0163127706291481,0.0164826170088586,0.058332263900744,5.04819034166477,0.943448214364404,1.73684235884267,0.0171246929656243,0.0167808740597552,0.0522065756710869,4.99758751251552,1.03879053564657,1.13879345703153,0.0356598737671463,0.0354098989949361,0.0558861776755958,5.01042816099322,1.00998625062293,1.90084344141214,0.0183906004643625,0.0193331102789149,0.0612070620499146,"Deviance"
49,2000,0.35,35,2,0.25,4.96289198170458,0.998469391744365,1.9315697462103,0.0162693647375618,0.0163768568137242,0.0584942976388625,4.97331948053408,0.956432127542193,1.837138198694,0.0166726908999231,0.0162941569880134,0.0553452024091069,4.93083885649364,1.02717241827362,1.22198935294786,0.0344442880613153,0.034058397591467,0.0600323049897409,4.95277787334119,0.998846254611004,1.9833414139252,0.0180078841075162,0.0191825067795158,0.0639232826053938,"Deviance"
50,2000,0.35,35,2,0.25,5.00952631168389,0.993450158056609,2.0000508645753,0.0159756057993832,0.0165184598194508,0.0607489095070176,5.03079396735261,0.938731040836319,1.82946778204888,0.0166829233844915,0.016729294587081,0.0550518985504283,4.99662043079681,1.03157620284368,1.2074759108825,0.0346299793241209,0.0362505073657876,0.0592199163082119,5.00827815854627,0.993198352841126,1.98855032419034,0.0180446407454198,0.0199938521520233,0.0641279442183438,"Deviance"
1,2000,0.35,35,2,0.25,4.98273122746684,0.994166720096449,2.07647845122728,0.0156927380888532,0.0159659494311736,0.0631902735668528,5.01009684740249,0.918831142899951,1.85099057468661,0.0165899909905028,0.0163424186739571,0.0557145432496986,5.00909090337059,1.03954226096267,1.30816406751716,0.0332949999824058,0.0340798315959427,0.0646310968199204,4.9953510520068,0.993622046966327,2.06456999202318,0.017673028306441,0.0189837116049072,0.0668475559394948,"Deviance"
2,2000,0.35,35,2,0.25,5.00066081964345,1.01757271968828,2.09468819979401,0.0156274248348664,0.0156890895852861,0.0639974567554119,5.04130108115953,0.940192848144368,1.84254988233251,0.0166294769450255,0.0160607942462701,0.0555485581732265,4.97966889433901,1.02828760485143,1.26976889989528,0.0338057067555078,0.0336514861323307,0.0627526674370267,4.99141695077994,0.984596646061548,2.05289484193584,0.0178674212838875,0.0185917036415677,0.0668653488037891,"Deviance"
3,2000,0.35,35,2,0.25,4.97194972810709,0.989234590521377,1.97929770147365,0.0160721347944179,0.0158145497515151,0.0600310922407994,5.00227254330847,0.93309151779998,1.79528181092689,0.0168493907493129,0.016107096563588,0.0539112762071387,4.99291324753057,1.01309968546357,1.25485131885902,0.0340260935691906,0.0338659578577939,0.0615855783700154,4.96282114451943,0.994981919650827,1.99488012414549,0.0179741952095146,0.0187448988083414,0.0643089768063998,"Deviance"
4,2000,0.35,35,2,0.25,4.98991250849341,1.01557560438725,2.03950829415247,0.0158312869863323,0.0160384999291013,0.0619592912361533,5.01762720874539,0.961796121012943,1.85320875202504,0.0165841478198509,0.0162677111497541,0.0557393745412589,4.99117205210076,1.04426087167641,1.2854525626441,0.0335795074957086,0.0343559957569668,0.0634292686441569,4.98669313231023,1.0173385474007,2.09786374558957,0.0177984005450904,0.0185671793320398,0.0684457662302094,"Deviance"
5,2000,0.35,35,2,0.25,4.98879306030863,1.01227348425948,2.02584281979068,0.0158941534824037,0.0159458192450371,0.0615184517516944,5.02005310601763,0.947181454714912,1.80323792933813,0.0168183522918697,0.0162173409605525,0.0540913994365608,5.01328391907591,1.02700730785634,1.30473484685506,0.0334278632471517,0.0339197365876335,0.0643380303437782,4.97940798118214,1.01152071593896,2.02605988977955,0.0179877658077896,0.0186797964917377,0.0659359759402867,"Deviance"
6,2000,0.35,35,2,0.25,4.98840586431747,0.98380733754011,1.97521106868378,0.0160777075293548,0.0165290074500573,0.0598838554876302,5.0078734436977,0.926388027022956,1.79601478301778,0.0168409476316891,0.0168797566269688,0.0539104519241362,4.97262927641224,0.979437839618516,1.19336660929911,0.0348432577041875,0.0360419221107806,0.0584147747505116,4.99292388322439,0.972938912377625,1.96654956636751,0.0181257826950849,0.0193205887227014,0.0632895060000197,"Deviance"
7,2000,0.35,35,2,0.25,5.0028856627796,0.990671987741628,1.9685837200708,0.016108960209643,0.0160633240924567,0.0599091076576214,5.03080409442168,0.940028104818902,1.80102573565463,0.0168189727288122,0.0163820493124294,0.0543087774566368,4.99761629090966,1.01096808318921,1.22215955911221,0.0344342703417012,0.0345524931489551,0.0600169969450876,4.99790480824665,0.995521768947774,1.96259453772628,0.0180898349089505,0.0190942243463413,0.0634608963969144,"Deviance"
8,2000,0.35,35,2,0.25,4.98573533074262,1.0193065214137,1.99352816874427,0.0160277556395194,0.0163201022065672,0.0605596640712091,5.01412070866818,0.95128235273413,1.81550539519617,0.0167679388947613,0.0164575893571108,0.0546249043756687,4.97168302306568,1.03606288940756,1.23034225865318,0.0343372971853382,0.0355380789589952,0.0605314580424556,4.97982438608508,1.02552528063465,2.00051109636035,0.018144704693458,0.0195476850182554,0.0648949067335802,"Deviance"
9,2000,0.35,35,2,0.25,5.01867862913204,0.989858809429791,2.02341277348014,0.0158995287365966,0.0156498598915743,0.0613085624501104,5.05123073506938,0.938360096719848,1.81038501665242,0.0167793355852555,0.0161680343634908,0.054248323427705,5.08326533698646,1.00889686148527,1.21563775730029,0.0345376565715326,0.0334657069859759,0.0595735739285936,5.0376791747413,0.989974685536169,2.00844125175347,0.0179588674483832,0.0179548240463065,0.0647147476835993,"Deviance"
10,2000,0.35,35,2,0.25,4.97158950454021,1.00677088917227,1.97637158791896,0.0160883632470709,0.0160212977212625,0.0601491916196501,4.99678174178453,0.950389496423654,1.79778688512469,0.0168430149924662,0.0162437032249772,0.0541662265226701,4.99425717736431,1.04267252434298,1.21202989149772,0.0345922579269242,0.0344557955237892,0.0595679128978838,4.97712125906443,1.00824978696444,1.98309384584438,0.0181862319276722,0.0187827791036672,0.0643465848484584,"Deviance"
11,2000,0.35,35,2,0.25,4.98221199884504,1.02107276994917,1.99944440054318,0.0159976279218564,0.0159088007893476,0.0607246821215769,5.02175344094879,0.960175216147933,1.80132652705013,0.0168220611246667,0.0161612163771713,0.0541239968430634,4.98937587197194,1.0545653542107,1.2407413308555,0.0341797795353412,0.0335082860041736,0.0608805244700456,4.98034588811229,1.02343275106022,1.99142310875089,0.018139782473714,0.0184995540584325,0.0644692750773334,"Deviance"
12,2000,0.35,35,2,0.25,5.01297633689467,1.01221777458758,1.84594593220625,0.0166393814456842,0.0165124562308323,0.0556911365490056,5.04485135872276,0.952012049108197,1.67035225543571,0.0174663487025508,0.0167952301801952,0.0498584433827133,5.00165522415178,1.01793867821458,1.14570678826184,0.0356253959908347,0.0348926787015493,0.0559197373445086,4.99772196456295,1.01503937638931,1.85202885560321,0.0187046962886813,0.0188809415570902,0.0594467652621234,"Deviance"
13,2000,0.35,35,2,0.25,5.01101004939421,0.986332802921482,1.97972180726011,0.0160577519063175,0.016427919625621,0.0599435472447622,5.03013566154539,0.923530091314267,1.80274663963669,0.0168044506998675,0.0165192213952905,0.0540708065335671,5.01967102083397,0.988180372789226,1.22724975104889,0.034339975304261,0.0356659265849227,0.0601453156349407,5.01335368387707,0.988976001472904,2.00185049564927,0.0179225809913202,0.018981100076658,0.0644889318308532,"Deviance"
14,2000,0.35,35,2,0.25,5.01718589057137,0.99790722311171,2.03149814340843,0.0158609384887622,0.0163873706776192,0.0616251243865813,5.04895775976847,0.940391992633751,1.82950724129513,0.0166872164443567,0.0167315235138993,0.0549078378251613,5.00890448713615,1.02787760691846,1.24142486529186,0.0341521278455786,0.0373207661980964,0.0608519110463785,5.01659923231031,1.02436201349339,2.02615690683803,0.017951972639632,0.0200500917164203,0.0654447976466328,"Deviance"
15,2000,0.35,35,2,0.25,4.99460815148285,0.979264710219239,2.04592941410923,0.0158196911281913,0.0155168621346614,0.0620791023597882,5.01587650191276,0.922195109860584,1.87367833048213,0.0165120035919024,0.0156281713743168,0.0563802804958505,4.98538832999118,1.04036390282429,1.30141328241055,0.0334635987359963,0.0326040916955821,0.0642013301662282,4.98911065638071,0.98782432775711,2.09710326533654,0.0177170014097203,0.0181748112908033,0.0682561865028032,"Deviance"
16,2000,0.35,35,2,0.25,4.99205417676335,1.00405625794776,2.02211878217825,0.0159055446346908,0.0155899230519882,0.0613913150836559,5.020456234199,0.947274184064158,1.8370963756488,0.0166611266993237,0.0157809462384257,0.05520800474017,4.96857375467605,1.04625279182018,1.24918531445418,0.03408997110367,0.0326806507492646,0.0614570878297053,4.97721615439581,1.00360316357551,2.03013921771277,0.0181470637728122,0.0183333288613223,0.0659354546179435,"Deviance"
17,2000,0.35,35,2,0.25,4.99435096796549,1.01354082957511,2.05011016736354,0.0157950755515438,0.0160421576845452,0.0625863370469167,5.03160003499714,0.958785232969988,1.83195853023833,0.0166779112757546,0.0165486353816636,0.0552518621071466,4.97346197020554,1.06478179474707,1.3230599856815,0.0331284317002133,0.033159563269884,0.0658438934781787,4.98999723905385,1.02404220631257,2.08435108915962,0.0178581305734455,0.0190578214890901,0.0684805559445011,"Deviance"
18,2000,0.35,35,2,0.25,5.02133311589412,1.03366936881281,1.95114875516469,0.0161811655456697,0.0166497230974577,0.0590078538039379,5.04946027093798,0.971418990573362,1.75361436243699,0.0170430071640541,0.0169683370288413,0.0524611600278143,5.00444745375665,1.04401008785651,1.25043950107069,0.0340531504185432,0.0338877876569386,0.0613999328901102,5.01534306071377,1.02683083819818,1.96979211005513,0.0182605463926186,0.0189964449602908,0.0638035875228401,"Deviance"
19,2000,0.35,35,2,0.25,5.00590291358572,1.00987575361245,2.0788421320121,0.0156879585105278,0.0156539377412764,0.0632103850796873,5.03681640890403,0.954700447708288,1.86754079189389,0.0165245842305361,0.0159173148372769,0.0561541513986447,5.00129474627812,1.03278202540745,1.25382737585219,0.03400027515912,0.0341614575649347,0.0615945255788311,5.01511155069316,1.02830676765783,2.07329794584759,0.0178535753934107,0.0182110609757038,0.0672329801241942,"Deviance"
20,2000,0.35,35,2,0.25,5.01465786026569,0.96253486757569,2.09079108640505,0.0156336738438585,0.0159110113115356,0.0637399145937985,5.03778881227732,0.916525613738108,1.91709256453666,0.016305772207168,0.016270318778767,0.0579098378869081,5.00897168878564,0.998198120531238,1.29638992762093,0.0334270051384928,0.0339199013480647,0.064100538338262,5.02562240108855,0.963529875931175,2.12794035622341,0.0175446104245312,0.01879788331174,0.0693102652474105,"Deviance"
21,2000,0.35,35,2,0.25,4.9816793433809,1.00238955020245,2.02774445248404,0.0158870122083421,0.0159903761112853,0.0615555968830461,5.02059847083482,0.934199951630598,1.80567121957766,0.0168008908249122,0.0162886935962802,0.0541590991805331,4.97063672275349,1.04468367743736,1.292898100345,0.0336374088600249,0.0340692574960678,0.063750558659642,4.98324522582665,1.01173431164018,2.03753446847087,0.0180411790454352,0.0192767525137495,0.0662983858914079,"Deviance"
22,2000,0.35,35,2,0.25,5.00635595049769,1.01622393535096,2.01772874448126,0.015917359911547,0.0159070516015238,0.0612480012945895,5.03593249501637,0.949755419504481,1.81511641374448,0.0167556380657852,0.0162020816413705,0.0545100083923694,4.99156619715998,1.06575356305356,1.23605947494625,0.0342522324172589,0.0340759213443073,0.0608732775588167,5.00651832193356,1.02029264484489,2.01775974425588,0.018140139992171,0.0190071759146864,0.0654653898103011,"Deviance"
23,2000,0.35,35,2,0.25,4.98229908512221,1.02068594183851,1.88170197435648,0.0164857856953917,0.0161598537235041,0.0569298784847648,5.00782654124014,0.969248893554201,1.73260692997995,0.0171567899857076,0.0164262533246262,0.0519776791077404,4.95927861966558,1.0441541108464,1.18718830812584,0.0349437205836895,0.0348722808211421,0.0582754411681988,4.97644349654554,1.02746240894285,1.91983724476526,0.0185376070308976,0.0192240367609569,0.0623854041700646,"Deviance"
24,2000,0.35,35,2,0.25,5.00142303444807,1.00434627348236,2.01301203149385,0.0159351431152027,0.015956946443594,0.0610972671203675,5.03176352101705,0.93872631434024,1.78285984722842,0.0169045087413844,0.0163106369095556,0.0534304465980721,5.03653970448234,1.06895541450988,1.23799650680946,0.0342192726883014,0.0339649393471078,0.0607614783795889,5.0148579783018,1.00043321619535,1.98218057555574,0.0180903402862034,0.0192166817829309,0.0639792486316283,"Deviance"
25,2000,0.35,35,2,0.25,4.99722155741646,0.976649681342863,1.92319669270243,0.0162919374857189,0.016286260616254,0.0583729199251802,5.02574701019994,0.928113367010531,1.76643610426067,0.016978915908724,0.0165865360775278,0.0531354574642395,4.9987999547408,1.03174245170926,1.22115549580619,0.0344342255966997,0.0344662241459725,0.0600309154053304,4.97892110055903,0.993424293182186,1.9470037913034,0.0181819213818167,0.0190592027343414,0.063028688937096,"Deviance"
26,2000,0.35,35,2,0.25,5.00597568710221,0.986874292750212,2.04119702295664,0.0158432000004211,0.0156111929770632,0.0619096631977431,5.03145711133644,0.932696584990789,1.88465576559894,0.0164668270050052,0.0156550681623759,0.0567035555317788,5.01436448931751,1.00312994977962,1.24691015363956,0.0342991582068772,0.0327897772068945,0.0610856118152287,4.99990790322513,0.978279365775414,2.03703606957135,0.0178561956171662,0.0182291192150352,0.0656688967572263,"Deviance"
27,2000,0.35,35,2,0.25,5.01186345198716,0.988783247627636,1.96807331086334,0.0161042031274263,0.0166607583494045,0.0595676731473031,5.04654470782723,0.939555729104755,1.79090055086087,0.0168601768579552,0.0169966812824913,0.053675144296726,5.04360301843813,1.04332199977349,1.20712166993113,0.0346275468557114,0.0354191037755879,0.0591103923464131,5.00982705796526,0.994649919213413,1.98155576282707,0.0179673442488793,0.0196499100117237,0.0637006199466229,"Deviance"
28,2000,0.35,35,2,0.25,5.00001452312119,0.992877125755004,1.96974545659376,0.0161048397566625,0.0161208707457648,0.0595966277368656,5.03783153340097,0.94218382568619,1.78204625066984,0.01690860813866,0.0165349743567009,0.0533664637361921,5.01913124175714,1.06825031690728,1.21411406849909,0.0345605058476307,0.0352563291675215,0.0594943371168188,5.0014470067268,1.0131638554106,1.96571701290542,0.0181868297748715,0.0192176081379347,0.0633258355685668,"Deviance"
29,2000,0.35,35,2,0.25,5.00539022218279,0.998831347000113,2.02016660187008,0.0159229138532623,0.0163386891985071,0.0613374782327593,5.02896850187843,0.939781742517288,1.8426505201943,0.0166511076695159,0.0166155208855978,0.0554303234160873,5.00530467441048,1.06582751561795,1.27771634712228,0.0336902569010992,0.0340118860651053,0.0631224753248958,5.01029965582283,1.00405911796975,2.04953747263898,0.0178596010178121,0.0193428765083961,0.0665550256772976,"Deviance"
30,2000,0.35,35,2,0.25,5.00403257507993,1.0017477138373,2.00580702881375,0.0159579666004979,0.0165876042056666,0.0608504836213687,5.0373309824585,0.932353498086927,1.84463093204972,0.0166162312548339,0.0166252682952072,0.0555068627736651,4.9935231942247,1.04190944188,1.26564653146876,0.0338366969215005,0.0356569486939859,0.0622113275621285,4.99250384306789,1.00210212187809,2.02310644026364,0.0178854174120226,0.0192684817922165,0.0655042338672426,"Deviance"
31,2000,0.35,35,2,0.25,4.99559480132204,0.989365027894947,2.08995293780137,0.0156475245782552,0.0156161447366891,0.0636073223062617,5.02440568009434,0.935972853034236,1.89525528092708,0.0164063618439196,0.0159534251922466,0.0571221976735576,5.01481705848666,1.02959611931357,1.26963111603483,0.0338025312709614,0.0339950405992691,0.062567434724478,4.99718807118251,0.988007351866825,2.09257400457619,0.0175610159889751,0.018219464959131,0.0677297150611453,"Deviance"
32,2000,0.35,35,2,0.25,5.01548231995114,0.976573078038617,2.05312227415214,0.0157793198615598,0.0154916647886103,0.0625353386176385,5.04090502627972,0.929662013084751,1.90165526676897,0.0163739492773899,0.0156012661631222,0.0574530305817193,5.00845858152736,0.984899925060209,1.25533112847959,0.033981269591092,0.0319682201747757,0.0619133825928074,5.01414186228808,0.969463067350288,2.092153825091,0.0176696277369057,0.0178813443822214,0.0678810041462752,"Deviance"
33,2000,0.35,35,2,0.25,4.99849577471783,1.01160009497758,1.9881074371227,0.0160344391837807,0.0163769495207531,0.0602846869518053,5.02898968863626,0.953759318423281,1.79027219172978,0.0168689287816269,0.0167252034343583,0.0536929244990523,4.98220742623322,1.06769417012675,1.23602491278993,0.034254946672377,0.0344094519501317,0.0607623613929356,5.00210445598988,1.01278005543987,2.00296740031209,0.0182510658259511,0.0196765529643213,0.0651084224146138,"Deviance"
34,2000,0.35,35,2,0.25,5.00164884783875,0.991908655947318,2.02814093053469,0.0158984536735234,0.0156903115161702,0.0616527940687302,5.02778622648511,0.930702488048356,1.85936936556824,0.0165790460720358,0.0158306389618497,0.056028599654207,5.01947090690207,1.03776181850793,1.23799240108471,0.034249875122456,0.0338229954993036,0.0608577420990407,5.00824103298249,0.991819506831412,2.03943978627038,0.0179482243340845,0.0185203252424078,0.0660594970995829,"Deviance"
35,2000,0.35,35,2,0.25,5.00027436478228,0.989965442273529,2.03521469177105,0.0158439507447685,0.0162136092129722,0.0618428452006852,5.03749551152456,0.928230424373736,1.84215334392467,0.0166253848013712,0.0164626763083393,0.0553898916820034,5.02192562436606,1.00928592670412,1.23495649882853,0.034232829700865,0.035394960108978,0.0606892078089765,4.99893143818381,0.985110652602864,2.02433878749951,0.0178801420290961,0.018845155839086,0.0654500474335742,"Deviance"
36,2000,0.35,35,2,0.25,5.00015098732636,1.0132763753219,1.95261818138104,0.0161735180005548,0.0163183139104365,0.059168268798324,5.01909776389501,0.958744519445023,1.82901688975462,0.0166929714906338,0.0162959216617485,0.0550664454745755,4.98831851071845,1.0265499703152,1.22138091931646,0.0344290784349805,0.0356032444809848,0.0599770964648448,4.9914659861337,1.02154835503673,1.99393963431543,0.0179932707830544,0.0190647577107066,0.0643610643340797,"Deviance"
37,2000,0.35,35,2,0.25,5.01936782862702,0.999223553321539,2.07363580677466,0.0156991840844711,0.0160814645396692,0.0630247076881903,5.04878961003474,0.93208493233721,1.88352634102864,0.0164472452934134,0.0161638300472569,0.0566953147052917,5.02863802163115,1.0185471757811,1.26406299503971,0.0338836715088726,0.034171993145127,0.06220708839297,5.00959204136013,0.991721441122139,2.06510491129344,0.0176169050200214,0.0186598000436721,0.0665561410782684,"Deviance"
38,2000,0.35,35,2,0.25,5.0102436539342,0.964491238752596,2.05979354910933,0.0157495342805708,0.015883561599262,0.0625325770415586,5.03559631992185,0.901866783240237,1.8656798926928,0.016524290802485,0.015995818941537,0.0560597358035728,5.01579464984763,1.01713710593046,1.24170911969687,0.0341594350348209,0.0346041729585248,0.0610111817443321,5.00432819934055,0.974909875519832,2.03717909409399,0.0177181639863572,0.0186343604247753,0.0655053891369345,"Deviance"
39,2000,0.35,35,2,0.25,4.97977263006447,0.999565330030521,2.12342829587892,0.0155301867001957,0.0155219297603763,0.0647401243504086,5.00557530237508,0.938718792681895,1.93744088711094,0.0162329078991153,0.0156110390445701,0.0585247113986006,4.94915563445733,1.00159622533101,1.32987437378764,0.0330289082518914,0.0339092230925317,0.0657936441295442,4.96464299325583,0.995201661664818,2.14929858741771,0.0175978913746778,0.0179680641985284,0.0701757977341455,"Deviance"
40,2000,0.35,35,2,0.25,5.00147378043219,0.997302164493334,1.91628753933595,0.0163240138963182,0.0158854148820895,0.0580006961479099,5.03336488050523,0.945362820958915,1.75691016504572,0.0170255007783713,0.0161672763076928,0.0527026433771366,4.97257898476699,1.02909520954819,1.17266560005845,0.0351422811985201,0.0344596215347905,0.0573900966910793,4.99181439486986,0.993949060744991,1.94392446945116,0.0184057627933057,0.0189604053917994,0.0628449404815933,"Deviance"
41,2000,0.35,35,2,0.25,5.00309338094294,1.01185040103278,1.98209296791013,0.016060070953597,0.0159369487745127,0.060127563261878,5.02226543836389,0.964093223094087,1.79523394587157,0.0168573844710507,0.0162390098103252,0.0538741024043315,5.05978414318375,1.03621106564954,1.23565711785116,0.0342582663794656,0.0332462937702165,0.0607671885899936,5.01468830384617,1.01936079887473,2.00304401672849,0.0180073587291462,0.0182478920209363,0.0648262002090345,"Deviance"
42,2000,0.35,35,2,0.25,5.01037426210133,0.999988475781595,1.99317091102804,0.0160116804846546,0.0161537800647543,0.0602842377145372,5.04578397975388,0.944773110429926,1.80797651342327,0.01678522282298,0.0164887436473244,0.0541593709330516,5.01300350504693,1.0250896999741,1.22374690318755,0.0345103071372938,0.0340986236565244,0.059899883782297,5.00049811786728,1.00426851012032,2.00787639126633,0.017989247767777,0.0186238112045088,0.0645465123061261,"Deviance"
43,2000,0.35,35,2,0.25,5.05046520828463,1.01739675213973,1.87397433506878,0.0164963544913092,0.0168475424262425,0.0566789092053974,5.07361614443794,0.953711238145813,1.72030685155304,0.0171965919352251,0.0168877171492394,0.0515560296821611,5.09570760894464,1.04321491295405,1.1729376893561,0.0351416452033343,0.0350434799832553,0.0573109592578571,5.0418834518554,1.01778566357733,1.904799153918,0.0183879497815328,0.0190937452239123,0.0614879983001268,"Deviance"
44,2000,0.35,35,2,0.25,4.99974315443106,1.00976538754968,2.00523024500544,0.0159672727648706,0.0157379918918654,0.0609272617357322,5.03468936945181,0.961112660279956,1.82786575705364,0.016697450425173,0.0160641088205491,0.055006261658345,5.02069131199258,1.02639206371096,1.29353458764989,0.0334703174946128,0.033197146907161,0.0636742653508005,4.99302387261749,1.01835893585922,2.04182575383617,0.0179273508115899,0.0182851355657988,0.0665287200417203,"Deviance"
45,2000,0.35,35,2,0.25,4.99167953497672,1.01614633659547,2.05913519916438,0.0157649145389158,0.0158556449536048,0.0625245971662639,5.02519563327889,0.953184587212528,1.84887326860009,0.0166076434300435,0.0161300900120717,0.0555270747518185,4.96950729925762,1.04710071872173,1.25593427710577,0.0340473381435713,0.0348355988778199,0.0617859009870893,4.98067438730596,1.00207816323791,2.05466541398478,0.0179666022338097,0.0186311977460552,0.0666628528040636,"Deviance"
46,2000,0.35,35,2,0.25,5.0113501195373,1.00532412693248,1.94039029663152,0.0162258372610204,0.0161592820768919,0.0587088933102987,5.0471246772169,0.949969256816611,1.76242675679934,0.016997657207277,0.016402865698251,0.0527853175029061,5.02051195092883,1.04314946869056,1.21773747468824,0.0344855450246927,0.0342981644557339,0.0597222792681803,5.01896312460098,1.01453869116501,1.93853576462579,0.0182469155541054,0.0191651228103234,0.0625133079979566,"Deviance"
47,2000,0.35,35,2,0.25,4.98608149875645,1.00720000125609,2.08164022586044,0.015673020009085,0.016459649928462,0.0632917897747879,5.01622865174267,0.951710840798035,1.87439358297765,0.0164901372950884,0.0168003970946102,0.0563723325363366,4.94319703782565,1.07002088485972,1.28861983554869,0.0336462823839168,0.0354932782573364,0.0633890610708911,4.9756100376674,1.01804342879861,2.09982542172976,0.0177889934419178,0.019643377363049,0.0681980221360334,"Deviance"
48,2000,0.35,35,2,0.25,5.01807542649546,0.987271357395295,2.01868540206214,0.0159063562312507,0.0158586215629587,0.0612666715568675,5.05318470116512,0.932056235421455,1.8114368665337,0.0167664399134149,0.0161855104578552,0.0543439758122438,5.01391071695591,1.04382681862833,1.2463918591688,0.0341008828584251,0.0329230363106906,0.0612518296245758,5.01375127250271,0.988852034398698,2.01143428817245,0.0179642689548669,0.0184380151530378,0.0650517191801572,"Deviance"
49,2000,0.35,35,2,0.25,4.9952366845629,0.986239998146357,2.08907091701917,0.0156427360599377,0.0161923449113813,0.0636611448805536,5.01670604806964,0.92531876184633,1.93412638606043,0.0162365464708954,0.0162066926853216,0.058494133475035,4.99076364010221,1.00736111321627,1.26878382910608,0.0337985953759606,0.0341742913413128,0.0626385757852853,4.98819991891801,0.980787643103847,2.09782139815074,0.0176164593115182,0.0191217165278649,0.0680636455506068,"Deviance"
50,2000,0.35,35,2,0.25,5.00415913063534,1.0194401391086,2.05299133530644,0.015791157444549,0.0153579783045423,0.0625482360092912,5.03240372145144,0.97115687236324,1.84985481543019,0.0166103687234419,0.0156609886322064,0.0557097322940679,5.04086736459644,1.06094414977495,1.27025507490323,0.0337804670385748,0.0329752232910194,0.0628004371133373,5.00668049735444,1.03411701047537,2.0881555126749,0.01782489924553,0.0182815599429163,0.0681887828080608,"Deviance"
1,2000,0.35,35,2,0.25,5.01531243147786,1.00775845038069,1.96341132840065,0.0161484191150081,0.0162022979025106,0.0594577923824783,5.04831433788148,0.936893247130821,1.76832798532019,0.0169867271605741,0.0164439199949561,0.0530018076578477,5.00142447101764,1.01749440881431,1.23334234620951,0.034322539422001,0.0331981644465891,0.0605421543067944,5.01431463032888,1.00469693999225,1.98747012771624,0.0183210668976608,0.0189434852234703,0.064528846797145,"Deviance"
2,2000,0.35,35,2,0.25,4.98138582668655,1.00793801146907,1.95557257608948,0.0161668210530028,0.0161497803699081,0.0594433632726401,5.00724005766295,0.946329081000052,1.78927176853632,0.0168772088952975,0.0162856168599464,0.0538912182076841,4.96985189675619,1.01957176679623,1.2208261090063,0.0344586766258277,0.0339813175713288,0.0599611346978742,4.97402785838593,0.99705618477116,1.95878351570141,0.0182451832264952,0.018807510665963,0.0635761844956228,"Deviance"
3,2000,0.35,35,2,0.25,5.00375015388863,0.976242040310777,2.17553200471689,0.0153369617660408,0.0153917889655297,0.0662426195876912,5.03778138172212,0.918794356896162,1.95160395738129,0.0161627023118454,0.015764601698046,0.0588002660910194,5.01184696739296,1.0104475461515,1.3364731068651,0.0329699344316411,0.0327561962125618,0.0660110031266239,5.00243478497695,0.975736640478812,2.18984022408574,0.0174048130726629,0.0180352263645931,0.0712111147876552,"Deviance"
4,2000,0.35,35,2,0.25,4.98791438825589,1.00525035044464,1.92886936907673,0.0162727579898133,0.0165889659925387,0.0585212140348896,5.01372404206106,0.962113331359451,1.75891566781421,0.017018179979326,0.0169792130353953,0.0528355852438444,4.96031855051465,1.02564968679524,1.20024758380562,0.0347576813306568,0.036586134273043,0.0589721089774728,4.99097797886421,1.0127771226566,1.93891438352723,0.0183194012352955,0.019459445930188,0.0627898459671333,"Deviance"
5,2000,0.35,35,2,0.25,4.99859658062415,1.00277611690916,1.94126540501665,0.0162317404137817,0.0164783721860031,0.0588012946130175,5.02475352129344,0.940818529989526,1.77011121410456,0.0169754781434523,0.0166194484988401,0.0530992531171611,4.98683214880768,1.0062501717565,1.18893571045107,0.034903863142807,0.0347739167106562,0.0581672482766478,4.99925158992391,0.9999785287885,1.93398054725084,0.0183203471562274,0.0191756841936641,0.0622876696308236,"Deviance"
6,2000,0.35,35,2,0.25,5.00986838884637,1.04001483919561,2.04772855460454,0.0158060518500985,0.0162943011298446,0.062058014845001,5.04694443948725,0.974907458669677,1.8233713682012,0.0167194304571347,0.0167238139773692,0.0546142361021049,5.01070656429854,1.07591272811353,1.26354291699303,0.0338842719846964,0.0337696112252721,0.062077247816388,5.01627583555164,1.04466064315055,2.05354309399637,0.0180338171433806,0.0190672533033884,0.066679110218634,"Deviance"
7,2000,0.35,35,2,0.25,5.02303141751584,0.995330258355704,2.12073434705129,0.0155295250626936,0.0157479066838117,0.0646999362518087,5.04507447045286,0.949670167426924,1.93635478045546,0.0162313882256334,0.0160505782813188,0.0585006289419562,4.99862496227753,1.05441729727289,1.28253122144255,0.0336243684062125,0.0343415376164576,0.0634577843083269,5.01353691803944,1.00710348797429,2.14080683176156,0.0175881623145649,0.0189137655508003,0.0696983664640628,"Deviance"
8,2000,0.35,35,2,0.25,4.99336639205015,0.993633214555096,2.00961989996242,0.0159479963877842,0.0160712990195952,0.0611796338577079,5.00858186427955,0.941701923407376,1.82951998715295,0.0166901247917752,0.0164180366182435,0.0551421529112314,5.0102386416659,1.01825207930216,1.2338150766356,0.0343172183411592,0.0346210603781418,0.0607335969124082,4.98989019773012,0.993874727308007,1.99497090716028,0.0180596383260034,0.0191947549762653,0.0645863263059306,"Deviance"
9,2000,0.35,35,2,0.25,4.98412928559602,0.990248478102142,2.01999174317607,0.0159103058908053,0.0159198743950323,0.0613428835746835,5.00537301519982,0.936188441714921,1.83083282915758,0.0166866445530781,0.0161648622911325,0.0550461189214628,4.95921592194134,1.01231014381597,1.2375627165009,0.034226988594522,0.0347818701686653,0.0608110959582038,4.98244363143182,0.998775462043749,2.02221478786049,0.018007194371869,0.0189186297415684,0.0654371451130086,"Deviance"
10,2000,0.35,35,2,0.25,5.00425665111195,1.00087877380771,1.94369237937463,0.0162145661355029,0.0163881775674645,0.0588547181339386,5.04861666181481,0.929710028476365,1.7306110130364,0.0171483786137177,0.0167257564079834,0.0517759412603742,4.98081717868516,1.02439160052963,1.21552495015897,0.0345292172950761,0.0347298117582857,0.0597099947666866,4.99682957209262,1.00520924653756,1.94367375436852,0.0184937615627487,0.019935899303005,0.0630480349929111,"Deviance"
11,2000,0.35,35,2,0.25,5.01358208197092,0.982956182672279,2.06054383725789,0.0157476536975625,0.0163435039061323,0.0625341957659747,5.03765086963575,0.928276613835466,1.88491283194868,0.0164430660631673,0.0165922158329192,0.0566827414373452,5.03782366428818,1.05610419095384,1.2487839415837,0.0340580579797077,0.0379723006295794,0.0613080313742689,5.01795455845509,1.00437713842309,2.07345820469123,0.0176915206593229,0.0202863524096751,0.0668265377847192,"Deviance"
12,2000,0.35,35,2,0.25,4.97851801204394,0.983345999942242,2.07364711843121,0.0157121391268918,0.0154535673107026,0.0631718246724186,5.00228457491291,0.92384751236773,1.88685056773382,0.0164463664548948,0.0155686365705726,0.056911164720616,4.97541897591657,1.01671745902146,1.2873732630219,0.0335753923526026,0.0331301693672783,0.0637180855705763,4.98104262356328,0.987323260534791,2.07596493235978,0.0176673457498445,0.0182205975266443,0.0674907121886619,"Deviance"
13,2000,0.35,35,2,0.25,5.02036129708249,1.01773885612553,1.97955887771264,0.0160654354229337,0.015955203641673,0.0599081089694311,5.05004862384001,0.954107905542095,1.78057054777263,0.0169118832304804,0.0162056302785296,0.0533150620480949,4.97972684695393,1.0008849078935,1.2338645349786,0.0342597063278278,0.0343132865303948,0.0605876102635259,5.01446416803502,1.02263296735505,1.98544118674381,0.0183298753100717,0.0187839514747954,0.0644504927162114,"Deviance"
14,2000,0.35,35,2,0.25,5.02189343659306,0.980706445604834,2.04982257259833,0.0158128616198928,0.0156495930164641,0.0620929169237484,5.05480205170783,0.920295890476917,1.8595597166186,0.0165728944980372,0.0157897808316364,0.0557805847204803,5.02925998458368,1.02948628899468,1.27036940814327,0.0338637609642783,0.0337007848534107,0.0624068354912662,5.01857449878095,0.990232252871051,2.04742798994803,0.0177067714947853,0.0183527983002507,0.0657910513654192,"Deviance"
15,2000,0.35,35,2,0.25,4.9939642118055,0.981302269472279,2.03187595841752,0.0158563024476119,0.0162687438082232,0.0616808459338025,5.02813524907998,0.912959409522078,1.84423676573544,0.0166184988648704,0.0163734274045048,0.0554430051228044,4.99336757330091,1.0222510695194,1.30853010241776,0.0333022255916406,0.0343764304750453,0.0645733248552584,4.99231537980934,0.978104661395991,2.06116178970417,0.0177365017688586,0.0192233612285907,0.0669064064101805,"Deviance"
16,2000,0.35,35,2,0.25,4.9894727370847,0.988046292929134,1.98537836004457,0.0160450410515988,0.0159699406422259,0.0602388735796274,5.01136708123188,0.926072522353521,1.80277331967978,0.0168148215341746,0.0161787575930418,0.054158300373689,4.96736957007975,1.03364295040387,1.22019074676224,0.0344764812661377,0.0345982457843145,0.0599550362696799,4.98926037593427,0.988858289739202,1.99153072278519,0.018127383708525,0.0191314386596368,0.0644763463357557,"Deviance"
17,2000,0.35,35,2,0.25,5.01139276864757,1.02493797353128,2.08194163198674,0.0156790054658941,0.0158895203717816,0.0635826015752266,5.03966783381221,0.966215913883828,1.84520383078197,0.0166226094582534,0.0163539719326077,0.0556299294302297,5.01235387219368,1.10219257617537,1.26487909740234,0.0339066480572444,0.0336970937910827,0.0624466814958582,5.00329813481389,1.02539837463243,2.07827171153056,0.0176094936152428,0.0183827105348432,0.0674919528147113,"Deviance"
18,2000,0.35,35,2,0.25,4.99873865177075,0.996001018467042,1.95277739200835,0.0161731279649576,0.0165857998089842,0.0590650413001225,5.02820896578249,0.9344040163971,1.74806686938223,0.0170687475624608,0.0169986154333122,0.0522699267177362,5.02244874793645,1.00747017809859,1.2007342985631,0.0347568509522028,0.0346593777557137,0.058859448630894,5.00997413357377,0.981735285764399,1.94001760096952,0.0182088409406326,0.0193049272829001,0.0623534972640223,"Deviance"
19,2000,0.35,35,2,0.25,4.96500539983734,1.0037569098145,1.96495887374363,0.0161368293431693,0.0163438982069878,0.0599251585571927,4.98619694083899,0.941151692513442,1.78581389191286,0.0169007827437128,0.0165108165111862,0.0539070093932198,4.9471326844607,1.01728791240159,1.2484143628975,0.0341054085360279,0.03396004059056,0.0617681392326725,4.96286151165013,1.00640683628093,1.97997288533258,0.0181453889664389,0.0187145752903249,0.0644723068823068,"Deviance"
20,2000,0.35,35,2,0.25,5.02881767074256,0.989733554514388,1.89973928297552,0.0163894534311792,0.0162348119500711,0.0575709456699588,5.06269926442762,0.931173795211789,1.72186187440537,0.017191736736388,0.016484547794075,0.0516259141592218,5.07709018099789,1.02409157564764,1.17863819897597,0.0350708002419478,0.0341502524666464,0.0577579075292247,5.03362403423723,0.98305050058425,1.89145683200626,0.0182917782055868,0.0189429395689415,0.0608061229129203,"Deviance"
21,2000,0.35,35,2,0.25,5.00339781401508,1.01206609118464,2.03608530391731,0.0158442592701422,0.0161715205773994,0.0619062705636909,5.03362549513561,0.952115423632811,1.86306035860797,0.0165402421410643,0.0163075419597051,0.05614313019024,5.02673637467854,1.07486074527102,1.28546220652091,0.0335921849638402,0.0341826505917515,0.0633855011971027,4.99326454730551,1.01626319003104,2.04580432380845,0.0177962183177077,0.0187680960950291,0.0662676672153367,"Deviance"
22,2000,0.35,35,2,0.25,5.03352442519362,0.976760675446773,1.95955402417844,0.0161410655820081,0.0161352724616626,0.059266464120666,5.06160899231783,0.92719813445168,1.795875431391,0.0168383336356312,0.016361891752249,0.05382584041891,5.0475482137961,1.00151969769016,1.22264165141988,0.0346007985109271,0.0351180266032325,0.0597922213258837,5.03008065924223,0.977720554692535,1.98137207129047,0.01799349970995,0.018614841382122,0.0636193146447043,"Deviance"
23,2000,0.35,35,2,0.25,5.02390343429453,0.966028230282975,2.02684863469308,0.0158698825131608,0.0161020995501092,0.0615160804797684,5.04689147777689,0.90093888395389,1.83300481706374,0.0166633391769801,0.016230627885857,0.0550585190525825,5.04486162456507,1.00959657078655,1.23034925142798,0.0343044370217523,0.0335462276836701,0.0605066920512869,5.0306530910622,0.972606212204956,2.05812543874687,0.0176479178840701,0.0185375339262183,0.0664598802898364,"Deviance"
24,2000,0.35,35,2,0.25,5.00703436458461,1.03132233100202,2.03171893694774,0.0158773753053093,0.0159140587443632,0.0617964658734162,5.03552661176307,0.963882613194456,1.82082872948188,0.0167428425915715,0.0162041824294953,0.0547565926508825,5.0028034181151,1.04458676162603,1.26526150679757,0.0338713681418281,0.0337064943978716,0.0624550702980992,5.01228292568571,1.0270862729688,2.04811224226276,0.0181014467206301,0.018662720648174,0.0668034572092138,"Deviance"
25,2000,0.35,35,2,0.25,5.01142590892514,1.00623330656795,1.94171105946552,0.0162199611876832,0.015934602957809,0.0587767712637482,5.03949324508089,0.954196582587412,1.76301108680104,0.0169972491940624,0.0162717576022915,0.0528413118031817,4.99365000213665,1.0753960665926,1.21349798139121,0.034557672335989,0.034714012354456,0.059509753099994,5.00263226099106,1.01061184940587,1.9677792667054,0.0183261041901118,0.018916967048473,0.0637131318972814,"Deviance"
26,2000,0.35,35,2,0.25,4.99873860748799,1.00573858078675,1.94634228549254,0.0162244300049789,0.0163250054281007,0.0588343377730175,5.03673845632776,0.942791677047876,1.76860023887841,0.0169883882755946,0.0164110411820652,0.052942741611148,5.00098905571525,1.02234993110812,1.19125777756019,0.0349073160339175,0.0352956778730221,0.058247486689313,5.00037210885831,0.997429917956572,1.96050137369358,0.0181659147331658,0.0185858511132531,0.0629817354086986,"Deviance"
27,2000,0.35,35,2,0.25,5.01824901291107,0.994868605710455,2.10675237971094,0.0155841122376232,0.015823426478039,0.0639681541591576,5.04721012188101,0.944444333545157,1.90332237277469,0.0163707469290099,0.0161586643716174,0.0572054412313768,5.02512163975904,1.03559316387517,1.34146091043747,0.032960055702654,0.0333427543494849,0.0662610329621095,5.0074790241157,1.00040239557518,2.13909565154367,0.0175819664014074,0.0186146031300984,0.0696111511331479,"Deviance"
28,2000,0.35,35,2,0.25,5.00604052060075,0.995617800259896,2.09528846082313,0.0156205874455446,0.0159916318320529,0.0639899350957881,5.03333347382942,0.930377235486437,1.87216800034456,0.0164974985928643,0.016245906922064,0.0565018140587633,5.05060329621416,1.02600724350538,1.29668775468741,0.0334182940264215,0.0345945702100498,0.0638897990155217,5.02634587368085,0.992142979017743,2.06590094368595,0.0175902619441155,0.0187553214116199,0.0669054551325934,"Deviance"
29,2000,0.35,35,2,0.25,5.01027060192861,1.00884681026527,2.05157704139616,0.0157887225194796,0.0159256918760875,0.0621163779567332,5.03471933230281,0.951347918916724,1.88771245174286,0.0164371807982901,0.0160166711930788,0.0566994476001214,5.01789064938703,1.00435291182757,1.29738642471562,0.0334800463428875,0.0339075845760209,0.0638208011368845,5.00335674167887,0.994899532896331,2.08256475034738,0.0177625863733848,0.0182795146471066,0.0673693834207988,"Deviance"
30,2000,0.35,35,2,0.25,4.96397672599759,1.01560191406859,1.96693894818187,0.0161322912762915,0.015974693113038,0.0598008006775548,4.99789594001145,0.957733614524274,1.76968280952689,0.0169778473416685,0.0162405353217602,0.0531949241297297,4.97519359066958,1.08503162008082,1.22533960695006,0.0344016870822174,0.0341842008678158,0.0602214523890093,4.96561480793413,1.02873823151641,1.97521001938525,0.0182489684207998,0.0189013635911933,0.0642618115233726,"Deviance"
31,2000,0.35,35,2,0.25,4.96526310422183,1.0303305234566,1.96139626805038,0.0161571189432186,0.0165365877088462,0.0596536331232105,4.99168158599564,0.967023069459811,1.77787524965977,0.0169456028559975,0.0166391791636041,0.0534891511326119,4.99265978855309,1.07031915354866,1.21550167264253,0.0345305835657805,0.0355216690577902,0.0598591394820198,4.96794110142488,1.03877224584853,1.98328361188615,0.0180859123744229,0.0194138090242372,0.0644166765791579,"Deviance"
32,2000,0.35,35,2,0.25,4.9745723670773,0.984266207433271,2.03152873511642,0.0158659104868792,0.0159430825752617,0.0617663263321068,5.00140013064225,0.931885661060521,1.83654309219363,0.0166610207157041,0.0163507807766506,0.0552560061665955,5.00769251553569,0.985373770450479,1.232541780324,0.0343491044100825,0.0348480106783465,0.0606935979991711,4.98056648595026,0.969648737733671,2.02162636109882,0.0178493565548766,0.0186858843841911,0.0652317017125468,"Deviance"
33,2000,0.35,35,2,0.25,5.0053158354285,0.978734267502872,2.07636632968438,0.0156905370183415,0.0159869479121412,0.0631408947262499,5.02698008124613,0.923777908356712,1.89258050994953,0.0164129931383574,0.0162286603285546,0.0570067133370787,5.0288416309484,1.01188471830709,1.29592133179877,0.0334353295057086,0.0342332030005549,0.0639151305048489,5.00335440046468,0.977105586666194,2.09404010300729,0.0175806789554859,0.0189370160033083,0.0678788154350232,"Deviance"
34,2000,0.35,35,2,0.25,5.01696285387891,0.97550083637228,1.95565352228283,0.0161625059109258,0.016105520182839,0.0593309765823431,5.05192228420463,0.919985186118463,1.75519100319554,0.0170322782083078,0.0165752387588277,0.0526565282740116,5.04452279120582,0.99760066387499,1.23749511623405,0.0341918607734043,0.034815418919564,0.0608509444743344,5.02456044460679,0.975875530270221,1.96038748306372,0.018000975023338,0.0193395910664775,0.0633125295110934,"Deviance"
35,2000,0.35,35,2,0.25,5.00954482851391,0.998997776975186,1.96935260783862,0.0160968818560835,0.0166330289678882,0.0597491641341407,5.0358053149242,0.930638227920758,1.7657612748759,0.0169757278634223,0.016878417546355,0.0529639499238929,5.06199782681577,1.00619751522347,1.20857073975905,0.0345987538129595,0.0362729350984568,0.0591577013256791,5.0127903829852,0.996155275962047,1.94966272630423,0.018082302473757,0.0192607007514536,0.0628293871130192,"Deviance"
36,2000,0.35,35,2,0.25,5.00400797329416,1.00020952420386,2.04165503901614,0.0158217311245583,0.0160967903041194,0.0619123169247303,5.02883060735786,0.949105634204105,1.84928633549284,0.0165988914659749,0.0164741064945927,0.0555320005319558,5.02159475401326,1.03368969091789,1.3175407177104,0.0331639991040833,0.0337035391480937,0.0649771722861978,5.0111991789185,1.00813902203062,2.0769842780381,0.0176537161003028,0.0187835487446663,0.0673425852634546,"Deviance"
37,2000,0.35,35,2,0.25,5.01197971469879,0.988498301709846,2.10206721206523,0.0155935707409485,0.015623188993102,0.0639181456708899,5.04935460412059,0.926104090239035,1.86137940257713,0.0165408891479066,0.0160637865770021,0.0559084678210097,5.02099209370587,1.00903085523249,1.2699087114231,0.0337791904828045,0.033689878588744,0.0625636704183046,5.01396471122873,0.991956199622235,2.09329226835112,0.0177159756180283,0.0182426815117854,0.0677634767363575,"Deviance"
38,2000,0.35,35,2,0.25,5.02809208116658,0.981521538847239,1.97233814488478,0.0160845866230125,0.0162242201438402,0.0595716163357169,5.05431659516569,0.925920047353658,1.80681400677671,0.0167842908095178,0.0163753767256839,0.0540913247840022,4.97273288428252,1.02820527360587,1.22324659582843,0.0344364496547373,0.034843703103755,0.0599624142017808,5.02716311650042,0.981724170791555,1.99651012034536,0.0180701865921034,0.0187302393890076,0.0642824614469141,"Deviance"
39,2000,0.35,35,2,0.25,5.00906317735239,1.01177484243877,1.96806882130382,0.0161082756515203,0.0164170801590034,0.0596775268610501,5.0363495680729,0.964089992155448,1.82363351353901,0.0167136383982696,0.0166459164875656,0.0548637423589985,5.0187453918014,1.0446090717646,1.20522252207539,0.0346643702438553,0.0352013774645224,0.0591295686426768,5.00417170592499,1.01543739611353,2.02963070023398,0.0178602505811813,0.0188267423744776,0.0655150239852852,"Deviance"
40,2000,0.35,35,2,0.25,4.99827814901199,0.997624116304396,2.13133928944633,0.0154930583329427,0.0155937681971513,0.0648247482818822,5.01737248396746,0.949515650930339,1.97717875211208,0.0160666891139414,0.0157564592164214,0.0597123053991293,5.03356824583977,1.02179254892772,1.34351473279576,0.032866542773508,0.0320605127671035,0.0663700514202548,4.99600496410278,1.00352821177916,2.15878060071502,0.0172014792698954,0.0176397503440628,0.0698314858150578,"Deviance"
41,2000,0.35,35,2,0.25,4.99549099170405,0.997486449693857,1.95777442761772,0.016158181689762,0.0160730101295911,0.059206544389105,5.02834628415128,0.938700051451889,1.76862927205143,0.0169730600775185,0.0163497001890819,0.0529197113775061,4.97845041722256,1.02015361679508,1.18804856223256,0.0349905069199151,0.0346641392177498,0.0580779907786104,4.98573811517341,1.00153554742958,1.94048338736526,0.0182261282013236,0.0187051205335484,0.0622789975128268,"Deviance"
42,2000,0.35,35,2,0.25,5.01388970442356,1.01987521808242,2.02907642597446,0.0158803719881775,0.0155847432120832,0.0617937128523331,5.04501544443709,0.965589877389278,1.84606047747569,0.0166200401052774,0.0158271587559839,0.0556525706733245,5.01637550648805,1.05773477546269,1.2611023390317,0.033909141576006,0.0337719941814192,0.0622074108757499,5.02548375289924,1.03234828496795,2.04451475582156,0.0180677905142946,0.0184994311672491,0.0666277390813882,"Deviance"
43,2000,0.35,35,2,0.25,4.99548284842475,0.982327862157339,1.96438778616866,0.0161270194406523,0.0159745755075049,0.059674099458921,5.02369242808098,0.921392738417239,1.80552544984295,0.0167981950880669,0.0160480591081375,0.0543839925336235,5.02122670695005,0.9887090528491,1.19960750628368,0.0347546547921444,0.0338316047957686,0.0587815761866712,4.99462834977012,0.973364270866855,1.97507599450028,0.0181579521208788,0.0182429327689773,0.0639995143232212,"Deviance"
44,2000,0.35,35,2,0.25,5.00179225260061,1.00637880216367,1.91823559951732,0.0163353273349641,0.0164906902790245,0.057794532538007,5.0384752291983,0.941058495751785,1.74276747804227,0.0171056110115768,0.0166644310635043,0.052001293414336,5.01947666376209,1.02744735168431,1.18645965598613,0.0349456248556721,0.0345639506904947,0.0579426196364422,5.01245592129891,1.00696580429869,1.90639399959104,0.0183835295632786,0.0189216955442542,0.0610205051530944,"Deviance"
45,2000,0.35,35,2,0.25,4.9969213160995,0.960197961102746,2.00014553767101,0.0159877262386881,0.0162301156147556,0.0606324470497702,5.02253172373717,0.904412854400072,1.85078244791486,0.0165984401174998,0.016269925210654,0.055659181142012,4.96518823337024,1.00037307767564,1.23767589006529,0.0342125286904439,0.0353325910999026,0.0608931596642586,4.99940282559357,0.964727615345594,2.03302665796341,0.0177969576816326,0.0190496175066831,0.0654714336558008,"Deviance"
46,2000,0.35,35,2,0.25,4.99022366691883,0.991500804208514,1.96844606521614,0.0161156126894541,0.0164078701177401,0.0595270802375354,5.02499981309074,0.934323734033937,1.75870853165289,0.0170211906220308,0.016965985793501,0.0525896551795409,5.04597227185661,1.03607226369091,1.19320142431187,0.0349064944115439,0.0356043156617558,0.0582883626165065,4.98759282614095,0.991052629197666,1.93280107066041,0.0180743998657524,0.0192699694960681,0.0617771720680369,"Deviance"
47,2000,0.35,35,2,0.25,4.983190607142,0.981771409233046,1.9859514992566,0.0160384855807073,0.0162859433644823,0.0601561573546426,5.01572601097365,0.913129861355489,1.77852668588494,0.0169195772679006,0.0165406607704914,0.0532540997608917,4.99198181324093,1.03591548525154,1.2260041904561,0.0343724869887384,0.0356789349067669,0.060192370413588,4.98414189473206,0.987849315785849,1.98427321074518,0.0180144317747579,0.0194550554555895,0.0639550567298977,"Deviance"
48,2000,0.35,35,2,0.25,4.99961699842385,1.01816350291753,2.00513412365648,0.0159644177146187,0.0160211490524684,0.0609204068281291,5.04119476055306,0.951827917237606,1.76845306750456,0.0169667746943617,0.0165569451435778,0.0530329351415314,5.01670834035836,1.04678042528615,1.2272450867646,0.0343887303160836,0.0352326352341878,0.0603635877709677,5.01175020587245,1.01220865320992,1.97225161397384,0.0182195609542253,0.019486129103569,0.0638618015712111,"Deviance"
49,2000,0.35,35,2,0.25,4.98121191492161,1.00824972033238,1.99561092025243,0.0160142271927319,0.0158378592119149,0.0608204198843446,5.03591154558897,0.94736682312342,1.78829226716574,0.0168810299888352,0.0161829169199688,0.0538620319899971,4.96647034204255,1.08896228761847,1.27188418736482,0.0337814941748273,0.0346644983106746,0.0627696208395032,4.9812100950818,1.03189292839284,2.00496006890143,0.0181703510149215,0.0196475976660747,0.0653840058762144,"Deviance"
50,2000,0.35,35,2,0.25,4.9887007564479,0.991193151780037,1.987926484455,0.0160345808625393,0.0160520751338222,0.0604019275085934,5.02793870508944,0.935808516096247,1.75653706074111,0.017025185576442,0.0166896937138255,0.052665925134346,5.00215366091156,1.03516828316779,1.22356548988808,0.0344092798957353,0.0340577191900591,0.0602868313467377,4.9826608766204,0.994947187523938,1.9756527213796,0.0180039193645011,0.0184592259300023,0.0637047597416015,"Deviance"
1,2000,0.35,35,2,0.25,4.98459645678016,0.994335471664902,1.92440660323149,0.0162880798977972,0.0164683313910311,0.0583122712982322,5.01396498917074,0.925137042591688,1.73623589822537,0.0171212462354813,0.0167097700541158,0.0520579123874817,4.97844822715891,1.05170205038816,1.2061078168013,0.0346600623579088,0.0350092341591072,0.0591349138605692,4.98642967631327,0.997455425866454,1.94501214739969,0.0182620662967685,0.0193176636752176,0.0627856129491982,"Deviance"
2,2000,0.35,35,2,0.25,5.01153645516829,1.0246563328259,2.04003124930857,0.0158379806121125,0.0160629112822725,0.0621494014817392,5.05595366110164,0.961449768155522,1.78568957231902,0.0168996712908857,0.016589022953251,0.0536273277403612,5.04650596587662,1.03535788248477,1.22240067670898,0.0344049894524222,0.0351781828848898,0.0600760513439906,4.99925554455486,1.02532334588062,1.99942861363025,0.0180357705229224,0.0190496135178678,0.0647789749958139,"Deviance"
3,2000,0.35,35,2,0.25,5.00302019625468,1.01671678564181,1.94131422494813,0.0162217486995183,0.0162076132123482,0.0589476773083311,5.02971533431541,0.951276811894166,1.75130547817831,0.0170518250247004,0.0164912458090388,0.0526016861419178,5.02450621739561,1.05668427958869,1.26254610654467,0.0339187713894402,0.0331260189705766,0.0623405529194975,5.00026419760148,1.01886966493513,1.97444633816977,0.0181748989021833,0.0186475575754612,0.0643902042861281,"Deviance"
4,2000,0.35,35,2,0.25,4.9980379036934,0.980563765277664,2.08935004112276,0.0156400988475941,0.0159112575557116,0.0634751040426647,5.02632260539264,0.930314665625938,1.88530909948937,0.0164397447260024,0.0163403381948501,0.0566838836387209,4.99775092177362,0.991884178702478,1.26343396313403,0.0338581236293116,0.0330888922283866,0.0621882446624038,4.99976307037477,0.975299056867902,2.05672020452871,0.0175929438953024,0.0187057543421509,0.0661105135079697,"Deviance"
5,2000,0.35,35,2,0.25,5.00048252791199,1.00960456520931,1.93474289058729,0.0162485088628555,0.016472319288937,0.0586130618254586,5.02473646648271,0.951505153533748,1.75956465500581,0.0170144283429584,0.0166224943757232,0.0527703625023604,4.9885704370665,1.0628919486472,1.21129210591406,0.0345952255280884,0.0353602847204026,0.0594131060005727,4.99880060429529,1.02174873388009,1.98113362822665,0.0182220078167076,0.0193692362005855,0.0642008163631683,"Deviance"
6,2000,0.35,35,2,0.25,5.00196770639403,0.990931114046025,2.06433130919544,0.0157429619278587,0.0157253232259203,0.0629193579267007,5.03662363392523,0.937305700931208,1.88396817335474,0.0164503218035405,0.0159609842362009,0.0568707925678552,4.97835523098203,1.02668024137724,1.2477692237962,0.0340925233507654,0.0341458146708772,0.0615683117337975,4.99181571856315,0.99089489442044,2.09943297683302,0.0177604683718948,0.0182960874790975,0.0683327451015576,"Deviance"
7,2000,0.35,35,2,0.25,5.02335145098287,1.01535285779515,2.00465469563833,0.015962669197305,0.0158325820527696,0.060783093118501,5.0557813872979,0.946495593278792,1.79167695105436,0.0168571557879999,0.0161074303925824,0.0537126295525707,5.0360057273523,1.08167258253799,1.2261161452649,0.0343697713658416,0.0352955450199386,0.0600933713685015,5.01690257421194,1.0307034036293,2.02296752208547,0.0179250125987093,0.0190546622449761,0.0653450251769496,"Deviance"
8,2000,0.35,35,2,0.25,5.03628519284966,1.00973889454491,1.95394694731513,0.0161596226268028,0.0163889429334724,0.0592025268220871,5.05734385354466,0.948966640953949,1.75448744851821,0.017029759555816,0.0167953757021302,0.0525662705296557,4.99439062700971,1.09559482032999,1.23245006854512,0.034429074204616,0.0361548091907731,0.0605028126676696,5.02759985311122,1.02702016500877,1.95232241933086,0.0182740620035504,0.0197520065689058,0.0629146105886937,"Deviance"
9,2000,0.35,35,2,0.25,5.00585257843067,0.990138802937727,2.00287428177106,0.0159780705293442,0.0161793015166552,0.0610084847209604,5.04185213067946,0.932500339417505,1.79174003495291,0.0168676107162067,0.0165996221056845,0.0539409700553442,5.00479670519163,0.982668503014374,1.2817682473922,0.03363663775239,0.033541297474094,0.0631779212216212,5.00978620381058,0.988850326150983,2.03629328943283,0.0178529607144703,0.0187670865351593,0.0661672022940884,"Deviance"
10,2000,0.35,35,2,0.25,5.02009336354753,1.01273271171822,2.03635857010939,0.0158409061885081,0.0162023684230988,0.0618060639672211,5.0508022758969,0.960516605853665,1.84601491519762,0.016612064535934,0.0165372447912423,0.0554765625000876,5.03701056262166,1.03244959965096,1.26022537279707,0.0339117227348377,0.035990579496624,0.0619105144232908,5.01718347884363,1.03028300564873,2.0480040319017,0.0179223805251795,0.0195123337827489,0.0663744138580291,"Deviance"
11,2000,0.35,35,2,0.25,4.99394886919392,0.997296052551505,2.01098089857206,0.015945938637206,0.0161579882171472,0.0610441009120152,5.01769616646101,0.936629295464218,1.83051920323068,0.0166911120727149,0.0163815624588507,0.0550448704366559,4.98576138799819,1.03735131081928,1.24633603887336,0.0341053217147926,0.0338643086870819,0.061403250709349,4.99912574842896,1.00883108896451,2.04161562532179,0.01781587586284,0.0188259259977539,0.0660135545105268,"Deviance"
12,2000,0.35,35,2,0.25,4.97250506684024,0.979385644682825,1.97071425220403,0.0161101575304809,0.016464573245512,0.05981310484127,5.00634536164184,0.918729859229252,1.81397054557579,0.0167627171234286,0.016540126846382,0.0545864640497656,4.97059248281529,1.01702525131387,1.22275179225544,0.0344644919058991,0.0354634872406905,0.0600745058500048,4.96578935894754,0.978635691950576,1.98748804631591,0.0179603220516291,0.0193648134956701,0.063978441474257,"Deviance"
13,2000,0.35,35,2,0.25,5.0413716728917,1.01160833548486,2.09144795299628,0.0156433645154944,0.0163756534592386,0.0638058002564003,5.06960360725494,0.956090832609756,1.89613157294258,0.0164080953684126,0.0166443313768813,0.0572612168888096,5.0624784159704,1.04612429802219,1.28367304914499,0.0335885051246921,0.0345391968484005,0.063384980071866,5.03364981569898,1.02071446193871,2.1092763481995,0.0175596434863022,0.0194070961477619,0.0685114380060048,"Deviance"
14,2000,0.35,35,2,0.25,4.98449953391559,0.978930007435077,1.94746600542662,0.0162004418851192,0.0164632598535483,0.0589640362166429,5.01111877035532,0.920197790529601,1.76157786673169,0.017012145334318,0.0166487755428279,0.0527606403791018,5.00027948177825,1.00903213262886,1.20810822968948,0.0346831514263025,0.036712702767372,0.0591763329356179,4.98030265161919,0.982866703286418,1.94485056698735,0.0182299556641392,0.0199276585929423,0.0626172893743984,"Deviance"
15,2000,0.35,35,2,0.25,4.99548090610224,1.01195107741227,1.90925542159989,0.016357506345331,0.0162900371603311,0.0578881783868486,5.02350926787213,0.951011083488748,1.7422075003842,0.0171002225997832,0.0164175635371421,0.0523074425036323,5.00509480094149,0.975361403368826,1.16756680139678,0.0352192512039771,0.0348063892926055,0.0570791774610532,4.99362126208355,1.00374128669557,1.88830940598284,0.0184746910001986,0.0189027828573207,0.06086574496394,"Deviance"
16,2000,0.35,35,2,0.25,4.99374621088442,1.01491158126273,1.95785080451255,0.0161597215222823,0.0164466237175768,0.0593682440874068,5.03014502238098,0.943479689127327,1.73680503787191,0.0171241652968666,0.0168514202304128,0.0520084691032218,4.94909159802269,1.06770056782028,1.20619246981965,0.0347003709420104,0.0337893532728559,0.0592461287169064,4.99662420301609,1.00976840861085,1.95035146952495,0.0184368310615696,0.0193511187526879,0.0632523382099655,"Deviance"
17,2000,0.35,35,2,0.25,5.01125212687914,0.993897997223927,2.016766880313,0.015917556676916,0.015961137251777,0.0610784200544224,5.03596048838658,0.931658276046412,1.85608760209666,0.0165713652526173,0.0159504068905705,0.0557246814191262,5.01268146028563,1.06460636984847,1.26742999187059,0.0338108862575663,0.0342609948296331,0.0623504614701138,5.0110982009464,1.01309381606952,2.0737243871696,0.0177147324485522,0.0188279432210303,0.0671001999439426,"Deviance"
18,2000,0.35,35,2,0.25,4.98616274383104,1.00089959356787,1.99908222636748,0.0159996297788892,0.0158612245624989,0.0606173920910087,5.01436821885988,0.949418113339109,1.82048974806039,0.0167409357919909,0.0162159156763286,0.0546870666588792,5.00700879345433,1.01498236511031,1.21167906476121,0.0345708498233165,0.0356123233982864,0.0593513894819541,4.99313831040203,1.00910930845471,1.99650113469817,0.0178532842510267,0.0189586519269424,0.064126187354241,"Deviance"
19,2000,0.35,35,2,0.25,4.99868570816037,1.02079783079383,1.97188995427009,0.0161061981481316,0.0156852374800297,0.0599371069831406,5.03175539192161,0.946613480046748,1.7684367647624,0.0169779747208674,0.0158855624929984,0.0531588383672036,4.98070989010395,1.03723242693991,1.19146280138959,0.0348844327785826,0.0330129739773951,0.0584652235675653,4.99141935183613,1.0142688119549,1.96459112985351,0.0181304999798775,0.0180990445222679,0.0634490467629458,"Deviance"
20,2000,0.35,35,2,0.25,4.99380437900324,0.992945287015857,2.02898607177708,0.0158689214259454,0.0161419492408552,0.0616729965684085,5.02724761957773,0.926683548452145,1.84064019998282,0.0166400000743786,0.016249706617149,0.055384022137765,5.01289511507925,1.08142004644563,1.26050401140135,0.0339840189417809,0.0365547711663749,0.0620624057403293,5.00632971238427,1.01479392893952,2.05909679426606,0.0178158372862038,0.0196402914111581,0.0669377636601625,"Deviance"
21,2000,0.35,35,2,0.25,4.97319485577599,0.999268273376074,2.07316318088801,0.0157108569506247,0.015948047328987,0.0631733088236973,4.99566582223082,0.936918884806403,1.87513522406528,0.0164927682680589,0.0161903880033587,0.0565415540672493,4.94781846679638,1.06952912555845,1.34339558210228,0.032878879261298,0.0334468613128651,0.0668739573088995,4.97511613657073,1.00103300283576,2.11829975963059,0.0177166355717811,0.0189248616478444,0.069462590056451,"Deviance"
22,2000,0.35,35,2,0.25,5.00324118390883,1.025145963939,2.06697527457577,0.0157373328972692,0.0158037396497855,0.0629220573222849,5.03859262223915,0.966450081934086,1.85368539093357,0.0165909669718048,0.0161426343753662,0.0558094062051989,4.99648576942457,1.05925408894346,1.2651141957833,0.0339009422832812,0.0328689519374088,0.0623536012017672,4.99954432111062,1.01074577975952,2.04011798720449,0.0178668701121052,0.0187713371154494,0.0661299419774302,"Deviance"
23,2000,0.35,35,2,0.25,5.01142926220946,0.977196819216963,1.92847365202378,0.016267372381206,0.0163242803600442,0.0584577661469841,5.03843705535665,0.925813384733368,1.79740985416717,0.0168295575322926,0.016402012599112,0.0540912912571739,5.03788467495024,0.949099959835054,1.21326101069475,0.0345223372507017,0.0342170919761833,0.0595487039456655,5.01820939305025,0.980982387717222,1.95238377641074,0.0181201665578137,0.0186613494489128,0.062975437200268,"Deviance"
24,2000,0.35,35,2,0.25,5.00671873960644,0.993575965920332,1.97985998604217,0.016053934067569,0.0167284386771664,0.0601243444412984,5.04570665199885,0.940945869435753,1.78613368765891,0.0168779549518332,0.0171376510303436,0.0536460996764445,4.96715929644177,1.0806437512726,1.23953235701922,0.0341979263590219,0.0346152608368559,0.0610060882142363,4.99533219508392,0.988872779551906,1.98412538856455,0.0179899515319327,0.019398353818933,0.0641419122543556,"Deviance"
25,2000,0.35,35,2,0.25,4.99607393383484,1.01186535414439,2.10626042724299,0.0155851054063378,0.0160579052334749,0.0641921207324933,5.03506230000555,0.937029329393171,1.84250142108113,0.0166277327431151,0.0165202000200111,0.0553949387855085,5.01270698609542,1.03302641002816,1.2874365066766,0.0335451797931778,0.0347235853214126,0.0634007856173594,5.00817295302345,1.01514716942158,2.08384060854801,0.0177628045131656,0.0193141044378524,0.0677533958372508,"Deviance"
26,2000,0.35,35,2,0.25,4.98131872510974,0.993461780036236,1.99432907827133,0.0160176489400093,0.0157470143976636,0.0604764445269479,5.00066475968435,0.944354986488122,1.84139744906395,0.0166516722371303,0.0158403667869332,0.0553732747276146,5.00131274354254,0.99888269572625,1.22947028444858,0.034317106931998,0.0345456861455324,0.0602241828871027,4.99274357686773,0.984815391833843,1.98803108661977,0.0179906782975937,0.0183224085943738,0.0640940933298472,"Deviance"
27,2000,0.35,35,2,0.25,5.02251424581577,0.992867639007348,1.91955280212531,0.0163051890837595,0.0165254708597938,0.0578660674466599,5.05451511889109,0.940442465220282,1.74061723344302,0.0170985572855724,0.0169241698944423,0.0519628723125613,5.0107065954552,0.986621636716759,1.20920077982638,0.0346402274281136,0.033902388887454,0.0592191059072979,5.02368106863331,0.980623632668659,1.92465221664406,0.0182334009745971,0.0189549958312987,0.0617474528352393,"Deviance"
28,2000,0.35,35,2,0.25,4.97264601116585,1.01458928233589,2.03608020073386,0.0158489045652588,0.0162097392672217,0.0617871306020718,5.00099688505145,0.951743287529857,1.85857810524242,0.01656335255655,0.0164204128322562,0.0559046733131916,4.99002213389106,1.01686281986013,1.27629169963038,0.0337239914975177,0.0340754349539054,0.0628688416379122,4.97758404565226,1.00588351096732,2.05256358387044,0.0178397741246845,0.0186151683871143,0.0664776250292513,"Deviance"
29,2000,0.35,35,2,0.25,5.025981913267,0.995126713690363,1.9982992549065,0.0159882140081904,0.0160756312066585,0.0607717789920428,5.04961241003305,0.94359006071736,1.77539907338941,0.0169405495460615,0.016598998759764,0.0533005512769662,4.99452743341571,1.06493338551634,1.19493986069846,0.0348560728910785,0.0348262544037887,0.0587634964842268,5.02120366802359,1.0029496019125,1.99144801747729,0.0181294537800724,0.0192951721976588,0.0644473197326488,"Deviance"
30,2000,0.35,35,2,0.25,5.01093457497035,1.00977544140507,1.91343889930119,0.0163671064528687,0.015707938712088,0.0581207696478912,5.03780592107399,0.949198586379498,1.74385182068015,0.0171214860957742,0.0159300559421644,0.0524402640765352,4.97856976041266,1.02617557437307,1.17973086720856,0.0350662599967336,0.0329151520018361,0.0578795068083112,5.0112049804024,1.01831915578989,1.91569980982277,0.0184573728862833,0.0188434340046441,0.0619431736811339,"Deviance"
31,2000,0.35,35,2,0.25,5.00016862082523,0.980625763381822,2.09445548586168,0.0156288525690877,0.0154272986050991,0.0640070325957471,5.0238687820835,0.92067277272113,1.92568515131211,0.0162761593768158,0.0155251475681937,0.058343931640436,4.97888314964985,1.00294082371314,1.24905541893772,0.0340821086364718,0.0343197543947669,0.0615723951776827,5.00339991661883,0.97017829418851,2.08139866865954,0.017643592018678,0.0185531694016579,0.067556260764387,"Deviance"
32,2000,0.35,35,2,0.25,4.98089637918301,0.971186391443804,2.00210779118426,0.0159717607350651,0.0164689576925495,0.0607611262806574,5.00421032653823,0.912100406861003,1.85002336845545,0.0165949989286256,0.016498692834289,0.0556952687139073,4.97553960836361,0.96761208670587,1.25352187734175,0.0339937846650034,0.0342367838990884,0.0617088720964471,4.9656835623729,0.966058860836096,2.02503036087498,0.0177810868766675,0.0189840259680348,0.0652796786616202,"Deviance"
33,2000,0.35,35,2,0.25,4.97509308306866,0.969563702472309,1.99677246270344,0.0159944086475904,0.0163813549904337,0.0608427590600595,4.99773637310499,0.902804764592872,1.82446258159871,0.0167088242628363,0.0165914874622924,0.0550822936135121,4.97725228433639,0.984454757253262,1.18511878633521,0.0349518239173747,0.0358299535514691,0.0582638411151565,4.97698577039045,0.956817794782315,2.00596719245042,0.0178709741094456,0.0189460634464138,0.0648091855248338,"Deviance"
34,2000,0.35,35,2,0.25,5.02163254958525,1.00661484987529,1.92397765959755,0.016289350459306,0.016521558886824,0.0580621981601297,5.05216570520496,0.960691529414601,1.75455178764497,0.0170338031957731,0.0168580088447444,0.0524404227023843,5.04713624547168,1.02610542305089,1.13946772472504,0.0358810754711938,0.0365655020492991,0.0554137372963993,5.01640471601502,1.01105898478452,1.91299650685216,0.0182909201654414,0.0193152079150809,0.0611320669281958,"Deviance"
35,2000,0.35,35,2,0.25,5.03376462049978,0.986629922850603,1.97075499593947,0.0160924285614627,0.0162507382295431,0.059787973268164,5.06338499363075,0.923640328036219,1.79395359271009,0.0168436769922123,0.0164891365361025,0.0539010086534458,5.00303607056872,1.02989512680933,1.2170472485712,0.0345048678648301,0.0351813612115396,0.0598238084014629,5.02486122639089,0.985863863862719,1.99684644964829,0.0180470905149917,0.0190894146857667,0.0646022404692424,"Deviance"
36,2000,0.35,35,2,0.25,4.99557768353085,0.995517529949914,1.90230027016345,0.0163752484629039,0.016826288183088,0.0574227346312318,5.03483388153692,0.91729472438727,1.69259442540644,0.0173303341448273,0.0171467625750183,0.0504881598300172,5.00517553527167,1.00683692805983,1.19125904173909,0.0348792252224687,0.0352629890543876,0.0582077512593372,4.99927030390216,0.976338082586593,1.90083969708475,0.0185317997449966,0.0192563275869385,0.0613060431276079,"Deviance"
37,2000,0.35,35,2,0.25,5.00155577693878,0.978546767742224,1.99828751480065,0.0159866939742434,0.01618173543821,0.0604660097843161,5.02601612809461,0.918117458322788,1.81704080221468,0.0167425217359034,0.0165004941032194,0.0544822355029557,4.98007215469752,1.00732072424082,1.25427553080479,0.034071349026471,0.0356227111181194,0.0614954688824555,4.98225169399385,0.98978622306655,2.00153624627404,0.017996582277507,0.0199317353134836,0.0645348406872558,"Deviance"
38,2000,0.35,35,2,0.25,5.01478766390825,1.0014227538553,2.04025840225004,0.0158286738849563,0.0155978521914913,0.0623185461022307,5.05541332702504,0.938365922288819,1.8254326674441,0.0167044422445323,0.01591187340842,0.0550805532438476,5.014336932857,1.05303645592294,1.22577062672614,0.0343797110486354,0.0333898052399126,0.0604844606131688,5.00795153381009,1.00197027919576,2.02853613726764,0.0178832576470786,0.018387135341092,0.0659226743721393,"Deviance"
39,2000,0.35,35,2,0.25,5.02823181720731,0.995309510197057,2.06666684068546,0.0157265617275991,0.0155796203534375,0.0628020462823616,5.05185699680603,0.931269204349301,1.83734940606471,0.0166506458734372,0.0160177445678106,0.0552039800717098,5.03344223733596,0.997843925828326,1.30400645135629,0.0333808505083726,0.0334035693222018,0.0642858083640475,5.03216231081692,0.98995189104223,2.04472146725812,0.0178599499262113,0.0187361269572983,0.0664220818422445,"Deviance"
40,2000,0.35,35,2,0.25,5.01382361584374,0.991108457678222,1.99702344483458,0.0159891089621393,0.0166096840000111,0.0606254121876662,5.05022719681653,0.927077617205051,1.81150474980798,0.0167611962887901,0.0168908873290342,0.0544576233985948,5.04532718052559,1.02633336247761,1.27221947900409,0.0337363468063286,0.0355636222868511,0.0626022355938214,5.00251185997869,0.992770672161619,2.00496918595301,0.0178172171421974,0.0195012291100837,0.064796396710104,"Deviance"
41,2000,0.35,35,2,0.25,5.00279833025783,0.984730508661501,1.87002220100549,0.0165240295843577,0.017012093763052,0.0564440305740054,5.03130330720177,0.915120577941414,1.696879742988,0.0173247594090291,0.0172981601521263,0.0507119794069818,5.01522347717939,1.06369214607655,1.15222000936209,0.0354433548042213,0.035800989167082,0.0563219319995851,5.00314179974915,0.996722968948507,1.89586351008395,0.018438695438982,0.0200986087328175,0.0609076514853228,"Deviance"
42,2000,0.35,35,2,0.25,5.00470878409259,0.981919267086868,2.11472306765662,0.0155540415357614,0.0156367833568249,0.0644751709486114,5.04144527632777,0.918202565169585,1.91347153532205,0.0163214339904156,0.0158320878551441,0.0577438539832058,5.02956824565611,1.02290403593889,1.3421721754999,0.0328604223422654,0.0336514430748588,0.0663846365180477,4.9982311324969,0.989978828709917,2.13996375190798,0.0175066641963583,0.0187899854215728,0.069786932857103,"Deviance"
43,2000,0.35,35,2,0.25,5.0189369907595,0.988571409346773,1.97333669741886,0.0160882693727148,0.01586683886787,0.0599473458418066,5.04945444387305,0.940432541713882,1.80198996326405,0.0168106121873781,0.0161506912662189,0.0542078663969938,5.02635172599789,1.01812596790666,1.22911032742823,0.0343383980205572,0.033372615198948,0.0604197005965871,5.02168864080979,0.998505661701684,1.97512032040463,0.0179843271794672,0.0186089075199459,0.0636849479385131,"Deviance"
44,2000,0.35,35,2,0.25,5.0113827649468,0.995226635625763,1.94463031634954,0.0162016057799935,0.0163712271187968,0.0588221890378282,5.01921978269579,0.950962258453783,1.80888508254824,0.0167809680731086,0.0165049923334106,0.0542987552073434,5.03547484206646,1.022601332535,1.17391488231874,0.0351075298822075,0.035038886764701,0.0573178744003058,5.00864335340801,0.993667596411646,1.95554926042027,0.0181247680150092,0.0190168463515534,0.0627659470734597,"Deviance"
45,2000,0.35,35,2,0.25,5.02532512244612,1.01462314407047,1.94714484087533,0.0161962507563724,0.0157949817595587,0.0590653851027984,5.05700976835701,0.957155087062352,1.77642712864066,0.0169311881967548,0.016031326889868,0.0533632966201686,5.01198218440897,1.00837840124603,1.17005519309779,0.0352016247731605,0.0336770026222503,0.0572533811563662,5.02519213545014,1.0089696676382,1.92903641222443,0.0184195961540131,0.0186925782604285,0.0621850707107957,"Deviance"
46,2000,0.35,35,2,0.25,5.01556537163028,0.999385498904646,1.92547300166339,0.0162767639797299,0.0165823517523325,0.0581814893717825,5.03710006049934,0.938164221271796,1.74792179264361,0.017060215542254,0.0167659709660566,0.0522737600691893,5.06217095018178,1.03150038189981,1.1718115612149,0.0351302179595611,0.0350329308780624,0.0573246780723576,5.01555104028553,1.0012782933757,1.95000740035695,0.0181494560712158,0.019177620931374,0.062514206680231,"Deviance"
47,2000,0.35,35,2,0.25,4.98210985894039,1.03305597232527,1.94397209638805,0.0162124094148988,0.0166605747757475,0.0587610781135784,5.01365562543093,0.971472293416445,1.74637620170775,0.0170768924450349,0.0170096112200905,0.0522083771793697,4.99786002272849,1.08029031836398,1.25887881433141,0.0339334989426615,0.0346543945335392,0.0619475583857129,4.97815863095023,1.04655045545447,1.97053652239796,0.0181738369418931,0.0196366623994779,0.063828377906939,"Deviance"
48,2000,0.35,35,2,0.25,5.00297647082981,0.997048312943359,2.1424622107683,0.0154500935668924,0.0158443560728454,0.0653166806238772,5.03624220948738,0.935702288810266,1.93862709810156,0.0162141928199044,0.0160735417290156,0.0585148542865847,5.01932384004968,1.04320264412707,1.29723222378686,0.0334192818316048,0.0339462892100331,0.0641167262920108,5.00286443546244,1.00161993613954,2.14007829515082,0.017543364950536,0.01923735340869,0.0697477461192811,"Deviance"
49,2000,0.35,35,2,0.25,4.98918367156459,0.98822882269703,2.08705694372887,0.0156538219132497,0.0158329073347775,0.0634532491749336,5.00661712878236,0.921575581560083,1.91384415734635,0.0163244154175782,0.0158987593369781,0.0577077837464945,4.97416951044439,1.03175256312565,1.3017507692204,0.0333806156483214,0.0330333177957236,0.0642482814275493,4.97747044953666,0.991085593684701,2.1088531091713,0.0175582650228805,0.0184486542612783,0.0683883083500775,"Deviance"
50,2000,0.35,35,2,0.25,4.97344229538592,1.01574122280764,2.0142833143333,0.0159384755943061,0.0157493867721313,0.0612335006496014,4.99092709202709,0.961188153548498,1.83954361393998,0.0166555708757319,0.0159477317511467,0.0553963219594016,4.98319742758261,1.04712370809129,1.24376976805682,0.0341503459074115,0.0338116421621088,0.0611933537339251,4.97731995733561,1.02026649687018,2.02705112638967,0.0179957951803529,0.0189296948608613,0.0657652331628622,"Deviance"
1,2000,0.35,35,2,0.25,4.9884934138447,0.996657125274762,2.05971212684593,0.0157532286238299,0.0161589226262554,0.0625769088671351,5.02507248189851,0.943632729514555,1.85083404536731,0.0165909265454781,0.016577350435061,0.0555953953110907,4.98629433355159,1.03829821506063,1.27694560053137,0.0336879829257283,0.0357399130801746,0.0629752202700661,4.98338102946977,1.01467132526342,2.07471877111242,0.0177982897970153,0.0192495048114787,0.0673749145695504,"Deviance"
2,2000,0.35,35,2,0.25,4.98441871191283,1.01636869827278,2.10491903425345,0.0155965954005531,0.0158108487551551,0.0642567690188832,5.02123703079569,0.955203647208114,1.89211316611264,0.016420905337076,0.0161047978716145,0.0571361278493911,5.01807241742568,1.06966608344196,1.30714659353497,0.0333668316093216,0.0338102614344602,0.0644682395868156,4.97608985200531,1.01870837371898,2.10146649715095,0.01762509650323,0.0186918734693032,0.0683728694623479,"Deviance"
3,2000,0.35,35,2,0.25,5.00033781355243,0.991093434319223,1.97429607393919,0.0160990909404899,0.0165699812048995,0.0596417323606079,5.02340407426767,0.929973453754952,1.80930534482034,0.0167981802378429,0.0166456803906651,0.0541797738571835,4.99572245949648,1.00848086331161,1.23272677386821,0.0343070120411753,0.0360111600013456,0.0604213009261161,5.00268643606274,1.00388751781829,1.98859913999611,0.0181851928120384,0.0196715134174369,0.0641957560481388,"Deviance"
4,2000,0.35,35,2,0.25,4.98381806407593,1.04167236323115,2.11576876799877,0.0155583599130513,0.0159668688649751,0.064569368523464,5.01891780672309,0.984383014397004,1.8944235637821,0.0164113941380477,0.0162983905691217,0.0571539906264689,4.97343680012588,1.05958450997196,1.30850167630161,0.0333086298370227,0.0337332256030196,0.0645394316134231,4.97137197805137,1.03303164770707,2.10159522612121,0.0177327880560321,0.018811151270436,0.0686494870517887,"Deviance"
5,2000,0.35,35,2,0.25,4.96447502484399,0.991265124354509,2.00764159518385,0.0159542536697471,0.0163934003281625,0.0611397264118749,4.98347769513496,0.923529539098688,1.83254116120473,0.0166747362816315,0.0165295007210155,0.0552949056419816,4.96926938597006,1.01988560398585,1.24308756729002,0.0341419063955437,0.0345777365724395,0.0612274421124099,4.9580388601324,0.99358388992718,2.03262015477202,0.0178212030852022,0.0193474773538567,0.0658749108268977,"Deviance"
6,2000,0.35,35,2,0.25,5.00124991178705,1.01524001766378,2.07440466088721,0.0157262706991056,0.0158304127319545,0.0630571500878202,5.03457225194132,0.947495079939275,1.87451683641382,0.0165099915859072,0.0160425136531245,0.0564418670046212,5.0300584302376,1.0502682262496,1.29161565011655,0.0335150193581353,0.0329084405759635,0.0636274202924258,4.99540067528845,1.027322677087,2.10288330232373,0.0176524049211585,0.0183709748577905,0.0683222695353898,"Deviance"
7,2000,0.35,35,2,0.25,4.97767114045616,0.977389245820568,1.94225162825732,0.0162127646241491,0.0167022078573736,0.0588982368504763,4.99751762038138,0.909844847067725,1.78522551220984,0.0168889069635259,0.0167275589077542,0.0536677746625535,5.00585035082315,1.00256954555985,1.21403650224157,0.0346059924673536,0.0357517437826666,0.0596390457784109,4.98249513164063,0.984288400428845,1.97249279300376,0.0180653301086875,0.0194411711583184,0.0636618807876416,"Deviance"
8,2000,0.35,35,2,0.25,4.99498342471868,0.973196176946558,2.04879981288978,0.0158102839683361,0.0158637332393646,0.062456451750843,5.03025535554623,0.914710405482719,1.85769254245744,0.0165714131717196,0.0161770926178098,0.0560570194709602,4.99431689608634,1.02357259216948,1.27606181474768,0.0336944333146386,0.0346216010691606,0.0630371845706189,4.99529423267035,0.983420518404993,2.07179644328817,0.0178148162351601,0.0189204122934541,0.0675416087758684,"Deviance"
9,2000,0.35,35,2,0.25,4.96973677793043,1.0258795170905,2.09867630202024,0.0156167387182442,0.0161350504795241,0.0640695863646518,5.00613750441884,0.95353715711501,1.89696430900829,0.0163974966113282,0.0161892812798821,0.0572984826544229,4.9680396809414,1.05532649634169,1.27860428229299,0.0336845545112952,0.0341513636447213,0.0633000506494052,4.97574889428721,1.02775542538,2.10185188578636,0.017608182210494,0.0188991839883887,0.0683462455553355,"Deviance"
10,2000,0.35,35,2,0.25,5.00423669984612,0.996984096640644,2.02176794623417,0.0159033091590879,0.0157453872785121,0.0615752504145715,5.03657876673266,0.953558507893959,1.83998715675689,0.0166471468905363,0.0161388758723581,0.0554749143674613,4.98008469115268,1.02500770729085,1.29324765353675,0.0334982421256693,0.0326828729145779,0.0638232521037686,4.99720149244081,0.993366379120486,2.0528298630667,0.0179447083172038,0.0180196285852134,0.0670335933841183,"Deviance"
11,2000,0.35,35,2,0.25,4.99807656322604,1.00070590210552,1.89955164099605,0.0164090371240791,0.016559922515711,0.0572999272504733,5.02637880276,0.951689730224723,1.73799208506788,0.0171314301855052,0.0169258408453807,0.0519358544256696,4.98710671052376,1.03040780808829,1.14773911241718,0.035560155309201,0.0357072689795161,0.055914505131413,4.99438735493457,0.991702932044668,1.88853338307258,0.0185035111181982,0.0196755646330526,0.0603971872734868,"Deviance"
12,2000,0.35,35,2,0.25,5.025028173365,1.00547973004062,2.06692103480217,0.0157350437334687,0.0159001918145684,0.0629946891056136,5.05737970509484,0.941128477395464,1.85465745311178,0.0165817090233198,0.0162289080069184,0.0559108565037444,5.02105417817228,1.05980890287131,1.30180739009089,0.0334206201655696,0.0342040367916943,0.0644646544750257,5.01905466612164,1.01886341078167,2.11342951917022,0.0176927683402607,0.0191068350247046,0.0690189717772052,"Deviance"
13,2000,0.35,35,2,0.25,5.00255161476452,1.00686874287049,2.0405308223527,0.0158271983853493,0.0160380315575125,0.0621882557600748,5.02598873521729,0.945120069396407,1.84180284907704,0.016633738968401,0.0162558189134426,0.0555337842817458,5.00733956072012,1.01940115513815,1.22685536152209,0.0343674671468258,0.0338100446447864,0.0604047486597525,4.989152196226,1.00226337401493,2.04545849769155,0.0178222571408493,0.0186532303424434,0.0663401527912418,"Deviance"
14,2000,0.35,35,2,0.25,5.0048940819817,0.992683501096379,2.00732443479935,0.0159536066588972,0.0159378330088568,0.0610340568915459,5.04245999463209,0.924218195707434,1.78824614732161,0.0168715068788028,0.0163601577175065,0.053725751926345,4.99372070015973,1.00385459685067,1.1976761215672,0.0347691165340582,0.0344678663312149,0.0588381821318038,5.00867969678883,0.976208678103813,1.97922047849442,0.0180333805567998,0.0187927564925156,0.0638302645643933,"Deviance"
15,2000,0.35,35,2,0.25,5.00714607810263,1.02377899185457,2.05704752005928,0.015767137946841,0.0161202111218921,0.0625416767994549,5.03455883843007,0.953226716097807,1.87657040824367,0.0164831773959917,0.0160908046355576,0.0565411684089701,5.03233197956794,1.06603212593776,1.26803114543371,0.0338134346310095,0.0353396753472245,0.0624710137421937,5.00459880958931,1.04102102525393,2.08746377722153,0.017798709520692,0.0191499816454485,0.0679263540680076,"Deviance"
16,2000,0.35,35,2,0.25,5.00454998475429,1.00576890539975,1.97895101770537,0.0160722305157731,0.0163123425144487,0.0599603466818307,5.0414614138196,0.935937611665514,1.77874764339313,0.0169216969373923,0.0165041635536348,0.0533077294984431,5.01754021300474,1.02069412179212,1.23685785570795,0.0342365133556394,0.0350250408820788,0.0607685975172633,5.00844510017638,1.01185767720991,1.99270519455005,0.0181445092207311,0.0187336522080778,0.0644316659976654,"Deviance"
17,2000,0.35,35,2,0.25,4.97771061857829,0.99877955769191,1.98277198000262,0.0160586207390375,0.0159383390291478,0.0603456485051231,4.99847128131803,0.950077577258127,1.8248825924837,0.0167178195886567,0.0161150905174347,0.0550353424787967,4.98330636891854,1.04034300106856,1.22019801748373,0.0344630160302373,0.0336238016798116,0.0601640049442505,4.960477813741,0.998009608975919,1.99555716836923,0.018045347966617,0.0187896353366686,0.0647139044356428,"Deviance"
18,2000,0.35,35,2,0.25,5.00311355622702,1.01303465428147,2.10224158432399,0.0155991259075812,0.0156699199766249,0.0642615594593616,5.03564421952287,0.951413268559779,1.92067333962316,0.0162986701757265,0.0157967244116348,0.0581603479843082,4.99248646456061,1.02487101390162,1.31933927384114,0.0331413529787411,0.034065662791857,0.0653164729547351,4.99342951908767,1.00904697670915,2.12954839040859,0.0175784930333902,0.0190198054734598,0.0697155891928027,"Deviance"
19,2000,0.35,35,2,0.25,4.99735596916687,0.983490662962478,2.01119899861662,0.0159377261188429,0.0160986887931184,0.060922914945706,5.02099811409457,0.93493840932765,1.87056200693593,0.0165085308997879,0.0160912571262933,0.0562284200231427,5.02115335350152,0.976892511094107,1.25951655298188,0.033893985286458,0.0349914353591436,0.0619056707323605,4.99676213608315,0.989870665907997,2.04262653206609,0.0178115976491585,0.0184164895697726,0.0660221444952133,"Deviance"
20,2000,0.35,35,2,0.25,4.97145646391037,0.983876197076087,1.93827595857394,0.0162314847532614,0.0164059648470578,0.0586251951191517,5.00145327545518,0.915686782111447,1.74356663007774,0.0170861942378082,0.0165905416622811,0.052154312458643,5.00644249415955,1.00079654393981,1.20600682792624,0.0347140115401779,0.0364539329368981,0.0589795188884515,4.97196769998066,0.981990330892084,1.93159453274302,0.0182297420607384,0.0192059141141301,0.0621065474232674,"Deviance"
21,2000,0.35,35,2,0.25,4.98645887688837,1.03857821078306,1.9823422100002,0.0160702939676066,0.0165357755486257,0.0600122077133327,5.02307702071638,0.972251128868105,1.78579078477372,0.0168998237727206,0.0167326461710891,0.0534896434706612,4.96509881282471,1.07231507018163,1.24779270617945,0.0340981120393542,0.0347459574856527,0.061384964172787,4.99651983894589,1.04940531250585,2.00922540896919,0.0183555013151761,0.0195254662860881,0.0654706737295954,"Deviance"
22,2000,0.35,35,2,0.25,4.99939459310392,0.97194793623884,2.02479932199138,0.0158944342194612,0.0161373164734724,0.061500884485454,5.0374638199767,0.902904936807979,1.82365964960461,0.0167154981459038,0.0163032491261481,0.0548000495359374,5.03807047216886,0.99588824508044,1.23406480811603,0.0344072986416479,0.0347906307426762,0.0605817926490124,5.00436317228532,0.961197826786919,2.01403265875375,0.0179321914696053,0.0186938217745869,0.0649754435963945,"Deviance"
23,2000,0.35,35,2,0.25,4.97070497772901,1.03385133419246,1.88249599752555,0.0164785084054554,0.0167608002900252,0.0568817009216402,4.99880741090619,0.971211770059405,1.70397340819949,0.017296201136223,0.0170770132544791,0.0509543487820979,4.95801256577633,1.07884072847293,1.14702358928646,0.0355343560099598,0.0359958774559662,0.0560244677996956,4.94906465830025,1.04765987143554,1.89322850033501,0.0185882712082529,0.0196038587513774,0.0609960435028096,"Deviance"
24,2000,0.35,35,2,0.25,4.98704244608119,0.989857780281345,1.97419781027123,0.0160852886257343,0.0161431622699319,0.0599403011228257,5.02024433400386,0.932745192644076,1.79969249883065,0.0168230831024158,0.0163997449595291,0.0541103074481177,4.9989668019289,0.974141016990349,1.20279531910499,0.0347574719354735,0.0341845722763338,0.0591576248440344,4.98880968508153,0.972480126121875,1.97198326534538,0.0182117264313195,0.0187486396469434,0.0638491696766897,"Deviance"
25,2000,0.35,35,2,0.25,4.97424691026735,1.01499608504521,1.99348517202375,0.0160140006529321,0.016263567913637,0.0607327028971069,5.00441751834912,0.961664060397127,1.81517877784825,0.016756708740139,0.0165581794550047,0.0547223827013608,4.95165765716312,1.0149870263553,1.19453400627343,0.0348108998183596,0.0365623463797928,0.058822534001312,4.97352182013996,1.0290435300158,1.99118530198604,0.0180991623686967,0.019466325494848,0.06452586892068,"Deviance"
26,2000,0.35,35,2,0.25,4.97792365825611,1.02560560765261,2.00153702833194,0.0159927247773247,0.0159575627248718,0.0608756034143208,5.00411609090865,0.982454146855994,1.8275031221341,0.0167122510893302,0.016289502738983,0.0550454918082958,4.93000321049779,1.06137838938775,1.24232334837691,0.034173917005959,0.0353118256040469,0.0611274438549688,4.96568188601399,1.03677166548469,2.02948264797312,0.0180522522527566,0.0195179686720121,0.0660579684096783,"Deviance"
27,2000,0.35,35,2,0.25,5.02567224117292,1.01223323501887,2.01400304203957,0.0159288965576381,0.0162461451226883,0.0612085440202474,5.04855329917411,0.964897219402148,1.83533958383358,0.0166662960208818,0.0166161705550869,0.0552466811309546,5.03363882424711,1.04697519378078,1.25105165867626,0.0340772935129681,0.0340648926770018,0.0615718757118484,5.01822162696672,1.00961318037285,2.02424823432537,0.0178740747700705,0.0188116692280487,0.065509615170299,"Deviance"
28,2000,0.35,35,2,0.25,5.00707704229445,0.99435282295438,2.03752404502141,0.015844633077105,0.0161184037175012,0.0620959099661837,5.03401564051362,0.946203609076551,1.82728083913633,0.0167034889545261,0.0166699531242166,0.0550525210459575,5.01781577330639,1.01710033747692,1.24552473756158,0.0340953107137308,0.0348140409807181,0.06125988205674,5.00855454352414,0.998152225511382,2.04926843912435,0.01787630834516,0.0191421627816342,0.0665805335858956,"Deviance"
29,2000,0.35,35,2,0.25,4.99095174199971,1.0066436733994,2.05448997751893,0.0157757827272422,0.0162310170507062,0.0625752119325953,5.0077586119623,0.945500011803629,1.84535981983106,0.0166186845173993,0.0165656076557924,0.0555996923243007,5.01301821207503,1.03610388723481,1.33223961614471,0.0329946819045658,0.0326694322749064,0.0659555460227457,4.97624863536942,1.01804511567329,2.08795030610444,0.0176492333728785,0.0181962296297539,0.0681010702878033,"Deviance"
30,2000,0.35,35,2,0.25,5.01517056507767,1.02070318293457,2.02254111826729,0.0158952267467477,0.0164221679004957,0.061459700232659,5.05098334773364,0.967129004833949,1.82279440696412,0.0167164022875989,0.0168098513784083,0.0547992988406761,5.0228402787257,1.04647756032823,1.27117340884739,0.0337551585116215,0.035146928718261,0.0625501380604291,5.02755995132968,1.01520879070127,2.0422592867439,0.0179458584005012,0.0192735406402461,0.0664260491234968,"Deviance"
31,2000,0.35,35,2,0.25,5.00985694556552,0.988628977674057,2.02567834572467,0.0158809023879353,0.0159578593391713,0.0615802385134657,5.04251598016859,0.937560734943707,1.86800741719681,0.0165141829285193,0.0160617690807916,0.0563152068778389,5.0130911394139,1.01784269662862,1.24754030334475,0.0340889017991251,0.0333722856874078,0.0614777286812453,5.02559506440209,0.987267942387635,2.02660512385627,0.0178689587784049,0.0186542948398395,0.0655220395486637,"Deviance"
32,2000,0.35,35,2,0.25,5.01169278289812,0.986048541810677,1.94342778436256,0.0162074891376946,0.0161311863302631,0.0587339871241933,5.045086818141,0.92410129823767,1.74453492721804,0.0170781135308526,0.016542161059927,0.0521498358119914,5.02392689930422,1.0666414126357,1.23818520821663,0.0342816981169219,0.0331837461596983,0.0607368341377464,5.0043896321073,0.99376910172423,1.94990962207351,0.0181804396705049,0.0191592275453893,0.0629494814322751,"Deviance"
33,2000,0.35,35,2,0.25,4.98505590279216,1.00126055313385,1.91659819894657,0.0163312664624297,0.0163588377810068,0.0578896713618374,5.00720747354822,0.95004887942022,1.82037418437733,0.0167379329932252,0.0162788736405463,0.0547115291552926,4.99333792932759,1.03198421693333,1.17629568540454,0.0350837847029225,0.0347407883445572,0.0576247966134826,4.98754449233379,0.997098857010297,1.95894035672546,0.0182648479905052,0.0191955925609173,0.0631979669573326,"Deviance"
34,2000,0.35,35,2,0.25,5.00488219063653,0.991297049004779,2.06272459166898,0.0157383039354548,0.0162794040144896,0.0628089003498461,5.03069662128472,0.923274461386152,1.87470791310658,0.0164839476394881,0.0163666658662618,0.056544583721295,4.99796347674256,1.03637130902912,1.2834266339033,0.0336015482681223,0.0340137350042649,0.063165347149723,5.01728971083332,0.986700622977453,2.05652686851518,0.0178067154388978,0.0191387993586101,0.0667832159762943,"Deviance"
35,2000,0.35,35,2,0.25,4.99996988597104,1.01108083079534,1.98714281469266,0.0160329330350521,0.016156270543613,0.0603729932794048,5.04268346827645,0.949081969496882,1.76484100170929,0.0169812135851114,0.0166050489380014,0.0529346270009422,5.02406400870865,1.02752257908341,1.1939126713943,0.0348202236121231,0.0348996061073018,0.058563044474043,4.99079562968079,1.00122340084117,1.9612784049403,0.0181918391434876,0.0187641212946824,0.0634021555513831,"Deviance"
36,2000,0.35,35,2,0.25,5.00851013364457,1.0172051291866,2.05067653769582,0.0157965948200498,0.0157312240387807,0.062112513818213,5.04324044043075,0.957488689694038,1.81479142220476,0.0167613548487235,0.0161923264229731,0.0542975523069072,5.06783748880537,1.09885851380084,1.269674208209,0.0338009956651972,0.0339741257630145,0.0623759802067354,5.01286276921725,1.03135011561016,2.06993721802693,0.0178044596629078,0.0188234376577485,0.0669440947552886,"Deviance"
37,2000,0.35,35,2,0.25,4.99344402863781,1.01497368116305,2.0526741348176,0.0157869197643123,0.0159654064982756,0.0624006930447433,5.02861477299856,0.961697579506761,1.86957492950809,0.0165138943355784,0.0161919566295301,0.0562768110478378,5.00267955274415,1.04189381865228,1.26810524468706,0.0338276766217409,0.0342955575854971,0.0624967389121411,5.00577730283647,1.02174818616476,2.06574124986151,0.0177873411742163,0.0186599526050201,0.0669491687191292,"Deviance"
38,2000,0.35,35,2,0.25,4.99704760850277,1.0128580607609,2.04375524217832,0.015825793166202,0.016172055558464,0.0619792310103595,5.04066382543111,0.958003841625511,1.83436020547337,0.0166680724017168,0.0165919521253702,0.0550176985812894,4.99672997062401,1.03025709445263,1.25268056652767,0.0340359784114596,0.034284823404742,0.0615864231023396,4.99566129623626,1.00718553424353,2.05718176849546,0.0180406962271857,0.0190944279916837,0.0669758342551014,"Deviance"
39,2000,0.35,35,2,0.25,5.00006125597916,0.991169312571415,2.0458680264871,0.015805576144659,0.0160784451574804,0.0620933153224372,5.01762297166906,0.932486021833279,1.8809795029421,0.0164643886465134,0.0160804214555582,0.056586190635172,5.02053259199191,0.961243943303878,1.25251586095236,0.0340027117830843,0.0348905205558946,0.06158301365603,4.99762843449322,0.992545410741794,2.04708700199737,0.0177372536429262,0.0183886181518541,0.0660276511880679,"Deviance"
40,2000,0.35,35,2,0.25,5.00343098503062,0.977797323462371,2.02322441268877,0.0158946554846514,0.0157994343945594,0.0612529349495917,5.0337995093574,0.921490999933103,1.82131105347027,0.0167262699119437,0.0161312048153527,0.0545671211650536,5.02022709669372,1.00520793477714,1.21351851288655,0.0345456707863774,0.0341092589570803,0.0594124682558028,5.01719259482818,0.965649507651846,2.0103323613094,0.0179290121567314,0.0186804961507424,0.0645811130382272,"Deviance"
41,2000,0.35,35,2,0.25,5.00475814553908,1.00778537761883,2.02041501932174,0.0159107188935595,0.0160378535752693,0.061535013908455,5.01889225517257,0.954751620449955,1.86320968734614,0.0165460123465188,0.0161808831416897,0.0562720755517729,5.0129847528393,1.06087762116471,1.22749249915318,0.0343895184534691,0.0330760155313719,0.0605383672745601,5.00904772983483,0.999860892784719,2.03553561463896,0.0177218334079059,0.0182812724463874,0.0657819622356569,"Deviance"
42,2000,0.35,35,2,0.25,4.98346254586623,1.02654800782725,1.92210661777578,0.0163008774112655,0.0169268535971097,0.0583849564772467,5.01902118038787,0.964068718448979,1.7467031325199,0.0170744600080763,0.0171053365508803,0.0525067468886239,4.96832069502232,1.06547892895846,1.1732786644606,0.0351417971998953,0.0359398425449769,0.0575172645320678,4.98434533158192,1.03205899311715,1.939296018787,0.0184808287764352,0.0200391766177445,0.0629702820390029,"Deviance"
43,2000,0.35,35,2,0.25,4.99360248834247,1.00374240585318,2.0601718315888,0.0157567870406504,0.015568594822918,0.0626817298466179,5.03296219408719,0.944472210693143,1.82233489344977,0.016722068423264,0.0160825929838225,0.0547425225718183,4.98486216648683,1.02742124894044,1.26823463630853,0.0338378582641366,0.0332033181621525,0.0624869436770501,4.99479298085789,1.01888503758503,2.06182912098526,0.017898585125992,0.0184350228975546,0.0669705082715593,"Deviance"
44,2000,0.35,35,2,0.25,5.00522623150772,1.02585465629414,1.97222658385908,0.0160959201981973,0.0162359529527713,0.0599387616284872,5.03121255618647,0.967260141901527,1.79196496805188,0.0168614182761952,0.016516440377714,0.0539273862752777,5.03810623059389,1.045894933094,1.22841251037711,0.034337893219226,0.0339975933924969,0.0604250658533994,5.00159830853423,1.01859061045288,1.98656671848782,0.0178678961902334,0.0185396853379963,0.064106808967542,"Deviance"
45,2000,0.35,35,2,0.25,5.02531968694983,1.01461853842521,2.02230857386954,0.0159032370006096,0.0159924577835268,0.0616077038586084,5.06089285399923,0.945727829314722,1.81824952983806,0.0167410528179636,0.0162388288697442,0.054801990127576,5.03005219136499,1.04333316080589,1.27718048873859,0.0337113676913372,0.0353414446127265,0.0629565232746038,5.02876765784563,1.02880936296642,2.00850032922995,0.018174229873889,0.0191459459505016,0.0656749828574276,"Deviance"
46,2000,0.35,35,2,0.25,4.99839534925316,0.97013700267501,1.96269510517656,0.0161283640447973,0.01618289381515,0.0595554357599427,5.02753262986564,0.911583943108033,1.76700069481336,0.0169711185104806,0.0165511501490983,0.0530285957576636,5.01316912134357,1.00491323891682,1.25789717316482,0.033925764129692,0.0342370316894589,0.0619565568747078,5.00241086669999,0.992869131426339,1.95725534973673,0.0181513060214653,0.0192012571852072,0.0632646653170478,"Deviance"
47,2000,0.35,35,2,0.25,5.01694880961141,0.972797587045659,2.04991497485999,0.0157858367532357,0.0161452784996313,0.062382853206625,5.04360724604707,0.907144048351134,1.83160346342395,0.0166740213371231,0.0165368493699552,0.0551166253695649,5.021675382191,0.993696104255209,1.25474113023458,0.0339679241009921,0.0338894487368894,0.0617247238807877,5.02504574725855,0.967134101188415,2.03346472186985,0.0178974968446352,0.0189484416773225,0.0658002217359702,"Deviance"
48,2000,0.35,35,2,0.25,5.00599448608975,1.0030204049806,1.95995777913762,0.0161515646059606,0.0164683162726554,0.0592468294642036,5.04258175275302,0.9464030717481,1.75242636100248,0.0170514308297922,0.0169244209917723,0.0523650813303553,5.00468135355364,1.04458400265253,1.23041850062398,0.0343862569310045,0.0349421494893167,0.0604204971408014,4.9870193849361,1.00530444447691,1.96709854655931,0.0181727690891083,0.0193471051121286,0.0634369799498274,"Deviance"
49,2000,0.35,35,2,0.25,4.9840190625321,0.985804172597243,2.02551562365677,0.0158920644368904,0.0157369064649003,0.0617465540533917,5.02278253644783,0.927115060250049,1.80453748690942,0.0168112601282106,0.0160843997642188,0.0543232968283993,5.00092021316964,1.02791497863734,1.26052566723867,0.0339488151257702,0.0342922436852034,0.0623087999750448,4.97606930453032,0.988783338438927,2.03848995778481,0.017975738102339,0.0190271469102961,0.0665002502771761,"Deviance"
50,2000,0.35,35,2,0.25,5.00468279450798,0.973018843866345,2.13524049141063,0.0154764763160598,0.0153012549896492,0.0649861156882854,5.03368868315881,0.915111063927473,1.91306024183105,0.016323075246113,0.0156179084307374,0.0576007110189807,5.04729696563923,0.995652128968116,1.317453439922,0.033164977018164,0.0321795239755828,0.0650201903637444,5.00921119717857,0.968387070396391,2.13448893868664,0.0173847410813092,0.0178525711200245,0.0691350013700978,"Deviance"
1,2000,0.35,35,2,0.25,5.0063342351357,1.00063787877708,1.89554316764109,0.0164348878458644,0.0165343839147662,0.0572370674272257,5.03908114731805,0.956363321883921,1.72534106946737,0.0171994253498555,0.0168937195900796,0.0515756948400426,5.04250664831195,1.00748938505098,1.16672688148124,0.0353489196954975,0.0360343529062046,0.0568804565929914,5.00563064223574,0.992342669326,1.88658429808521,0.0184775817093574,0.0197193464276103,0.0605136435528125,"Deviance"
2,2000,0.35,35,2,0.25,5.00275691799274,1.01837666733844,1.98525149372702,0.0160449765093114,0.0161467078208148,0.0604327167806809,5.03442388880857,0.961037183379623,1.76090427351383,0.0170057665213313,0.0166471685268193,0.0529052225198569,4.99687819266399,1.02911326001045,1.20871703939042,0.0347023195148303,0.034250607367622,0.0596116600687518,5.00252474784853,1.02536044540429,1.98139996870166,0.0182352614906296,0.0189521630284788,0.0644640594990308,"Deviance"
3,2000,0.35,35,2,0.25,5.02468054802742,1.00593118566433,1.86428936912189,0.0165460656185592,0.0163846305467911,0.0562890855861103,5.06424362258411,0.948374321314659,1.69760621810132,0.0173114008587587,0.0166161871355073,0.0507598627107559,5.05807710701246,1.00752504225735,1.13311422393609,0.0357314489287856,0.0346154022064178,0.0552659155310014,5.02448292302281,0.996505047874424,1.84466766089258,0.0185929026134913,0.0184093673563905,0.0590094275427171,"Deviance"
4,2000,0.35,35,2,0.25,5.01244888230649,1.00044467329913,2.08353611562259,0.0156717221109704,0.0156328794732146,0.0633594944499004,5.0484833764303,0.947177066690741,1.88718959374736,0.0164375585322168,0.0158644329801052,0.0568025839567425,5.03643460662919,1.03416894638662,1.28186841544588,0.0336136748881247,0.0340817607969192,0.063261358242917,5.01096496781236,1.00218456625972,2.12260636654432,0.0176093927551934,0.0182037994348431,0.0689797847105387,"Deviance"
5,2000,0.35,35,2,0.25,5.01246208613877,1.03209953104323,1.98688410533227,0.0160339852236968,0.0165221858559352,0.0602990606923571,5.04414802327702,0.962369132239987,1.75772440356323,0.0170163413699986,0.0169546989838325,0.0526704548978577,4.98934202384405,1.10189646017057,1.24798878582812,0.0340846259386012,0.0349359107639665,0.0614756501194119,5.00414193904824,1.04150602928867,1.9763095034763,0.0183256010474696,0.0200660263193552,0.0643874008531844,"Deviance"
6,2000,0.35,35,2,0.25,5.01054034338999,0.991041725819329,2.07278842671895,0.0156989250812271,0.0162119637668648,0.0628475675054268,5.0389341496828,0.933090211361686,1.88310045717549,0.016447564523773,0.0164425287924032,0.0565493203768555,5.02062761992342,1.01683794923751,1.27190135988086,0.0337655274271868,0.0344987018525715,0.0625065009551931,5.01766035449577,0.979420021676251,2.06738843224952,0.0176481854135978,0.018746800198814,0.0666489139455467,"Deviance"
7,2000,0.35,35,2,0.25,5.00444684983438,1.00032253449827,1.97167954749211,0.0161144583864006,0.0161281280978443,0.0598090452922644,5.03130204801443,0.924975576229951,1.7853527944764,0.0169087028699767,0.0161593986160433,0.0536094350244639,4.99694725525831,1.03902484962684,1.23353531559388,0.0342764607408477,0.0339218177714663,0.0606207439565228,5.00562101247994,1.00227047789589,1.97297018645556,0.0181503179472441,0.0192834497538012,0.0637921708610547,"Deviance"
8,2000,0.35,35,2,0.25,4.97807158244072,0.983241246589561,2.01424269319574,0.0159376420804711,0.0157442113540147,0.0613289908441,5.00734520793303,0.931424802546924,1.86798942348241,0.0165247434790222,0.0157877116502375,0.0564326510350193,4.99602001451069,1.01156512635735,1.2305970767917,0.0343336209831344,0.034341962102026,0.0604699598509211,4.98086011196144,0.98822265561195,2.02987152164883,0.0177466437478663,0.0186581593658396,0.0655870753310897,"Deviance"
9,2000,0.35,35,2,0.25,5.0015210432983,1.01387108919813,2.01131874581406,0.0159454024222922,0.0156868354356296,0.0610378754185959,5.02401012009654,0.952174017747708,1.82927704205759,0.0166965825301083,0.015842041081005,0.054973813776893,5.01131037956283,1.05385317739224,1.26137603866126,0.0338908685028812,0.0344626303485943,0.0620221304283683,5.00650967779448,1.02260622501976,2.02352855680456,0.0179710810277584,0.0187168769698467,0.0656514574136711,"Deviance"
10,2000,0.35,35,2,0.25,5.00429782837302,0.967569624517243,1.98795836291122,0.016020255622724,0.0164589682236774,0.0600400558992199,5.03296183256171,0.915812627786895,1.82591400836723,0.0166945496398075,0.0167590613317939,0.0546872101820952,5.03588202134095,1.00661889932791,1.21575500875592,0.0345022759585386,0.0343900431153626,0.059487222583455,4.99976068429027,0.969598920865163,2.00878959120993,0.017815390781633,0.018855855700286,0.0643983677337803,"Deviance"
11,2000,0.35,35,2,0.25,5.0246142202709,1.00559622567441,2.10366648774751,0.015600826530934,0.0156148710915728,0.0640161621673344,5.06223053632464,0.946873003812448,1.89901480897328,0.0163879511652718,0.0159222701420855,0.0572017702070378,5.01779068975399,1.0486177576177,1.33656842480449,0.0329408860478481,0.0325272455549066,0.0661603395726728,5.03340208821735,0.999695651217107,2.10866841772892,0.0177210637146745,0.0183813148393965,0.0686483855743879,"Deviance"
12,2000,0.35,35,2,0.25,4.98051372558472,1.01408036766143,1.97667789179504,0.0160736601341216,0.0167515561877132,0.0599295515088075,5.00888044949526,0.951281185120113,1.81601188971288,0.01674676753996,0.0167822637973036,0.0545756819129302,4.97588845387344,1.00906762360055,1.19894711781299,0.0347536849616077,0.0367148102342969,0.0586911835268263,4.98036523334432,1.01547297428422,1.99729051001333,0.0179193226734811,0.0190655422118253,0.0642559736533729,"Deviance"
13,2000,0.35,35,2,0.25,5.02143791894455,0.997405714877407,1.96646091326652,0.0161070849455993,0.0166350876626987,0.0595105472643563,5.04541337374839,0.935129162855621,1.78032189099803,0.0169040954294225,0.0169343814624092,0.0533369189528954,5.02734679394245,1.01210706709344,1.2241351324863,0.0343907233807633,0.0351519615162629,0.0599622277491667,5.02402851931783,0.987426540088918,1.96001614411773,0.0182029753548525,0.0192002318547959,0.0631983049599629,"Deviance"
14,2000,0.35,35,2,0.25,4.99965338242472,0.99736351073083,1.99570614740569,0.0159991825634035,0.0163067307179836,0.0604624956837658,5.03244522336391,0.941643647684447,1.8058853203555,0.0167918393968263,0.0166298742661016,0.0541531203909825,4.99284547218832,1.04354990144526,1.23329897643896,0.0342793052217994,0.0338453905894837,0.0605171613737897,5.00640661225685,1.00474781493692,2.01048280403042,0.0181084149539696,0.0189446417131948,0.065052670790227,"Deviance"
15,2000,0.35,35,2,0.25,4.98328930401566,1.01582302176961,2.01841343946685,0.0159188738895512,0.0158990740612594,0.0614160415698457,5.00778539946,0.955157258715643,1.84982705831432,0.0166040379296967,0.0161194680166482,0.0557943061570974,4.96483333726088,1.01826275518298,1.24316955496776,0.0341491474283523,0.0341410927632432,0.061073774032078,4.97451587391765,1.01629584980934,2.04183162797412,0.0179244820884557,0.0183997731803069,0.0662342808306756,"Deviance"
16,2000,0.35,35,2,0.25,4.98761092096535,0.993670005185938,2.0621762971666,0.0157538766915714,0.0159412724506627,0.0629120399048208,5.02045104965607,0.930713200892601,1.87342906967173,0.0164994537046691,0.0161506015030058,0.0565827707408264,4.99615822035763,1.03142130393463,1.28949517407176,0.0335289559757888,0.0333556035927157,0.0638014783324082,4.98904711425007,0.990125688036508,2.05919128246168,0.017645975591248,0.0187889816207844,0.0668632962720658,"Deviance"
17,2000,0.35,35,2,0.25,5.00346336878707,1.01759401686595,2.01708033205292,0.0159162738364,0.0161450712234864,0.0612700243599648,5.04308392686784,0.945757428689599,1.80954544332991,0.0167744483786898,0.0163973718986587,0.0543751637099005,5.01745633472532,1.07403502970445,1.23673784734684,0.0342319189130139,0.0341047199135162,0.0606189001777617,5.0040136107884,1.01552116652626,2.03117566272318,0.0180169882998878,0.0187264414264769,0.0657772225810761,"Deviance"
18,2000,0.35,35,2,0.25,5.01455855063481,1.00711060185729,2.00842174851232,0.0159574701010019,0.015658023470494,0.0609869992198182,5.03564321668184,0.951207203280843,1.81858234140168,0.0167452507710595,0.0158971269731707,0.0546556396301223,5.03213638989839,1.03042738936092,1.23731482159496,0.0342324923026983,0.032884590657075,0.060758777356267,5.01161439143379,0.999439341867745,2.02505015513761,0.0181404083664271,0.0184868415080281,0.0658208146987036,"Deviance"
19,2000,0.35,35,2,0.25,5.02174956452324,1.02652848213057,2.10383986366195,0.015601065975129,0.0158466197579468,0.0640810576670787,5.07030906967931,0.963569256157559,1.8393627473399,0.0166440041871194,0.0163591111236015,0.0552349929215426,4.98152455091173,1.08816141157282,1.30924195605456,0.0333141693794089,0.0328109166337365,0.0647951429083077,5.03079057091753,1.04162656201394,2.09226433826948,0.0179873491751924,0.0189241977400391,0.0684106426340025,"Deviance"
20,2000,0.35,35,2,0.25,4.99813209456855,1.00658271876053,1.99641495630913,0.0159986514931281,0.0162083629074681,0.060477948073209,5.04205632986081,0.944134330125285,1.78958964081139,0.0168667274735085,0.0166634573352065,0.0536237905447238,5.01989307680288,1.04105424231277,1.21351215079009,0.0345511270767286,0.0347078945984279,0.0592969990465616,5.00387306505769,1.02433848042857,1.9984031570141,0.0182263435022692,0.019123517929422,0.0646037218984201,"Deviance"
21,2000,0.35,35,2,0.25,4.99893151911017,1.0235263756355,1.99241523222214,0.0160203398366615,0.0162422041698743,0.0603172286183933,5.0314411533818,0.955026427923977,1.78612308967174,0.016891569451872,0.0165122703877101,0.0534770524611732,5.0175077733334,1.05493458179563,1.21744195818604,0.0345241751140259,0.0340834942395653,0.059610243360003,4.99378512151882,1.03337452848967,1.98259425213687,0.0182918014980201,0.0194200612557196,0.064062358835782,"Deviance"
22,2000,0.35,35,2,0.25,4.98196081180657,0.993512934577658,2.0065998814043,0.0159582394936646,0.0163266388440868,0.0608298356421965,5.00785168173756,0.931810174003313,1.81961291511017,0.0167342998305635,0.0165075875905699,0.0546019969726647,4.98315794845062,1.00683352456818,1.24856276580667,0.0340729546459298,0.0345078014030297,0.061362633178691,4.97476521902974,0.999184144190236,2.02130743762627,0.0179006028853743,0.0188403680752085,0.0652772921971327,"Deviance"
23,2000,0.35,35,2,0.25,5.00502977439,0.99237759513056,2.02947251594793,0.015869949231109,0.0161332572596401,0.0615935824797967,5.02620673752363,0.924991026441925,1.85967609567572,0.0165571981018666,0.0161300795593112,0.0559392980514467,5.00169438042427,1.05870560486703,1.26940263071738,0.0338123011599704,0.0350029181291788,0.0624938798593425,5.00262412117702,0.990606609881617,2.06122985191531,0.0177620635951809,0.0191873846375454,0.0668133349309957,"Deviance"
24,2000,0.35,35,2,0.25,5.02636494728797,1.008913035104,1.94475276149878,0.0162029196662146,0.0164450645322905,0.0589228993384585,5.05881762356784,0.955480241345056,1.76790284459747,0.0169691049736456,0.0167768563873392,0.0530232396762259,5.02270505247698,1.03846075502624,1.23288551172743,0.0342910645038921,0.0354587019565666,0.0605552154672201,5.03862289362745,1.016650438502,1.96168431644206,0.0184301862565734,0.0203690196190487,0.0638105298475412,"Deviance"
25,2000,0.35,35,2,0.25,4.993104828608,0.982663228683369,1.925051331134,0.0162815531722751,0.0164570850871597,0.0582117447987951,5.01434142515922,0.939626502266463,1.77929155185239,0.0169156788663133,0.0167261193403174,0.0533567516239144,4.98958582107265,1.0203310567498,1.22193213546989,0.0344727211284783,0.0349307399817126,0.0599271877550632,4.97592922322393,0.992669188675444,1.96856468367646,0.0182069451624185,0.0194152811839858,0.0636238018133042,"Deviance"
26,2000,0.35,35,2,0.25,5.01376839120982,0.981776423239289,1.90650086083783,0.0163565450275139,0.0165299559780263,0.0576658342175056,5.04029764020812,0.929492168932541,1.743125905522,0.0170843743697893,0.0167605851327619,0.0522198774312099,4.99188794195355,1.03510177711456,1.14290483754817,0.0356379034364939,0.0356099746075384,0.0557790266411265,5.01066222569328,0.985328534417536,1.91365666113582,0.0182952019850629,0.0195560470946097,0.0613660161230874,"Deviance"
27,2000,0.35,35,2,0.25,5.00813259259354,0.978404151609661,1.96293148666359,0.0161252953244343,0.0163532418613183,0.0594416215981139,5.03492459711159,0.919228434974135,1.81501673053697,0.0167500109811387,0.0164846353364478,0.0545392385819086,4.99060868691509,1.01722679709146,1.23052372181988,0.0342975552332779,0.0354868650160055,0.0603228765073628,4.99916432028482,0.977952145865048,1.97174813046491,0.0180913651362199,0.019795311002601,0.0635448256203894,"Deviance"
28,2000,0.35,35,2,0.25,5.01598331861838,1.03305584247407,1.98538052995304,0.0160436491979241,0.0163207721778836,0.0600966712023435,5.0471114690436,0.972468093558025,1.77337412677134,0.0169467616230641,0.0166591251024269,0.0530530741414831,5.06666464337324,1.0553342423051,1.23990727616742,0.0341728205696146,0.0349869717562145,0.0608068868377179,5.02496525925861,1.02112832221391,1.96841151696722,0.0182678637688349,0.019195727385092,0.0637854331709474,"Deviance"
29,2000,0.35,35,2,0.25,4.99608979257441,1.01125002265649,1.97683351381701,0.0160761979999074,0.0161861401845985,0.0600286817825053,5.03625891986527,0.942534046291033,1.77086373384174,0.0169562176018914,0.016551157783187,0.0531869171095536,4.99029761116736,1.02981597359526,1.20575535270769,0.0346650695514175,0.0344167135037814,0.0592405791982518,4.98784173068929,1.00561167411454,1.93902671431444,0.0181916006033309,0.0191477920994819,0.0625131286571125,"Deviance"
30,2000,0.35,35,2,0.25,4.98717780233343,0.997654648367939,2.11311001062068,0.0155655717406436,0.0155427892953348,0.0644544635279792,5.01617574340676,0.931975623875144,1.88832868661389,0.0164355490880959,0.0157672491884795,0.0569289906520072,5.00296725560397,1.05236110356668,1.27968086545038,0.0336730729580166,0.0330623213494284,0.0631365209800747,4.98617968846966,1.01426117003252,2.13209801427741,0.0177458081345754,0.0188718705999243,0.0695727762898872,"Deviance"
31,2000,0.35,35,2,0.25,4.99702038935888,1.00677935634318,2.04224166775674,0.0158289751027544,0.0159657536059993,0.0620945733063887,5.02430555534944,0.954081822763465,1.85992860548569,0.0165613660960247,0.0162246194288956,0.0559938987480832,4.97375222303138,1.04584030767293,1.25698596590018,0.0339696555666358,0.0352398535857285,0.0618184495543507,5.00107010651339,1.01993529000204,2.0782534729881,0.0178358355770659,0.018721877486979,0.0675652397331439,"Deviance"
32,2000,0.35,35,2,0.25,4.99189011883911,0.994635011908551,2.01329302053849,0.0159305040660893,0.0158173584908277,0.0610971345344258,5.02762450148697,0.934129956154152,1.78425870351972,0.0168912053973898,0.016363762526846,0.0534843800819211,5.04211882211827,1.04725363186966,1.26813523031831,0.0338160074446956,0.0329782273611067,0.0624213442589245,4.9996926276495,0.994419031576431,2.00299598599499,0.0179580048615076,0.0185362660457209,0.0649052044515436,"Deviance"
33,2000,0.35,35,2,0.25,4.99193579083956,1.01492241546359,2.08339337949184,0.0156819527494414,0.0159189521768403,0.0633942074045347,5.02247369875898,0.94945733536455,1.85779291180793,0.0165768961562336,0.0162524632743315,0.0558651009061838,4.98023927649229,1.04263060648933,1.25643183373705,0.0339799619375939,0.0335253514584097,0.061858496239093,5.00489386673248,1.01582090773701,2.04828781477363,0.017875808143673,0.0188370255760088,0.0662763530338014,"Deviance"
34,2000,0.35,35,2,0.25,5.01373524220099,0.992437752792981,1.98982974447489,0.016019148878546,0.0160860434536197,0.060309680408199,5.04062675565482,0.932479425683655,1.81184486829931,0.0167650040157545,0.0162225509388161,0.0543790721589638,5.05369746494896,0.999274578199597,1.23920074341565,0.0343020830199276,0.0346652080027535,0.0608391622693557,5.01612998276943,0.991329015148678,1.9942766435809,0.0178551019315402,0.01895532758069,0.06413057066017,"Deviance"
35,2000,0.35,35,2,0.25,4.99209937593895,1.0113202231355,1.93062495031305,0.0162741522593781,0.0162528305259745,0.0583304446788288,5.01730596768444,0.959003824580257,1.79806206008227,0.0168426946192193,0.0162546076263738,0.053917695129039,5.00087324073751,1.06171359365189,1.17330183107051,0.0351905112480627,0.0355306016158694,0.0573547414833097,4.98441120380426,1.03068969129116,1.95992905276927,0.0181450963058909,0.0195514578460234,0.0628517080154564,"Deviance"
36,2000,0.35,35,2,0.25,4.96773610588435,1.01956655478271,2.06063040712692,0.0157568612246859,0.0163073434964314,0.0628077870948192,5.0058658940827,0.949624524677865,1.84328058394661,0.0166282583133098,0.0166186540321808,0.0555476056590126,4.98564957611207,1.04529895718198,1.28888564459242,0.0335383743635535,0.0348338509592305,0.0637914687990748,4.97057482936259,1.01703811362316,2.09927655407492,0.0176929668881367,0.0192925103902658,0.0686352704580842,"Deviance"
37,2000,0.35,35,2,0.25,5.00791650124659,0.98286925278032,1.96799924723327,0.0161133085604905,0.0161590516391201,0.0595238510451518,5.03737151417747,0.925172060792492,1.77279100206696,0.016952249479733,0.0164907119202332,0.0530426790065033,5.02773611669395,1.0146257901903,1.23726219865488,0.0342251513522716,0.0343513554747914,0.0606628388867383,5.01077938158064,0.985541804580844,1.98396937969985,0.018002990555801,0.0185865390958273,0.0638650217283549,"Deviance"
38,2000,0.35,35,2,0.25,4.97536254049185,0.991956637198752,2.06655286336913,0.0157321129408838,0.0158329137356196,0.063015701046683,5.00819631584656,0.924339161055556,1.86565332360127,0.0165299709417466,0.0160114188765404,0.0562860850622684,5.01001965444419,0.993898861580897,1.25807567278233,0.0339491683716738,0.0338359734032228,0.0621309864627546,4.97535413487475,0.998311583194702,2.05497522424862,0.0176876334343321,0.0181271236691034,0.0665644189766324,"Deviance"
39,2000,0.35,35,2,0.25,5.00223473525217,1.00925968315147,2.07038978887005,0.0157147355819481,0.0158928230833411,0.0629706757079068,5.02643426309402,0.948407669119003,1.85462904132409,0.0165769168531244,0.01624422173822,0.0557823653090991,5.00670094236457,1.02719643573807,1.27503369786927,0.0337086692765843,0.0345695392224546,0.0628528062926747,5.00978961534559,1.01063380647082,2.05619918926623,0.0177475525189988,0.0187340331762404,0.0665613490796943,"Deviance"
40,2000,0.35,35,2,0.25,4.96824739720359,1.01541296526659,2.08592873862556,0.0156598929742516,0.0161971076400504,0.0634792772953911,5.00183027675398,0.968848004826348,1.88547771818482,0.0164450654933544,0.0166183321323795,0.056769549090365,4.98747115034527,1.0322622053612,1.30967853001742,0.033268177840266,0.0342884866683098,0.0645674521218502,4.95977797579622,1.02021246701236,2.11105045939904,0.0176115508641231,0.0193517551091814,0.0686738843715212,"Deviance"
41,2000,0.35,35,2,0.25,5.01596286107832,1.01810629519658,1.98966991966917,0.0160272784453748,0.0161490933382387,0.0602276366646512,5.0463817675312,0.949338255737228,1.75508704268794,0.017035575474741,0.0166296676390599,0.0524729503667984,5.02977162401554,1.06456434357907,1.25576192352182,0.0340038509686627,0.0355780440321768,0.061630034075127,5.00691973244968,1.02987880815826,2.00438876311238,0.0181861223314523,0.0195566470683911,0.065128939265039,"Deviance"
42,2000,0.35,35,2,0.25,4.98360357610466,1.02334045940093,2.03180026462004,0.0158728979296156,0.0159186758488652,0.0620657216107707,5.01152621941664,0.948081963667411,1.80865583753614,0.0167916079349682,0.0161602461037648,0.0545677971908648,4.99254045565288,1.01972988654282,1.23691436174468,0.0342298531125978,0.0340397817188558,0.0608527516785166,4.98416418134941,1.02015212447588,2.00080062195881,0.0179917195595427,0.0194110457371855,0.0649524312509227,"Deviance"
43,2000,0.35,35,2,0.25,4.9984635832063,0.982235539260163,1.95201470518389,0.0161737180289103,0.0161629289635921,0.0591371606425684,5.03203395751069,0.910323317212771,1.73099674296452,0.0171441021846216,0.0166078083638424,0.0517987751259547,4.96312937177868,1.04905447130166,1.22294668992104,0.0344664357452779,0.0348842872208023,0.0599748348871003,4.98248127485856,0.991029214716544,1.94739378528236,0.0183108226125916,0.0197386012164033,0.0629680210056105,"Deviance"
44,2000,0.35,35,2,0.25,4.98608902112583,0.981361254512428,1.93371854051473,0.0162521414499387,0.0164725693240979,0.0584701169113047,5.00582272864975,0.933533121313276,1.77228513262297,0.01695306957542,0.0167752976362599,0.0530969350009409,4.99944838671184,0.986666491531428,1.21530944198547,0.0345119814401788,0.0342472651655461,0.0595755321811542,4.98267090637826,0.971499982401994,1.93997746687459,0.0181265221945059,0.0187993276896959,0.0622639930697755,"Deviance"
45,2000,0.35,35,2,0.25,4.99141377251492,1.00725460269106,2.08106237528405,0.0156805168683887,0.0155362525982904,0.0635957966539342,5.00892230729433,0.95822036457741,1.91091967056873,0.016342706320179,0.0157648369901136,0.0578902955645628,4.95609910717474,1.01224001243919,1.28376385963526,0.0336155768887388,0.03223460177666,0.0633657264058793,4.9865130906023,1.00614395565588,2.09940192640877,0.0177302481544319,0.0179569111851255,0.0684438113264453,"Deviance"
46,2000,0.35,35,2,0.25,5.00841977331937,0.996209998081385,1.99038182588825,0.0160178771379559,0.0160859575644835,0.0603086713764266,5.03149775263545,0.941485189092224,1.82077994655279,0.0167256058598857,0.0162994456237947,0.0546768129075877,5.02265239954764,1.02764046117256,1.2173558073027,0.0344821696489426,0.0341497740555292,0.0595795963532455,5.00247215011983,0.993262634763608,1.98756136171699,0.0180911139829775,0.0192186092769073,0.0642059033037049,"Deviance"
47,2000,0.35,35,2,0.25,5.02113016695444,1.02009625212046,1.97518968746573,0.016080549003748,0.0164181837506881,0.0598517174874434,5.04629045075051,0.960036511771031,1.77590933306975,0.0169320115239469,0.0167479829804712,0.0532080307323277,5.03816611492801,1.06938682254359,1.19536143217401,0.0347952031310605,0.0357855625484946,0.0586152358914256,5.01564150484305,1.01468167034457,1.97840114034524,0.0180920343683389,0.0191674578203202,0.0637877354010392,"Deviance"
48,2000,0.35,35,2,0.25,5.03784405305795,0.994300441596138,1.91191682475628,0.0163353568541853,0.0161464615411901,0.057616984084638,5.06748496665687,0.935703644126323,1.72125508748529,0.0171908329948078,0.0165237342382796,0.0513270491007898,5.03827856210115,1.03524395527148,1.18174496295767,0.0350389205671501,0.034988872325157,0.0576238118785974,5.04536117994205,0.988956205853359,1.89727420713882,0.0184689920309483,0.0186725268133467,0.0608294039224625,"Deviance"
49,2000,0.35,35,2,0.25,5.01245697724561,0.995162669279625,2.04059405906821,0.0158283501582425,0.0159584484376102,0.0621057102202265,5.0433921656801,0.933380808549094,1.8308597858496,0.0166816305453396,0.0162957264643151,0.055089902746006,5.07603485848275,1.06005423036973,1.24099398573672,0.0341661932184778,0.034404525296427,0.0611652710273587,5.02950714703708,1.01650353740223,2.02261345406329,0.0177553772977762,0.0187771638353452,0.0652419486057707,"Deviance"
50,2000,0.35,35,2,0.25,4.98644490885694,1.00432045597564,2.011069244326,0.0159478357460085,0.0160675996456687,0.0611251830694429,5.01615601120214,0.939449763932951,1.80113420073867,0.0168226552161986,0.0162929611750651,0.0541117193526644,5.01526553307719,1.0615932908556,1.22428339421229,0.0343993312756587,0.0354483701781058,0.0599751974914571,5.00670602108408,1.0160315862229,1.99005888340459,0.0180095400962197,0.0190748258515575,0.0641699621318631,"Deviance"
1,2000,0.35,35,2,0.25,4.98193579984634,1.02012778719689,1.97469846253574,0.0160900107095723,0.0163037912313017,0.0598674814430582,5.00986183552712,0.950670347023787,1.73812499518826,0.017118169480538,0.0167713298480879,0.0520104460462714,4.99519614274356,1.05841905527326,1.20869683356799,0.0346218346224241,0.0349639612703613,0.0593319971252601,4.97930544463608,1.01316201208128,1.94538893811589,0.0182640489894905,0.0195259969290973,0.062808810568652,"Deviance"
2,2000,0.35,35,2,0.25,4.98480032815592,1.00849509311211,2.00669910394728,0.0159589439778639,0.016181763941054,0.0608227595639134,5.01354276623946,0.964615003972163,1.80766158436265,0.0167889598723894,0.0167024070043119,0.0541933256909716,5.00819509049056,1.0305450230017,1.25836951704003,0.0339535259127632,0.0355264549385435,0.0617149636512171,4.97477583448066,1.01660172840804,2.0138193361931,0.0179144942660499,0.0190978870580533,0.0651172835707886,"Deviance"
3,2000,0.35,35,2,0.25,4.98793066374932,0.982807300788192,2.02940515947663,0.0158880110527444,0.016103121324923,0.0615263351395101,5.02431475196414,0.922376180488833,1.83967222704236,0.016652455112975,0.016431280289221,0.0552348384131069,4.95632420868145,0.988959001930443,1.26237231665051,0.0339613695309904,0.0352227623588907,0.0621193365572944,4.97612949298823,0.974775357523961,2.05719292961385,0.0179015529808663,0.0192244222809683,0.0666997108630563,"Deviance"
4,2000,0.35,35,2,0.25,5.01167912436171,1.03452231397561,1.96024888224872,0.0161488512127481,0.016713467656429,0.0594320035160648,5.04815725401404,0.96923150851159,1.77866750733576,0.0169234793625194,0.0169248565107288,0.0533884028531036,5.01318002261999,1.12458878104078,1.2132321114226,0.0347528956425478,0.0355151980432594,0.0596787184912443,5.00061094303634,1.04831897843013,1.98562660974469,0.0183209762524553,0.0202103736399546,0.0645168778663141,"Deviance"
5,2000,0.35,35,2,0.25,4.96415491534111,0.99045979842395,1.97235135594752,0.0160958074179105,0.0161166876897654,0.0598058204833076,4.98963515271561,0.931917047290041,1.78257419963966,0.0169064182914961,0.0162799178965997,0.0534695393604193,4.99408710511206,0.976531607057216,1.23223934907076,0.0342921443060961,0.0341366526964721,0.0604826353828809,4.97889592058952,0.984981327699497,1.98077991849806,0.018048097968862,0.0183384930779516,0.0639519378971553,"Deviance"
6,2000,0.35,35,2,0.25,4.98192328759231,1.01211175330286,2.01457299071428,0.0159284694446281,0.0160882876322575,0.0612805047949961,5.01770239300658,0.9503386412619,1.80713947954323,0.0167900359017788,0.0163971256975098,0.0543570297654632,5.02165639245216,1.01523835330524,1.25916951251463,0.033997601993348,0.0341736573606854,0.0620873816708668,4.9856110411485,1.01048731111039,2.04308656243026,0.017955609318947,0.0187764103965527,0.0665276225622656,"Deviance"
7,2000,0.35,35,2,0.25,5.00007861538208,0.989984929001897,2.02526573675902,0.0158852061821557,0.0158946496043768,0.0615819902464322,5.0425085186902,0.933613081782531,1.79462038730353,0.0168428615934686,0.0164104476509276,0.053862842401526,5.01153446071862,0.994640454535596,1.24330993660349,0.0341190702378077,0.0346051023967418,0.0612821053257533,4.99800940035234,0.982178496675919,2.00041258279746,0.0180359472934955,0.0184930328776505,0.0648273067895658,"Deviance"
8,2000,0.35,35,2,0.25,4.98921210398173,1.01064111154704,1.98589365665423,0.016046456100155,0.0162555899158526,0.0600892437489307,5.01279419461164,0.948696651979025,1.84335821492349,0.016631884560729,0.01620086229446,0.0553854039456631,4.99854390561385,0.996528269112549,1.27094575892358,0.0338092970950028,0.0339409959562531,0.0625319386358177,4.98965935442022,1.01067157107502,2.04488659793039,0.0179256765110416,0.0187628081505181,0.0662249813724762,"Deviance"
9,2000,0.35,35,2,0.25,5.01254887815653,1.00791034864167,1.91422482322437,0.0163346661713712,0.0164507682154532,0.0578819351793024,5.04964880889423,0.939929860927184,1.72445597030938,0.0171796050372881,0.0167097253261391,0.0515831891065346,4.99910104942155,1.0832212683983,1.14896331032308,0.0355725026797637,0.0367745037623301,0.0561701535093658,5.00431703618813,1.0303786707866,1.91502984904319,0.0184589325226856,0.0198607219654055,0.0616225490425734,"Deviance"
10,2000,0.35,35,2,0.25,5.0212215028225,0.977845561455309,2.08757751460172,0.0156596304165182,0.0157718290971885,0.063489612771077,5.05425582454877,0.926837428952523,1.89045021309218,0.0164271755951572,0.0161593374317514,0.056916613924535,5.04244382793191,1.01104694886269,1.30958935209947,0.0332610429968314,0.0338466385691322,0.0647115657076334,5.02419064952383,0.983229752153502,2.09829397265029,0.0175164594830532,0.0183749814153179,0.0679058604013046,"Deviance"
11,2000,0.35,35,2,0.25,5.01822064623396,0.992975505542427,2.01307555104877,0.0159258170782253,0.0163777784563978,0.0611359126028149,5.05185794368965,0.937745691224522,1.85425946040143,0.0165697833958901,0.0165647696205469,0.0558589198817428,5.05288860053396,0.997097364050624,1.21389042408304,0.0345189760738025,0.0354154587500457,0.0594566130780052,5.02224570318018,0.99634148931636,2.01185931041764,0.0177214950870903,0.0190625388916459,0.0646239068705396,"Deviance"
12,2000,0.35,35,2,0.25,4.97600790390196,1.01057626570083,2.05975834777374,0.0157673501654859,0.0157858710502651,0.0626908325629034,5.00210932867279,0.95478223091594,1.90023997278896,0.0163956002946435,0.0159155926588863,0.0573838860267247,4.9734290361003,1.03486948483734,1.24453628574909,0.0341370631836214,0.0334652519972554,0.0612670641473322,4.96390183505304,1.00363086029843,2.09875251768203,0.0176648710697206,0.0184334173473084,0.0680347770433525,"Deviance"
13,2000,0.35,35,2,0.25,5.0472190471286,1.01531585263446,2.02597016673102,0.0158759450227654,0.0163156911000506,0.0614266417379294,5.06619721999634,0.95110814689709,1.81473605235936,0.0167478261968869,0.0166246352002238,0.0544047396009218,5.0602823531465,1.04882096433383,1.25261294976982,0.0340183340321476,0.0350832975170092,0.061682838772476,5.04141818148041,1.01312261082346,2.02804994976779,0.0178041645022611,0.0190896420318439,0.0654868401258144,"Deviance"
14,2000,0.35,35,2,0.25,5.02032047118563,0.991050998213259,1.96287808395834,0.0161386765086148,0.0164647194846358,0.0596321632235586,5.05967756221769,0.928062712656224,1.77363498586767,0.0169454261845506,0.0166841205759886,0.0532938932582959,5.07194851555568,1.03626505274561,1.26217437402521,0.0339093919716375,0.0348073598322359,0.0620949603631363,5.02134347816283,1.00265433830505,2.00135902781464,0.0179776673304336,0.0191362812447292,0.0649744636070576,"Deviance"
15,2000,0.35,35,2,0.25,5.01018583724274,0.995241411844524,2.1493790316897,0.0154233063722063,0.0159809107305039,0.0656419543765446,5.03610329577762,0.938464475373276,1.94314183660666,0.0161966143627508,0.0162378340056535,0.0587399791925972,5.02888390033303,1.00479305285205,1.33038831148349,0.0330570953197146,0.0335591372380352,0.0658210665031457,5.01832699044485,1.01168302608165,2.15272156709485,0.0174624263094574,0.0186074007247393,0.0701575004294947,"Deviance"
16,2000,0.35,35,2,0.25,4.99550106246201,1.02215020101988,1.97846118368172,0.0160712463082968,0.0167490495850003,0.0599243042576523,5.02190204605735,0.949106662394663,1.77535729964685,0.0169423434281244,0.0169554538274311,0.0531770741318044,5.02472670921595,1.04701908762868,1.22619002372176,0.0343588373980127,0.0359915960431701,0.0601557240022355,5.00075946574748,1.0195631806328,1.98048505890602,0.0180792222772157,0.0195890105228709,0.0639085700329647,"Deviance"
17,2000,0.35,35,2,0.25,4.98251607828537,1.00394882397179,2.0561350209709,0.0157768141702755,0.0154115428304734,0.0624599798689399,4.99954324395964,0.952351442488333,1.87907854503838,0.0164814680202079,0.0156932047625194,0.0565649893195258,5.01732934683481,1.00632001998102,1.24262648413737,0.0341500545140107,0.0332134993925048,0.0609060760561772,4.98401649791323,1.0003121353368,2.03242146679303,0.0177773323709861,0.0183525687621538,0.0654748531008502,"Deviance"
18,2000,0.35,35,2,0.25,4.98236829486394,0.996220757984555,2.04244381491337,0.0158227205674359,0.016001547418127,0.0620286261309947,5.02153907392184,0.931351682627217,1.84644955342854,0.0166106833388837,0.0162411038839514,0.0555133686605424,5.00142185714961,1.04820983850485,1.21366441831919,0.0345875211341782,0.0359708528220355,0.0594877561812607,4.97291594246791,0.999636940571202,2.04233445348825,0.0178133192210223,0.0190503379667152,0.0658546239384601,"Deviance"
19,2000,0.35,35,2,0.25,5.01023941574887,1.00793645031933,2.00826214282466,0.0159536727818798,0.0161225295379973,0.0609124269955671,5.04625775301666,0.943704634584042,1.75477573604722,0.0170321317161923,0.0167937955386018,0.0524961349406319,5.02699902487083,1.04467956491275,1.25175315507047,0.0340182027069046,0.0355696180179168,0.0615464821523125,5.01477285738988,1.02065357571711,2.00824782340739,0.0183218162811621,0.0201560254607802,0.0654833077059681,"Deviance"
20,2000,0.35,35,2,0.25,5.00921785178954,0.996988150031557,1.98710648579194,0.0160303122167057,0.0163135047457924,0.0602735120285713,5.0362977519448,0.936388987951637,1.79015791300664,0.0168642243674248,0.0166639929205818,0.0537058378032552,4.99721705252295,1.02717013819006,1.19366710961284,0.0348368202503179,0.0351351196991471,0.0585652111082483,4.99748753385845,0.983143544742909,1.96089051646101,0.0182421534318558,0.0187357004768128,0.0632240014039567,"Deviance"
21,2000,0.35,35,2,0.25,4.9968442626093,1.00853226679328,1.95922585228991,0.0161450421313661,0.0165251908113466,0.0592001843083838,5.02487307707333,0.942617728944257,1.78437364284824,0.0168934860644782,0.0166671451206452,0.0534147841007004,4.99039029542958,1.04257841623914,1.22196539097747,0.0344397162178897,0.035023048448181,0.0598423087469953,5.00406139856663,1.01832068706299,1.96408870744201,0.018205893871839,0.0197738576419323,0.0632162372161452,"Deviance"
22,2000,0.35,35,2,0.25,4.99432015916174,1.00447397524813,2.06307870436012,0.0157367547205304,0.0163848707793522,0.0629445936584968,5.01975902778959,0.941188151476095,1.86123712086923,0.0165429341004125,0.0167063908305283,0.0561722066481455,5.010030815749,1.04090562744618,1.29786231177283,0.0335370654781513,0.0348656859054469,0.0641827629713314,4.98958699884584,1.00582326920395,2.07428181575754,0.0177165856342335,0.0193179424309739,0.0675927067936704,"Deviance"
23,2000,0.35,35,2,0.25,5.01064830936982,1.01241070711891,1.95123542745402,0.0161809269136559,0.0164968514765743,0.0589666790045257,5.04515643286406,0.955377282831947,1.74438975135468,0.0170835587786135,0.0170158757310581,0.0521126152732238,5.00386116120218,1.02519312013697,1.20636510383629,0.0346438909098242,0.0358865850500805,0.059095521607054,5.00394749950782,1.01546907060857,1.96427415419266,0.0182984966670644,0.0196993502186716,0.0633943793131846,"Deviance"
24,2000,0.35,35,2,0.25,5.03407326059974,0.987919566124083,2.11762529166531,0.015539107886249,0.0153747784848247,0.0645600452484777,5.06138160011809,0.943262699133685,1.9016169019119,0.0163717717063913,0.0158207512610704,0.0573379890406441,5.03766959596454,1.065052399176,1.33631122712994,0.0329884856391931,0.0320361122648265,0.0660912568435703,5.02108147631932,0.999334456406804,2.15362779478707,0.0174320426160312,0.0179642917848952,0.07012300032102,"Deviance"
25,2000,0.35,35,2,0.25,4.98880849485529,0.997069413672735,1.96548337340458,0.0161178764098306,0.0164313689524269,0.0594331934084255,5.0200420885296,0.932798897122978,1.76935166373482,0.0169603490038081,0.0167201344409771,0.0529301223919785,4.99855862680546,0.9779024614056,1.21091349790419,0.0345927642908704,0.0353314437960011,0.059384469170015,4.98957743617715,0.988143504764759,1.97745129778967,0.0181225671043823,0.0188639968059293,0.0637626232791502,"Deviance"
26,2000,0.35,35,2,0.25,4.98384838370135,1.02134887320338,1.91465992560287,0.0163323641618673,0.0163267917070393,0.0580260966596829,5.00188885478303,0.958824731470107,1.75536653460807,0.0170364202214745,0.0165027676384082,0.0527115216069836,4.97987181413791,1.01361217351053,1.16032377726437,0.0353096804989889,0.0365299140659014,0.0568634682090214,4.976159014075,1.0188466868661,1.93596392688179,0.0184326324664248,0.0190473411717042,0.062647985052473,"Deviance"
27,2000,0.35,35,2,0.25,4.98669742156386,0.986660396874659,1.94327002814898,0.0162221465979399,0.0169857865486167,0.0588647377796712,5.01155142737304,0.920966830113995,1.78014531978343,0.016927934792175,0.017060654183504,0.0534271601420068,5.00714184311758,1.02387320285761,1.19731628698072,0.034809521282669,0.0366883655390903,0.0586529466667456,4.98305644515587,0.978384232569062,1.96465546738403,0.0180276700153582,0.0195008283937781,0.0632440452395816,"Deviance"
28,2000,0.35,35,2,0.25,4.99809252838397,0.994738617096265,2.09526931354032,0.0156241226626994,0.0155735184423474,0.0636595732879942,5.03200334588809,0.932921752267724,1.84939227417746,0.0165977601341091,0.0160993842292393,0.0555123943691524,4.99965434815581,1.04381086968496,1.29434534429949,0.0334729804214494,0.0333939939276305,0.0637541498589961,5.00177592659421,0.995623164021896,2.07103283787096,0.0178023984455048,0.0190228420155989,0.0671967900591278,"Deviance"
29,2000,0.35,35,2,0.25,5.0196332631151,0.999897584216659,2.13311582851795,0.0155061490510316,0.0157182829160859,0.065060923756138,5.04767812719637,0.946100397963918,1.959899950282,0.0161519693989625,0.0157571106894989,0.0592405903495683,5.00742075964339,1.04201153898433,1.35186295197328,0.0327711894074008,0.0335885405440026,0.0669886640190652,5.00799232339196,1.00231146951139,2.18492540457431,0.0175000241963468,0.0185990761551311,0.0716074009237782,"Deviance"
30,2000,0.35,35,2,0.25,5.00104496374607,0.995037287799169,2.08621323650609,0.0156538366930599,0.0158164104833549,0.0635334793543444,5.02935757277458,0.929810050208574,1.88955066471387,0.0164221802210778,0.016012730302206,0.0569846747649615,5.0051531020611,1.01300603936781,1.30461239801271,0.0333176814288214,0.0349113540605743,0.0644411712714719,4.99849933271164,1.01681103470694,2.09926958873546,0.017611052003729,0.0185339931036959,0.0682077104941645,"Deviance"
31,2000,0.35,35,2,0.25,4.98944152420247,1.0084255044966,2.09409508828094,0.0156380851349454,0.0158815187609352,0.0639258242881946,5.01128447270376,0.945731993705269,1.88380765330327,0.0164583310263466,0.0161427759399236,0.0568849704430504,5.00156884186774,1.04283243438253,1.28957433693194,0.033546975406337,0.0337447586607419,0.0636718804398193,4.98763387857327,1.01409116600291,2.096513698221,0.0176016833634316,0.018618357360536,0.068262135036576,"Deviance"
32,2000,0.35,35,2,0.25,5.00732458139632,1.01242601254657,1.95312753872184,0.0161725668221557,0.0168001776017195,0.059240095907769,5.04277320476606,0.934783541460341,1.73269269676219,0.0171405771402283,0.0171004467388796,0.0518984024998953,5.02805616120164,0.998429570044844,1.24284043719417,0.0341174033564371,0.0359461791894061,0.0610587207767265,5.00984943307063,1.01232422150415,1.96291496934594,0.0182290287370198,0.0198772678106523,0.0636671377825771,"Deviance"
33,2000,0.35,35,2,0.25,4.97939885651198,0.988196062262231,2.00318077922166,0.0159778345157322,0.0161834114391271,0.0609159295566142,5.01493208631797,0.92127902237547,1.78617890240464,0.0168895936128768,0.0164822844247892,0.0536608959602053,4.97619453046737,1.01427722079276,1.24243614351194,0.0341871047205897,0.0341421545397276,0.0611364337278503,4.97818580644588,0.981145348463916,1.97975483109019,0.0180685726892442,0.01916436703229,0.0640221858899279,"Deviance"
34,2000,0.35,35,2,0.25,5.00643381888752,1.00903287558234,2.04792062213421,0.0157996031649988,0.0161095493310869,0.0623386731134967,5.03654436432727,0.94498829243149,1.87621325194918,0.0164849846300239,0.0161748376238337,0.0566029085376019,4.99072348983573,1.03870989410436,1.25179109703922,0.0340502105931782,0.0344888735541223,0.0617095294959622,5.00430037286142,1.0115454083991,2.06694651527834,0.0178187765999944,0.0192733178277518,0.0671984122444318,"Deviance"
35,2000,0.35,35,2,0.25,5.00519608019251,0.996011907105458,2.1388697454376,0.0154657568400086,0.0159034800745474,0.0652776948708091,5.02750704990766,0.940723636565306,1.97650982003603,0.0160695962768319,0.0159529901665314,0.0598391118292451,5.0349752502918,1.04278361550943,1.30876081867511,0.0332779480783222,0.0349342235811624,0.0647236536247789,5.00424866626748,0.997701274647013,2.14807492150802,0.0173682511697206,0.0191098626302163,0.0697901908437018,"Deviance"
36,2000,0.35,35,2,0.25,5.00196597614538,0.99336882223121,2.06659884196759,0.0157373521589978,0.0157206573037444,0.0628183345731262,5.03093764324209,0.934556987917443,1.8722481700628,0.0165076739851735,0.0158891768428322,0.0563377312497812,4.9960361824764,1.0566076034178,1.30464986908216,0.0333476956466804,0.0331012464463113,0.0643685151489665,4.99479721748502,1.00402143116902,2.0652539143488,0.0177539902631322,0.0188504068735672,0.066953058311396,"Deviance"
37,2000,0.35,35,2,0.25,5.00082111243784,0.979365113690854,2.02519919971292,0.0158979414699739,0.0160917523425222,0.0616914564979666,5.03446867537651,0.92223528305808,1.81511417916826,0.016768676255047,0.0165688450197445,0.0546576550802566,5.03424953051653,1.03926504334204,1.23238040353644,0.0343663676475096,0.0332203665428859,0.0608279608797518,4.99335244173046,0.97395612922613,2.02831379682311,0.0178001718225765,0.018713603602625,0.0657079525853127,"Deviance"
38,2000,0.35,35,2,0.25,4.99953061122412,0.990946807757558,1.96065675304285,0.0161598825234828,0.0157366602249779,0.0593702084603352,5.0318158006923,0.934867087004834,1.80385946415876,0.0168169391331337,0.0158084745407945,0.054166047486523,5.00088713110164,1.01700308590871,1.2057664580212,0.034708476985422,0.0340784081230857,0.059147173616715,4.99151252885673,0.983501239600004,1.95932778918496,0.0181388344923649,0.0183967980557955,0.0631565405660091,"Deviance"
39,2000,0.35,35,2,0.25,4.99225058825459,1.0020024608721,2.05743576697644,0.0157713666120346,0.0157186125104595,0.0625223338458111,5.02185214882526,0.934285964972523,1.83970636661313,0.0166519480710922,0.0159438143978389,0.0552629500136044,5.00109113145751,1.01543715143827,1.2664051517936,0.0338358115438796,0.0348797849222946,0.0622860168058233,4.97920557215383,1.00061002350727,2.06028057431095,0.0179178100357228,0.0183000385424234,0.067021152134098,"Deviance"
40,2000,0.35,35,2,0.25,5.00050177139873,1.00462276182014,1.95480185428295,0.0161706575178973,0.016516460209404,0.0592391892008717,5.02912532071214,0.925678239783697,1.77914153618889,0.0169228242546455,0.0164909172859677,0.053415174306461,4.98066380246924,1.05440146395725,1.18520061055939,0.0350080738742203,0.0356205472123908,0.0579695765356633,4.9999756863082,1.00217252169589,1.92695528975014,0.0184102372649771,0.0196448653071787,0.0620327492380199,"Deviance"
41,2000,0.35,35,2,0.25,5.0281498868037,1.01434262566731,1.96235190444058,0.0161271334198112,0.0164044366705387,0.0593952650376857,5.05752988340004,0.955138715820679,1.77032897844625,0.0169535918146642,0.0167365799132826,0.0530209514472151,5.04294445335914,1.02132782998804,1.21053527641765,0.0345698681508244,0.0352005504770367,0.059331096468983,5.02589558040838,1.00229677990774,1.97140142003314,0.0180665233391496,0.019096639350318,0.0634457366507003,"Deviance"
42,2000,0.35,35,2,0.25,4.98178477599425,1.00514588630352,1.95125249994164,0.016197455035193,0.0164613623683652,0.0590562303986835,5.01426325614398,0.9271859413609,1.74318865101637,0.0171096870485506,0.0167494803382349,0.0521611807891085,4.99469926532213,1.03198979324117,1.20277255946639,0.0346998038679978,0.0345390771154565,0.0590396118577662,4.98227905137151,1.00665432089321,1.93686419501608,0.0183183505010315,0.0193074719524297,0.0624805822497326,"Deviance"
43,2000,0.35,35,2,0.25,4.99736067780564,1.00026473262521,1.98238121822459,0.0160537715307217,0.0161181152578173,0.0603224117290483,5.02686642789575,0.943915299282472,1.79810098730366,0.0168305142328574,0.0164029497225836,0.0541466540040147,5.02969465410116,1.04147527767633,1.22084965936585,0.034438172241448,0.0349519399692681,0.0600918413254025,5.00584572435825,1.00894615482191,1.99896711266947,0.0180605460464401,0.0188519876040029,0.0649082295243118,"Deviance"
44,2000,0.35,35,2,0.25,5.00537785461259,0.996109107415399,1.99544173994493,0.0160057980161917,0.0158311852929184,0.0605492421419365,5.03545895746984,0.950926947414359,1.83246632325796,0.0166818201005843,0.0161264010278546,0.0551137369314483,4.99643472014248,0.971536868776334,1.22583277463049,0.0343710724071904,0.0337952286646814,0.0601129647812376,5.00791982960927,0.987841790850712,2.01907684630852,0.0179439596709691,0.0184738433137445,0.0651711619428078,"Deviance"
45,2000,0.35,35,2,0.25,4.99382044597775,1.02810653551335,1.92933809813183,0.0162816739683159,0.0163327628819618,0.0583721996799843,5.03752895273597,0.957289989943505,1.72827787551184,0.0171670193004827,0.0165736375449323,0.0516995904812785,5.02767088040947,1.02998997612835,1.17768631949316,0.035106813163659,0.0354785639600525,0.057591862195176,5.00416879451448,1.0192395184615,1.90705221756326,0.0185429650379593,0.0191793474139868,0.0616051582724457,"Deviance"
46,2000,0.35,35,2,0.25,4.99065257718032,0.971396670722813,1.95706782423475,0.0161504726398753,0.0164817211347503,0.0591733288741986,5.02512597300396,0.907439133401392,1.75102646206598,0.0170463509149857,0.0168723825092708,0.0523416275116636,4.99812454198254,1.01714345991653,1.21488358824212,0.0345245673300323,0.0356028260901896,0.0595244496026345,4.9884973758562,0.99093039019889,1.97111161003926,0.018215133564407,0.0195296847675157,0.0637011192114305,"Deviance"
47,2000,0.35,35,2,0.25,5.0251189709633,1.01959178593968,2.00623936958015,0.0159529645275849,0.0164027024999952,0.06095291434106,5.0562166009461,0.953595716394958,1.80637159993833,0.0167865901487798,0.0165970508517366,0.0542910752547233,5.05781614388343,1.05718380523075,1.28267042476435,0.0336017237712418,0.0348169401970947,0.0631364888815691,5.01864097023412,1.02073232143286,2.01852442994464,0.0180107929795883,0.0193748698118247,0.0656001559646291,"Deviance"
48,2000,0.35,35,2,0.25,5.00312087953868,1.01096697226201,1.99485491790445,0.0160118542157069,0.0158889259526103,0.0607360095194141,5.04044986825128,0.952822292452068,1.78346790701162,0.0169065416828037,0.0164092106666857,0.0536697105997236,5.00562684827369,1.03741492703176,1.23331729564797,0.0342815156441856,0.0333544531701278,0.0608444195727155,5.00447954136646,1.00452257320417,1.99978384937776,0.018083554582017,0.0184969091074488,0.0650040206527905,"Deviance"
49,2000,0.35,35,2,0.25,5.01394050922437,1.00843336718015,1.9704628748013,0.0161051822639164,0.0160427443212145,0.0596625899815139,5.05291030467903,0.95362406085415,1.78982277824128,0.0168679037269522,0.0163575813135186,0.0536495322627221,4.98282707484846,1.07645148530824,1.26515176140389,0.0338656212736533,0.0335286987100735,0.0624467470162157,5.01019952584952,1.02614477389872,2.01500681520342,0.0182280427246768,0.0186222483600741,0.0656707141109383,"Deviance"
50,2000,0.35,35,2,0.25,4.99523425466526,0.988142039110232,2.03197205958501,0.0158716782904539,0.0156323590719106,0.0619308736716727,5.02333518876691,0.941062549442867,1.86177503978665,0.0165570979454806,0.0158507048990148,0.0562147701550412,5.00921621782603,1.01488541465623,1.26389290075994,0.0339314820745303,0.0341568288471797,0.0621695057500693,5.00040019693365,0.989834274644198,2.03304543140427,0.0178972034148179,0.0186179330080656,0.0660163588385186,"Deviance"
1,2000,0.35,35,2,0.25,5.01084724536731,0.977698903434612,2.06069449325226,0.0157464844269504,0.0158111962984109,0.0625499326676231,5.04072751672873,0.915951366357453,1.85558486316989,0.0165684060155818,0.0160564814598565,0.0557154150568781,4.99439082370902,0.962549580065176,1.28192750779815,0.0336213835217616,0.0341409364192469,0.0631507591940306,5.02016448807386,0.988101510156629,2.06610417959993,0.0177087544434075,0.0185118823227598,0.0666712445896916,"Deviance"
2,2000,0.35,35,2,0.25,5.03318637796418,0.981991759991464,2.00204846533037,0.0159713996325114,0.0163925080876866,0.0604473831476628,5.08002348596362,0.91722169329638,1.76886035865191,0.0169554436250672,0.0169786835127025,0.0527595092398427,5.0548454254847,1.00496049084897,1.2187077386015,0.0345272308772487,0.035336439665052,0.0596155149328345,5.02865790976895,0.986312772792596,1.97950957814359,0.0180194695166936,0.0191686357171643,0.0634047532420856,"Deviance"
3,2000,0.35,35,2,0.25,4.98228131134568,1.00856419721841,1.9734641033054,0.0160938584265948,0.0164085406658681,0.0598174612041129,5.00814447026581,0.964948578402772,1.82315409790316,0.0167221275938413,0.0166319586968957,0.0547882733422245,4.99093881270488,1.03879302128993,1.19006942647637,0.0349202560870201,0.0341175263767979,0.0582907410764074,4.99197532808059,1.00463410106895,1.98325626119641,0.0182378154064822,0.0188073060011819,0.064017322112716,"Deviance"
4,2000,0.35,35,2,0.25,4.96731740322203,1.0238584918316,2.01982918831774,0.0159275693210754,0.0155343932999209,0.0615646809624449,4.99363425440908,0.97498062928475,1.85448545947179,0.0165961066809794,0.0156914489481041,0.0559944902144681,4.94064424303882,1.01202874585007,1.28381944156781,0.0336260401162034,0.0325836426629646,0.0635616000118438,4.9570057187657,1.03201564959303,2.0580518659603,0.0181424328309167,0.0181010276450895,0.0675847069268885,"Deviance"
5,2000,0.35,35,2,0.25,4.98265892160252,1.02018718966831,1.94486639926647,0.0162065234280267,0.0166563129294265,0.0589194632693355,5.01278097584454,0.939727344429483,1.74328884204843,0.0170882129473292,0.0169753376960435,0.0522440721857496,5.00410288965518,1.05891371635611,1.19796513697634,0.0347803627712237,0.0360386526847822,0.0586736701321531,4.97881106994322,1.01654002421381,1.93389612066052,0.0184006368269766,0.0205833898809437,0.0625249968157599,"Deviance"
6,2000,0.35,35,2,0.25,4.99166809880931,0.994050296568051,2.05928760583056,0.0157544250359768,0.0163779616906209,0.0627203966834986,5.01523870608801,0.929081788197068,1.87851312492448,0.0164710929179024,0.016538037806634,0.0566986902634938,4.97412033062422,1.0587032252487,1.24776372070697,0.0340825261381446,0.035352300757656,0.0614796798390741,4.98094125445856,0.998668922914425,2.04912863504663,0.017870024830646,0.0197328550935264,0.0665229622556267,"Deviance"
7,2000,0.35,35,2,0.25,5.00988121185947,1.01200305009142,1.94084751675115,0.0162241711379726,0.0161503515037052,0.0585638742555645,5.03600043799184,0.955461387907523,1.73526993771741,0.0171294471238923,0.0165583474145232,0.0517659360936756,5.05422050467941,1.0091086698241,1.20460420552361,0.0346573464566965,0.0348428713531043,0.0587938497718992,5.00433379189445,1.01539804062474,1.93206790695225,0.0181854145473975,0.0185464433268525,0.0618907533600287,"Deviance"
8,2000,0.35,35,2,0.25,4.96833406316998,1.00053653383391,1.97469974880286,0.0160882311163994,0.0164930856553579,0.059869267647993,4.98869451111034,0.950136951852106,1.82193869631486,0.0167293413354042,0.0166435794379142,0.0547592743221991,4.96249187184433,1.04076010465442,1.2375384747944,0.0342555266211868,0.0349511550641184,0.060848110955618,4.95505156166657,1.00446310666483,2.01929777693505,0.0179997081504792,0.0195088064308352,0.0653410958216378,"Deviance"
9,2000,0.35,35,2,0.25,4.99854536920049,1.00015217985689,2.06768585869845,0.0157331575134857,0.0155659047035366,0.0629987725968645,5.03284671748231,0.940197206047222,1.82269375274847,0.0167242865951491,0.0160037423855469,0.0548096978460251,4.99331388063097,1.08089315178914,1.2802612941268,0.0337175247821753,0.0329710035359416,0.063253163673675,5.00611250596986,1.00113298734159,2.05364761500141,0.0178631073016622,0.0184953554476988,0.0667698853546686,"Deviance"
10,2000,0.35,35,2,0.25,5.00791853795834,0.983589224711169,2.13819395584727,0.0154706968411169,0.015410969394735,0.0653272860069053,5.04055295808722,0.92774033956888,1.90149659498469,0.0163761114532612,0.0158992831996215,0.0574018221700047,5.01766487295566,1.00894188944726,1.28248326687517,0.0336138308499168,0.0332522258800266,0.0633836347708346,5.0081490444023,0.980961394245188,2.13939910785282,0.0174595182139804,0.0181486940681637,0.0694792973287815,"Deviance"
11,2000,0.35,35,2,0.25,4.99178432900761,0.992009925079157,2.13163107459289,0.015508971689475,0.0154246342959158,0.064715494402339,5.02444551395522,0.931460096458304,1.94816840017818,0.0161916616923825,0.0155314694271634,0.0586509371936893,4.97494966021242,1.03510281167517,1.34108154409248,0.0329145975495383,0.0336468888890643,0.0661755824426167,4.99053872124092,0.997493317414355,2.15552024736239,0.0176600003852593,0.0185355333169356,0.0701760619632841,"Deviance"
12,2000,0.35,35,2,0.25,4.99329113007889,0.976080287268719,2.05219341403945,0.0157834834261962,0.0160497482512913,0.0623736210563922,5.01958487085902,0.929597358845065,1.88668300996272,0.016438821522729,0.0162481650858725,0.0568315085895495,4.99700157372886,1.03556529275336,1.26345540567284,0.0338918744658284,0.035242481982967,0.0620640281526313,4.99648837546074,1.00056873532383,2.07298070683554,0.0177304121941384,0.0190253175083708,0.0670042255730645,"Deviance"
13,2000,0.35,35,2,0.25,5.01351390337221,1.0080741518609,1.91468450640441,0.0163253514689247,0.0166652435731874,0.0578487250763769,5.02792935721696,0.960621460396578,1.77394942250978,0.0169428603470292,0.0169278000040483,0.0531828860059704,4.99966676158044,1.04743058279923,1.14912115471748,0.0354899550966052,0.035944566335419,0.056080361826345,5.0089889065102,1.00983153981256,1.92464121380034,0.0183394755175982,0.019370358164228,0.0617726398537046,"Deviance"
14,2000,0.35,35,2,0.25,4.99929543098295,1.0105536191546,2.00995155070068,0.0159653809079774,0.0162091579828928,0.0608533335051054,5.02332333667443,0.959755759791213,1.85530628185036,0.0165963594013157,0.0163369176922858,0.0557133161746083,5.00955052570544,1.04104394196237,1.23867692897906,0.0343016664805547,0.0341252779498062,0.0607954812165259,4.99860578465731,1.01133995630368,2.02281549231402,0.0179483054909022,0.019282117274764,0.06519771724447,"Deviance"
15,2000,0.35,35,2,0.25,5.00646953003954,0.978915310053347,1.95971310841149,0.0161386142812313,0.0169193982171663,0.0593529198363148,5.04521679825204,0.908186158461047,1.78518825513227,0.0168800069132867,0.0170349158813525,0.0535597021196534,5.01338444043942,1.01636985624603,1.22172096320133,0.0344281036831551,0.0366157937176455,0.0599075741757431,5.0102190780919,0.983966217361576,1.96886401137007,0.0180821877461188,0.0203993559935669,0.0635287671614941,"Deviance"
16,2000,0.35,35,2,0.25,4.98117995659871,1.03285845684174,1.97353150547806,0.0160960366618399,0.0161066663061115,0.0598485576485383,5.01669686195367,0.972013997258683,1.77952174788015,0.0169225658386428,0.0164106373267624,0.0533747121388473,4.97315310063062,1.05845613538125,1.22536521835894,0.0344206223294828,0.0347373582937996,0.0602526289602145,4.98280557712848,1.03125838591009,1.99263084216877,0.0182591209492403,0.0193398830160234,0.0647395141148198,"Deviance"
17,2000,0.35,35,2,0.25,5.01320158769676,0.986386920697888,2.04348234798984,0.0158247978753774,0.0153673715435091,0.0620671774841337,5.04714505970143,0.935110938195886,1.86536762604988,0.0165336594098774,0.0155925829892887,0.0561232906674975,5.0478243256403,1.01480606976937,1.25337718548731,0.0340000731633276,0.0334720872295967,0.0617313137402748,5.01948895437068,0.994170706350417,2.057220944788,0.0177782616955566,0.0179226720999951,0.0666164317306921,"Deviance"
18,2000,0.35,35,2,0.25,5.01525499699303,1.01658283702134,1.99968700328016,0.0159846666009103,0.0161082522559055,0.0606087030675541,5.05117317585306,0.949768878841829,1.80824511498242,0.0167817672410931,0.0162978010154789,0.0542410605358841,5.02005394762802,1.05500833507955,1.19856537686045,0.0347547896855619,0.0359365611136575,0.0586919383535178,5.01773836431246,1.02362039408492,2.0055262418188,0.0181154803694633,0.0192987765455698,0.0647200509581504,"Deviance"
19,2000,0.35,35,2,0.25,5.01513706436994,0.985811730414214,1.98999495545109,0.0160176565983759,0.0164835507018789,0.060454047788554,5.04281245234166,0.92792581451224,1.81145338051838,0.0167647812976627,0.0167773888796012,0.0544926925480702,4.99989252087029,1.04242153089468,1.24670003679411,0.0341109334332344,0.0343919478124984,0.0613802995222072,5.02691892491552,0.982277551953228,2.00621365841209,0.0180207122314939,0.0194098000652579,0.0649544388802688,"Deviance"
20,2000,0.35,35,2,0.25,5.02170105815194,0.995457162923579,2.08590921953884,0.0156490889081202,0.0159816010395283,0.0635422730798521,5.0473688439969,0.943241774129366,1.89123972842568,0.0164112627103866,0.0163379465359452,0.0570146050887105,4.99993056162462,1.06320738023369,1.28084438827471,0.0336493011933644,0.0347185495682033,0.0631631471461612,5.01404286234209,1.00162277889895,2.08829235483156,0.0178341931403448,0.0190335230623571,0.0680085475491465,"Deviance"
21,2000,0.35,35,2,0.25,5.01361728407894,0.994631814617485,2.02940925531291,0.0158749058384043,0.0158626783897267,0.0617729091091898,5.03873561306441,0.934320215465269,1.8136102280358,0.0167639079710303,0.0162131254268257,0.0545533807500448,5.02264225619092,1.03662396224021,1.24724854039619,0.0341854111290705,0.0350169999153389,0.0614178133532738,5.01215856105623,0.993386648649351,2.01288985321098,0.0179368226658412,0.0187583903390582,0.0651900167562078,"Deviance"
22,2000,0.35,35,2,0.25,5.01046428296306,0.972699629375135,2.05950417996804,0.0157516338117025,0.0159899844292395,0.0625788702642873,5.04260893956278,0.911213786394944,1.84999286355148,0.0165915982035189,0.0163375487463403,0.0555987689259196,4.99922064499546,0.973287080190053,1.27398247633916,0.0337474759776386,0.0340863641242434,0.0627129441788256,5.00806962304463,0.959584217907142,2.04715554147604,0.0178506805844863,0.018876220076916,0.066110141075712,"Deviance"
23,2000,0.35,35,2,0.25,5.00922304048345,1.00732841155585,2.11920062450504,0.0155367266851906,0.0158793327559623,0.0646841138743435,5.03687475134011,0.940686904317703,1.95521003711741,0.0161508380331815,0.0158630897796608,0.0592082867439753,5.00253407087832,1.04005395480064,1.28269186514382,0.0336094573288068,0.0355800900977104,0.0633487886883436,5.01262049855369,1.00560105152413,2.13608918227459,0.0174969225902312,0.0191967509003838,0.0694565443412868,"Deviance"
24,2000,0.35,35,2,0.25,5.00937626699812,1.02644739933098,1.9861575402918,0.0160379838791309,0.0162986921537631,0.060482816644618,5.03326532426406,0.972461787852312,1.81726160477423,0.0167434696128957,0.0165367846730211,0.0548209242225959,4.98885719358335,1.08264853639692,1.26025158708203,0.033945745769238,0.0355773599669778,0.0620969073560268,5.01678038607639,1.05591615955668,2.02193242112133,0.0181786260530108,0.0203005018162567,0.066066306355706,"Deviance"
25,2000,0.35,35,2,0.25,5.00873339532406,0.99750096211405,2.03181252412598,0.0158674433639712,0.0157367791217325,0.0616635675051639,5.04361474507977,0.949307379848378,1.85125015508759,0.0165948696521777,0.0159552999333795,0.0556316985095491,4.99667512229743,1.06070224745043,1.25867166366669,0.0339453728433591,0.0341042086680602,0.0619579391136716,5.00357358206639,1.01063582277418,2.04893848360015,0.0178992050649587,0.0186907193291537,0.0664146854346252,"Deviance"
26,2000,0.35,35,2,0.25,5.0068885489145,1.00436646134572,2.04942630736408,0.0157923061431282,0.0162545807647202,0.0623510957237229,5.02832312517153,0.946839795250495,1.89346088667808,0.0164091939422222,0.0162911616863518,0.0571409475249499,4.98475146451703,1.01747922414473,1.22902242224954,0.0343842784197221,0.0360367746469272,0.0603503225429515,4.98872612304148,1.01414164791507,2.059350401181,0.01777978321353,0.0192806865885857,0.0666336499123953,"Deviance"
27,2000,0.35,35,2,0.25,5.00500626739435,0.998207713942833,2.02858250205314,0.01587298520029,0.0160460376074809,0.0614978287585173,5.03586493848359,0.934742644406226,1.84259869220136,0.0166280299641686,0.0162385843839916,0.0553302041326992,4.98690696417181,1.04114756522538,1.29123714437783,0.0335653327313743,0.0332963717338626,0.063599476396052,4.98862636917868,0.998090484694928,2.04077206011084,0.0178955572887475,0.0189592887327385,0.0661736067275331,"Deviance"
28,2000,0.35,35,2,0.25,4.99199701261619,0.994267791953309,1.88693638486026,0.0164508395929121,0.0163329436967972,0.056977689775586,5.02196014044965,0.934109352448863,1.70730399187804,0.0172682671920488,0.0165531731783147,0.0510120978163256,5.04122897328534,1.01346378031529,1.17592128379706,0.0351032037231323,0.0339980518339001,0.0573493917459277,5.00521695542754,0.995822398101553,1.87295376208715,0.0184446516095942,0.0188352198258439,0.0599433601586425,"Deviance"
29,2000,0.35,35,2,0.25,5.01520190071098,0.978799791961152,1.99886796468102,0.0159780268601294,0.0166179976803397,0.0606437049731365,5.04731346766267,0.911974563750309,1.81872817545556,0.0167268892604561,0.0168466071405731,0.0546557356703227,5.00788476228917,0.978292052577507,1.25563929479454,0.0339496885561497,0.0360344415991138,0.0617717841833386,5.01682150986602,0.982113583744017,2.01810332121844,0.0179459723165547,0.0197624950529281,0.0652871992893608,"Deviance"
30,2000,0.35,35,2,0.25,5.01087952671848,1.00361210585834,2.16977116115893,0.0153605283900585,0.0154587450871591,0.0662422192668941,5.04742013604307,0.946328582527384,1.92636339083334,0.0162709257546583,0.0158933711441346,0.0581080365840256,5.01503716027045,1.03674098491619,1.36134519737358,0.0326528348136241,0.0314404996941139,0.0676561497987271,5.01960144827521,0.995401323444162,2.18710659304268,0.0174349593146298,0.0180445037151765,0.0717702820111006,"Deviance"
31,2000,0.35,35,2,0.25,5.0219993783481,1.01060512995423,1.91981611064336,0.0163076090408401,0.0168147655190512,0.0580444030264554,5.05450450731326,0.952340082918255,1.7159531883396,0.0172217317099544,0.0173791199969416,0.0512741990721107,5.0294168261419,1.03110735156725,1.18239579583387,0.0349834803148951,0.0365243793822477,0.0578893716267012,5.02438190940082,1.0196765986711,1.90129668140134,0.0184090815483867,0.0200437917397587,0.061054598145405,"Deviance"
32,2000,0.35,35,2,0.25,4.97568300239722,1.01274625603644,2.04822685801757,0.015842898770247,0.0158587921096737,0.0622843571094392,5.00411230995393,0.958205065615175,1.86207335674629,0.0165890849590906,0.0161280383405677,0.056068796156637,4.9743434969593,1.09200108637216,1.30271364299742,0.0335811173617915,0.0350824128384316,0.064241812988849,4.96914316876313,1.03066249961073,2.09331238687845,0.0177665181594529,0.0190169312101008,0.0679727863418494,"Deviance"
33,2000,0.35,35,2,0.25,5.01172896574049,1.00283975548562,1.95992901741156,0.0161469962235531,0.0160481788014627,0.0595007924526237,5.04925976504831,0.946646765502444,1.7713249237471,0.0169557965968945,0.0163488840657212,0.0532045137593983,4.97989140837868,1.06624877480531,1.23021454417004,0.0343474704343735,0.034642006557448,0.0603093751972522,5.00657119606991,1.01302547904078,1.94597997807503,0.0183360075261029,0.0192171708212901,0.0630540915309646,"Deviance"
34,2000,0.35,35,2,0.25,4.99261410769143,1.02755318147131,2.03804566751417,0.0158400851147427,0.015995809929147,0.061918947464282,5.0219729767513,0.976970624067846,1.87135298030734,0.0165093702168441,0.016173008662375,0.056336906656661,4.99017571582474,1.05423122011765,1.26314914295435,0.0338715223657161,0.0342384327094997,0.0621351054211962,4.99472109936454,1.0351901030231,2.06665129572225,0.0177438904876477,0.0182671680109639,0.0669168646007056,"Deviance"
35,2000,0.35,35,2,0.25,4.99937579227363,1.00991550175966,1.99741710501059,0.0159961794966183,0.0163397286657495,0.0606972809629963,5.03669492656115,0.937876196573886,1.80499847949321,0.0167959119204839,0.0165200165817556,0.0542924982375602,5.01832673351085,1.008159712681,1.23282990362073,0.0342733641994645,0.0341596339673524,0.0606512711292143,4.99482697079761,1.00209289295579,2.0216271229104,0.0180707216078447,0.0193289752516842,0.065687819354874,"Deviance"
36,2000,0.35,35,2,0.25,4.99543060279518,1.00610830681785,2.08296387994753,0.015678450757184,0.0156874090603005,0.0635324131647905,5.01651743863468,0.950517102979055,1.91135391832651,0.0163449884694672,0.0158451057473884,0.0577878573025652,4.96867628007235,1.02190778196355,1.25960714602852,0.0339988365276431,0.034000917202513,0.0622075414271865,4.98608316176857,0.995439347791478,2.07785033090153,0.0177921179541461,0.0183664806165961,0.0675225133098368,"Deviance"
37,2000,0.35,35,2,0.25,4.99208007882738,1.02370666541731,2.04870004363178,0.015816520556814,0.0160822138335143,0.0622574097924534,5.03015022175825,0.961994067934588,1.84686659190777,0.0166238804203911,0.0163868971088233,0.0555431175485971,5.00007616358871,0.989950348933708,1.21582370836905,0.0345115923696948,0.0340932311320704,0.0596613212639815,5.00699670937155,0.998960027334521,2.00854674896448,0.0179693304324683,0.0185727128557742,0.0648329501931609,"Deviance"
38,2000,0.35,35,2,0.25,4.99302674974848,0.973839067207041,1.94494097488832,0.0162012683964585,0.0166342263798167,0.058800083069342,5.02125461550359,0.909512072459923,1.79893278999232,0.0168245287465731,0.0165836060748284,0.0539489484588391,4.97628576751061,0.96701937701412,1.17749216102126,0.0351006984384814,0.0355462768919903,0.0576104040193543,4.98501782302052,0.963847424773328,1.95244206517752,0.0180910859221473,0.0191513012000024,0.0625845565598507,"Deviance"
39,2000,0.35,35,2,0.25,5.02345424226618,0.990418186551792,2.0389737883471,0.0158420540867635,0.0162836453616439,0.0619475448612223,5.04645133047331,0.936361911891796,1.84018852663636,0.016648501287238,0.0166212059935152,0.055309576290069,5.02481569907946,1.00048028382561,1.25782092184286,0.0340079109965207,0.0339349634711438,0.0619745029606021,5.02897566991117,0.986169888607934,2.02968597261898,0.0179411148624851,0.0187477704472665,0.0657030806146369,"Deviance"
40,2000,0.35,35,2,0.25,5.0125034459703,1.01221233570845,2.04371280724958,0.015818513426378,0.0161967005369962,0.0621475165856948,5.0335902506825,0.950049663108443,1.85267679678174,0.0165871976914332,0.0164650722836871,0.0557999711403303,5.01732757207954,1.01201422272908,1.26825862915396,0.0337878515129256,0.0343285239833018,0.0625213150904939,5.00692688292626,1.01197118914732,2.05991863962741,0.0178288970580647,0.0189296843483262,0.06688323795159,"Deviance"
41,2000,0.35,35,2,0.25,5.00599845694938,1.03647776536552,1.95167620145637,0.0161889473439525,0.015820234818468,0.05915409296695,5.03844116932982,0.982146256946226,1.77151328001228,0.0169632799214698,0.0161344858541909,0.0531627772010339,4.98702228651268,1.05157465734266,1.208546686678,0.0347034340495626,0.0346746602677375,0.0592220575229338,4.99309877036456,1.04496079525334,1.9571567811804,0.0184014234128539,0.0192369739665551,0.0634064125740921,"Deviance"
42,2000,0.35,35,2,0.25,4.98746103666177,0.992562780717871,1.97768808220267,0.0160820968214071,0.0155071291785543,0.0601303265198161,5.02304510678593,0.954071886062976,1.83014791941576,0.0166928592512928,0.0157456227422272,0.0551832482440027,4.97926928044658,1.00252410415022,1.20776117297833,0.0346533082286319,0.0325758579962677,0.059330503740915,4.98159818396306,0.996129157861795,1.99104409647514,0.0179711656355275,0.0179101785951152,0.0642877385763757,"Deviance"
43,2000,0.35,35,2,0.25,5.03942827156764,0.999469136153738,2.03569191007779,0.0158446802234622,0.0158762719139956,0.0619205594959993,5.05704270370485,0.953104003512158,1.86718497660511,0.0165221555918029,0.0161692132048876,0.0562894035040892,4.97844877705748,1.04410446787577,1.30361039689256,0.0333638709534007,0.0337078695993907,0.0644561109946555,5.02086807433253,1.015065596428,2.08994219929766,0.0177004562414182,0.0193189754233067,0.0679027229321698,"Deviance"
44,2000,0.35,35,2,0.25,4.97697782788559,0.992622219248315,1.99467481952558,0.0160083299060139,0.0165636024084992,0.0605212029977879,5.01760328933734,0.923791619954183,1.7826050289956,0.0169013529007779,0.0168390724527479,0.0534505990722706,4.98414376683018,1.01522546442734,1.19729019550711,0.0347821657685547,0.0352921647488548,0.0586293470717299,4.99032853804249,0.995674362112665,1.97054467708108,0.0180683601907619,0.0195523140865935,0.0633795350557532,"Deviance"
45,2000,0.35,35,2,0.25,5.01192311610066,1.00998410978803,2.06890909730358,0.0157192862541909,0.0158622224173357,0.0629950937925872,5.05535022482869,0.962155044244957,1.82785824479559,0.0166914594559434,0.016506524813345,0.0549143535673541,5.00602578888424,1.06906436649482,1.26121869643623,0.0339054733655545,0.0340697026789772,0.0622437260179493,5.0171216149403,1.01720063092552,2.05623865034746,0.0178984216388892,0.0188349263555434,0.0668276252764558,"Deviance"
46,2000,0.35,35,2,0.25,4.9921021788801,1.00084665572594,2.07860123822719,0.0156878527967493,0.0157559059601649,0.0633471484018373,5.02678472178735,0.937147466621656,1.86573812791767,0.0165274331240399,0.0161074668207727,0.0562371615835074,5.00145779364291,0.986853586946887,1.27379961238036,0.0338089232636042,0.0335498814600797,0.0627799727536652,4.99133388077172,0.994642908044963,2.08939497999109,0.0178171170952618,0.0188828195742536,0.0681537879224599,"Deviance"
47,2000,0.35,35,2,0.25,5.01662746252229,1.02681043576184,2.08612109134187,0.0156854441658493,0.0157970714708029,0.063475665833025,5.05504809667241,0.957086491908796,1.86392359018226,0.0165565691229536,0.0161544174454039,0.0560739993781847,4.9989456539991,1.00140199490167,1.26525886071142,0.0338712614545963,0.0347367660408609,0.0623105446426698,5.01655451613585,1.00934694016129,2.07683233448366,0.0179707723498454,0.0191117322228039,0.0676013947478541,"Deviance"
48,2000,0.35,35,2,0.25,4.98244532628718,0.984333040034601,1.92853313201066,0.0162734530899846,0.01619831785192,0.0584910112302965,5.01019541637064,0.930160203632905,1.75343055573704,0.0170418477261892,0.0165787040924394,0.0526564639488328,5.00013669965226,0.989725567140513,1.22348019237852,0.0344038806547097,0.0332567868551916,0.0601047021616424,4.98118695528903,0.977403042735318,1.93172349183064,0.018198160659576,0.0189430970546829,0.0623043584331982,"Deviance"
49,2000,0.35,35,2,0.25,5.00997033977329,1.01567842052045,2.01151459872974,0.0159490587463031,0.0164820345826071,0.061070194287831,5.04203408370536,0.956235581447298,1.8095293388701,0.0167884640954144,0.0168125099433162,0.0543366675388518,5.03076069074599,1.04645488122715,1.25100169702504,0.0340428901998298,0.0365381491310622,0.0614227624769333,5.015506617139,1.02203280395282,2.0226978316159,0.017995281349093,0.0196362987128562,0.0655072056268785,"Deviance"
50,2000,0.35,35,2,0.25,4.97060266827231,1.00683563037568,2.09369351731641,0.0156420907898399,0.0154397453900312,0.0636733325110061,5.00889185944783,0.954446033868442,1.89544511525106,0.0164083309369125,0.0157614482116111,0.057095729871002,4.96966079270034,1.01854795320964,1.30001530372041,0.0334125839612854,0.0334732159441129,0.0640118323492838,4.96353746662335,1.01184113852318,2.10912396107785,0.0175836895227704,0.0178897241184162,0.0683617828050233,"Deviance"
1,2000,0.35,35,2,0.25,4.96246282429267,1.02389788585369,1.94677432262304,0.0162099918597119,0.0161463326917174,0.0590212703810612,4.99332099801913,0.970088921529423,1.74605511209262,0.017087061987677,0.0166048472586079,0.0523318349956793,4.9667377640133,1.08527456569299,1.21009168255508,0.0346340956711343,0.0343684678901447,0.0594769154061273,4.95449295891745,1.03859148356977,1.96573774830663,0.0182804631352111,0.0191990854161472,0.0637176005949801,"Deviance"
2,2000,0.35,35,2,0.25,4.99778116063391,1.00341524157808,2.01338502596828,0.0159419448075589,0.015992367259153,0.0610590583137131,5.03380048644065,0.942910751917268,1.81039844741068,0.0167818801894104,0.0163125216624277,0.05431388463354,4.98546683619631,1.05245680559443,1.24303704252239,0.0341733169526914,0.0338726513915037,0.0610491944942786,4.99777928319834,1.01107165290257,2.01491507885873,0.0180319653040614,0.0187153783980547,0.0652240359678385,"Deviance"
3,2000,0.35,35,2,0.25,4.97936310050576,0.999378213219736,2.01816222003084,0.0159205562193765,0.0159176362231753,0.0614039092649185,5.00877277282687,0.957092030252743,1.84488505648834,0.0166293732761694,0.01630099784585,0.0556093185722439,5.00867951833989,1.0308131093854,1.26900988000186,0.0337894400549739,0.0340733205212672,0.0625947935750526,4.98521588467512,1.00208450045401,2.06018128640756,0.0177914028440672,0.0184278573403475,0.0669576790449554,"Deviance"
4,2000,0.35,35,2,0.25,5.01922097211785,1.00625312689845,2.02934031893523,0.0158711807113621,0.0161670346214991,0.0618173651986582,5.05170966081099,0.955179164730376,1.83960722549407,0.0166427499888166,0.0164966030949856,0.0554411879199474,5.0711230958622,1.01408450697175,1.230905069528,0.0342976513456788,0.0343147545858322,0.0606896200360008,5.01450968290909,1.00251688283525,2.02789928964629,0.0178628723237864,0.0182610244204625,0.0657021749279263,"Deviance"
5,2000,0.35,35,2,0.25,5.01139508402628,0.997627223060639,1.94597515917718,0.0162061184023362,0.0164807887697766,0.0589697750089332,5.04138960089375,0.948952132027239,1.75426773408873,0.0170452969008316,0.0168872770111064,0.052567371542744,5.05273875259789,1.04750135881859,1.25172699083903,0.0341295463209061,0.0330909278753983,0.0616326375360226,5.00549732787878,1.01912565209349,1.95026187375257,0.018105190535451,0.0189587453875256,0.0628715450821794,"Deviance"
6,2000,0.35,35,2,0.25,4.98723007549166,0.970297706919761,1.96126167664748,0.0161437217880085,0.0163043841243754,0.0595538998679856,5.02294961766873,0.910422431071784,1.76403739411238,0.0169915092213749,0.016731549342899,0.0529848144604221,4.96911168267923,0.970226630648279,1.21671120721449,0.0345698686099747,0.0355759047468716,0.0597025957163107,4.9920021225014,0.971531127923527,1.95588175188814,0.0181703361418865,0.0193293527314613,0.0631983129588512,"Deviance"
7,2000,0.35,35,2,0.25,4.99888219062684,0.994676434214692,1.99718132195944,0.0159978030636935,0.0163148602614242,0.060431826753275,5.04591964133072,0.936967903163701,1.80118361336437,0.0168120281003547,0.0165811745438317,0.053931783468559,4.98909992796714,1.02762372646158,1.23904599828089,0.034204198513631,0.0343113082512045,0.0608219057289616,5.00633156677398,1.0058257858072,1.98724710257323,0.0179991748025172,0.0189849124005018,0.0639784693750643,"Deviance"
8,2000,0.35,35,2,0.25,4.96511595397479,1.01689645889862,2.04814251904904,0.0158106025774615,0.0159546331880722,0.0625450277846744,4.98686337390377,0.944689366173921,1.83546004677612,0.0166711930735866,0.0161540678538805,0.0553875525958586,4.96736441042876,1.05212046163265,1.23756692679528,0.0342505832945509,0.0341646261234075,0.0610590806601422,4.95776987644081,1.0208652837253,2.03973836875326,0.0179467827854311,0.0190356695264213,0.0663332635654523,"Deviance"
9,2000,0.35,35,2,0.25,4.99656387083503,0.999954821067391,1.97132759951185,0.0161097913813395,0.0161545837762959,0.0597650721452748,5.03552200045297,0.947818143169471,1.80008839177958,0.0168268393497546,0.0163887762751279,0.0540474696260037,4.97344084799873,1.02513441508952,1.21399063493439,0.0345501547835751,0.0335089587273854,0.0595642021372754,4.99557458559959,1.0007063696914,1.978379874081,0.0182219312122086,0.0187783000481552,0.0639302265031621,"Deviance"
10,2000,0.35,35,2,0.25,4.97508963546566,1.01848901644427,1.9086012143869,0.0163648443647753,0.0162348557684986,0.0576993629049451,5.0048152935422,0.963731906471242,1.73881391998308,0.0171205626925812,0.0163825181137465,0.0520374413461204,5.00826923089005,1.0175041417763,1.1952975878563,0.0348172598492242,0.0347890002736164,0.0585171969463885,4.97828015066432,1.01483961212844,1.94676861661568,0.0181866321407868,0.0186066152892572,0.0626610373385078,"Deviance"
11,2000,0.35,35,2,0.25,5.00322464623817,1.01663520972734,1.95057628429901,0.016182300908441,0.0164097611148806,0.059104474886701,5.01671011076416,0.964956513429903,1.80066684488458,0.0168242732146902,0.0165864486321086,0.0541245636512561,5.02376193421234,1.05850366330147,1.21179428282758,0.0346058307933792,0.0350455057708833,0.0595588620569406,5.01156717523013,1.02885348001246,1.96675999203038,0.0179692488887073,0.0191265514485841,0.0631904730450454,"Deviance"
12,2000,0.35,35,2,0.25,4.99836389754298,0.987721908764527,2.01191286054054,0.0159341748978609,0.0162298436708433,0.0611918386014181,5.02647085194461,0.917999680209998,1.83509493726744,0.0166601588031803,0.016275315722216,0.0552795962902722,4.99017730116321,1.04473816921936,1.24563940572376,0.0341364085586282,0.0349718500569271,0.0614255412742682,5.00467206633441,0.993331945719027,2.03991291181538,0.0178748188829668,0.0191177993821393,0.0661958445221047,"Deviance"
13,2000,0.35,35,2,0.25,5.00139949463606,1.0052501906687,1.94324723417304,0.016219722810041,0.0161947968712567,0.0588541656641067,5.03153891975775,0.944419309230551,1.76913227219483,0.0169729550886635,0.0163817365949056,0.0530644451548058,4.99970852580405,1.02518378839286,1.19232316552514,0.0348497149915009,0.0349701637246639,0.058387205938817,5.00032279528936,1.00713386060972,1.96350925206753,0.0181785344047107,0.018699293916777,0.0633053164791088,"Deviance"
14,2000,0.35,35,2,0.25,5.01094435566758,0.996529273415733,2.13397330768425,0.0154852092334681,0.0156150342751311,0.0650974278280138,5.04495664742906,0.92055384991804,1.92257894190244,0.0162848550155374,0.015693109550645,0.0580441669879706,5.05496901054374,0.980935254879493,1.26330000581323,0.0339647046216184,0.0333779802493549,0.0622699384582575,5.01240012802477,0.99356630444464,2.11807075626338,0.0175284902593224,0.0183422570334769,0.0685947049039639,"Deviance"
15,2000,0.35,35,2,0.25,4.98710330887294,0.987571141616243,2.06586853525903,0.0157363471376247,0.0157439738817612,0.0629806306872456,5.02289987507632,0.936043684954063,1.87108310367106,0.0165065181561238,0.0160341091032771,0.0564446290866563,4.98375843234191,1.02873919254649,1.26390707763889,0.0338700881007885,0.0336012585330145,0.0623309824628854,4.97973682621573,0.992062872715164,2.07778746605073,0.0177309981646586,0.0187847416572829,0.0675911971748019,"Deviance"
16,2000,0.35,35,2,0.25,4.98443664762083,1.00323345025191,1.97002154809076,0.0161122389125793,0.0163120446902325,0.0596455367118354,5.02569051845442,0.964397348952033,1.78005264286507,0.0169190627052193,0.0167553467544129,0.0532961768687817,4.9724995209477,1.07424184094381,1.17985948663857,0.0350599052762878,0.0350740300797878,0.0576634502218825,4.96744372091743,1.01337272840918,1.98136493494296,0.0182189593045997,0.0191607617172613,0.063857450018868,"Deviance"
17,2000,0.35,35,2,0.25,5.00717815264434,0.969706153400227,1.97244440057763,0.0160913076250455,0.0161652696330414,0.0596876811887137,5.02894993471909,0.929749906427375,1.81843745937622,0.0167390063757,0.0164362112993849,0.0545587478537123,5.02404881563074,1.00984082885814,1.18814809217774,0.0349187949590087,0.0340592343124611,0.0580691699216514,5.00716601161345,0.974966735573543,1.97653806694009,0.0180388524325542,0.0189227710282921,0.0634195113050639,"Deviance"
18,2000,0.35,35,2,0.25,5.02249938840254,0.991588314787344,1.90381571561844,0.0163694586246886,0.0164380689737784,0.0573859359628913,5.05657594906451,0.935393532676889,1.74220405704127,0.0170881154770592,0.0167600824175175,0.0520553045696682,5.01871178250397,0.995750530978136,1.20115874080358,0.0347479005798427,0.0342147166059681,0.0588295253708894,5.01332683236882,0.985268093882513,1.93070517426846,0.0183765238747794,0.0188846376518396,0.062210228680447,"Deviance"
19,2000,0.35,35,2,0.25,4.95940175771153,1.01308480302104,2.01114625197372,0.0159517165497357,0.0158040777508409,0.061235153925007,4.9870385902526,0.937338366696814,1.78735614369581,0.0168904144136599,0.0161424167005699,0.0537758221727119,4.95791104046825,1.02539815848294,1.22177281351965,0.0344664095507546,0.0328509085489014,0.0602569137096048,4.96791841126743,1.00316606136453,2.00895034581792,0.0179638601130966,0.018562057421649,0.0650923746315807,"Deviance"
20,2000,0.35,35,2,0.25,5.01335912924903,0.996510386204517,1.98892407615069,0.0160313851377677,0.0158241074614736,0.06013897445644,5.04165848537724,0.953300220743328,1.82335074339956,0.0167208746553102,0.0160229574039423,0.0546364024337796,5.0019005114194,1.02248204013836,1.22821570422504,0.0343839094312687,0.0350903199708251,0.0601173819035387,5.00913228526142,1.00280070951943,2.01261727014188,0.0180496981879937,0.0185299876994048,0.0648764300066946,"Deviance"
21,2000,0.35,35,2,0.25,5.02145154551776,0.993585878556013,1.95491040459066,0.0161614334977855,0.0161360299746968,0.0593610302124538,5.05150167595067,0.934706796515086,1.75710185341997,0.0170202595333433,0.0164879754240888,0.0527549468266614,5.05739184438374,1.06206334986046,1.2119136871515,0.0345596167494108,0.0352003573680699,0.0595326935905873,5.01206629137506,1.00292185647749,1.95008077872046,0.0181211190968044,0.0194420144314511,0.0628625163327505,"Deviance"
22,2000,0.35,35,2,0.25,5.00998715800084,1.00554886527227,2.03562045961352,0.0158482080449486,0.0158109587158848,0.0619410940423067,5.04046093936316,0.935384933744189,1.83410935759378,0.0166686971897923,0.0159430615280895,0.0552006051706082,4.99230804290318,1.04299906602017,1.23894532201218,0.0342008360496129,0.0341670923844451,0.060893128617216,5.00999807165181,1.00339435197886,2.04908003163846,0.0179326809640506,0.0189273917355399,0.0664838111164083,"Deviance"
23,2000,0.35,35,2,0.25,5.00987608645229,0.985897780564387,1.94409044961323,0.0162045804630733,0.0161631402352361,0.0587380811554272,5.04738359263065,0.916462204098384,1.7489236920569,0.017057401923572,0.0164388320114654,0.0522814489291293,4.98648272128911,1.0364238815938,1.21631903293027,0.0345156628432784,0.0343603638330352,0.0596730227375964,5.00237887273792,0.993828920328402,1.96493512681221,0.0182490280054278,0.0192411641468617,0.0634478993237263,"Deviance"
24,2000,0.35,35,2,0.25,4.99807737131784,0.998508261189343,2.02476329376812,0.0158943976689075,0.0156854947885948,0.0615418176412873,5.02862553614609,0.940990601119523,1.84090754382187,0.0166419465903471,0.0158691808557497,0.0553995315639395,5.00405552022401,1.00595626245379,1.26098015943476,0.0338972534443897,0.0338167542766733,0.0621454953160255,5.00166990554631,0.992351420409981,2.05473161387763,0.0178863914473017,0.0181448798896678,0.066795882044054,"Deviance"
25,2000,0.35,35,2,0.25,5.01484881074405,1.01843393961384,1.99297973533197,0.0160117808812449,0.0163694726551133,0.0604839626743857,5.06103519828087,0.957331810970573,1.79520297694232,0.0168406115126058,0.016616706339864,0.0538787763387609,5.00524621203283,1.04453593745908,1.2251217451641,0.0343886029630761,0.0341481314277384,0.0602371274982519,5.01003346654589,1.01532394119874,1.99970708055506,0.0181106946262248,0.0194782714871331,0.0648596967940203,"Deviance"
26,2000,0.35,35,2,0.25,4.97154984170255,0.979981061397554,2.07767967843518,0.0156896570905704,0.0157870842424065,0.0633707266957466,4.99105779205856,0.926088917424172,1.87991986941048,0.0164698357777222,0.0161549565361127,0.0567575123995833,4.94221043489774,0.988388212768684,1.24247647697062,0.0341537243483105,0.0336692460177676,0.0612640679181477,4.95915170821762,0.971959774724484,2.10268711033853,0.0176354217787443,0.017950050834338,0.0683314000105737,"Deviance"
27,2000,0.35,35,2,0.25,4.98890576437895,0.983757205529605,1.84676293757816,0.0166218891088997,0.0171532205241417,0.055545781951644,5.02330920417042,0.928149271698082,1.68808171673566,0.0173672282432813,0.0173182695276489,0.0502819988162439,5.00098562681653,1.02387955448976,1.14865423294515,0.0355142306462229,0.0364412507167007,0.0559263255917962,4.98772857551745,0.987470500335385,1.86167406164113,0.018523786348044,0.0202003995737771,0.0595388025601236,"Deviance"
28,2000,0.35,35,2,0.25,5.00122174017665,1.00770500438752,1.95724366647633,0.0161589839269518,0.0159130271238619,0.0592378166898059,5.02624171268418,0.942996849631822,1.79991168065742,0.0168274391720711,0.0159054330042934,0.0540282719055216,4.99590169890407,1.04415624835096,1.23426766900406,0.0342864672554971,0.0344334872522186,0.0605423041055394,5.00846351209318,1.01542504600343,1.98655383923957,0.0181263116145554,0.0187305390481918,0.0643194791867774,"Deviance"
29,2000,0.35,35,2,0.25,5.00084001059319,0.984829963669692,2.03579537190273,0.0158384833983048,0.0164852856816531,0.061861875153828,5.02171213552309,0.930069257677291,1.85825983952323,0.0165559705341072,0.0166184542040605,0.0559195382492444,5.02771631371948,1.0018034237171,1.26479984721028,0.0338371052358664,0.0336146656624027,0.0622220653302837,5.00757291988545,0.967110432396585,2.04886648795314,0.0176113666682101,0.0185284254645049,0.0660925983050538,"Deviance"
30,2000,0.35,35,2,0.25,4.98490218528204,0.98959523306191,2.06322496482262,0.0157547338785178,0.0158768641936582,0.06260478324032,5.01769802221729,0.937686582331751,1.9160768246566,0.0163218346530343,0.0158794971740991,0.0577088760407786,4.98446291301458,1.01486065412746,1.28389337800519,0.0336159181772197,0.0334505649594419,0.0631713276744733,4.98659383295721,0.982379946113873,2.11002455209103,0.0176156244550743,0.0179784161995869,0.0682461255378854,"Deviance"
31,2000,0.35,35,2,0.25,4.9793266479463,1.01248793265298,1.97538553098893,0.0160918703141755,0.016047591727891,0.0600168577809698,5.02191591555335,0.946076686263921,1.77960751091887,0.016919729199002,0.0162274263335986,0.0534758230883353,4.97286282689992,1.05014749848894,1.24380358242061,0.0342081005164453,0.0344242181614986,0.0611793033249576,4.97743783512473,1.01674218005093,1.9807739607931,0.018206287732918,0.0189765127703712,0.0642603248948241,"Deviance"
32,2000,0.35,35,2,0.25,5.00198566144008,0.9951989718352,2.13282594803127,0.0154884028665967,0.0162715848385674,0.0649103331578665,5.03105925284122,0.925802733806713,1.90198428062458,0.0163716648413432,0.0165299268775614,0.0572157019966429,5.02614011634234,1.00828402007668,1.28635480854781,0.033553321288963,0.0354382565995574,0.063330684436423,5.01711970631379,0.984361008426326,2.10959597864067,0.0174413262322256,0.019097856465937,0.0679694389658532,"Deviance"
33,2000,0.35,35,2,0.25,4.97511013707784,1.02060128159544,2.14567616410262,0.0154515321457385,0.0157630787221897,0.0656277590212018,4.99663405172155,0.960221087180892,1.92938313818105,0.0162674089151664,0.0160064519920116,0.0583651332719472,4.97263298298835,1.03092180522707,1.32951307005546,0.0330770744730495,0.0326644698697641,0.0658616126328005,4.96728282302591,1.02443188246035,2.16297647882908,0.0174609692187509,0.0181633763511982,0.0706838357178485,"Deviance"
34,2000,0.35,35,2,0.25,5.01244133678393,1.00659754529655,2.00052873715163,0.0160014351816636,0.0159987245658494,0.0606395608364759,5.0377709665197,0.959593468436253,1.82843422403467,0.0167150297789853,0.0162947208266203,0.0549226249043269,5.01240497696182,1.03163839641338,1.2249837704928,0.0344691439791189,0.0347062241928702,0.0600440873802681,5.01127457743999,1.0051540653947,2.00601848755471,0.0179910213152103,0.0191012783101993,0.0646775935756403,"Deviance"
35,2000,0.35,35,2,0.25,5.01802873761591,0.978131642991051,1.9942855173707,0.0159988654710443,0.0162886029063813,0.0604627079851647,5.04994060709643,0.914725703014066,1.81592411745905,0.0167440978560874,0.0164403630207791,0.0545379148326677,5.03170952055703,0.948427331326959,1.23763664858217,0.0341943970454813,0.0344066770801777,0.0607166336250926,5.02140460035875,0.973433117508325,2.00606163646806,0.0178762918591539,0.0185846806728997,0.0647376548518923,"Deviance"
36,2000,0.35,35,2,0.25,5.02155574830681,0.986176192514873,2.03553173324625,0.0158439911090825,0.0162731974516899,0.0617553137584602,5.0502693650057,0.936045387180624,1.84089132865511,0.0166360372242178,0.0166515300197916,0.0552652050325014,5.00171568269451,1.04719767891155,1.23764862611067,0.0342367248060326,0.0338724263473826,0.0608620739527935,5.01126472037055,0.981326160739235,2.0306608908571,0.0178666218197215,0.0190739100352205,0.0654340939323425,"Deviance"
37,2000,0.35,35,2,0.25,4.999561239489,0.998968414030591,2.11273400481191,0.0155694596211761,0.015722920155961,0.0644343100423626,5.02473869046066,0.937643672070547,1.9027226013965,0.0163804525987106,0.016011525697002,0.0574079454122852,5.00907643913588,1.03906619976837,1.30648469073179,0.0334779350100887,0.0343836498157021,0.0643578394662717,5.00260710828883,1.00591329570346,2.10763386203998,0.0176269377995901,0.0187058397376803,0.0684269806317618,"Deviance"
38,2000,0.35,35,2,0.25,5.00244701497875,1.02459276810091,1.96980190619053,0.0161152993505012,0.0163674034747889,0.0597508437247684,5.03717597111318,0.973134998140844,1.74912252452197,0.0170727933727904,0.0168720710788825,0.0523823156557896,5.02221179344272,1.01804497614079,1.23935447120538,0.0341981461225748,0.0342576970666196,0.060874189809562,5.00886684083456,1.00610112120132,1.97491970395569,0.0181483273009762,0.0189347376562072,0.0639764250065835,"Deviance"
39,2000,0.35,35,2,0.25,4.98398051349034,1.00255300612088,2.08015307326616,0.0156880130051022,0.0156559123067708,0.0635617054348343,5.01534075777052,0.952369973666742,1.92840314613998,0.0162778528944677,0.0157155929782537,0.0584478619299187,4.99051099752987,1.02013626003234,1.28023702318348,0.0336838652296259,0.0322175337168245,0.063321550510755,4.98559327581551,1.00590873016618,2.1034046365914,0.0176456965671795,0.0179898148711063,0.0685954835194555,"Deviance"
40,2000,0.35,35,2,0.25,4.98755491344451,0.990054341884695,1.99455997418038,0.0160069847964103,0.0163538398883949,0.0606306802031101,5.01574122851742,0.931110150786998,1.82353871748844,0.0167180025779044,0.0164943069174565,0.0549127138159064,5.00586489425922,1.03974932786097,1.2086172755712,0.0346379179519294,0.0349650750490046,0.0593664474590857,4.98817696395346,0.990648560535567,1.98664804948239,0.0180293554984012,0.0191749334515855,0.0642133831252046,"Deviance"
41,2000,0.35,35,2,0.25,5.02872490897189,0.978162726647293,1.91032373856747,0.0163449339939698,0.0161668123684105,0.0579065406437607,5.05392430785902,0.923678585844468,1.75682218169975,0.0170233114289997,0.0162846916828434,0.052769709076797,5.05940889613164,0.996325337301812,1.16752046952772,0.0351980762971904,0.034365489323968,0.0571215643010776,5.03230957476743,0.982414862926437,1.92943580779908,0.0182307291953548,0.0187806144811869,0.0620924148627635,"Deviance"
42,2000,0.35,35,2,0.25,5.01158520586103,1.01079208840357,1.97645130356211,0.0160812179753772,0.016166533162751,0.0600031148772689,5.03231003663577,0.953849832780194,1.81349258952457,0.0167656210138945,0.0163446656902785,0.054551793085699,5.02554605935334,1.04230816294034,1.20749559429724,0.0346308995599476,0.0346242603654794,0.0592152806123563,5.00127829476392,1.00811284091152,1.97655520151802,0.0180095634928436,0.018838026495402,0.0637136652841623,"Deviance"
43,2000,0.35,35,2,0.25,4.99949377893419,0.974100930284656,2.04761931635875,0.0158165493142777,0.0163470485559498,0.062186704818111,5.02188130543984,0.910111421357617,1.87438024336005,0.0165127464375158,0.0163783504505334,0.056417332504647,5.00726839304803,1.01417155698557,1.30243722706278,0.033347970301758,0.0338233627951049,0.0643361491959471,4.98766307725639,0.986080457033328,2.10338078506262,0.0175929186286394,0.0187535133829381,0.0682652358104212,"Deviance"
44,2000,0.35,35,2,0.25,5.03902487915397,1.01742706533541,1.92077566561054,0.0163022691456227,0.016310904951224,0.0581989181513316,5.07314179776623,0.958869425471356,1.73720973781673,0.0171153537094579,0.0166245907527469,0.052079540483307,5.06577415822161,1.05263610768408,1.20242901049928,0.0346973980761059,0.0351190841130717,0.0589662762446701,5.03427785161133,1.02844196390425,1.93954293008186,0.0183175738383398,0.0190566011775523,0.0627800712252365,"Deviance"
45,2000,0.35,35,2,0.25,5.00109790516083,1.00511274810208,2.0371364206541,0.0158432858521113,0.0159327800110265,0.0619320713128559,5.03357428815166,0.945190448559387,1.83460803402217,0.0166666247654697,0.0162196817256894,0.0551750632429343,4.98714389945718,1.03655155739588,1.20460886975458,0.0346901808250077,0.0333196919284041,0.0591383915022137,5.01259416433207,1.00963816706599,2.02371565165955,0.0181136519127615,0.019000224914668,0.0655791707600827,"Deviance"
46,2000,0.35,35,2,0.25,4.99922534943363,0.986790426099973,1.97710314110484,0.0160711576560866,0.016174570130486,0.0600777857128827,5.03243268971883,0.927912178136126,1.78016118616019,0.0169111876818205,0.0164966446457003,0.0534941134132284,5.006534625311,0.991202639885644,1.22160167256336,0.034447158333072,0.0336052579759503,0.0599422050269294,5.01396831779249,0.969355186642799,1.97274916668756,0.0180933493219314,0.0184882693738316,0.0637251304013352,"Deviance"
47,2000,0.35,35,2,0.25,5.00976703868339,1.00597837512178,1.96248141134381,0.0161242017907219,0.0167641954400168,0.0594258764002205,5.04482112756599,0.934903669437385,1.77776538865281,0.0169164869240289,0.0169357255998859,0.0532791818472457,5.02408495919094,1.01146018471383,1.19283997132504,0.0348232181296152,0.0367912298912411,0.0584128895047747,5.01773897564262,1.00196563020129,1.9418859502009,0.0181513063818556,0.0197510355059934,0.0623673242137411,"Deviance"
48,2000,0.35,35,2,0.25,5.00809477943359,0.989076363288001,2.04756962545193,0.0158085530555767,0.0158186109384183,0.0623146671914302,5.03499876512145,0.937938744956472,1.84044243073435,0.0166470076135091,0.0163289671410587,0.0554118002536921,5.0268235604955,1.01369727587876,1.2329211939103,0.0343180578417038,0.0347435942780676,0.0606295566592878,5.00379071036986,0.990998423758026,2.03537121113194,0.0177462891811154,0.0185957795784688,0.0657130904702662,"Deviance"
49,2000,0.35,35,2,0.25,4.99517375227455,0.989027588998636,2.06771823323315,0.0157216633995569,0.0159319433924664,0.062824667244728,5.02780597390902,0.932939201987083,1.85256035574588,0.0165820338348582,0.0163151243049398,0.0556544881420863,4.99142778255412,1.01331455685146,1.27337195657885,0.0337345178741513,0.0326928561587756,0.0627669958255481,4.99069553383095,0.984724190374553,2.06458314320157,0.017828834771253,0.0185209988490612,0.0669554930235559,"Deviance"
50,2000,0.35,35,2,0.25,5.01463264691894,1.00161611586321,1.907040409979,0.0163553308421284,0.0169474005272025,0.0576089148958917,5.03218799958167,0.957706059972565,1.78213901004786,0.0169020654545209,0.0170576297551472,0.0534443311202819,5.04925947190099,1.0021303092037,1.16233302025569,0.0352954031379031,0.0370735806668376,0.0567185941168004,5.03464408950775,1.01195624545394,1.91882238138669,0.0183315669384198,0.0199526707192873,0.0615071793902812,"Deviance"
1,2000,0.35,35,2,0.25,5.02500704358572,1.00346885744292,1.96497209816392,0.0161160222819502,0.0166762235759117,0.0594826583448599,5.06159230138689,0.937455743763936,1.77480135396978,0.0169310705397277,0.0169254339555357,0.0531630928130661,5.02507947347956,1.06152967626174,1.19157131133041,0.0348741556294021,0.0365527363227085,0.0583805628277645,5.02347216895241,1.00457764419555,1.95853642089587,0.0182458430034518,0.0199124157291657,0.0632375625195741,"Deviance"
2,2000,0.35,35,2,0.25,4.98578767562924,1.00899659595933,2.01152800539407,0.0159401523505846,0.0163229864835469,0.0609437665475633,5.02691182716627,0.943053346347895,1.81047955399183,0.0167714040682442,0.0166062207092312,0.0542791364388918,4.99699648729735,1.02062091079721,1.25400541638858,0.0339879678209833,0.0356066435303406,0.0616241656152163,4.98937387032823,1.01865063320127,2.01612612941233,0.0180483137283292,0.0194737428103564,0.065361451351071,"Deviance"
3,2000,0.35,35,2,0.25,5.01412915609652,1.02504017885568,1.99188610067301,0.0160172476778935,0.0161847806879854,0.060429098799563,5.04396869640437,0.964250073166106,1.81655290546979,0.0167487105724383,0.0162857728517684,0.0545954303168097,5.03887871394367,1.056016147225,1.2090746747624,0.0346114709415004,0.0342156200803369,0.0591619977423567,4.99969564236664,1.0272308055641,1.99402957297894,0.01809207427257,0.0186724277237876,0.06442037355194,"Deviance"
4,2000,0.35,35,2,0.25,5.01534105048443,1.0031288453619,1.85613705390312,0.0165973312486582,0.0167019868982031,0.0561597825420549,5.03758308357099,0.949761660317933,1.72482783909395,0.0171993680192455,0.0167978248713073,0.0517805807766286,4.97579394601555,1.01355588229835,1.16100661973809,0.0354010943088768,0.0343225696695271,0.0566337374988884,5.02253332243843,0.991854858370204,1.85653164568591,0.0185559174180723,0.0189910512997534,0.0595554100910398,"Deviance"
5,2000,0.35,35,2,0.25,5.01783140530167,1.00569808278952,2.0385993459312,0.015829488408503,0.0161567183078621,0.0618050807297562,5.05322202601631,0.941122568885318,1.82671677941502,0.0166955399983208,0.0164633089497211,0.0547858082594885,5.06391876703107,1.04398568290385,1.30761940133796,0.0332856767697936,0.034238936947257,0.0643971310604781,5.02457261293672,1.01655370264502,2.05203706227028,0.0177758557788574,0.019375852112878,0.0665579816243983,"Deviance"
6,2000,0.35,35,2,0.25,4.96908715803481,0.950509408257866,2.25307332530048,0.0150918008457488,0.015440615766826,0.0687767264604368,4.99779531598462,0.898949797017517,2.05035682643155,0.0157926646156661,0.0156969504602481,0.0620051009029728,4.94572907015985,0.968147048368436,1.42758394134497,0.0318803670871373,0.033393664088251,0.0708860712091522,4.97264205723664,0.948348446342982,2.27934451327237,0.0170618614125525,0.0181857208229567,0.0744757662448997,"Deviance"
7,2000,0.35,35,2,0.25,4.99784106241558,1.00871808463437,2.13288033808175,0.0154988398243723,0.0153578503478333,0.0651822055765319,5.03210320778332,0.957755195394434,1.91105865051988,0.0163411624641801,0.0158025789676124,0.0577641312412577,4.99683815903881,1.05917681289281,1.30805515917138,0.0333257122269652,0.0324800181489219,0.0645168521669702,4.99470349216907,1.01056682635322,2.12947940478817,0.0176976578287697,0.0183970817293667,0.0696462908875069,"Deviance"
8,2000,0.35,35,2,0.25,4.99878702391857,1.00670241933634,1.96320884634219,0.0161424335074153,0.0161023913877341,0.0595491356805664,5.02860451825073,0.951119793510959,1.78154545074668,0.0169226796820635,0.0163366951258387,0.0534669952811827,5.01251635895679,1.01582121228702,1.22283962729666,0.0344074022760353,0.034417473311851,0.0599347619433685,4.99822934405,1.00732265894794,1.96993472844469,0.0180622230233879,0.0187448858296325,0.063556637970637,"Deviance"
9,2000,0.35,35,2,0.25,5.00091138178726,0.988015873201027,1.98245960720699,0.0160587806668779,0.0161210487730814,0.0599207367945438,5.04491493859008,0.924095011709552,1.75279196657039,0.0170424555954727,0.0166933609478253,0.0523423942092561,5.00978591615359,0.972491413053951,1.23848394989891,0.0342100283815835,0.0330596194682064,0.0607197013782109,5.00162432382888,0.961345477201493,1.95698062609108,0.018095677974023,0.0185997201092773,0.0628794459193546,"Deviance"
10,2000,0.35,35,2,0.25,5.00594578859021,0.986519831179589,1.89454453228408,0.0164084556948796,0.0167677544044238,0.057287834228748,5.03339999428916,0.927985810426173,1.73119175088939,0.017143214595774,0.0169931926490755,0.0518568096145947,5.01954353137783,0.987697845018626,1.18432447921569,0.0349449469978264,0.0354416305066095,0.0578732212333703,4.99538506871706,0.980831581855465,1.907088257715,0.0183674062160914,0.0188967070982456,0.0613811959224188,"Deviance"
11,2000,0.35,35,2,0.25,5.0013411063131,1.00606513860346,2.02286821519338,0.0159000649185314,0.015947100462091,0.0613525564615281,5.0315515955225,0.94261566666869,1.83606424909806,0.0166644456375922,0.0161909052914153,0.0551720558328335,5.0172614039526,1.05996288257833,1.27847189958814,0.0336912508906759,0.0326211217641922,0.062990754858913,5.0129893238892,1.00339221701773,2.02561977911517,0.0179109045671455,0.01898789526879,0.0656383830785765,"Deviance"
12,2000,0.35,35,2,0.25,4.98150542801327,0.996202051749219,2.15105261974259,0.0154294104142882,0.0154448119128875,0.0660360433130837,5.01314042706981,0.945591581283932,1.95956152358927,0.0161422432697037,0.0156405659077323,0.0595280351857143,4.95608734761338,1.03260563520287,1.32115013688673,0.0331607790258013,0.0322877097453851,0.0657183189012457,4.98071209384884,0.995526337816052,2.17705044591747,0.0176072383899295,0.0179168243234342,0.0716584563861265,"Deviance"
13,2000,0.35,35,2,0.25,4.98760742664972,0.981610284264835,2.04986840368763,0.015797552279719,0.0155966693789543,0.0626596084020589,5.02377078039361,0.92043232800371,1.85571281856257,0.0165733499838246,0.0158321861144101,0.0561407891750933,4.97291225174782,1.02228880704324,1.26999175652704,0.0338543736569064,0.0324966060772703,0.0627640261771892,4.97829880079526,0.979175054676969,2.03514971849744,0.0178335421403228,0.0186171938989953,0.0661957666010093,"Deviance"
14,2000,0.35,35,2,0.25,4.97528349993092,0.994859693599545,2.01622896627399,0.0159371705215288,0.0159889964173091,0.0611234510715413,5.00000572695765,0.959077928332889,1.88271304159631,0.0164699275540677,0.0161516042839356,0.0566657868913869,4.95304913609833,1.00687134633537,1.24642397788388,0.0341588285106497,0.0346390089984246,0.061196599854977,4.95969048980551,0.988225176527119,2.05855660068,0.0178780359799393,0.0184738554995209,0.0665189634908225,"Deviance"
15,2000,0.35,35,2,0.25,5.00450130552268,0.997181629231317,1.98560777865319,0.0160384539113313,0.0160008592611565,0.0602891660212837,5.02316419794997,0.936996710678848,1.82030966001995,0.0167282383985469,0.0161711649782363,0.0547825755368114,5.01800929328846,1.01820425744013,1.19957825672095,0.0347346385541773,0.033904174651137,0.0588285168562679,4.99427935412215,0.995428232090093,1.98880806006696,0.0179224659070921,0.0188425676733456,0.0640184444936368,"Deviance"
16,2000,0.35,35,2,0.25,5.00537698373732,1.00056950721087,2.06712382773767,0.0157243611406469,0.0160523617144242,0.0626665869991852,5.03146369858884,0.933962459562515,1.85540841930908,0.0165703777333693,0.0163284902416058,0.0556630398534125,5.01705155383306,1.04782404478624,1.28511640984925,0.0336081568419897,0.0348492371406245,0.063308075485765,5.00911049247053,1.00290322251141,2.07305018444605,0.0177660609529791,0.0189891553052652,0.0671644795227641,"Deviance"
17,2000,0.35,35,2,0.25,4.9816692287841,1.01360595798356,1.98835246055083,0.0160447399626917,0.0164055475550141,0.0603584744780319,5.01942460455899,0.950356821690587,1.79588075122465,0.0168497001513019,0.0166430889338855,0.0539374601457765,4.9721194232217,1.04149595574524,1.19949792302711,0.0347584242194595,0.0356251079420271,0.0588517455201663,4.97677556693799,1.00951471516958,2.00521909396673,0.0181348827701354,0.0193715183524349,0.0648986331499891,"Deviance"
18,2000,0.35,35,2,0.25,5.01304656086625,1.00549519538236,2.00086520742993,0.0159874200125967,0.0157460838652696,0.0607631705825901,5.02738866723427,0.946219281433132,1.83953759213872,0.016648424115774,0.0158660464311639,0.0553996329481733,5.00434141481385,1.03943362631207,1.2460525526918,0.0341207658450811,0.0339252646131117,0.0613661463786582,5.00123016409802,1.00299554699548,2.01729185639168,0.0179382165462697,0.0183127341875913,0.065459042597859,"Deviance"
19,2000,0.35,35,2,0.25,4.99555219747867,1.03199802716905,2.09034550824656,0.0156460433367516,0.0162945826895482,0.0635221822335266,5.02290135499853,0.967568328506903,1.86746992788391,0.0165233748231317,0.0166307783790004,0.0561209068735514,5.01628467815247,1.13931656606795,1.33209981527191,0.0330150189770635,0.0352631778353961,0.0657864154611642,5.00022951510895,1.05584287339224,2.13765055322967,0.0177018857578927,0.020085642944337,0.069963302184689,"Deviance"
20,2000,0.35,35,2,0.25,5.00112980513976,0.996650429711061,1.98772517959686,0.0160345112190664,0.0155827904836619,0.0603780994823654,5.02406998038466,0.934943494558233,1.80330942741439,0.0168088583186456,0.0158110770176599,0.0542369448244253,5.04045579461758,1.03351195746411,1.21404829561283,0.0346279393786259,0.0346772808468723,0.0595421345602905,5.00508272209449,1.01376694545141,1.98353926998731,0.0180245963694937,0.0188838767265965,0.0639536949046574,"Deviance"
21,2000,0.35,35,2,0.25,4.98914846294989,1.01084071342508,2.0301889944666,0.0158729787920314,0.0158806225841746,0.0619201605603447,5.01598265973633,0.944460838178325,1.83259008132526,0.0166809475894915,0.0160274591917106,0.0552966697855449,4.96787560213097,1.03956587289691,1.23955771861117,0.034214284045052,0.0337193738940609,0.0612429048706457,4.98324451623091,1.01564241198569,2.04945789031258,0.0179263501186354,0.0191616544690885,0.0667475915794225,"Deviance"
22,2000,0.35,35,2,0.25,4.97114162399122,1.02574191496052,1.92962912112197,0.0162727409960774,0.0169505224961639,0.0585991253979903,5.00639524133171,0.961964950453945,1.71621169227798,0.0172247403957199,0.0174901471860438,0.0514730685766949,4.96418691910243,1.07225199553079,1.18629610363698,0.0349506670387036,0.0367232350971413,0.058206133393642,4.97255398114497,1.02898346550942,1.925239217521,0.0184231651755336,0.0195875602501067,0.0624554361115058,"Deviance"
23,2000,0.35,35,2,0.25,5.03430564011811,0.979203010881883,2.01229360593399,0.015931271913816,0.0159937948145572,0.061185412709474,5.05459651549799,0.929451152003069,1.84398766800752,0.0166231849273838,0.0162530098064304,0.0555509778109105,5.00894692950836,1.02577604474694,1.25986926398017,0.0339479617043348,0.0335862915938902,0.0620390205891729,5.03514392751297,0.982503544509846,2.02727848054852,0.0178808148754858,0.0187853028295413,0.0656378968613038,"Deviance"
24,2000,0.35,35,2,0.25,5.02475426128918,0.987648228183025,2.02837299818623,0.0158726602774538,0.0158220088986598,0.0615186698668993,5.06135900131605,0.921029565643002,1.81260751993925,0.0167608886131486,0.0160181692473503,0.0543223810176608,5.05623829061763,1.03158394664912,1.23343749004727,0.0342550851077561,0.0346550195684196,0.0605754400916972,5.0293706481903,0.998164223514614,2.01648174474429,0.0179548921304689,0.0189180201641695,0.0650470016456302,"Deviance"
25,2000,0.35,35,2,0.25,5.01559799716772,0.986780991688911,1.94472349145157,0.0162092315169871,0.0162467384113194,0.058964858064468,5.04036822843793,0.929067656015912,1.76999280270564,0.0169679669725194,0.0164893730367481,0.0531338991803603,5.02478717853071,1.04258313252342,1.14337459841797,0.035612734009108,0.0351822006105217,0.0559052243519852,5.0103992042958,0.98637617058853,1.94285083058963,0.018229519604703,0.0192264247457601,0.0624704084737463,"Deviance"
26,2000,0.35,35,2,0.25,4.97943357402063,1.00186524657867,1.98475714270087,0.0160412259365289,0.0167924576234195,0.0602534687079442,5.001244206574,0.93976104411098,1.79029227386026,0.0168641645869535,0.017102329910037,0.0537585341231252,4.96479686663797,0.993821305110702,1.23906117207825,0.0342007558608866,0.0363380930747722,0.0609625114902277,4.96559270845718,0.999924214479375,1.9927938427661,0.0180092638526162,0.0193445907927175,0.0644124630473256,"Deviance"
27,2000,0.35,35,2,0.25,5.01929174267465,0.994588166738943,2.08158587248296,0.0157049273510615,0.0156841991720551,0.0632001634104413,5.06116905582034,0.945483542149127,1.865083431757,0.0165524988692978,0.0160721389673433,0.0559986947787639,4.99805215879929,1.03608916187947,1.30765176435711,0.0334516026879267,0.0335457378251886,0.064409222636314,5.01426772187357,0.989387306584237,2.08003464040593,0.0177476272068101,0.0186725293067078,0.0673426838137452,"Deviance"
28,2000,0.35,35,2,0.25,5.00941209847113,0.976192008335104,1.97635122418181,0.0160730719826129,0.0163035697215711,0.0598027202177139,5.04055071243843,0.919516501170117,1.78311018754219,0.0168970800529577,0.016661757303873,0.0533798942578478,5.01865911560983,1.0174374168479,1.19336500923372,0.0348179217449353,0.0359648282971109,0.0584106279908893,5.01181095912406,0.982284437614652,1.97170897029491,0.0181410423890275,0.0198538617544668,0.063429612664303,"Deviance"
29,2000,0.35,35,2,0.25,4.99983895697186,0.990994046163249,1.97780336715139,0.0160727823617608,0.0160043337039025,0.060160130259277,5.027595038492,0.924143749322856,1.77931052153737,0.0169191637446015,0.0161579190317577,0.0535072968303528,5.02248143618662,1.03494354457004,1.22051344773494,0.034448107454466,0.0344452710255607,0.0600480018027523,4.9997273112567,1.00167260613275,1.98035756403646,0.0180695541828953,0.0189312912635968,0.064238131350562,"Deviance"
30,2000,0.35,35,2,0.25,4.99433494105426,1.00960605433269,2.09714109901101,0.0156191251792485,0.0156179493107783,0.064168180214813,5.01813844096225,0.960316369640538,1.90982019876578,0.0163438095386719,0.0159115432766768,0.0578572845028872,4.93846365644818,1.04255754910923,1.26661842330561,0.0338447857749179,0.033102842329849,0.0625627648838504,4.97080277276979,0.995155968107603,2.08558724989903,0.0178263935773116,0.0183446928815121,0.0681386386054735,"Deviance"
31,2000,0.35,35,2,0.25,4.98435673585866,0.972335266885837,2.07086467460084,0.0157140255299179,0.0156297082591856,0.0631728359914444,5.00938767753347,0.924229983367489,1.88064685333512,0.0164651649485184,0.0159997988902334,0.0567814869965149,4.95238389338693,1.02475120913488,1.31361864105031,0.033262736446702,0.0317237156245022,0.0651431199560278,4.97627029905158,0.970056238082374,2.10101635420626,0.0177085720094332,0.0180620296204683,0.0687182743815924,"Deviance"
32,2000,0.35,35,2,0.25,4.99565829450909,1.01049812588905,2.00255165751072,0.0159762533760225,0.0160471532601737,0.0607712585830796,5.02474307675613,0.958102743998884,1.81763157604539,0.0167438309189272,0.0163957259307651,0.0546049689969176,4.98958439389529,1.05415822767896,1.23672575054933,0.034223236306573,0.0354468142490563,0.0607882593115452,5.00096342016926,1.01001130479271,2.01884026848594,0.0178360274433731,0.0188056727959904,0.065044203785757,"Deviance"
33,2000,0.35,35,2,0.25,4.99528469633145,0.989119580966229,2.11931778959021,0.0155377981705035,0.0155860409501127,0.0646847299945824,5.02700028654557,0.936788090117893,1.89973202619448,0.0163836868085757,0.0160985325617244,0.0573494653424769,5.00836138920369,1.01936016751704,1.29434808585381,0.0334829569295211,0.0319355874209745,0.0638505769901394,4.98903150907123,0.974595023455568,2.10779596112268,0.0175175992175009,0.0183780821164753,0.0684660697460772,"Deviance"
34,2000,0.35,35,2,0.25,4.98784412497517,0.962995552760629,2.00220830815193,0.0159737840371274,0.0158517194659645,0.0608532420410921,5.00730902135696,0.918486560124728,1.85917028089378,0.0165583946439074,0.016033135959055,0.0560797016855533,5.00473301016004,0.981881107416183,1.2287830614664,0.0343473210156298,0.0332837099817864,0.0603305561295045,4.99027276507744,0.953019478996058,2.02092915046833,0.0178105273450663,0.0181210497228095,0.0651823553310987,"Deviance"
35,2000,0.35,35,2,0.25,5.00826930459387,0.995097072889418,2.00241756296689,0.0159765632439034,0.0157130429218422,0.0607698959494765,5.03770268053256,0.954369367706501,1.82001553353589,0.0167328155135841,0.0162105020949449,0.054689625600206,4.99811089616574,1.04282492513342,1.22095428496395,0.0344427084083083,0.0345572236585587,0.0599471993578989,5.01279121101843,1.0030396667143,2.01866130990068,0.0179879777833199,0.0185310330354359,0.0652996311110808,"Deviance"
36,2000,0.35,35,2,0.25,5.0134528790477,0.995414301929736,1.9688982641502,0.0161099647604113,0.0164778492963959,0.0595365658211101,5.04831685691497,0.941671508726521,1.81177152635405,0.0167652569434274,0.0167457003812566,0.0543330927551039,5.02714420774364,1.0327176660712,1.20580847715021,0.0347054876115051,0.0352827927590944,0.0589808756027672,5.01373381500603,1.00301593654915,1.98883917053936,0.0181264293444738,0.019154814813021,0.0640196332767428,"Deviance"
37,2000,0.35,35,2,0.25,4.99271811632388,0.984944480508347,2.05096563898522,0.0157946821807048,0.0153706921333523,0.0624373652084311,5.02475814645575,0.926861395964409,1.82855740345031,0.0166977608744049,0.0157109694844621,0.0549915589190995,4.9997023767371,0.979442195320746,1.25884860008671,0.0339362828884838,0.0320408414042821,0.0620576471383072,4.99346358967182,0.98069584057955,2.05092110987207,0.0178670939116114,0.017792962909563,0.0665165228736118,"Deviance"
38,2000,0.35,35,2,0.25,5.01770734968003,0.9814913949696,2.06835435587769,0.0157364201979072,0.0159174549862937,0.0627035887523655,5.05081267315211,0.910800513764274,1.86674227023392,0.01653484416423,0.0160814436440639,0.0560236682959855,5.02098493321851,1.00861392679631,1.26925567344144,0.0338464571093379,0.0342314197369977,0.0624096137691876,5.01331822824907,0.983254283345782,2.06407625816577,0.0177318070280711,0.0189524095962663,0.0665188049644168,"Deviance"
39,2000,0.35,35,2,0.25,5.02545357117093,1.00519792956559,1.92806351912663,0.0162651240199472,0.0166656542211615,0.0583338669733857,5.05422925399808,0.93668331080928,1.74426901075959,0.0170770939755281,0.0168482430392907,0.0522329949433804,5.0150462289271,0.993385768612855,1.19246240609621,0.0348354924222245,0.0351818212181061,0.0583800946601548,5.03391441724789,0.994077165792545,1.91780179631619,0.0183694119126043,0.0191901528068525,0.0616749873895601,"Deviance"
40,2000,0.35,35,2,0.25,5.00907311737518,1.00050357380349,1.91098785202936,0.0163457034874731,0.016254581095391,0.0578257900631829,5.03641663872972,0.94818593013508,1.7320012455874,0.0171437479749793,0.0166196677250744,0.0518700744924072,5.00999474051225,1.06391614560216,1.20164744787803,0.0347191978375358,0.0347108982365739,0.0589079991320018,5.01082825890042,1.00833364727775,1.92362930400198,0.0183254676746435,0.0192017832173223,0.0620052739449728,"Deviance"
41,2000,0.35,35,2,0.25,5.00134046593664,1.01823788444741,1.97380061436777,0.0160871594667935,0.0163989638440266,0.0597905224701329,5.03072282025493,0.965020258883928,1.7690400657067,0.01696521935808,0.016853681361921,0.0529807119562906,5.02462265666084,1.02798413457007,1.19918832434754,0.0347455738575905,0.0348557063146524,0.0587829148042404,4.99019213283766,1.00532019168752,1.9651647268161,0.0182545523664761,0.0191877053296817,0.0634468488941962,"Deviance"
42,2000,0.35,35,2,0.25,5.00117843704044,0.981336394877809,2.01119895841479,0.0159416251059012,0.0162836752387048,0.0609032034481357,5.03910565982902,0.906942985342685,1.81744908566345,0.0167393210656903,0.016316385730539,0.054490474565942,5.01477557008196,1.00549928859782,1.2333229393904,0.0342763532168953,0.0356422976445391,0.0603462151195429,4.999405785292,0.989097783862417,2.01178708758907,0.0179896165605941,0.0188110882752324,0.0648541155909594,"Deviance"
43,2000,0.35,35,2,0.25,5.01786241712395,1.01789275940564,1.87413103270817,0.0165060483800765,0.016269406764808,0.0565574391705508,5.0554971890388,0.958826162911503,1.7068457864163,0.0172724888706882,0.0165029733267509,0.0510168353680649,5.01300844204849,1.04522014321922,1.17811452743512,0.0350581923630502,0.0349937134828449,0.0575287554571794,5.00934675755236,1.01154529589282,1.86976392091633,0.0186862122799771,0.019532348509844,0.060216725050756,"Deviance"
44,2000,0.35,35,2,0.25,4.99936123560014,0.994541874580713,1.96490263319245,0.0161216940903922,0.0161171999373196,0.0595825169284661,5.02161395762042,0.946104945598828,1.79645137770727,0.016837724307305,0.0164608026654199,0.0539814154902786,5.0371658555339,0.978521892821589,1.21599834781159,0.0344889005593238,0.0349090876943311,0.0596744118632696,5.0148146391049,0.981120220695744,1.96412322721623,0.0181142508116152,0.0189038528380751,0.0633791559428612,"Deviance"
45,2000,0.35,35,2,0.25,4.99764261145693,0.958296524530179,1.98749781686894,0.016035017576205,0.0159661232255227,0.0602018754950677,5.02484714482676,0.89961522236596,1.84417525938218,0.0166248626232404,0.0159120931862377,0.0554424292923255,5.03496833585806,0.978199573256372,1.20593344548286,0.0347137639680824,0.033846679240579,0.0590805614003846,4.99454294357543,0.950934935224496,1.99559980407321,0.0178669783503261,0.0185943145621541,0.0639743326856457,"Deviance"
46,2000,0.35,35,2,0.25,4.96652781351674,1.01131414914825,1.9411766935029,0.0162335841678101,0.0164324895011204,0.0587676340660848,4.99107092021093,0.951750582440781,1.76535177229584,0.0170015976457407,0.016642943460945,0.0529241797994247,4.96459799984828,1.03558242292333,1.19486369065845,0.0348791158064785,0.0342899240348868,0.058604348421282,4.96799797851714,1.00301764294629,1.94289842075356,0.0183775946653224,0.0189476835094529,0.0627360609397474,"Deviance"
47,2000,0.35,35,2,0.25,5.00017446489333,0.993900356185583,1.93750629470719,0.0162289824011646,0.016635830524608,0.0586158265951343,5.02666343646835,0.920039565845916,1.77037596099955,0.0169534261591253,0.0167691940320693,0.0530941896860463,5.02627936649301,1.00913969565363,1.19411669046478,0.0348079495639715,0.0357683415490046,0.0584122309699241,4.99907154299804,0.996111609959299,1.93911547094926,0.0180943065831527,0.019308656444326,0.0622534227239435,"Deviance"
48,2000,0.35,35,2,0.25,5.01815426197881,0.971670060123888,1.98669126083861,0.0160279334835767,0.0162324856773122,0.0604594274834234,5.03543929568646,0.909941896342946,1.79186117983146,0.0168533315936402,0.016581417243078,0.0539536698389701,5.056417919938,0.994962293333482,1.19896064004083,0.0347410594082358,0.0341322911938745,0.0587913291738723,5.01730878793753,0.962677855622816,1.97263255498957,0.0178294428667321,0.0183715335209429,0.0633707069092395,"Deviance"
49,2000,0.35,35,2,0.25,4.99652309011178,0.998968902758094,1.96886425956839,0.0161061591262441,0.0164257184714571,0.060015554623914,5.03771072755057,0.924420626680652,1.76701895964737,0.0169727043968406,0.0166305291452647,0.0532520341661235,4.99954727730686,0.995217749529599,1.21110617398884,0.0345723104648811,0.0346072627231864,0.0594783832448501,4.99438153444954,0.98694250564048,1.97112501811428,0.0181381465451379,0.0190765335308885,0.0639714527240915,"Deviance"
50,2000,0.35,35,2,0.25,4.99634350201236,1.00413246877874,1.93509471074285,0.0162449077436414,0.016464977683066,0.0584829317330581,5.04313672430893,0.933961139003089,1.70645841224541,0.0172628516538024,0.0169958811761962,0.0509222035399007,5.06470223138955,1.03372407398267,1.23860230923324,0.0341936326519061,0.0341537913067927,0.0606687618197369,5.0059295262006,0.994221481584619,1.93516093699234,0.0181801910951342,0.0188014282391654,0.0622539389853861,"Deviance"
