"rep","n","pv","sn","theta","sigmaU","beta0_gs","beta1_gs","theta_gs","se_beta0_gs","se_beta1_gs","se_theta_gs","beta0_n","beta1_n","theta_n","se_beta0_n","se_beta1_n","se_theta_n","beta0_cc","beta1_cc","theta_cc","se_beta0_cc","se_beta1_cc","se_theta_cc","beta0_smle","beta1_smle","theta_smle","se_beta0_smle","se_beta1_smle","se_theta_smle","design"
1,2000,0.35,35,2,0.25,5.01788296639546,0.984983962999937,2.08169833693117,0.0156689445900839,0.0155515244124991,0.0634325309456847,5.04302659596839,0.935332233002259,1.89424482893348,0.0164033834538002,0.015796653880499,0.0571401845612431,5.02114662349967,0.996120694333048,2.35416063562453,0.035249908653809,0.0373107670743117,0.172011209604807,5.00836605139004,1.02271275520444,2.13493699284121,0.0199918209485677,0.0212923776887841,0.0751691584047535,"Residual"
2,2000,0.35,35,2,0.25,4.96930252660784,0.983062741931993,1.9212716109365,0.0163004550946209,0.0168069988399018,0.0582935007549995,5.00289297957438,0.917344873183609,1.74521117154233,0.0170786669047064,0.0169787157817782,0.0523980577353254,4.91709378938161,0.980650770592464,2.05505991335122,0.0377573927744279,0.0375164168402672,0.149345869921415,4.97328524696416,0.99297752263935,1.93507107493381,0.0204496470106625,0.0223189194676486,0.0666135900279428,"Residual"
3,2000,0.35,35,2,0.25,5.01343489647514,0.98235888861752,2.11517656110019,0.0155460493757004,0.0156526196000439,0.0642921196686652,5.04424709805588,0.917555494705385,1.88275750436098,0.0164499177754545,0.0159332164631554,0.0565470078274972,5.0072314113311,1.01492324071966,2.2119868261179,0.0364764643523714,0.0364078670343656,0.160754359539012,5.00763427848791,0.981607660434198,2.14045845498262,0.0197570490928202,0.0221263176672816,0.0744829772608336,"Residual"
4,2000,0.35,35,2,0.25,5.0419813485764,1.00006407990116,2.16163995127646,0.0153836000776939,0.0151596323867549,0.0658967765135561,5.09132225207084,0.944486314594384,1.89149063945034,0.016411123256918,0.0158144304619224,0.0569098325064008,5.02980158531657,0.999009199038492,2.21913613769494,0.0363560065179485,0.0352003332180086,0.162942297978855,NA,NA,NA,NA,NA,NA,"Residual"
5,2000,0.35,35,2,0.25,5.00683937372619,0.993327775785902,2.02782574516533,0.0158721638199284,0.0162108617554688,0.0614562946896741,5.02340861718493,0.937786512003638,1.87371233071495,0.0164916326048076,0.0163595845073561,0.0563753848089767,4.96445640872498,0.98435314933358,2.00150186525449,0.0382073886707516,0.0379101030471449,0.144802198716408,4.99873605508933,0.985356347279646,2.10913969143776,0.0199150215615128,0.0219329918413817,0.0729386240835829,"Residual"
6,2000,0.35,35,2,0.25,4.97276714960116,1.00902295271421,2.03931265121777,0.0158383148106751,0.0161111838398989,0.0620111851660208,5.01545053146868,0.944399110402016,1.82975853210398,0.0166932814901924,0.016479340962781,0.0550189745777573,5.03898856824538,0.991811210797472,1.97733186369656,0.0384069812451999,0.0387123314613597,0.143706425224988,4.97981274693447,1.0271122818944,2.06017505927057,0.0214132379748407,0.022041104812311,0.0713363945951982,"Residual"
7,2000,0.35,35,2,0.25,5.0042068863256,1.00690123584789,1.9887481242676,0.016034061465555,0.0160694338476931,0.0605113528140482,5.02356648265764,0.937825591741588,1.78726356518712,0.0168945751849461,0.0163492035615835,0.0537800451748419,4.97501355638636,1.0157532320665,2.03248705310226,0.0380340622313161,0.0383160121013716,0.147257878745266,4.98432698073683,1.03360357913154,2.03259328902546,0.0209588562177107,0.0226737272879045,0.0718417731741878,"Residual"
8,2000,0.35,35,2,0.25,5.00941325027468,1.03856392514176,1.98555682793691,0.016055064040163,0.0158925076404529,0.0602847274927248,5.04460969368064,0.980293431469732,1.7957818490086,0.0168517100355938,0.0162163914560128,0.053951520093097,4.99907514034905,1.05559477851972,1.94258662673402,0.0388303820446695,0.0377120569197695,0.140715248994468,4.99292356555266,1.04088011743046,2.05373246054067,0.0206577332606112,0.02131689346723,0.0723146041353779,"Residual"
9,2000,0.35,35,2,0.25,5.00483040264918,0.992972406855281,1.96889166457691,0.0161035874236907,0.0163366787584637,0.0596706327088477,5.03015511390167,0.937080799362639,1.8030434358904,0.0168051289049533,0.0165599067630219,0.0541572260067401,4.99934477350328,1.05459922863749,1.89390677783422,0.0392647922805469,0.0396841328867471,0.135663250821298,4.99059691996737,1.01994067066913,2.03288241942877,0.0205007772630289,0.0226882961756316,0.0707390438061583,"Residual"
10,2000,0.35,35,2,0.25,4.97912309191908,0.976196818368853,1.98837978568099,0.0160321801522852,0.016144747240045,0.0604495338244629,4.99889737770117,0.917214643080507,1.80772015496466,0.0167895219665327,0.0163446022075918,0.0544032518539779,5.0112056903587,1.01271869608036,2.16500686057482,0.0368765642148835,0.0393593124133476,0.158791390984449,4.98747777791142,0.997039120122016,2.09380421613397,0.0204988523876953,0.0239280554199624,0.0758793957364876,"Residual"
11,2000,0.35,35,2,0.25,4.9857974914442,0.998025205480008,1.99665250442394,0.0160023550620439,0.0160314792890922,0.0606752309701348,5.01468934581122,0.938566166568827,1.7978333072975,0.0168370675350465,0.0163199949979297,0.0540306212099141,4.98254521558294,1.04518753877688,1.86164913364351,0.0396124389817695,0.0374459114957482,0.13415949888503,4.98923610451006,1.01447027403183,2.04985890435059,0.0206151611098005,0.022319231973083,0.0714599939858309,"Residual"
12,2000,0.35,35,2,0.25,4.97837111540561,1.01451859275708,2.02772905444497,0.0158880094343351,0.0156339683541051,0.0617647776716344,4.99730025127585,0.97117851857544,1.86999367827838,0.0165237144437636,0.0159139194691015,0.0564739467896641,5.02940807166447,1.08206252425895,2.05593171327208,0.037836548575611,0.0358019450887518,0.15118730699066,4.99575142164031,1.03859949617848,2.14020844285208,0.0201987871872311,0.0220022913701429,0.07489271455529,"Residual"
13,2000,0.35,35,2,0.25,5.01296352633338,0.990164025260253,2.01372360025544,0.0159280830434255,0.0159684967218132,0.0610550690628478,5.04266033818126,0.930605318919046,1.82981537009536,0.0166843691372884,0.0161945658007627,0.0549382832107435,4.92274910633642,1.00798272496045,2.22268546433406,0.0363262737080241,0.0359252100512733,0.163489398311343,4.9976318102378,1.00459025357493,2.09131496777076,0.0205219932959101,0.0220118659411259,0.0726180454186693,"Residual"
14,2000,0.35,35,2,0.25,4.99998748325158,0.997470320410277,1.91795615488666,0.0163140002538979,0.0168927772127703,0.0580332892158252,5.02945083549037,0.938263601908097,1.73874083605798,0.017110751172673,0.017031957898385,0.0520589747381706,5.02806505481758,1.01026723732712,2.27017873745176,0.035905961096474,0.0374516206695012,0.166047340987039,4.99068641945456,1.00469264040989,1.94405777626243,0.020291632999276,0.0227994314097815,0.0664898604419242,"Residual"
15,2000,0.35,35,2,0.25,4.99349785123621,1.01915534507922,2.05947708971388,0.0157664761333178,0.0163288590953398,0.062697089598873,5.01699738384452,0.970275827344336,1.87914007073475,0.0164818807540234,0.0166639557013001,0.0566609346679601,5.02050753894688,0.992554056432883,2.02089373092803,0.0379998319516757,0.0389305055686791,0.146752450805536,4.9884553616499,1.02938554220729,2.11488345330413,0.0200982152455713,0.0222673685409673,0.0739427263857904,"Residual"
16,2000,0.35,35,2,0.25,5.01278205776633,1.00857418136159,2.06822294891868,0.0157300725523925,0.0155509442749032,0.063172668045587,5.04779420772321,0.956391143728549,1.85014021959922,0.0166009305037605,0.0160241182344069,0.0558673409433075,4.9881233163997,0.998234588952717,2.01416450916909,0.038179087946926,0.0371616845504657,0.147274990064629,4.98993713977441,1.01779639186133,2.10569903159251,0.0205070997804724,0.0220702413207587,0.0744979432433893,"Residual"
17,2000,0.35,35,2,0.25,5.00126783131427,0.991954689715385,2.07185573774364,0.0157137313135634,0.0154271707444408,0.062851455680788,5.03784792817526,0.9434975138079,1.86895581607948,0.0165202447984431,0.0157452161660461,0.0560912054609847,5.00073959921502,0.99192964044044,2.01826353471795,0.0380736185989605,0.0364569334702595,0.147087344052213,4.98742900315886,0.98602165064892,2.15383789798843,0.0201046932424705,0.0212245028707448,0.0762959113933821,"Residual"
18,2000,0.35,35,2,0.25,4.98813554517584,0.987313611971234,1.95487258885454,0.0161747523126189,0.0160478956194389,0.0591461999047765,5.02462059312606,0.923166390635982,1.75860230456278,0.0170225182214291,0.0163724865064654,0.0526483250121571,4.98180002814069,0.963333431072491,1.98378494590199,0.0385143543028794,0.0389909265026966,0.143542409132604,4.99644532120622,0.992447651773623,1.99771570615089,0.0208056034593619,0.0227247737933046,0.0695571701589912,"Residual"
19,2000,0.35,35,2,0.25,5.00542944293134,0.99736206763778,1.98343897543286,0.0160472966696521,0.0166188763601136,0.0600509986610218,5.0355367889187,0.925395632845913,1.79559146032918,0.0168391476304194,0.0168315634898211,0.0538300970869109,5.0149116886803,1.02276459205242,1.81344798140884,0.0400672407103544,0.0424346290100803,0.129698095059366,5.00664412946627,1.0129685743694,2.01788816601403,0.0205809215979357,0.0231854391605748,0.0702887354093067,"Residual"
20,2000,0.35,35,2,0.25,4.97034533283326,0.9905584393653,2.00401279522333,0.0159689668745232,0.0163150162411622,0.0608011824812526,4.99911087180353,0.928447368406963,1.79472803711713,0.0168468075187136,0.0166885663772504,0.0538259531029297,4.96876165885981,0.983926065351381,2.08100019451541,0.0376309800757856,0.0368365258714804,0.15086411277222,4.95655703763793,1.00011646328936,2.03331030959781,0.0205696067007492,0.0220125430222211,0.0708032981410303,"Residual"
21,2000,0.35,35,2,0.25,5.00581964205499,0.996287860927808,2.01397835064447,0.0159378839310682,0.0159541509219323,0.0611195870635966,5.03485182675839,0.944255448267988,1.85069934208039,0.0166001450146654,0.0161858728298435,0.0556879141195437,4.99699512666006,1.00641834633901,2.07478568473089,0.0376504946492442,0.0340099502695847,0.151408438740771,5.00721699850619,0.986750759064968,2.09334765836605,0.0199876128779503,0.0206078385464757,0.0725640507558652,"Residual"
22,2000,0.35,35,2,0.25,4.99900583159893,1.00931865256966,1.97130909081463,0.0160954753931125,0.016373367651155,0.0596906455305865,5.03238444407302,0.951090887423568,1.82682643163622,0.0166995052932109,0.0164204522036949,0.0548811593684309,4.95651669614527,1.03753152746906,2.02588408266279,0.0380549247903877,0.037855204476899,0.146908953557101,4.98218627486142,1.01690190002743,2.05307992731971,0.0201212591321958,0.0216460941254749,0.0708804714235783,"Residual"
23,2000,0.35,35,2,0.25,4.98921144509345,1.0211244539333,2.01168020291211,0.0159452499412292,0.0162044607307153,0.0612560524645071,5.03000008877325,0.959755874489948,1.79143078790991,0.0168624153374008,0.0166924554091823,0.0538847843739252,4.99872545935023,1.02475782263272,2.12038133346634,0.0371183848598949,0.038981310561033,0.154239726252623,4.98164707625465,1.04110662841821,2.06945217049559,0.0205073983710877,0.0232605414336779,0.0734722437028284,"Residual"
24,2000,0.35,35,2,0.25,5.00718960224748,1.00583875372794,1.98192460043922,0.016056030502473,0.015940612532439,0.0602457833758156,5.03566076446723,0.953777621512015,1.8182056233775,0.0167400019431076,0.0161291294242438,0.0547705151562209,5.02738577896316,0.954333024194133,2.17176687556673,0.0369941696508325,0.0364546235514345,0.157985647412541,5.00784898075412,1.01995345741658,2.04633478690152,0.0202129691959576,0.0213461062120003,0.0716876378620078,"Residual"
25,2000,0.35,35,2,0.25,5.03415420129772,1.02175380755196,1.9837866419453,0.0160531610458465,0.0160332741966928,0.0602067210411838,5.0594768238313,0.965678184952398,1.8335257955565,0.0166754176665964,0.0160923381355723,0.0551808526835274,5.10312590720641,0.994265857582118,2.12344312262388,0.0370625365376946,0.0378252964131175,0.15449046158596,5.04151018323741,1.03645432713124,2.05718702326522,0.0206351719455646,0.0224010739214557,0.0719871229725636,"Residual"
26,2000,0.35,35,2,0.25,5.01339179680597,1.01152244232135,1.98470815159938,0.0160484787696198,0.0158734782281155,0.0604966799484251,5.04994803714338,0.962613938490909,1.78909557906358,0.0168739005346615,0.0162855565326974,0.053910496531591,5.00499556401334,1.02791681963566,1.9464405128882,0.0387376841240795,0.0391051293787084,0.141201786768029,4.9953154669287,1.03378306117237,2.04121921417725,0.0204519573546638,0.0221890380325216,0.0711059569595829,"Residual"
27,2000,0.35,35,2,0.25,5.01621861208991,1.00222423889281,1.96671284416161,0.0161088375556078,0.0166306835283847,0.0595549863595542,5.04618667973565,0.945608942363115,1.81652886141728,0.0167401736512806,0.0167788123783012,0.0545699262882682,5.03466451269056,0.933642098203406,2.04319264627629,0.037778404839281,0.0387511875127603,0.148411932696215,5.02896683645827,1.01029072046082,2.03822823350694,0.0202550533646867,0.0218786522229135,0.0702419403251628,"Residual"
28,2000,0.35,35,2,0.25,4.97143179934652,1.0161564801324,1.92456368363952,0.0162978857309231,0.0162571699693319,0.0585402309097883,5.00049813967362,0.965279149876174,1.80000044263104,0.0168321497293794,0.0163138670392179,0.0543691601290487,4.99789503904702,1.05441757448177,1.99727676462671,0.0382645210273325,0.0379579954870328,0.145781097078514,4.95575253093098,1.03947706469676,2.06186920758433,0.0207189758020654,0.0223969179903438,0.0745637387744867,"Residual"
29,2000,0.35,35,2,0.25,5.01489951751999,0.989151863769527,2.05026872007961,0.0157878421255491,0.0157905257485956,0.0624673958221753,5.04525074836801,0.940396709241598,1.85230513789933,0.0165835346241294,0.0162424314083675,0.0558432290799416,5.01209032025957,0.950026870095145,2.22848366767574,0.0363040272873781,0.0348025777315254,0.162229111284415,5.0296142633406,0.973524046510395,2.08303951048503,0.0201565031632462,0.021237758612847,0.0728308302945284,"Residual"
30,2000,0.35,35,2,0.25,5.01775138645223,1.02444594509692,1.99178028428568,0.0160307740941083,0.0158220471755776,0.0603491200970537,5.04072744224698,0.972065670475793,1.81042249680464,0.0167907661914969,0.0161496321933794,0.0543422699299033,4.98640656140917,0.975712080457292,1.77587648166354,0.0405139883159001,0.0401968687730322,0.126642232586378,5.01610717862188,1.03869192361266,2.01032481607923,0.0205010131045292,0.0215434965735252,0.0686617044056829,"Residual"
31,2000,0.35,35,2,0.25,4.98552080715571,1.00828458628504,1.98449501097714,0.0160505053840073,0.0160499421875558,0.0602610175959542,5.01653757968236,0.941118159276969,1.78830315603661,0.0168790951270691,0.0162706450367846,0.0537146614661117,5.00917166237511,0.997653196821397,1.8172283956826,0.0400752662198138,0.0409386506648616,0.130289139710154,4.98609865332794,1.01872422257315,2.05410501406319,0.0205014110919944,0.0216194835934284,0.0717399953343828,"Residual"
32,2000,0.35,35,2,0.25,4.98541033861605,0.989220993636814,2.0034155461008,0.0159695434301514,0.0160911518965033,0.0608907470969821,5.00889467014432,0.937243935439784,1.83158252483701,0.016679739975131,0.0163816685300876,0.0551448861963377,4.89713543165693,0.976993102994143,2.13976076705256,0.0370011224583281,0.0383765319948896,0.156193961067404,4.93833610482547,0.987394120520494,2.10425636643814,0.0205001157050018,0.0233349999474961,0.0744629835006633,"Residual"
33,2000,0.35,35,2,0.25,5.05629544245619,1.0204203346445,1.8127250744623,0.0167678358251663,0.0169671816404557,0.0544043659816786,5.08652988789963,0.973439814773761,1.66547056840435,0.0174731256783418,0.0172165098227671,0.0495499663472347,4.99110874297721,1.01773133042178,1.76539981011899,0.0406822623055048,0.0412720561567526,0.126632323329712,5.04493318802323,1.04332869291046,1.84570495894325,0.0219046403591539,0.0227391855929355,0.0636140704009493,"Residual"
34,2000,0.35,35,2,0.25,4.99950543135256,1.01213154391372,2.16212671504109,0.0153881631360372,0.0155096014115806,0.0661450622855928,5.02780978226168,0.938642204671379,1.91835565071877,0.0163049275515142,0.0158196977256585,0.0579912077701453,4.99906489208694,1.0518396635705,2.13828790677243,0.0370195249227308,0.0404120422719815,0.156545729934891,5.00996221101351,1.04608951361654,2.20729616923084,0.0199921799553574,0.0234722053078502,0.0799567120837554,"Residual"
35,2000,0.35,35,2,0.25,5.01972707613445,0.995605458233243,1.98037916209548,0.0160697057418921,0.0160136574311407,0.0600949544087807,5.05863259426698,0.933938655396355,1.78529987568925,0.0168924587884521,0.0162700882492923,0.0535839945393234,5.03902866786622,0.947033018696151,2.05834349213231,0.037776290707182,0.0393138447044832,0.149169817712941,5.02473720529011,1.0119420616853,2.0118277419639,0.0206600854647223,0.0232597504838977,0.0696318995220129,"Residual"
36,2000,0.35,35,2,0.25,4.98793767405819,0.990291442010834,2.08108674607811,0.015677505016186,0.0154846079294847,0.0633160539432407,5.0204255714481,0.934149915745058,1.86489727855125,0.0165328136341614,0.0158787937411271,0.0560978173196222,5.00235072810209,0.941512940100838,2.03471045576386,0.0380497996124457,0.0375678697006046,0.147480249769433,5.0164158765619,0.997547695851291,2.06893921529141,0.0196987990621485,0.0208646681309204,0.0707602747690929,"Residual"
37,2000,0.35,35,2,0.25,5.02973752445896,1.01008046015336,2.04734793062082,0.0158009347600592,0.0156110485127419,0.06220498902078,5.03931400376243,0.967233184980247,1.90996843619496,0.0163457910346305,0.0157578257920058,0.0576303389147872,5.09943472709152,1.04278500466401,2.28844257545789,0.0357414631786654,0.0382868599300573,0.166898897023875,5.04265581729012,1.06996940999031,2.11346190603013,0.0199886802991123,0.0218399066717689,0.0742004811258665,"Residual"
38,2000,0.35,35,2,0.25,5.01363304631352,1.02847948957274,1.98073330452952,0.016062073600613,0.016358334719217,0.0601316380833884,5.04492178861775,0.962083475697187,1.76415176592926,0.0169898918470574,0.0167305901324487,0.0529210748207188,5.0935086645301,1.01728164866301,2.13596582125927,0.0369543920817661,0.0372626537390635,0.155099400056478,5.01793571850663,1.04110513546988,2.00140898816979,0.0207490566843683,0.0228986294093425,0.0702756536122205,"Residual"
39,2000,0.35,35,2,0.25,4.97674868378386,0.97257494334175,1.9815874969886,0.0160634917584032,0.0158981518264954,0.0600688818984527,5.01684121349006,0.917629650485058,1.79906506706773,0.0168406553968827,0.0161614694199447,0.0539996893354177,4.9421225010635,0.980787636623666,2.36689135429947,0.0352059208213736,0.0354045087900088,0.174405287054307,4.96339039545378,0.992891409366021,2.04985745587997,0.0204056155803072,0.0223042053380997,0.071460224518005,"Residual"
40,2000,0.35,35,2,0.25,5.02432527448885,0.984734109298932,1.91592005100976,0.0163264869350051,0.0158546442534342,0.0578393029461076,5.059944436414,0.924566333264789,1.74312438148245,0.0170887747135765,0.0160553888983425,0.0521166071905067,4.94994147831618,0.930726972229347,2.09965250125588,0.0373286023007296,0.0356342824369053,0.152604903986061,5.01886166880603,0.984138250078365,1.97238653620787,0.0207574482478453,0.021230656228713,0.0681806834302949,"Residual"
41,2000,0.35,35,2,0.25,5.01567941254288,0.996733507967588,2.07716920997588,0.0157042486263164,0.0155805774060435,0.0630525419758308,5.05007506304756,0.925858328040161,1.8180755292043,0.0167551919216358,0.0160516277985859,0.054470519000915,5.0224767092408,1.00978941537536,2.0392044603046,0.0378428621949281,0.0379768967226449,0.147189286793961,5.03148623398816,1.00928132756695,2.03975124693524,0.0199878265092675,0.0210307666093648,0.0701475191157981,"Residual"
42,2000,0.35,35,2,0.25,4.9822994921419,0.995835656585672,2.02921363318858,0.0158738481184936,0.0162094669449022,0.0618211173731546,5.00464486011872,0.941471937652965,1.87274037573608,0.0165028122586606,0.0162068074655425,0.0565559875736552,5.00486420974458,1.00071257175222,1.92955299368579,0.0389103852838757,0.0383403411071014,0.139807653803618,4.97823218194259,1.00622351006611,2.09666215901398,0.0199804179077883,0.0215173404586536,0.0724171966577861,"Residual"
43,2000,0.35,35,2,0.25,5.00224064427065,0.997826107914289,1.91326752753241,0.0163306730970077,0.0165875773414228,0.0579144952521357,5.02253163978306,0.944208080995185,1.74253925348687,0.017091469732962,0.0169043696758194,0.0522177541751176,4.97238031234752,0.94760044674845,1.84624706015433,0.0397224453391954,0.040596432190692,0.133054343136642,4.99164219077653,0.98148626854832,1.94300727211259,0.0205670623162261,0.0230341151410931,0.0663679356237779,"Residual"
44,2000,0.35,35,2,0.25,5.04114280979194,0.976233523838219,1.95953844589845,0.0161327393679364,0.0164342399787357,0.0592748075312794,5.06926035689069,0.904385189228537,1.79271400858262,0.0168443040993503,0.016430543385368,0.0537509472817902,5.0541695303906,0.939219499894657,2.01879346819205,0.0379758558262865,0.0407280768633579,0.146220956840603,5.03526933111211,0.971549721193554,1.97662905178403,0.0198937762817571,0.0227427048204098,0.0670010832257349,"Residual"
45,2000,0.35,35,2,0.25,4.99995025397863,0.98832008954052,2.0158682730124,0.0159312080139114,0.0162907480820386,0.0611037212378144,5.02881288667386,0.928517415771882,1.83666274285066,0.0166641727954598,0.0165546567718138,0.0551728382971674,5.02378447686571,0.977406964611391,2.1188582131198,0.0371347430571773,0.038709764047249,0.154454347210671,4.97834948345845,1.00642503578487,2.09820735068424,0.0201617758845961,0.0216575382182444,0.0735364031503275,"Residual"
46,2000,0.35,35,2,0.25,4.98002638093979,1.00253892818311,1.9846298943444,0.0160535016226482,0.0161875852323005,0.0601462972864911,5.01258424916734,0.943140230743434,1.79694337378899,0.0168434877073429,0.0164010710643547,0.0538967209238961,5.004888428322,0.940748551285476,1.77953666040831,0.0404349030102444,0.0391677741482886,0.12727194757459,4.99515243462429,0.991790863941697,2.01187352613233,0.0203304788474088,0.0214346780963032,0.0689071985953479,"Residual"
47,2000,0.35,35,2,0.25,4.99283885322777,0.987998873920928,2.01492792411516,0.0159351502256204,0.0159866421112801,0.0611914288384275,5.03823756839931,0.924393142421918,1.79422525123849,0.0168483050495698,0.016424190462584,0.0538604270471144,5.04161728070251,0.941567736950165,2.16092788049587,0.0367667451276397,0.0354961456086826,0.156221362828574,5.0015028279768,0.967428270153333,2.06728226851874,0.0200343431709526,0.021344988223646,0.0720488193310422,"Residual"
48,2000,0.35,35,2,0.25,5.00102566190734,1.00781893266132,2.00616838994228,0.0159621205872406,0.0160644172388698,0.0610128277223988,5.04160334955765,0.937405204449355,1.79160191363207,0.0168584771827857,0.0162641974248592,0.053826731581576,4.99713521558613,0.950871085503345,1.97395145391229,0.0384102561739797,0.041359286423516,0.143055059696625,4.9763024346947,1.01718194180137,1.99867253628341,0.0201264989844842,0.022366720930902,0.0685032952694687,"Residual"
49,2000,0.35,35,2,0.25,4.99112667682539,1.02827492590048,2.08269124724258,0.0156986453122902,0.0159789882276216,0.063055240412583,5.02818629347933,0.973813207454667,1.8644517996028,0.0165580510432979,0.0163542655404042,0.0558161723151637,4.96196935366848,0.993776948489657,2.05308003033836,0.0379242718359527,0.0383034701357518,0.148679378501127,4.98889901950712,1.02892190117381,2.10722373866965,0.0205284851758925,0.0215657628242133,0.0737573831276679,"Residual"
50,2000,0.35,35,2,0.25,5.01811986750214,0.987075651177264,1.92354825704312,0.0162955712719712,0.0161837067094112,0.0582326487924677,5.05169649308667,0.94174805430595,1.75020846354129,0.0170572191383569,0.0165800999294281,0.0524446467857885,5.03825958794106,0.958230601495293,2.06312880428548,0.0376035889878205,0.0383186632720375,0.150234656202071,4.99599223991035,0.989989508884385,1.97110948292928,0.0206963143667796,0.0221082414504238,0.0679671788662282,"Residual"
1,2000,0.35,35,2,0.25,5.00874653764846,1.0113373950456,2.18789090948822,0.0153031516291432,0.0149272093932052,0.0668630927172273,5.03425752884355,0.964557393226443,2.00257736105113,0.0159716341470479,0.0151236468771083,0.0606435249712316,5.01900655074266,1.07008842661755,2.52634935233027,0.0341535403390747,0.0357723999315519,0.186335437928338,4.99731107792994,1.04183366089006,2.32693450410515,0.0198314036144303,0.0219873800122206,0.0861958218847929,"Residual"
2,2000,0.35,35,2,0.25,5.01248313732057,1.00307912849797,1.83981326026725,0.0166448122571395,0.0174107344697688,0.0552561169833071,5.03817986868634,0.946658912914756,1.70298095927771,0.0172809800542107,0.0175269639200861,0.0507389050042249,4.99700334980766,0.964389384324726,1.69749348867287,0.041408839234023,0.0427921165385193,0.120618882237549,5.00296130664626,1.01401103484937,1.90851439212197,0.0209145956655189,0.0229495156594144,0.0647891871886597,"Residual"
3,2000,0.35,35,2,0.25,4.98707966949585,1.00320478951111,2.06904273567774,0.0157440098353274,0.015751620422072,0.0629516473890954,5.01965172652706,0.948960669710741,1.8420443330843,0.0166558748165992,0.0162444273202874,0.055374607459553,4.95413409800075,0.985275055445421,1.92363234011981,0.0390180332019941,0.0403195416421416,0.138908765835568,4.97035358373939,1.00324663347236,2.08241349047306,0.0204310718927275,0.0218331388982799,0.0725706414750244,"Residual"
4,2000,0.35,35,2,0.25,5.02640971604378,0.999945645826798,2.05099205210163,0.0157862485595045,0.0156261601923014,0.0625701638982306,5.06834692945226,0.937195633655642,1.84049271774026,0.0166359396118365,0.0159903617173074,0.0555401411295531,4.98572112636348,1.0061455332474,2.13212377845068,0.0371534533092849,0.0353040747787055,0.155605847600909,5.02841869390532,1.00381406741089,2.09750788203702,0.0204179542356589,0.0213524301635768,0.0746317191848132,"Residual"
5,2000,0.35,35,2,0.25,4.96558205714005,1.0123795001367,1.89231974177797,0.0164280133664371,0.0167889442275975,0.057396251624137,4.99475659144977,0.961831591006144,1.71842945642365,0.0172141670356719,0.0171809350428853,0.0515871679318124,4.94048628656862,1.00666676961718,1.82903385891534,0.0399755727360415,0.0409352231592642,0.132555496979404,4.94416525404095,1.01293023677809,1.90096964521244,0.0204555561671832,0.0232292612597708,0.0641132309354334,"Residual"
6,2000,0.35,35,2,0.25,4.99393684160658,1.00175678726217,1.96074931775207,0.0161393718621453,0.0164876825724071,0.0594667574841369,5.02164903257913,0.947525303586643,1.82345435221559,0.0167180531779544,0.0165178046860049,0.0549015566974484,5.017636683584,0.950943716032418,1.77211840842148,0.040506998701949,0.0420862680291886,0.12733329665196,4.98879856173874,1.02113954860219,1.99987173876983,0.0199904613282587,0.0221314222888646,0.0679777736698849,"Residual"
7,2000,0.35,35,2,0.25,4.98378599846348,0.991834744160641,2.0785944285628,0.0156899391197805,0.0156991186930834,0.0632298260408285,5.02036770574938,0.929089461058967,1.85627474504013,0.0165711605576564,0.016065181773012,0.0558276396878654,4.98729811411084,1.02065217197365,2.12672532436167,0.0370732275307535,0.0389108584199992,0.15490866812674,4.97915851488052,1.0217139916023,2.1240295939334,0.0202773717242328,0.0219367834599814,0.0755535937720903,"Residual"
8,2000,0.35,35,2,0.25,5.00076368456748,1.00020194060568,1.87854117169579,0.0164784038823517,0.0171033286807825,0.0567275857448238,5.03733605954634,0.930960380785566,1.69966973331279,0.0172965016499359,0.0173311673574634,0.0507879750915323,4.94616237304425,0.984384574098592,2.016334668149,0.0380881530063968,0.0412410522155976,0.146648640193268,4.99756841188564,1.00895983539267,1.90518126226396,0.0213793247473704,0.0232844531800868,0.0670981836313376,"Residual"
9,2000,0.35,35,2,0.25,4.99537414130345,1.00961402364,2.00953632871549,0.0159490050704459,0.0160945008858628,0.0609940431660001,5.01943869400572,0.95631135433714,1.84744803686854,0.0166106117167402,0.0163864606934138,0.0556138299547774,5.04220253591481,1.01588483346924,1.92728814815711,0.0389302465951255,0.0411714544858346,0.139282541966679,4.99327701643571,1.0188229180961,2.0530433559517,0.0197137452259946,0.0213493578761566,0.0697911297195481,"Residual"
10,2000,0.35,35,2,0.25,4.99465939583048,1.03150973812408,1.91632530684339,0.0163285465028435,0.0165199590078924,0.0580230329215162,5.01720592844146,0.968965067601917,1.72944220338057,0.0171656607066597,0.0167766388346007,0.0517926408283116,5.03708224917904,0.969051173417899,1.91521843547152,0.0390450204278681,0.0406331813494831,0.137709967603979,5.00759517093977,1.03452153753163,1.93771273866616,0.0208266728140138,0.0221560475455981,0.0665372433571801,"Residual"
11,2000,0.35,35,2,0.25,5.00725619495822,1.00247660901733,1.91315705290545,0.0163328593260447,0.0167673573349863,0.0579129340310233,5.0391224447703,0.932230841718372,1.73933822224782,0.0171030408551848,0.0169107433018133,0.0521178381046817,4.96116721774195,1.0266741501792,1.8712034396564,0.0395379572411313,0.0403995121166542,0.134564149221296,4.99161864852839,1.01283962133832,1.93719238713169,0.0209732051062298,0.0236970820422757,0.0667049934237894,"Residual"
12,2000,0.35,35,2,0.25,5.01034985262486,0.995651108079094,2.09404978210567,0.0156472718028241,0.0157544936160071,0.0635616546377101,5.0400507623766,0.936376521811538,1.91336273194746,0.0163409963243718,0.0159713346357717,0.0575701163427549,5.0159679618938,0.999478751588128,2.14491522756055,0.0370780066894647,0.0361002902033971,0.156423496927073,5.01657212315917,0.996749123384162,2.14949816052019,0.0199538420409291,0.0212335757636899,0.0754260684141059,"Residual"
13,2000,0.35,35,2,0.25,4.99000594634689,0.988570797894225,2.0141070383484,0.0159289506720095,0.0162517009200869,0.0613950976952168,5.01685542641625,0.922131420160581,1.81317294133455,0.016762097016124,0.0163970281871155,0.0546491137821612,4.97383323936541,0.932975247583015,2.07820553490433,0.0374788824469784,0.0375080777613703,0.151631296151762,4.98368187097129,1.0022349493409,2.05094158823826,0.0203194808518708,0.0222466745146633,0.0714365652816452,"Residual"
14,2000,0.35,35,2,0.25,5.00338023043117,0.983839496441615,2.04500645159032,0.0158126847355748,0.0160207763405649,0.0621555865910029,5.0300057047316,0.938817536225347,1.85541520679661,0.0165766131490528,0.016484572873235,0.0558370810569957,5.01682169760912,0.989819580659221,2.20671199316717,0.0364396110734422,0.0354878728797428,0.161617224586645,5.00090474093955,1.00110949751419,2.10499041070439,0.0200056206639431,0.0215473170669643,0.0733191634571449,"Residual"
15,2000,0.35,35,2,0.25,4.98583703870108,0.99435271755909,2.06185325009319,0.0157446023803167,0.0161995751964066,0.0626330383240437,5.01731438519748,0.927107090078212,1.83520768183505,0.0166596519741248,0.0164402143937921,0.0550663528735109,5.00810350101203,0.976716300072146,1.77510333082747,0.0404888927859617,0.0435475360535292,0.127184681011568,5.00601370190215,0.994641841563618,2.07723729758806,0.019964798181541,0.0224612285589138,0.0708575401454446,"Residual"
16,2000,0.35,35,2,0.25,5.01122348358945,1.01873894903526,1.97643838815092,0.0160754266656416,0.0162396922143286,0.0600245740065317,5.04228513840266,0.957733931599975,1.77503337884041,0.0169367695189923,0.0164661497172435,0.053278575784429,5.0813731210919,1.01365324604719,1.99901037777651,0.0381821461971426,0.0391272618148432,0.145238730990015,5.01151788214138,1.01083870692526,1.9725037149899,0.0204020087594951,0.0216700295509252,0.0678766851068866,"Residual"
17,2000,0.35,35,2,0.25,4.98043182155741,0.976435433352035,2.02615836725614,0.015883744045179,0.0157711051982401,0.0616735743478463,5.01066497609504,0.92652400124887,1.83762004953933,0.0166537742332427,0.0161370767851935,0.0553508955981426,4.96854827648857,0.958082801554293,1.96565781116828,0.0386107562800138,0.0383418729774406,0.142322784994952,4.96886190903505,0.966568747675989,2.06666340497704,0.0201816550079479,0.0208557819301051,0.0715156500557007,"Residual"
18,2000,0.35,35,2,0.25,4.98961109972238,1.01806490074393,2.01316037543787,0.0159415617269127,0.0158166908393242,0.0613035121802106,5.01743193530121,0.955491566436308,1.80132030021116,0.0168231486953844,0.0161734883847959,0.054208904070313,4.89099895429571,1.00392903083382,1.95023008489063,0.038771306759907,0.0382431553889091,0.141845804487814,4.97772060074191,1.0277824615755,2.06773373250425,0.0211810410774221,0.0231065548274326,0.0734701485876459,"Residual"
19,2000,0.35,35,2,0.25,4.97583374979123,1.01464852091959,2.03135981083278,0.0158814802126082,0.0158319453294858,0.0618051138174256,5.00979590724079,0.961027052885034,1.83197839801363,0.0166915661803879,0.0161816585454935,0.0551429419961584,4.93929158964094,1.09069398131982,2.06651907088995,0.037682518081903,0.0382916422658335,0.151001396352548,4.95563412526078,1.03160268165466,2.06154166830173,0.0201215245828033,0.0215146706036041,0.0711849921626035,"Residual"
20,2000,0.35,35,2,0.25,4.99254850794344,1.01384347639629,1.8883897971509,0.016443571225487,0.0166995392496493,0.0571765877012676,5.02744371909975,0.94734453874503,1.70106694016244,0.0172968405126831,0.0170401815018546,0.0509512775341137,4.98874077702926,0.96389955744564,1.74244720583868,0.0409717019636388,0.0406498821112604,0.126525328289092,4.9741252483173,1.01092639830317,1.91932597244665,0.0207353828440823,0.022028929206565,0.0653660288129824,"Residual"
21,2000,0.35,35,2,0.25,5.0160727441712,1.00202750552688,2.07411946801126,0.0157064964149273,0.0158004977847898,0.0630426159936055,5.04372424395405,0.941119531167812,1.89195253506721,0.0164208174095278,0.0159140438115319,0.0569801638475468,5.02300514454166,1.09063311516919,2.15971057213075,0.0368631316318288,0.0378046810295916,0.159009285291417,5.01339507189615,1.03741453130003,2.1728100939284,0.0202062815997142,0.0229679835287329,0.0772223943127134,"Residual"
22,2000,0.35,35,2,0.25,4.98590810673804,1.01599626248748,2.05195816670514,0.0157852335959215,0.0161811362320458,0.0623319164735037,5.01537231478104,0.948349394326953,1.84105052014935,0.0166379853393179,0.0163651110256892,0.0553087334930869,4.9429602018475,0.991142497708191,2.01679149842289,0.0380745204483584,0.0394355458287319,0.146713059880894,4.9655987498491,1.01648822847759,2.09186716703388,0.0202593167283647,0.0227575775090033,0.0748969355764135,"Residual"
23,2000,0.35,35,2,0.25,4.98688757813262,0.974281281468601,2.01702410251882,0.0159264343089895,0.0159301191066684,0.0611609460126058,5.02017272764689,0.920245223553615,1.81857519629046,0.0167502046571547,0.0162055085781669,0.0545554438342638,5.00269308706569,0.966000072250438,2.23522966020513,0.0361740054420636,0.0366008621724692,0.163363233545588,4.96740893322453,0.996354956144934,2.06137967431757,0.0198785974425099,0.0214280845028167,0.0712303193203456,"Residual"
24,2000,0.35,35,2,0.25,4.9511840007185,0.983601226648702,2.04238831816837,0.0158242399307248,0.0161365511183963,0.0621398333844183,4.97521830139017,0.923969181640628,1.87541214067602,0.0164901098991322,0.0163081039762271,0.0565930661530929,5.02072912760368,1.00609335074168,2.17634588757153,0.0366516449438248,0.0380865915956031,0.159144582075946,4.96205099466258,1.00497741649364,2.08567260821612,0.0197874039079896,0.0220354924680951,0.072668999300377,"Residual"
25,2000,0.35,35,2,0.25,4.99703021070064,1.01424232532205,2.03051242845315,0.0158679873784895,0.0160414089303012,0.061756045643363,5.02964830320686,0.948177801837645,1.82513029008027,0.0167080350334252,0.0163765907098134,0.0549209878799276,5.01148634180385,1.028077631881,1.92842432113183,0.0389355723980145,0.0397014812686905,0.139158455452587,5.01986137899958,1.02239902691968,2.07660965482549,0.0202341747362189,0.0225704114097079,0.0723516370763625,"Residual"
26,2000,0.35,35,2,0.25,5.00523292555941,1.00042863521199,2.00520659889007,0.0159649902789187,0.0159856863888359,0.060768496807893,5.03921389836965,0.937964485744681,1.79804827626784,0.0168308940319592,0.0162480861049181,0.0539049130899649,4.95199143528217,0.97285619360987,1.87313697986468,0.0395305925866457,0.0366860744408259,0.13559074458655,4.99799220855893,0.987894975999005,2.06002014159587,0.0207609406515838,0.0218018233621996,0.071547796201804,"Residual"
27,2000,0.35,35,2,0.25,4.99142265286177,1.01110398329271,1.9628425564869,0.0161353356951898,0.0166259719577959,0.0596054773246947,5.01742427664836,0.943685675729643,1.79493405871225,0.0168469637380595,0.0167038284557604,0.0540014941412313,5.05697368360565,1.05457256182266,2.04142467368268,0.0378734024443946,0.0387642749050743,0.148526107558244,4.98030477200102,1.02729775644345,2.03491636519488,0.0204761322605356,0.022476553489581,0.0713045400704399,"Residual"
28,2000,0.35,35,2,0.25,5.00530321462541,0.994879339359798,1.99467934301754,0.0160062191148973,0.015989365387407,0.0606433461925105,5.02794544486854,0.932216568782703,1.80422624370165,0.0168040828714136,0.0162130787022751,0.0542742380239238,4.91728007491119,1.01339889406088,2.14048872485664,0.0370669567352303,0.0359675706696433,0.156385210354763,4.99006631536929,1.0087343645131,2.03433373341799,0.0204649645929373,0.0219401212701898,0.0707051810102889,"Residual"
29,2000,0.35,35,2,0.25,4.98198275050803,1.00081458517323,2.02728171367158,0.0158822153432429,0.0160402032375777,0.0616188024864413,5.02057922414618,0.937097051254334,1.80565021330664,0.0167968847748686,0.0163672300409205,0.0542122580775129,5.04169399916917,0.966328885151176,2.12305292500454,0.0370924870382596,0.0367966030332659,0.154027692185479,5.00315250955398,0.998479616040513,2.0397716050243,0.0205018809440956,0.021450505586692,0.060144421774671,"Residual"
30,2000,0.35,35,2,0.25,4.98334390407309,0.982690509283306,2.01394370144979,0.0159340618140538,0.0161270158285016,0.0613890584126961,5.01693031743034,0.915813374255111,1.80713735385374,0.0167930801389192,0.0164277644832731,0.0544590864711308,5.06596030238614,1.00340351742284,1.9255833765959,0.0390467055244255,0.0398150168848339,0.138230461979604,4.96557818256055,0.986372705006963,2.04918838795341,0.0203007872289887,0.0221058546425583,0.0712139561399474,"Residual"
31,2000,0.35,35,2,0.25,5.01730619532263,0.980898218034381,2.00335252912038,0.0159614273910876,0.0163869776220383,0.060798813360284,5.04326069777759,0.920144429385073,1.80333212261949,0.0167987986037691,0.0166969930071194,0.0541338643207443,4.9652432704483,0.88887873495016,1.98363297589371,0.0383493219235962,0.0387323587376634,0.1441011645745,5.00741919293128,0.962108808212124,2.0159913229377,0.0203677784510209,0.0217077136505338,0.0695525818267778,"Residual"
32,2000,0.35,35,2,0.25,5.0109448224016,0.952329758398359,1.92681405260533,0.016272550788717,0.016440399292645,0.0583901455425764,5.03629263743237,0.895362149919339,1.77610865816812,0.0169290982314665,0.0166154845837461,0.0533525156168011,5.0129454961891,0.940095930222837,1.78689078850905,0.0405087126928747,0.0408964925859593,0.128128566763914,4.99658175442773,0.962109083847906,1.95890883176172,0.0204184080003776,0.0218071630746836,0.0667807632810369,"Residual"
33,2000,0.35,35,2,0.25,5.00437250906757,0.992670025556501,2.10183338845007,0.0156077339616209,0.0153684430493206,0.0638629158335063,5.04345719371799,0.931020490954802,1.88942246375365,0.0164278123256554,0.0156739587456954,0.0568142754429722,5.047872440968,0.990875872430775,2.29371916991209,0.0357046553410566,0.0357577898776036,0.168838886542102,5.01203963442835,0.976078104990088,2.14897100991858,0.0197089129169034,0.0202101064278108,0.0751935560029467,"Residual"
34,2000,0.35,35,2,0.25,5.00174839694966,0.991682971788775,1.94049243519453,0.0162180430910763,0.0163646406824876,0.0588883903208875,5.0226774964368,0.944337468181286,1.79952722526963,0.0168227866562481,0.0164372620680573,0.054156910848718,5.00112142250525,0.98613311860062,1.95910928137636,0.0386472944943296,0.0392537133952322,0.143357086165663,4.99939576325305,1.0242495360605,2.00706575756796,0.0200901241005409,0.0216437730938167,0.0689999703785476,"Residual"
35,2000,0.35,35,2,0.25,5.01034015525177,1.00898656441491,1.98435576637613,0.0160548080767359,0.016157870451256,0.0600966709122089,5.05436253014076,0.946040470112583,1.76955239858281,0.016966032363236,0.0165475307662701,0.0529703746998334,5.00804675053633,1.01975008773109,2.15678530672681,0.0369389523175207,0.0388345675779416,0.157590160890072,5.00548023386383,1.05648645299672,2.03037551036752,0.0209001041653542,0.0224776913471562,0.072912329698668,"Residual"
36,2000,0.35,35,2,0.25,4.98278456714593,0.986053109264032,2.02104347575573,0.0159067946946695,0.0158749552751471,0.061537466419936,5.00978821946694,0.927207483014859,1.82625840384697,0.0167063919676596,0.0161258474099458,0.0550240407542009,4.99752900780258,0.969238506254375,2.17933643252675,0.0366690255350466,0.0371908807961163,0.159255835239889,4.97839485153866,1.01559696816612,2.06156548213826,0.0198918771926229,0.0216561416858941,0.0713618841423219,"Residual"
37,2000,0.35,35,2,0.25,5.00833843620905,0.989658469185776,1.97973395181157,0.0160597692764109,0.0167140048159593,0.060004715596583,5.03372233819539,0.926539465722539,1.80284138373552,0.0168077416771257,0.0168337167195431,0.0540894090074138,4.97647756741157,1.0003146994775,1.85232694488169,0.039681584580784,0.0408386595839907,0.134309487007477,4.99450571994871,0.99627222690136,2.0003940030533,0.0201133270738986,0.0217193499877504,0.0674041064662887,"Residual"
38,2000,0.35,35,2,0.25,4.98224432657529,1.00103837541573,1.94332576143627,0.0162203678442059,0.0161689234134283,0.058851142277791,5.00638044786173,0.941164885900982,1.80008605310139,0.0168307991257872,0.0162666625884477,0.0540967783028143,4.92565403293409,1.00492013107473,1.79894996335689,0.0403862587146929,0.0414244449628736,0.131109856910417,4.98596317731458,1.02230020847057,2.00035952505352,0.020178871463623,0.0218572129350528,0.0682465231464021,"Residual"
39,2000,0.35,35,2,0.25,4.96603886626563,1.01623695993108,1.94289451947665,0.0162183962232148,0.0166252891564162,0.0588647863487602,4.99807066727506,0.94635319028981,1.75485818192788,0.0170378974436746,0.01689554874842,0.0526258737968038,4.95255723828288,1.0276577494182,1.65326206378248,0.0422401520985731,0.0449049237908582,0.118580748686207,4.96365136706086,1.03329345993173,1.98075868650225,0.0210151396716893,0.0228661215591115,0.0687524138845672,"Residual"
40,2000,0.35,35,2,0.25,4.98543199061138,1.00064802091471,2.11055307108002,0.0155661552219291,0.0159484282086033,0.0643843192757927,5.00954005691067,0.94784990132205,1.93202764492795,0.0162472461684528,0.0161386950104935,0.0583921429124291,4.92326846841122,0.99560273913862,2.2026574901483,0.036454326203319,0.0392741505149228,0.161657424929977,4.96901870167189,1.03405063739713,2.18349743959617,0.0199077254328862,0.0223674023980443,0.0766737777398871,"Residual"
41,2000,0.35,35,2,0.25,4.98030319229187,1.03639039582925,1.94501832404868,0.0162128833940669,0.0163573898710368,0.0590012276687753,5.01613830338317,0.974372390308453,1.75372772075872,0.0170442767918954,0.0166902644954698,0.0526297017232851,4.9118726855164,1.06833641321762,1.74505428709744,0.0410107406321231,0.03993815005338,0.12568831782155,4.98588162003458,1.05075108611864,1.94244890313087,0.0205681317674052,0.0227331467583909,0.0664308014579597,"Residual"
42,2000,0.35,35,2,0.25,4.96775822809177,0.998207129284009,2.02632416715386,0.0158857470378245,0.0161216240267476,0.0616211260624049,4.98824136573809,0.929357043399817,1.84775130597595,0.0166105611932831,0.01624048060361,0.0556835446613031,4.92525756867063,1.00026702914945,1.74427074412085,0.0408768728706563,0.0448374202233802,0.12525867262963,4.97072668808874,1.03106560465669,2.04990525210683,0.0200938397404472,0.0224397205844652,0.0704342984085958,"Residual"
43,2000,0.35,35,2,0.25,4.99986427284346,1.01972333052666,1.91235734108729,0.0163394575086197,0.0165104137432686,0.0577058936386436,5.02699435067468,0.957549787488512,1.73360010182132,0.0171361889304303,0.0167006758579537,0.051773590838296,4.94965002538041,1.06480267969261,2.01683051776959,0.0380516517210785,0.0421379111288721,0.146422379175508,NA,NA,NA,NA,NA,NA,"Residual"
44,2000,0.35,35,2,0.25,5.00857947234893,0.978823321699261,2.00502332178859,0.0159621079213262,0.0162395885287851,0.0607062508906679,5.03769716601496,0.927209578893617,1.82003061828805,0.0167289880384104,0.0165867803363121,0.0545661283241651,5.05386954989639,0.930440267911296,2.30128427517135,0.0356193534505271,0.0370320500710666,0.168381923851212,5.00675232454587,0.98539000890468,2.06318205263294,0.0201978666445806,0.0209243620997027,0.0714022905139541,"Residual"
45,2000,0.35,35,2,0.25,4.96876477523894,1.03504118991984,1.91701326556226,0.0163321461004058,0.0166412451782629,0.0581211038842216,5.00457260922654,0.970194837673562,1.73367399517939,0.017145845659321,0.0168586202876712,0.0520183137439126,4.99275187463849,1.04971693510174,1.71883795501661,0.0411971724382837,0.041006601375507,0.123293016406929,4.9526388148435,1.03740779836551,1.96350655811538,0.0208966352697853,0.0224069825953201,0.0678099793774495,"Residual"
46,2000,0.35,35,2,0.25,4.98252185370796,1.013357571389,1.91846132817709,0.0163207283993216,0.0163673489876609,0.058166656354799,5.02032575064904,0.948998931360905,1.75692359151748,0.0170253192780988,0.016463463988677,0.0527743048734955,4.94726813262989,0.984402318923001,2.16629796215791,0.0368461283956625,0.0368958157177089,0.158285789133593,4.96925984365405,1.02944615416028,1.9939424820465,0.0209542209504635,0.0219629786692511,0.0660655028440245,"Residual"
47,2000,0.35,35,2,0.25,5.00252801271784,1.02519844636245,2.16609517877629,0.0153791375352031,0.0158115773059595,0.0659215215644532,5.03722512329059,0.95555364226793,1.9561193594762,0.0161533603812513,0.0158106939408009,0.0589478565304616,4.94400307319415,1.02267189120427,1.89392551733195,0.0393110123709309,0.0403277148023131,0.136923558112942,4.9923802953574,1.0349253360606,2.24125076079109,0.0201577367181646,0.0217004771732362,0.0709510349928914,"Residual"
48,2000,0.35,35,2,0.25,4.98997950251841,0.999061970923325,2.01571639707585,0.0159212617054784,0.0163167458980307,0.0613494685943542,5.00787595907312,0.953473975938138,1.83720042059224,0.0166541272020882,0.0166160609390488,0.0553449606163366,5.0040061512133,1.03689259961095,2.00479607202148,0.0382499759542487,0.0404471878625819,0.145582205440326,4.96431092416785,1.02265206270069,2.07162716200617,0.0203881315183515,0.0227484106731516,0.0721479819304083,"Residual"
49,2000,0.35,35,2,0.25,4.98936384174551,1.0153963782853,1.92387429831601,0.0162968715901368,0.016756854544626,0.0584022642470274,5.01931523085521,0.943769843696609,1.71782599578362,0.0172164035566406,0.0170690867222087,0.051523011275665,4.96331518154633,1.0523385140681,2.0399904244372,0.037862560177206,0.0387786606288606,0.149595533212341,4.99541367603726,1.05044794860972,1.92260036597311,0.0208121970655276,0.0234209324048608,0.0662285230164606,"Residual"
50,2000,0.35,35,2,0.25,4.99311164307501,0.99274605670852,2.05168227548019,0.0157856255620417,0.0160377787721322,0.0624508240531345,5.02087008402539,0.934751086425873,1.85265855798691,0.01658613962661,0.0163154088436207,0.055802288167279,4.99366443775659,1.01067506980149,2.08863894586089,0.037518203096209,0.0390173552903336,0.151753262696336,4.99063087229389,1.00019383410336,2.08236316704735,0.0200248979157232,0.0223948113786154,0.072200125507109,"Residual"
1,2000,0.35,35,2,0.25,5.01982934038581,0.999037678652191,2.03338796136739,0.0158588832948722,0.0157289379700069,0.0617753692327022,5.04585227784063,0.950777830311157,1.85898657361544,0.0165634941726431,0.0159108671985675,0.0559085283776281,5.05368590538359,0.996272520879934,2.02764735555479,0.0379172230589276,0.0393897940191991,0.146952897145239,5.03094692648935,1.02873296807947,2.10035106822262,0.0204402331529937,0.0221415099075577,0.0738843387578718,"Residual"
2,2000,0.35,35,2,0.25,5.01320268754493,1.01035639387174,2.03124026229701,0.0158631424394638,0.0161375763766142,0.0619953537856422,5.04374301534102,0.939995255398974,1.82610889813236,0.0167028392014689,0.0163518162017136,0.0551066726852024,5.01970588018285,1.01506121968097,1.99329487878237,0.0382739172073821,0.0379648473163788,0.144635376556082,5.00174207479833,1.0196148828736,2.06135954892455,0.0203792681828792,0.0213902247745735,0.0723155245251876,"Residual"
3,2000,0.35,35,2,0.25,4.99373536928794,0.992398319118272,1.91709954280885,0.0163176458351044,0.0166029870552312,0.058003179096801,5.02323130603514,0.951899104672718,1.77065900703437,0.0169593659118516,0.0168215622037091,0.0531111975691091,4.97795595073544,1.02542387488678,2.11901922665526,0.0371738682924092,0.0373417558033508,0.153842318038281,4.987352724819,1.012446216609,2.00421572856826,0.0203583811586287,0.0220736490624505,0.0686864587999837,"Residual"
4,2000,0.35,35,2,0.25,4.95285629182722,1.00829925314612,2.02803637016515,0.0158837349278944,0.0162696891154335,0.0614518619985944,4.98859682913229,0.959318192304648,1.82393406020406,0.0167201254131704,0.0166807131794524,0.0546600051404855,4.91977967127767,1.01343858839531,1.97013275670368,0.038564468873621,0.040453998221889,0.141821619954143,4.94893383343734,1.00431282209187,2.04997380049469,0.020314642432339,0.0231418794949503,0.0705528769823306,"Residual"
5,2000,0.35,35,2,0.25,4.99322584595163,0.996559492945345,1.91801394282232,0.0163126410142925,0.0165256341719087,0.0582465088504108,5.02425944542513,0.938286440411173,1.75794740217693,0.0170162824361979,0.0166564324503766,0.0528976661058719,4.99594491608863,1.01857383882479,1.82835071636607,0.0400503918029499,0.0411633673817551,0.131543576237489,4.97946670868258,1.00887564140431,1.97654687054713,0.0203967632689144,0.0229248865239266,0.0680803734756609,"Residual"
6,2000,0.35,35,2,0.25,5.00087026715372,1.0089140461216,1.97619638658893,0.0160864569040248,0.0164221110359662,0.0598579840160948,5.0304108843654,0.94247856323204,1.77490054044421,0.0169483745434244,0.0167020482286344,0.0531611992483285,4.95536877223274,1.07978087142068,1.94383960930491,0.0387721205731613,0.0421995897556647,0.142853983340648,5.00363847929146,1.0460361674251,2.0213112891686,0.0211827816113679,0.0249256842834872,0.0714237776775552,"Residual"
7,2000,0.35,35,2,0.25,4.97410656405191,0.977843171257585,2.00114245137019,0.0159744996551507,0.0165356663577319,0.060787341605232,5.01093337014989,0.917606899526686,1.8304430568405,0.0166805088263345,0.0167502121708082,0.0550913161236436,5.01186455208933,1.00415318359171,1.71365357154206,0.0411930408086608,0.043837940718774,0.122841178588466,4.97769121920068,0.995760642515724,2.01952787964958,0.0197397702179228,0.0223842344679963,0.0684502265446918,"Residual"
8,2000,0.35,35,2,0.25,4.98748168011304,1.01156989552481,1.97291258772705,0.0161120626795049,0.0157966974043856,0.0597752450584676,5.02679994725256,0.9532877164487,1.76104109613167,0.0170180442064941,0.0162686241994733,0.0527339418623106,4.94526327889593,1.07021013069562,2.11633594869137,0.0372323382974258,0.0380344308474888,0.154925039300254,4.98380888396217,1.03238099937259,1.9774054973003,0.0208812846454509,0.021713139490135,0.0693998508711374,"Residual"
9,2000,0.35,35,2,0.25,5.0079720444295,1.00068665442062,1.9628508194271,0.0161581211841666,0.0158835301297943,0.0594099243090889,5.05029411058421,0.946656560204375,1.78711082494725,0.0168946021265822,0.0161945911726548,0.0535649189243371,4.94889674804749,1.00962514386567,2.0095493032849,0.0382413966925029,0.0392426970026335,0.146068384439768,4.99956648006715,1.01385558229591,2.04367649074596,0.0207778708154491,0.0228296385456653,0.0717459270893097,"Residual"
10,2000,0.35,35,2,0.25,4.96087544982333,0.989071660123921,2.04729536278201,0.0158191696988941,0.0155685148382917,0.0623656970721347,4.99476834267642,0.929357852987772,1.82624746337459,0.0167161415808738,0.0159374916994775,0.0549733979056686,4.92003593700758,0.943103304431106,1.93637428074978,0.038832199959602,0.0403122230390396,0.140913689603023,4.9562173751521,0.97910443840141,2.08166809533847,0.0202075818876492,0.0216299722283607,0.0727995724186839,"Residual"
11,2000,0.35,35,2,0.25,5.0179503431083,1.017263862986,1.94468271533611,0.0162033974169948,0.0164707315227129,0.0586582215000602,5.04930660924526,0.953532220569235,1.73659909979884,0.017119864859948,0.0169141442716617,0.051795947253604,5.01305005620779,1.0104171682575,1.8773285065645,0.0393963428371633,0.0401134518196539,0.134877773917616,5.00362483021262,1.01344787835972,1.96040452003964,0.0206157958973622,0.0223688340977032,0.0672833129324345,"Residual"
12,2000,0.35,35,2,0.25,5.00454532430071,0.9803286392784,1.93752071932467,0.0162294039837359,0.0166677362170943,0.0585332525435067,5.03640095262696,0.911195103766793,1.73643262758442,0.0171162372727034,0.0169304973816742,0.05187856896439,5.01967709553626,1.00180868353694,2.00597230814463,0.0381378876070262,0.0407732514049497,0.144624725877098,5.01146464948388,0.981079327180253,1.97642904562411,0.020567518209799,0.022588681747793,0.0682450813730325,"Residual"
13,2000,0.35,35,2,0.25,4.99729699854215,1.00002755820146,1.94008313006643,0.0162381207879205,0.0165604732646813,0.0585848566785911,5.02428646422012,0.935465032567025,1.77716022305034,0.0169443934711519,0.0165700835571496,0.0531874298259555,4.95924543286981,0.986675271710592,2.07697760618806,0.0375443833520748,0.0390900527508846,0.150367903762146,4.98692216126954,1.00590638449509,1.98788937225627,0.0204214023640628,0.0235283091038605,0.0685243353723628,"Residual"
14,2000,0.35,35,2,0.25,5.01353535865258,0.99334264749553,2.04915294443332,0.0157907779395161,0.0161785862023584,0.0623425522987044,5.04138539015585,0.938351891441918,1.84026010299611,0.016637182941691,0.0166116133317067,0.0553528153253428,5.02886369833415,1.06562981121769,1.99931173669862,0.0382258027917267,0.0403663235177524,0.145083514009779,5.02017820043999,0.989714644834086,2.04899546876508,0.0202292979663694,0.0224937865004234,0.0709480373484448,"Residual"
15,2000,0.35,35,2,0.25,5.01645895720411,0.991139918513962,1.88329202337323,0.0164565032116747,0.0167332620936631,0.0567144812445103,5.03971373913057,0.929535046260699,1.71241979312615,0.0172382002809485,0.0169347647644072,0.0510655965576595,5.01618678372421,1.05577171814638,1.94679714295316,0.03873944845528,0.0403724711753868,0.140373864336379,5.02353550020634,1.01646235194443,1.9472057855756,0.0208211279044457,0.0235129676765305,0.0681904911035918,"Residual"
16,2000,0.35,35,2,0.25,4.98990895095885,0.997887812392673,2.06079668057976,0.0157543050333393,0.0157668429561925,0.0625716699288087,5.0179714811201,0.942644948237409,1.84800804956494,0.0166093448878446,0.0161389826587776,0.0554963578879824,5.01493566265667,1.00505556157833,1.98979891571453,0.0383215390182189,0.0391448518059242,0.144699729422771,5.00353620741713,0.987334057345644,2.07957250271971,0.0198667918765619,0.0213060226942225,0.071324701236786,"Residual"
17,2000,0.35,35,2,0.25,5.00382200053069,0.980946395862586,2.06600556369978,0.0157272865036497,0.0159122069231648,0.0628205490723732,5.02443495719472,0.93013047405073,1.90158356342172,0.0163725502980359,0.0160761550994429,0.0573171709039799,4.98224387786685,0.980974800298756,2.21580641820782,0.0363719910725588,0.0358791385042521,0.162370795541715,5.00485593784258,0.977797230922611,2.13169345534989,0.0197940298325857,0.0214471904328943,0.0741521173514794,"Residual"
18,2000,0.35,35,2,0.25,4.99947373642984,1.01625258225772,2.03241589904895,0.0158606840416319,0.0163969777132718,0.061736633308525,5.0240552161635,0.9485952240077,1.82028687505621,0.0167293874672019,0.0167537210638834,0.0547087262837951,4.97612344250119,1.00767731255041,2.30275664002921,0.0357805629496887,0.0371737456662003,0.168518841357603,5.00603880423567,1.00457653075639,2.08725333207016,0.0204172685682471,0.0230536904304288,0.0739555513710866,"Residual"
19,2000,0.35,35,2,0.25,4.98218013894032,1.0051139410914,1.98901388873165,0.0160417964619841,0.0162116602134956,0.0604938924036762,5.00641260805755,0.940424896254681,1.79199625990544,0.016870600601089,0.0165286686072301,0.0539184966033909,4.9925208758942,1.03193641032369,2.1593811050576,0.0370003505291974,0.0379637692137959,0.158869044564023,4.98481635170799,1.0079065938654,2.02028387091808,0.0200650504452859,0.0227813905183855,0.0698060144341244,"Residual"
20,2000,0.35,35,2,0.25,5.01621356626445,0.977991771729999,2.0045212052576,0.0159598883482549,0.0161260839032356,0.0607693195074997,5.05133343711411,0.923721038081422,1.81976233970022,0.0167247247392932,0.0164242077568932,0.0546302827432735,4.99280332927918,0.92821513693415,2.09588794004862,0.0373306678671656,0.0373001544490128,0.151650665373365,4.99315761486559,0.962111642250535,2.05839941305774,0.0200497440290898,0.021453563198301,0.0707896087426637,"Residual"
21,2000,0.35,35,2,0.25,5.00402275087444,0.988686288240119,1.9896922155266,0.0160265669417511,0.0161398861195985,0.0602303624426583,5.03241530492244,0.925638313652989,1.80475310849958,0.0168028819724326,0.0162601300089995,0.0540764899491203,4.97747757834158,1.00444154208049,1.89966801498009,0.0392242490600776,0.038789457876308,0.137548960006071,5.01016820467304,0.997647559968861,2.04626254588375,0.0202563442321847,0.0221596524213592,0.0701795987311463,"Residual"
22,2000,0.35,35,2,0.25,4.99641177457301,0.976238674274714,1.95215709799744,0.0161875933970608,0.0156306579414449,0.0591593809233856,5.02470753981965,0.916279071725072,1.78753726133318,0.0168913827137649,0.0157107899539931,0.0536812546021084,4.95623901933134,0.940680850993566,1.87956253058956,0.0394772364802827,0.041402432641562,0.136005138527337,4.97389347853492,0.992141621943384,2.04202414535485,0.0204441830963627,0.0224489125507882,0.0709960789671883,"Residual"
23,2000,0.35,35,2,0.25,5.00377755571301,0.996203983450736,1.9769975482404,0.0160790832862977,0.0159688807689347,0.0600785527614647,5.03582435029901,0.939725394155153,1.77334018490623,0.0169499563630857,0.0164160237618111,0.0532865051822039,4.97858213524453,1.02663732223309,2.18013976216162,0.0366540524198408,0.0365283583683621,0.16105550070698,5.00272940514494,1.01357715868568,2.02890612217053,0.0206762452435143,0.0218806910498373,0.0716578372010525,"Residual"
24,2000,0.35,35,2,0.25,5.01053958156206,0.989799641978098,2.06381685330511,0.0157541449841592,0.0162262936240628,0.0625007014512137,5.04145025351639,0.924422771110211,1.88493211954562,0.0164566230905625,0.0164391225019296,0.0566088553895888,4.997849681094,0.916642992544764,1.95236087939492,0.0387635428098384,0.0398313481829673,0.140432492147081,5.01745009039117,0.971099498988566,2.07975984453913,0.0195104529878952,0.0215009415139531,0.0706681251821892,"Residual"
25,2000,0.35,35,2,0.25,4.9788499353347,0.976336326194182,2.01034695887026,0.0159403931989945,0.0164315226809733,0.0613705166125045,5.01158852729173,0.908781639608719,1.7888889127867,0.0168680536720702,0.0168770529233935,0.0539326926160381,4.9008802442312,0.948323921403849,2.07393029774368,0.037576077820579,0.0392853859062913,0.152817819693131,4.96853111748993,0.974599269967219,2.01086470824837,0.0205474491245381,0.0231843867587899,0.0699570045118487,"Residual"
26,2000,0.35,35,2,0.25,5.03107410079277,1.01655157768433,1.97761581779677,0.0160707970329896,0.0161699795523282,0.0599203508323702,5.05977241370215,0.948953481136914,1.76272894966028,0.0169962178039215,0.0165662223081114,0.0527781594077832,5.03342074940548,1.0254356470657,2.26993110039008,0.0359102072673715,0.0353551003662956,0.166764988698584,5.03697172904636,1.02152303902145,2.00344977212943,0.0210570993264306,0.0223193034585097,0.0707023486148364,"Residual"
27,2000,0.35,35,2,0.25,5.01576425224226,0.9988152403449,2.12310624361359,0.0155083913734046,0.016676628271427,0.0645934772836156,5.03899194917441,0.931248463517623,1.93205820174342,0.0162357653777723,0.0167081410998641,0.0582285489403162,5.06670746252649,0.995543783973588,2.23691660561844,0.0361094470853858,0.0402409358978541,0.162639597834092,5.01704614215083,1.02832647312099,2.20576122186899,0.0198557397255094,0.0232974425291015,0.0775666019141049,"Residual"
28,2000,0.35,35,2,0.25,5.00898106529284,1.02167101547258,2.0634427349111,0.0157432310421757,0.0160252551915888,0.0627186062833078,5.0382779405551,0.966155746649898,1.83358558342433,0.0166707477383905,0.0165315731512235,0.0550583520847315,5.02350469395156,1.03606293778027,2.33010023984993,0.0355559247718096,0.0360472860397842,0.170338992850733,4.99756441921985,1.0214166375218,2.11540696744408,0.0199826457736119,0.0219071474075519,0.0747201169530993,"Residual"
29,2000,0.35,35,2,0.25,4.99548352779997,0.990766125028414,2.04495056438485,0.0158266531487843,0.0158937316411471,0.0620117430969483,5.02667547443773,0.931969813081558,1.82329508446413,0.0167339363122419,0.0164152153407843,0.0546664321837162,4.9548513186613,0.995785969587743,2.00670120701948,0.0381571664238609,0.0389929646880767,0.145152059961216,4.9589696341907,0.988659541171791,2.10698594073348,0.0205105713120091,0.0222461063179576,0.0739357381516698,"Residual"
30,2000,0.35,35,2,0.25,4.97499622820386,1.00541566614126,1.97398518384501,0.0161005474931128,0.0161122515006992,0.0599006760093639,5.0022578415677,0.946830050623748,1.79740814953083,0.0168486733669993,0.0161837178929873,0.0539841200063292,5.01199670433456,1.00177239630959,1.72746424549614,0.0410680326641589,0.0423304935002499,0.123791904437502,4.96885144496403,1.01366702735321,2.01889483285548,0.0203103063838943,0.0221864779378995,0.0698383012972816,"Residual"
31,2000,0.35,35,2,0.25,5.03015730964801,1.03394551203579,2.04210945870722,0.0158224174475429,0.0159434067451845,0.0620167555949665,5.05129628507489,0.975355374817711,1.86232438310934,0.0165452105663048,0.0161278520120515,0.0560449176905208,5.00912153627973,1.0400009365348,1.9542299646885,0.0386989218680297,0.0391964803343907,0.140558142494026,5.00692706461971,1.04760243154397,2.09901573395821,0.0200005125635559,0.0228080674512502,0.0727598742937706,"Residual"
32,2000,0.35,35,2,0.25,5.0025174977438,0.966026231376539,2.05506073699678,0.015770713556301,0.0158759604326134,0.0623154450696706,5.03299807265252,0.898568965259331,1.87472059907432,0.0164854332318959,0.0159651369622764,0.0563364637640714,4.98273614856242,0.963770277824086,1.86995376240215,0.0394837949868485,0.0399658085466724,0.134882719819127,4.99119496976841,0.991428582164212,2.1656450240069,0.0203630018063295,0.0221236393790789,0.0772659985978203,"Residual"
33,2000,0.35,35,2,0.25,5.01081791834454,0.965275027733681,1.99026112784272,0.0160124795722583,0.0162906914109035,0.0602071470932229,5.02418229093624,0.90970486160685,1.82741363116758,0.0166905396463723,0.0164405565552834,0.054807718124451,4.99985197320409,0.947480383877685,1.93970746723038,0.0387877255389619,0.0380670731234387,0.140184580951198,5.00126515823724,0.983320304500079,2.08216387846887,0.0202353528262679,0.0211987818507002,0.0724867741850067,"Residual"
34,2000,0.35,35,2,0.25,5.00093290785521,0.985944064710753,1.93574525148947,0.0162411006989001,0.016164714513638,0.0587534261209226,5.03159090629764,0.926341699288843,1.735116573327,0.0171267665333968,0.0165118181081807,0.0520298076306612,5.01119303465104,0.993367459670181,1.74440328452634,0.0408661557826275,0.0415339299113892,0.125413969077605,5.00447668900209,0.991962537423712,1.913083659199,0.0207421787193239,0.0220082814065988,0.064854626157914,"Residual"
35,2000,0.35,35,2,0.25,4.96123420516325,1.03436852605445,2.09062940441956,0.0156563485842612,0.0155181191002955,0.0640012322976865,4.98854611923611,0.966446234035469,1.86397948331317,0.0165501592934961,0.0157182234822577,0.0563520440562077,4.95930664915236,1.01969244466591,1.89578811960738,0.0392697436871032,0.0385564148927568,0.138706804763047,4.9846471648305,1.04217391062224,2.09137509622136,0.020115669378781,0.0207958763420292,0.0729778522249242,"Residual"
36,2000,0.35,35,2,0.25,4.98946669892382,0.999349788218415,1.96004475839647,0.0161505564388393,0.0162317503881318,0.0594753730184261,5.02022021284246,0.940193517589881,1.75842878720706,0.0170237111746955,0.0167168413059347,0.0527489224285354,4.94596928140437,1.0131686551325,2.02059095726422,0.0380676484723181,0.0380571259904039,0.146979383632411,5.00874164815882,1.02464998482918,1.93677321355771,0.0205573158241946,0.0214404082003773,0.0661183246162888,"Residual"
37,2000,0.35,35,2,0.25,5.01065784706894,0.99085151296509,1.9424325986332,0.01620930103958,0.0163925200221981,0.0586198139941717,5.04218071086565,0.935686107444098,1.7641292677255,0.0169851091242566,0.0166827462988152,0.0527308401240574,5.08523161079449,0.954215802315855,1.9806425320613,0.0383399553674489,0.0415858552337228,0.142212361925291,5.05115073205181,1.00955873221687,1.95943491458169,0.02060175105642,0.0244077041139361,0.0669424823973427,"Residual"
38,2000,0.35,35,2,0.25,4.97322680206699,0.989831883507681,1.99284421763955,0.0160128960614731,0.0163737952067393,0.0605992419281611,5.00158437782661,0.934492140189074,1.82411085255316,0.01671575262978,0.0165045449675672,0.054930122062098,4.97598273490341,1.03350098312209,1.96036601708064,0.0385891093658592,0.0397758157484569,0.142630594391876,4.95835967962268,1.010930737079,2.08599059031577,0.0201305749401853,0.0226064968250348,0.0728138187929623,"Residual"
39,2000,0.35,35,2,0.25,5.00621117808409,0.99773429795568,1.9627821453362,0.0161295419152476,0.0161532019695862,0.0592952087689742,5.02565812338227,0.93335887013768,1.78664469031857,0.016882917381316,0.0162921431531897,0.0534718922207682,4.99034357383521,0.970567736785935,1.72449427204197,0.0410811276265382,0.040470491508096,0.123090732214223,5.00364156812891,0.986229615403622,2.00018533449317,0.0204136179216159,0.0214064487391778,0.0686343805903281,"Residual"
40,2000,0.35,35,2,0.25,4.97489152028045,0.999021044922104,1.94486034943314,0.0162082255010263,0.0164975077038551,0.0589968618545325,5.00285361358926,0.938665385556902,1.77575140993845,0.016937717610631,0.0166206543286206,0.0533531794807054,4.93236506660876,1.00341444140079,1.84593662420597,0.039968922213016,0.0382176301886622,0.13349183292754,4.9594160777525,1.0040507064825,2.00015515293925,0.0207300691756866,0.0228005642879877,0.0691575423499653,"Residual"
41,2000,0.35,35,2,0.25,5.00675884303035,1.00556000575463,2.06653133223878,0.0157249802516854,0.0161942653849142,0.0629002389067039,5.02303121460333,0.939730326863647,1.87789572883569,0.0164724882873149,0.0163680086355409,0.0566108200754849,4.96393996174814,1.06147311377539,2.29915290726383,0.0357569837045741,0.0382741327962724,0.169646314898826,4.99232147592955,1.03918198306965,2.12143566135181,0.019897838550501,0.0227702449128636,0.0739769137850475,"Residual"
42,2000,0.35,35,2,0.25,5.00471112811026,0.990262850861571,2.09595271893468,0.0156240377034572,0.0155957859361751,0.0637182063333715,5.02865190827024,0.926185284946217,1.908463479118,0.0163487020899223,0.0157259611605605,0.057486343628192,5.05337721181828,0.951846303218668,2.16293507345283,0.0369189819517663,0.0356625536480916,0.157597237789406,4.99941983936203,0.977726277395149,2.12043656221863,0.0199903827806489,0.0214621920757473,0.0752056690297023,"Residual"
43,2000,0.35,35,2,0.25,4.99435373354029,1.02955727139123,2.08215212111918,0.0156816700548554,0.0157601011936326,0.0635650765175391,5.02652393754212,0.966426211068601,1.84665377005257,0.0166207441780904,0.0161645515786091,0.0556641662102275,4.98873240087681,1.01848541118949,2.15736556232569,0.0368581770808824,0.0369589364740944,0.156139395106768,4.98220663910415,1.04914749531328,2.14276948801341,0.0205154053696696,0.0219541027087297,0.0772183723821575,"Residual"
44,2000,0.35,35,2,0.25,5.00435310892583,1.00099707785815,2.03211586803827,0.0158636472755907,0.0162793108305836,0.0616834629140552,5.02178820420301,0.945639421116308,1.84074480525621,0.0166530465019618,0.0165027399038494,0.05528953176444,5.02795575924792,1.02820972708361,1.91307193793719,0.039028590655825,0.0416623309446667,0.137689070721004,5.01702356322687,1.00119741523349,2.06005116306344,0.019987599687241,0.0229801993180601,0.0706940516435495,"Residual"
45,2000,0.35,35,2,0.25,5.01480703278542,0.999265392179068,1.98985527275692,0.0160198429244001,0.0160814566996123,0.0606287807638542,5.04378787072899,0.952023579520481,1.81010834142026,0.0167736443201428,0.0164724089137824,0.0545937200107989,5.02219881823754,0.928325394057938,1.99417550987092,0.0382206531410055,0.039748061761036,0.145516971129649,5.01215321722386,0.988171680331783,2.03308899473685,0.0204408771700187,0.0224794388098717,0.0707839616976866,"Residual"
46,2000,0.35,35,2,0.25,5.00947988111619,0.997999115813497,2.09961631742899,0.015611516038971,0.015842628339274,0.0638373741610373,5.03709409082598,0.932712705508397,1.8945201696824,0.0164084552520738,0.0161050746425489,0.0570222582074923,4.96456333321221,1.02637898250286,2.39483617062238,0.0350293191786375,0.0349614558384596,0.176472317697855,4.99723799715839,1.01323052768979,2.20841671085788,0.0201176614570522,0.0223476429978609,0.0796271903314038,"Residual"
47,2000,0.35,35,2,0.25,4.98800459026209,0.961550615192409,1.99343443903682,0.016006079805026,0.0163084090094558,0.0607207359423092,5.01396367151199,0.897455001031123,1.80002626659862,0.0168187657950036,0.0165321055551622,0.0542395839664515,5.02171456511924,0.903947908012817,2.00146521544874,0.0381579751246687,0.038602518247956,0.145273716806359,5.00221073082779,0.963403176312963,2.02584649059932,0.0196704366435689,0.0212959069728728,0.0690704422105998,"Residual"
48,2000,0.35,35,2,0.25,5.00814410744767,1.01138608658943,1.9063444881835,0.0163698214855794,0.0168719322271677,0.0575771091633967,5.03432886235096,0.950083106976857,1.73390357177279,0.0171392017678521,0.0171411883931526,0.0518479156447726,4.98921082318607,0.994694728605197,1.83165336642124,0.0399136860320664,0.0402437658896318,0.132066300600148,4.99760567481994,1.02424399064692,1.94765235544366,0.0212108440259519,0.0224976008259258,0.067788828378911,"Residual"
49,2000,0.35,35,2,0.25,5.01051825830702,1.00297292844656,2.03105500289888,0.015862887408939,0.0157886747834215,0.0617574295777834,5.01909123017785,0.955200944134656,1.86538655511508,0.0165347519541981,0.0159886388118133,0.0562022171938076,5.04003010100734,1.0215203049195,2.21833032006941,0.0363122226986919,0.0360083667563394,0.161787181164239,5.00008725927687,1.02991345881573,2.15346781028469,0.020408669168937,0.0221687612587873,0.0781610787329421,"Residual"
50,2000,0.35,35,2,0.25,4.98926785385633,1.02036389298666,2.02549632569819,0.0159035982186008,0.0160656550269199,0.06185746790418,5.01787723157733,0.964777868592245,1.85242062225381,0.0166027078297831,0.0162729491140294,0.0560344863626743,4.9758066134037,1.01038428920828,2.17832439561609,0.0367316166236449,0.0356619893239558,0.159735510310426,4.98920131113869,1.03693801454982,2.14662227440116,0.0203814388662879,0.022718086365506,0.0764619511345013,"Residual"
1,2000,0.35,35,2,0.25,4.98796165827457,0.987977065164317,2.01749744853712,0.0159168752482768,0.0161598811068924,0.0612344412852809,5.01371315515917,0.94136240792515,1.84357982362635,0.0166273045501303,0.016591343053142,0.0554464381108359,4.97469682004019,0.940989997271206,2.20664839942144,0.0364069834351881,0.0377211283848455,0.161236929862542,4.97468321307943,1.00396641226568,2.0651778651342,0.0201806624498852,0.0218492558295964,0.0717618087630515,"Residual"
2,2000,0.35,35,2,0.25,5.00777503360236,0.982340903737604,1.88078315562581,0.016473695657476,0.0163032015537202,0.0569494251669773,5.0421340988005,0.931824888521844,1.72011708013553,0.0171997310713649,0.0166314611122094,0.0515772527998421,5.07498707012574,0.956634455173564,1.8464066376847,0.0398345599047055,0.03927990369116,0.13358655361135,5.01291187593575,0.978773239457604,1.91225610791064,0.0205081206931265,0.0219405573586857,0.064936269542346,"Residual"
3,2000,0.35,35,2,0.25,5.00071331033404,1.01183287521713,1.96034672470189,0.0161478142779919,0.0160743718824036,0.0594444914144613,5.02802403841843,0.958728690306498,1.76816150305946,0.0169751193349423,0.0164685824914568,0.0530359707911163,5.01921476828504,1.09098999670766,1.74737853531478,0.0409307933249735,0.0393146704407387,0.127004979296868,4.99362812595238,1.02515284477459,2.00544812495537,0.020759512031823,0.022046182172501,0.0698808996640065,"Residual"
4,2000,0.35,35,2,0.25,5.00931014492048,1.02115805252084,1.8651978622881,0.0165528307575721,0.0163721977420519,0.0564728142625148,5.05382240441567,0.959077644794802,1.68259169346419,0.0173924292745984,0.0166905298100473,0.0503763065333438,5.05051682695146,1.0023055104065,1.79173381795577,0.0403442569983501,0.0402009194566549,0.128335253246308,5.01426528542587,1.02034743144654,1.87485250039723,0.0211564090200885,0.0228173312592286,0.0639460123788546,"Residual"
5,2000,0.35,35,2,0.25,5.015042463964,1.01516477088311,1.92334949875382,0.0162910873462954,0.0164589342861073,0.0581384260628005,5.05295809536061,0.944411975337674,1.72269264372889,0.0171864548386292,0.0166879286953747,0.0514704264926299,5.0268700014044,0.964457766432585,2.02826507461761,0.0379364570298025,0.0369816719380628,0.146931109698636,5.00882894981021,0.999538092537403,1.97039479050146,0.0239276798514126,0.026806038258098,0.273637805419364,"Residual"
6,2000,0.35,35,2,0.25,4.97782640133778,0.978104371783676,1.94661730238031,0.0161992728165663,0.0164295644335153,0.0589844152641784,5.0140160967138,0.914010877686265,1.77597102417281,0.0169314229009211,0.0165734746332009,0.053309764783912,4.95472402255482,1.00112318445081,1.80864128259925,0.0401874095352558,0.0408745487177674,0.130779789788162,4.97657687563085,0.984763146613652,1.98911183683604,0.0201710421779566,0.0221875080339857,0.0683828212354421,"Residual"
7,2000,0.35,35,2,0.25,4.99543185757252,0.982703079331681,2.06642433117778,0.0157281634927184,0.0158574007382456,0.0630075620991667,5.00147690588005,0.922394804936832,1.88289530765381,0.0164604202240727,0.0159833576281283,0.0568467563217035,4.95354481593874,0.999573100598729,1.98299049919867,0.0383898899073364,0.0400954224382329,0.143950316178883,5.00014587456432,1.00401843595606,2.15955322566258,0.0204052683849819,0.022050544282719,0.076567864445819,"Residual"
8,2000,0.35,35,2,0.25,5.0054713581944,0.968555502062451,1.96560361006494,0.0161124899094432,0.0164214071371304,0.0593934411960274,5.02737690519324,0.92550279615785,1.84903157235663,0.016599663259313,0.0163699600743156,0.0555012367498866,5.0596962880446,0.973034520562298,1.94616254040101,0.0387907498362151,0.038299298463227,0.140534228916065,5.01659700134348,0.974411128622748,2.03864673737866,0.0199358714149049,0.0213143654279567,0.0692139103677276,"Residual"
9,2000,0.35,35,2,0.25,4.98374973321778,0.959030643878534,2.02206935701757,0.015897200718469,0.0158359529579609,0.0615002569157929,5.02113208049211,0.892896338934151,1.8400903190475,0.0166433906375298,0.0159478767254831,0.0554350835262621,4.91101340799867,0.902419841242382,1.98244622411576,0.0383840796124189,0.0368701243381665,0.144111182007765,4.96234025097962,0.958865456048647,2.10117766466835,0.0202587221257705,0.0216653624251473,0.0738947369501909,"Residual"
10,2000,0.35,35,2,0.25,4.97682678359224,1.00924888017274,2.03293923287015,0.0158667114295856,0.0157657772734954,0.0618977712669291,5.00092482394353,0.944659345451999,1.82802622978591,0.0167031834540707,0.0160060477648122,0.0550313963021311,4.93524018411006,1.03024398777941,2.07820858805608,0.0375352250883012,0.0368627687229938,0.152078104369235,4.96377654064913,1.01279766489591,2.08161069961761,0.020366082280504,0.0214231395601911,0.0734857175583059,"Residual"
11,2000,0.35,35,2,0.25,5.0096018437581,1.01121985311007,1.87784675293842,0.0164826006684605,0.0166861243469746,0.0567134829405227,5.04634977437837,0.958054055275716,1.70536083308821,0.0172725667237517,0.01702723745904,0.050960854217001,5.00479280861008,1.03890999971525,1.96529982550896,0.0385534217085489,0.0383911079632439,0.142673498319911,5.00191930152499,1.02518241546123,1.93395196304768,0.0209694539895716,0.0225881328806689,0.066730494001708,"Residual"
12,2000,0.35,35,2,0.25,4.98718989523402,1.01007617861857,1.94802943293,0.0161973224182994,0.0162562273813712,0.0591748340758796,5.00307757592672,0.958290698046441,1.80105561588204,0.0168260121305575,0.0163635356158821,0.0542589510112371,4.95065540690358,1.00881444046074,2.21469169163635,0.0363822240056535,0.0368795335506839,0.164014189908266,4.96618849884165,1.02935374716628,2.04614524112413,0.0205752911995391,0.0218516400884309,0.0718922014320268,"Residual"
13,2000,0.35,35,2,0.25,4.99296549857126,1.00401772965176,2.00315467147369,0.0159746457128305,0.0160137484243295,0.0607338315822514,5.02140182593275,0.95369315968323,1.81964116883292,0.0167361345711861,0.0162821416869503,0.054613457714056,5.04714798774877,0.950561023287779,1.98829380199343,0.038345355696694,0.0393682855162928,0.142738679135284,5.01702075898481,0.990408050668079,2.02246987257941,0.0202139372984806,0.0211969329387974,0.0691438152805778,"Residual"
14,2000,0.35,35,2,0.25,5.01779775358579,0.991203163845526,1.91488670099475,0.0163211949990116,0.0169857106886956,0.0577107359975425,5.04236378901018,0.931732071817357,1.75954119485393,0.0170063703410956,0.0171721021999197,0.0525858080278648,5.0611498756549,0.997609741674796,1.78445402692204,0.0405290968317989,0.0420254867498131,0.128194211693848,5.01851925673231,0.989428503020615,1.97190056683238,0.0203504030055199,0.0224805937756563,0.0668411111965317,"Residual"
15,2000,0.35,35,2,0.25,5.01192377735302,0.958048399391556,2.07536828784356,0.0157050580862742,0.0158228063851569,0.062881058052977,5.04806745499753,0.901741267603967,1.83707454291533,0.0166603879059727,0.0162808411774136,0.0549697599976156,5.04818641997174,0.942540923034404,2.05642086506321,0.0376788985022677,0.0358777163216486,0.148519583774798,5.01690698718276,0.95625990907188,2.05963900601828,0.0196693956392591,0.0212284764148998,0.0703252441777555,"Residual"
16,2000,0.35,35,2,0.25,4.99868388138232,0.99175303319401,2.03488642544971,0.0158528088228081,0.0156459975180549,0.0620342616977355,5.02631156625051,0.940276425022293,1.84228667640631,0.0166349352677434,0.0159734929379399,0.0555706053743914,4.97429331105179,0.956360009447226,1.8402427719256,0.0398122337097771,0.03912915582122,0.132604701044529,5.00249238139409,1.03188017577819,2.06487196533699,0.0206417595242808,0.0211644272895966,0.0727907370494716,"Residual"
17,2000,0.35,35,2,0.25,4.97832302244098,0.986861890913763,2.12668346693539,0.015522282621098,0.0152384349077163,0.0647963499484502,5.00658964449741,0.936627618566666,1.95117574900556,0.0161795237776516,0.0154395298747606,0.0589473928952749,4.93817044552269,0.965862592967261,2.30564394440568,0.0357250782808485,0.0344932608509006,0.170465167065775,4.96735414458692,0.997090378569324,2.20915097529931,0.0199350683911658,0.0211966476886106,0.077982579627283,"Residual"
18,2000,0.35,35,2,0.25,4.99250367337081,0.977733302375945,2.0575306121933,0.0157652083314993,0.0159977260366744,0.0624935479683841,5.01894142750368,0.915588181718814,1.86661384948998,0.0165270989580344,0.016222780819204,0.0561435180013023,4.97524088277436,0.976247368817644,1.9478072619313,0.0386855375941368,0.0404007908894419,0.140579247807443,4.96769278453273,0.970382973129078,2.08463425288218,0.0194498947838703,0.0228010546858673,0.0707375457213094,"Residual"
19,2000,0.35,35,2,0.25,4.99662041510595,0.986580670786241,2.00675314125472,0.0159648181009617,0.0162383290434263,0.0610449598958922,5.02140152559932,0.945016170718509,1.8462423874581,0.0166256524374822,0.0165677463496625,0.0556671802778969,5.00256939540059,1.05597444623287,2.15222608550661,0.0368823080541775,0.0375596824801841,0.157540663125947,4.98794842532141,1.00494388907665,2.11025722347339,0.0204231995890989,0.0228457693025089,0.0745828488462135,"Residual"
20,2000,0.35,35,2,0.25,4.9964823641843,1.0111802713217,2.10356153457766,0.0156094770142082,0.0159118218804361,0.0640791230694824,5.01670740675347,0.947468375947157,1.9513169544096,0.0161855454850251,0.0158642296040815,0.0589896286350032,4.9476857834404,1.00840345276346,2.49281677857256,0.0343616992806,0.0347139611727207,0.184071664650844,4.97938403662717,1.04224487127196,2.27342457151205,0.0201474127197305,0.0220322952777599,0.0825722733507233,"Residual"
21,2000,0.35,35,2,0.25,4.98481603172395,0.992518336207561,1.85642048154496,0.016582513486438,0.0165521367190226,0.0561158703369555,5.00356760427153,0.937877754619088,1.71383436387225,0.0172400442011833,0.0166665256566471,0.0513563323294964,5.00875979901057,1.05691514248884,1.76694814752342,0.0406590426995469,0.0401573801833615,0.127066797133269,4.98020038171964,1.01417976916569,1.9078908278377,0.0210911961780922,0.0228203122454429,0.0653520166225384,"Residual"
22,2000,0.35,35,2,0.25,5.00640809567733,0.977225761698376,1.94441304497606,0.016206985473679,0.0163630165332598,0.0587283088262541,5.03379228862755,0.918491920990904,1.78569973873811,0.016889027824126,0.0165575397080921,0.0534880642662297,4.95086309828282,0.990638786572873,1.75393077700107,0.0407888523840579,0.0414723045209328,0.125407302891334,5.00935841123092,0.985379869021482,1.97101147477288,0.0201971313685418,0.0210617742178106,0.0663385170105871,"Residual"
23,2000,0.35,35,2,0.25,5.02800878412361,0.983187958681528,1.88371891988002,0.0164514119837864,0.0165031638727064,0.0568525713099814,5.05950393634581,0.922276501571919,1.69436162850396,0.0173205634698827,0.0168480748491335,0.0505698506831128,5.01601244292413,0.962955479947267,1.99520594911596,0.0382240280586009,0.038323285407081,0.145672294148313,5.03160373562395,0.983930853215035,1.92125070527386,0.0208997802594206,0.0228305939633642,0.0670383570172218,"Residual"
24,2000,0.35,35,2,0.25,4.9943386135188,0.991804173546579,1.97248330222733,0.0160888285766386,0.0165031767462108,0.0597423601737416,5.02544883378259,0.930971510480784,1.77269447095788,0.0169447987763372,0.0168978544267157,0.0531034520864085,4.93061644688549,1.06494740865226,2.08901928997473,0.0375385123169735,0.0389874075402477,0.151620489145243,4.98950605152329,1.02304751700154,2.01956996479512,0.0209902218971472,0.0245568059483948,0.0705453919582736,"Residual"
25,2000,0.35,35,2,0.25,5.01186151917447,1.00946543234809,2.10368221578419,0.0155894343627876,0.0161097571491113,0.0640714405069722,5.04585439975091,0.940516963316732,1.87606611276654,0.0164772332670778,0.0164703898127816,0.0564919204636357,5.03277501336463,0.991952018770501,2.36534579311486,0.0352045399792945,0.0364364684385395,0.174479935000418,5.00507170876293,1.00838935997274,2.16733446331636,0.0201094123441215,0.0225083826608433,0.0786570702799509,"Residual"
26,2000,0.35,35,2,0.25,4.99626385099619,0.983767533769976,1.98946417955928,0.0160274786302322,0.0157389011723915,0.0603803743845296,5.02088151476298,0.929136388780947,1.79703052004264,0.0168383656540406,0.0161159686688158,0.0539778818176994,5.03684028883126,0.926456338499632,1.87769853922714,0.0393805693313443,0.0382907959895838,0.134736621870832,4.98287890393855,0.982311585804597,2.01089040123484,0.0202248543839942,0.0208744262610492,0.0685854932892593,"Residual"
27,2000,0.35,35,2,0.25,4.9960451581231,1.00522258656504,2.01584154803654,0.0159340345483575,0.0157121855540856,0.0610939471350918,5.0168230799718,0.958284097295462,1.87445032695715,0.0165033478511601,0.0159025853154612,0.0563939862883469,4.96349682030359,1.03991377546246,2.04881513416549,0.0377992827470562,0.0383957871423774,0.148861653114205,4.98097664484682,1.03103685639703,2.0969697995684,0.0204649217017097,0.0218416485169341,0.0730200528892461,"Residual"
28,2000,0.35,35,2,0.25,5.01869460422917,0.990996782280612,1.95281474765,0.0161708517324046,0.016412475809773,0.0590646952394003,5.04469744357166,0.935081536626898,1.75706253323889,0.0170217977423063,0.0168361776602239,0.0525721280930891,5.01761806463377,0.979217252913101,1.72512021775946,0.0411032345490373,0.0405851193209486,0.124314979843239,5.01395729042794,0.983166793824924,1.96376994368971,0.0204289318725097,0.0217806403087917,0.0670212054665838,"Residual"
29,2000,0.35,35,2,0.25,5.00558240226002,1.01166309649142,2.00902493760689,0.0159517902049196,0.0161613861950106,0.060965907701725,5.05041308803435,0.94229125855469,1.78183339827242,0.0169020500018464,0.0165656794638266,0.0534033954923803,4.95076594359349,1.03932064312824,1.90854343961652,0.0391274137797297,0.0390580478295415,0.138443560371526,4.98789525267639,1.02504885769691,2.04832453560751,0.0208871147934197,0.0226271949793389,0.0707664687715222,"Residual"
30,2000,0.35,35,2,0.25,4.96574579277704,1.02600059281924,2.08804898635755,0.0156900828413877,0.0161193746767745,0.0634962172655726,4.99849824247305,0.966665370678849,1.8646087587498,0.0165722858934534,0.0165396848283994,0.0560387293620566,4.96796940265839,1.02952816662518,2.26569825228648,0.0361301306130186,0.0376798627913222,0.165270678599206,4.96580635614262,1.01068905829815,2.09292036098385,0.0199133249047156,0.0217705593167812,0.072271161326695,"Residual"
31,2000,0.35,35,2,0.25,5.01618711795306,1.00128498890947,1.93019743422481,0.0162656855852392,0.01617950884426,0.0582462640637794,5.03392166040021,0.940543513198318,1.77271676956375,0.0169555104476101,0.0162456887771216,0.0530357006546992,5.09679241677543,1.02265439994938,2.08066208420056,0.0374999673346448,0.0359732186474355,0.150787187153689,5.01318137581991,0.997089598699349,1.98162496089333,0.0199333445881931,0.0213793250714807,0.0668606747163077,"Residual"
32,2000,0.35,35,2,0.25,4.98231172448364,0.994312954650486,2.10983856681901,0.0155738023659014,0.0156265281479358,0.0642847115994872,5.00900818798417,0.938997913350673,1.94173052106446,0.0162121223576872,0.0157832319299489,0.058679374131851,4.92966147476012,0.954468704505691,2.45680537124987,0.0346038037860872,0.0356345375641193,0.180028904436493,4.97935130624011,1.00925693595128,2.22170759331219,0.02041797026143,0.0218757931694178,0.0790926353836019,"Residual"
33,2000,0.35,35,2,0.25,5.00673553146324,1.02336670765143,1.88081415355832,0.0164699612557346,0.0168877526627112,0.0568202203262438,5.03942808392851,0.954626596159294,1.68210043270202,0.0173866337748655,0.0173747064603835,0.0502270178661574,4.94589081233613,1.04747965599561,2.04865528766411,0.0378374909911163,0.0387029429868385,0.149583889660183,4.98221139335107,1.02126213624124,1.90221918603521,0.0210753078138247,0.0240194823345167,0.0658364735999506,"Residual"
34,2000,0.35,35,2,0.25,4.99733248884372,1.01181662816738,1.99476977289407,0.0160128052941529,0.0157823577629246,0.0604438879929116,5.01994536878591,0.958479181440412,1.792392316166,0.0168642591384533,0.0161968299860391,0.0537262192933417,4.99025819878959,0.969542476719589,1.79329084334628,0.040308088066427,0.039990814898037,0.128707270556344,4.98790811136554,1.01326087010146,2.00351529263296,0.0203221869857441,0.0223757152367908,0.0686920737053927,"Residual"
35,2000,0.35,35,2,0.25,4.98389583282038,0.997818402503358,1.97789115707355,0.0160805202775902,0.0158462264196369,0.0598541314149686,5.01289240027229,0.93602751206747,1.80215448764996,0.0168199869648659,0.0160003989908442,0.0540357476501861,4.98618429369013,0.917691816703245,2.2220658032537,0.0363933580847483,0.0336852467138965,0.162201415542079,4.96869264886876,0.992809235384083,2.01450127423571,0.0202324168771303,0.0206188909005737,0.0694628672763035,"Residual"
36,2000,0.35,35,2,0.25,4.99225037390981,1.01359422288007,1.97046696106823,0.0161045382082873,0.0162806991951428,0.0597340598275498,5.01727827331656,0.941190979255102,1.75738042908488,0.0170242192468276,0.0165525203055437,0.0526569855341628,4.96082402178048,0.974794658211712,2.32867505731795,0.0354973621157471,0.0360318349075013,0.170232688957,4.97307522955827,1.02885419013913,2.02154597887154,0.0205561516745758,0.0222678944671796,0.0721382190532735,"Residual"
37,2000,0.35,35,2,0.25,5.00682017723718,0.974706767193623,2.03805944902134,0.0158470976794334,0.0159949112582692,0.0617722623207762,5.02570436023289,0.917261736886999,1.88387892355392,0.0164671322316359,0.0160477862013833,0.0566575855278027,4.96559427996565,0.972785225482674,2.08978768591354,0.037411460043425,0.0364032024272043,0.151819951732551,4.97989473613405,0.971260079547482,2.12359818871388,0.0200764212003562,0.0216373195294388,0.0739489358381381,"Residual"
38,2000,0.35,35,2,0.25,5.00969741698357,1.02646970897044,2.09827083218823,0.0156271674238859,0.0157466056774686,0.063907617552778,5.03828803280818,0.967916145032244,1.88741671800946,0.016450712113196,0.0160975441434475,0.0568506986769404,4.99004820080654,1.02080436959192,2.08428733291987,0.0376487737783342,0.0387403703016259,0.152366386937286,4.9876150939721,1.04725812198272,2.20820575271229,0.0205331147007759,0.021681239949956,0.0793638621343459,"Residual"
39,2000,0.35,35,2,0.25,4.96468629610632,0.978605755127557,1.88831694999519,0.0164423119890911,0.0169802032149425,0.057038976196099,4.98658213123644,0.914997594748286,1.75317912244861,0.0170453868109339,0.0169829557080497,0.0525590018840282,4.95541271102417,1.00887814744462,1.72519729773383,0.0411251916885718,0.0429286103463419,0.123564014956309,4.95618370496353,1.00646761945475,1.94868448736872,0.0205399100156415,0.0224795849622669,0.0671102971607841,"Residual"
40,2000,0.35,35,2,0.25,4.98721217574626,0.993644118203441,2.01651203919607,0.0159184433120421,0.0165592813804263,0.0612900836859899,5.01586688657328,0.943561458975465,1.83963237611578,0.016642457361462,0.0168865150260613,0.0553799147540469,4.97228016294817,0.904871840556523,2.09192362462451,0.037340163749529,0.039088414423753,0.152258978090143,4.96945247591206,0.972996473685161,2.06398170564566,0.0202562260649353,0.0215451188769244,0.0618316878891507,"Residual"
41,2000,0.35,35,2,0.25,5.00874374621251,0.989377122098977,2.01374236548751,0.0159452677675377,0.0163491499850063,0.0612685919318001,5.03653245733482,0.922858483048918,1.78504965119327,0.0169015807827721,0.016805851514505,0.0536286140599796,5.07063761904464,1.06042361188709,1.97491683831393,0.0385662510852838,0.0396228223580475,0.142551787027999,5.03607937136165,1.00114235378054,2.02549208989737,0.0203479960488564,0.023201622573074,0.0709745453235538,"Residual"
42,2000,0.35,35,2,0.25,4.99759120523432,0.993511349270282,2.0269634112434,0.0158774931770029,0.016255914074489,0.0618768952802159,5.01914346599344,0.95099795317768,1.85581662052854,0.016571236771606,0.0166366005482438,0.0561073886156857,5.01526700994158,0.955750148906395,2.09505095981444,0.0374039070601912,0.0369401441830468,0.154151535267484,4.99884484054221,1.02388141339763,2.11437594997538,0.0201103993222307,0.0216711460484537,0.07402605570164,"Residual"
43,2000,0.35,35,2,0.25,5.03632992893253,1.00899127897788,1.91716687427622,0.0163351073614892,0.0163233538049739,0.0579656359015421,5.06811989113077,0.956782297118254,1.76463704173213,0.0169998313004325,0.0164275044765913,0.0528916841202176,5.07061074293221,1.04973663922325,2.08797652369372,0.0374948840102099,0.0363482722532101,0.151928954224142,5.03852615973554,1.03908817153884,1.99552629326376,0.0208666858960401,0.0217005388243925,0.0702375158030105,"Residual"
44,2000,0.35,35,2,0.25,4.99885854077955,0.985569499207194,1.98278878405364,0.0160514491432551,0.0161877167959603,0.0601055273448749,5.02950115533365,0.921151652282237,1.79106654177998,0.0168619714238317,0.0163989311256009,0.0537233463317408,4.99979948102812,1.0208897214036,1.95196460272675,0.0387355744839626,0.0383118408616068,0.140444605418036,4.99463840642428,0.989679848515373,2.01309112111595,0.0202941919423917,0.02201810634451,0.0686946248627912,"Residual"
45,2000,0.35,35,2,0.25,4.98215412932476,0.99273565599855,2.02012193981223,0.0159046667544422,0.0159685935913887,0.0612944970774289,5.01520384695273,0.921743010985092,1.82866394312855,0.0166918056512505,0.0160612128134166,0.0549317893474164,4.92602854884696,1.03532387174622,2.01749950947136,0.0380819294910781,0.0401944058047172,0.146490999543315,4.97356675662454,1.01283494446069,2.08538867870321,0.0204695931206561,0.0228555581481046,0.0737378824898865,"Residual"
46,2000,0.35,35,2,0.25,4.99694300071589,0.962422817730901,2.10637838281173,0.0155831227874653,0.0154628747534973,0.0641706652037754,5.02797774313434,0.904177417207966,1.88439589318997,0.0164462708213465,0.0157881156109402,0.0567549068389048,5.01985676297135,0.893757823167575,1.98027390307725,0.0383544815673896,0.0375273707913594,0.14316328389691,5.00905665378587,0.953988871924598,2.09664487266953,0.0198609256209601,0.0208574247838117,0.0720586498095164,"Residual"
47,2000,0.35,35,2,0.25,4.99936339671997,0.987151082876707,2.03091024125074,0.0158707823673726,0.0160039130190003,0.061577548460825,5.01877520494967,0.929187092045124,1.86729625750199,0.0165352025813029,0.0161705252959233,0.0561517371575172,5.06930750383394,0.980627793627734,2.12184189269856,0.0371295044146557,0.0378648521419257,0.153742509900139,4.98261889583687,0.99380268573134,2.083587015884,0.0198649331647377,0.0224221111792634,0.0714521594013234,"Residual"
48,2000,0.35,35,2,0.25,4.99870260202295,1.05460806688666,2.01286521767698,0.0159463254548788,0.0161364635079424,0.0613349970319839,5.02720462786312,0.996249512516585,1.83079269934357,0.0166943800033438,0.0163118319304103,0.0552177707953974,4.98204195930041,1.02791764677765,1.82380341740116,0.0400420773488577,0.040281593916971,0.131005964389195,4.97192969253259,1.03586470356795,2.0831065000128,0.0205693680118071,0.0221868177646332,0.0731316584225097,"Residual"
49,2000,0.35,35,2,0.25,5.02354699688316,1.01151939054848,1.96757220587124,0.0161089616633447,0.0163729663087092,0.0595363288023219,5.05607276652307,0.956653377886952,1.7823012247444,0.0168995749277967,0.0167073040179414,0.0533871633723327,5.00319463087323,1.02378303312762,1.87967124599877,0.0394813527778045,0.0413455479396509,0.135812171071167,5.01814994075915,1.01659454142443,1.99471281972459,0.0207119526872568,0.0224942869590434,0.0696515056270836,"Residual"
50,2000,0.35,35,2,0.25,5.02123524097513,1.0113389277863,1.9988438577333,0.0159839263464416,0.0163230364377725,0.0605329091984282,5.04029458502055,0.94907378716717,1.78560183874948,0.0168861624860506,0.0167441860700842,0.0534607866630174,4.95708356793456,0.997570441060833,2.03726739903998,0.0379149899644518,0.0390591835284991,0.146865806762031,5.02329105880051,1.0052808855508,2.04443378351317,0.0208535728335338,0.0231457624375749,0.0727343400024686,"Residual"
1,2000,0.35,35,2,0.25,4.98283187885283,1.02008255644586,1.99330585480863,0.0160150652264943,0.0162755111228495,0.0606654450231883,5.00568731176508,0.954568291093706,1.81216308682967,0.0167725174927669,0.0164179372600346,0.0545995234656698,5.03348025876434,1.03303499826809,1.91014521769259,0.0390671317648349,0.0413457357010444,0.138435508053042,4.97251590868211,1.04206817685794,2.04722635051587,0.0204491899069573,0.022461819790236,0.0724501705598205,"Residual"
2,2000,0.35,35,2,0.25,4.97980659284398,1.01388438833289,1.93791847185195,0.016238964023879,0.0163324571708699,0.0587271500940212,5.01106292375812,0.956708072053861,1.75679604500006,0.0170281835630758,0.0167170193133827,0.0527060653804167,4.97911735060514,1.0341144804308,1.70378949810248,0.0414117178713281,0.0416576054094374,0.121740433374197,4.98837409629369,1.00922408245145,1.94337430203595,0.0204560340474933,0.0222699525924385,0.066010756243469,"Residual"
3,2000,0.35,35,2,0.25,4.97531976484026,0.996093303138109,1.92084142570092,0.0163123732901603,0.0166111060874161,0.0581300463289613,4.99681800491139,0.954100896472281,1.80120912976906,0.0168296505019694,0.0166627292635055,0.0541238514511576,5.00683939766122,0.954211789218137,1.94245881227454,0.0387403902355909,0.0395342937490577,0.139976781498995,4.96021775923074,1.00019123429409,2.04108563445596,0.0207081356864416,0.0223591851491976,0.0704560025935489,"Residual"
4,2000,0.35,35,2,0.25,5.0159114878501,0.990587591668573,1.96292416635498,0.0161300187283581,0.0160606209903517,0.0594794917181841,5.05306147291304,0.925210214165513,1.74438907377323,0.0170797991233342,0.0164633540099547,0.0522126318369458,5.00585799441432,1.00513423268107,1.84812892161602,0.0397198396093037,0.0401848483640438,0.13265295297137,5.00355295495144,1.0097103629179,1.95786340922123,0.0206461047321518,0.0225937400105029,0.0677887978465181,"Residual"
5,2000,0.35,35,2,0.25,4.96177025255114,0.984353684846983,2.02550111236782,0.0158911820678203,0.0160289078653254,0.0614351010383697,4.99541754161484,0.925269445565666,1.83802328263059,0.0166534650360498,0.0162934275287568,0.0552173731722865,4.93616632952593,0.966632543305396,2.01390035128977,0.0380607330536162,0.0414935522746806,0.145500601856159,4.94289502044885,0.98781499962281,2.06860606882506,0.0202777336184494,0.0229375445519597,0.0715020897950846,"Residual"
6,2000,0.35,35,2,0.25,5.02132011111032,1.01477948955346,1.95037520946266,0.0161845805071923,0.0158377965348213,0.0589385900389323,5.045844174912,0.96693358264391,1.75943892737523,0.0170145164915872,0.0162835777927943,0.0526185621921037,5.08091285333728,0.9942750876758,1.8534878896241,0.0396805743625029,0.037726121185951,0.133663632491885,5.02558604916764,1.00488614675413,1.9841024473679,0.0204588156325233,0.0209248977204514,0.0678105959325401,"Residual"
7,2000,0.35,35,2,0.25,4.98555339639413,1.01054922747036,1.99128390485195,0.0160273323895988,0.0162165822838942,0.0605024973111006,5.01532404337862,0.950067987396996,1.78764752077927,0.0168875246285694,0.0166033338722631,0.0536974535234079,4.99128540632526,1.02685041689972,1.93081801917504,0.0388883022337412,0.0396309925135898,0.140121242827539,4.98807484704916,1.01563868432598,2.02227226742548,0.0206001332464374,0.0218714265626712,0.0706225033355226,"Residual"
8,2000,0.35,35,2,0.25,4.99860586829338,0.986988835200428,1.98533516524179,0.0160457279438142,0.0164436365615698,0.0601867909318992,5.02725245957558,0.926682666654866,1.77102289958894,0.0169592575930143,0.0169698456117465,0.0530595438302463,5.05976794768492,0.93662701480865,1.77546400685664,0.0404720658978411,0.0410028299644611,0.127564008713743,4.99049114634652,0.973512645603856,1.99082863683325,0.0202225620888268,0.0223134309388328,0.0684165603923257,"Residual"
9,2000,0.35,35,2,0.25,4.9712705421056,0.994299052647579,2.00845004090634,0.0159669947117859,0.0156938798245332,0.0609890378676757,5.00047210817618,0.933433734905027,1.80123949935137,0.0168328862479193,0.0160352057323309,0.0540860563408826,4.89911524514936,0.979730924673487,2.16037886613974,0.0368752640578613,0.0377719230539916,0.157978806828341,4.98004887972367,0.99840495777357,2.01602126333489,0.020498619766622,0.0213970354369077,0.0699468188122901,"Residual"
10,2000,0.35,35,2,0.25,5.00778550005278,1.02989199690143,2.04901732073708,0.0158133332908492,0.0156633249516113,0.0626525479033197,5.04514638798904,0.969994452307543,1.83570169086251,0.0166827322884346,0.015965695770987,0.0554599122663126,4.99479005566729,1.00624473728464,2.14838489609814,0.0369334553434423,0.0362023877812298,0.156637395124255,4.99482867073722,1.0384178291598,2.09272415199359,0.0205877039203315,0.0212133032826727,0.0739406600688658,"Residual"
11,2000,0.35,35,2,0.25,4.99578769773245,0.993633875218352,1.90153644779091,0.0163788213779253,0.0167258061982416,0.0575448998288388,5.01648267756233,0.945489702352805,1.77595882226875,0.0169309994620719,0.0167383184589118,0.0533378387102167,5.05154636465599,0.979516808087364,1.94169362231514,0.0387307840307635,0.039363524608795,0.140658640447915,5.0055421546147,1.00255590364123,1.95465271633268,0.0202381898285965,0.0237036875984083,0.0665407618170149,"Residual"
12,2000,0.35,35,2,0.25,5.00398447309587,0.987691835871909,2.02237185641499,0.0159062599787496,0.0156226308760495,0.0613097514977955,5.03761406022316,0.923820768541834,1.8249699776073,0.0167143677742628,0.0157793741783818,0.0547412925121599,5.01409675650188,1.03122384255237,2.06486448004323,0.0377892528804862,0.0384441464262948,0.149642421112722,5.00482088577804,0.99275404048691,2.03580978292773,0.0202305790642548,0.0219945132882078,0.0699705079642408,"Residual"
13,2000,0.35,35,2,0.25,4.97377615435599,0.977373004560585,1.98779178630592,0.016035931021723,0.015782520134283,0.0603181960723175,5.01078107198126,0.915530511215845,1.79314907505028,0.0168562658752011,0.0161306921604875,0.0538592284311174,4.98660010562555,1.00398208291775,2.16687990012859,0.0367701378183403,0.0359424314155441,0.158533872951613,4.97464588591719,0.970480387260541,2.01506227033351,0.0201572800019107,0.0223396681083244,0.0694938874668763,"Residual"
14,2000,0.35,35,2,0.25,5.00402556249904,1.01560601973628,1.95679656266948,0.016170601130948,0.0161050922677231,0.0592838058485219,5.03583533539251,0.969951086063713,1.80050193269479,0.0168300173270222,0.0163365685244872,0.0540669449911873,5.01585360190114,1.03727246236446,2.12318020633444,0.0371033174221406,0.0380512581417937,0.154883885309171,5.00423264743494,1.02278108456212,2.02624686866521,0.0203760770672935,0.0217762738802271,0.0705221147295052,"Residual"
15,2000,0.35,35,2,0.25,5.02463885315973,1.03636736038306,1.97890741154031,0.0160682317187866,0.0162377176960202,0.0603254780171772,5.05818641122697,0.97317909296046,1.78460782005931,0.0168929534027398,0.0164089103425183,0.0537913508723699,4.97920604947381,0.967237829574266,2.03293081562169,0.0378995137720281,0.0382010848262062,0.147863068615794,4.99078525795642,1.03353023376681,2.05011128148243,0.0208276785102833,0.0228362105457569,0.0727966175476722,"Residual"
16,2000,0.35,35,2,0.25,5.00531259716344,1.01160622132477,2.02791870477028,0.0158800994723528,0.0160070334895297,0.0617015826842818,5.04863200554809,0.948696659355627,1.80318618814578,0.0168060630396299,0.0164349347252203,0.0541962423867096,4.97405784533395,0.991190565485652,2.3781572353435,0.0351194708009279,0.0364400246116633,0.175450640197646,5.00071121909501,1.01230476756457,2.04624389938211,NA,NA,NA,"Residual"
17,2000,0.35,35,2,0.25,4.98569929213413,1.02016045998815,1.98693749424386,0.0160371717160006,0.016572755066504,0.060160355098134,5.02192799461435,0.957929455682946,1.78110660679424,0.0169110164928035,0.0169062450721703,0.0533266120513813,5.01137238251998,1.06220240835161,1.93141921557352,0.0391067599936147,0.0403916321136699,0.139453888265461,5.00372780006309,1.01019830536078,2.01222907866879,0.0207274392346523,0.0225423977707974,0.0703971265609353,"Residual"
18,2000,0.35,35,2,0.25,4.9875916767303,0.984655834165599,1.99097898442248,0.0160241018537095,0.0165671880301911,0.0603827697209296,5.00593364960365,0.920639144150538,1.80273781290794,0.0168115495038888,0.0168165812914014,0.0541205737063167,5.04469998439691,1.04441784939954,1.91320623205264,0.0392170930830838,0.0404475640414962,0.138545788036699,5.00498874776812,1.01551765640354,2.00912913449073,0.0201044658741474,0.022349425033086,0.0688626495730477,"Residual"
19,2000,0.35,35,2,0.25,5.01925326948441,0.98032570148742,2.07367220870659,0.0156979463181138,0.015626838591993,0.0628915256058012,5.05214364466862,0.926906123763143,1.86851803244901,0.0165118944322592,0.0159739137237659,0.0560693918204781,5.03971971225022,0.997319559516118,1.95749097962505,0.038592139743218,0.0385461359085779,0.141278863293691,5.00655188514064,0.995914050790469,2.11454173144499,0.0199835352202449,0.020777069708261,0.0734929068730949,"Residual"
20,2000,0.35,35,2,0.25,5.00184212749864,1.00290795304498,1.9351299096615,0.0162498877952959,0.015884292426565,0.058661743953265,5.02163735229505,0.94616576419311,1.78677139155964,0.0168890071832805,0.0159796319102669,0.0537202975817461,4.99437463388966,0.985614037840481,2.1195031950374,0.0371838304765242,0.0347938751974573,0.154420528524157,5.00575971192928,0.99020052039213,2.0335849613648,0.0205409309049893,0.020912091610432,0.0682262333268139,"Residual"
21,2000,0.35,35,2,0.25,4.97702872707108,0.990211616310698,2.07345498866598,0.0157140453775101,0.0158634019517784,0.0631787974682781,5.01078136079497,0.929999029663476,1.8851077123766,0.0164610969023554,0.0160305315835682,0.0568876149869942,4.98192007299877,0.954929488395204,2.50502742460759,0.0342660483030478,0.0321612075873886,0.185116404925239,4.96631080427944,0.986964099376153,2.15897078384106,0.0198090611745769,0.0209305172606627,0.0761905958310967,"Residual"
22,2000,0.35,35,2,0.25,4.99213910879649,1.00171774427373,1.94599344378281,0.0162006219344068,0.0164874644866542,0.0590005553905202,5.01369657734977,0.951946771559377,1.80519361097021,0.0168022558084555,0.0165346959393061,0.0542918469389041,5.03026909972982,0.956561110435889,1.98997786776084,0.0382939823090689,0.0418777428984787,0.144442935558398,4.997057926984,1.03942196693164,2.01022607358956,0.0203258392949556,0.0226085267418787,0.0691846709814247,"Residual"
23,2000,0.35,35,2,0.25,5.0021325994998,1.01806204472959,2.03426563194953,0.0158589624962384,0.0158701187883967,0.0619167218258114,5.04477459312739,0.945660555338521,1.77972794424891,0.0169177232940405,0.0162924672362841,0.0534020671047026,4.94641174779331,1.00315997389501,2.12951385828578,0.0371362067697234,0.0366993091592007,0.156560353407778,4.98122645754582,1.02574435558651,2.07288496154869,0.0210672177216248,0.0221859668558235,0.0738495887892763,"Residual"
24,2000,0.35,35,2,0.25,5.00931200044696,1.03113976881504,2.01119916375951,0.0159418359082942,0.0163312804561101,0.060979375529568,5.02922783756051,0.97997834727613,1.85378393508955,0.0165854001008965,0.0165197831867215,0.055732110215853,4.91713269091467,1.0583348094343,2.15801019426465,0.0369243680198849,0.0382067912243038,0.15738371079651,4.96389129040853,1.07390396826085,2.15248535435382,0.0209726112649677,0.023243228455428,0.0782664970851714,"Residual"
25,2000,0.35,35,2,0.25,5.02772441002044,1.02126089771353,2.14056416744786,0.0154574364042609,0.0157050841972053,0.065182338184743,5.06429839264644,0.940103284637817,1.88075727437385,0.0164582925353332,0.015977736986336,0.0565479847662104,4.99336438479875,0.966123748870617,1.93589976824362,0.0388101386945211,0.0413377548354977,0.139935731890497,5.03186710159228,1.04925106321406,2.15411075770876,0.0198517750975697,0.0221229757484742,0.0746986259557005,"Residual"
26,2000,0.35,35,2,0.25,5.01216338549785,0.989033897903379,2.02156586611391,0.0159012837124307,0.016343706147868,0.0612632589793041,5.04228817905309,0.915889515553507,1.81951290679001,0.0167346140413205,0.0165090390446946,0.0545604719121071,4.97878779443226,0.991286162670148,2.09349584675511,0.0374005363783596,0.0387667755157316,0.152539034944013,5.01070371903934,1.00344837892869,2.0507614491291,0.0202017681486848,0.0223895079973839,0.0714305521169539,"Residual"
27,2000,0.35,35,2,0.25,5.01996203912495,1.02081058438883,1.91030271390222,0.0163508380519998,0.0161379901383107,0.0577007608487178,5.05092333033831,0.960465043234951,1.73197063409192,0.0171462409909738,0.0163306932105942,0.0517802684794876,5.06823444692186,1.0061302572866,1.95678696946465,0.0386126452172084,0.0373413004614062,0.141066199853068,5.03343238282046,1.01637688602223,1.96174881533829,0.0207657904978293,0.0214671392687775,0.0680601476649033,"Residual"
28,2000,0.35,35,2,0.25,4.98389545983397,1.01606688187543,2.04849762495016,0.015803115849681,0.0160698836273928,0.0625908788827987,5.00828169395809,0.961988385538019,1.84616831156381,0.0166235590102174,0.0163787357600068,0.0557572008201811,4.9968939856995,1.03768383257887,1.86935735533403,0.0395247120136931,0.03878463579144,0.135285277190668,4.98283080051101,1.01418182912174,2.08675156384258,0.02008288084511,0.0221202108849562,0.0724977411428468,"Residual"
29,2000,0.35,35,2,0.25,4.99831177096063,1.00315706875252,1.98175552784774,0.016061315811221,0.0159209940461233,0.0600607324328585,5.02355034255884,0.954172080878678,1.8062361318881,0.0168019438125597,0.016263860889294,0.054225242622852,4.93972984107159,1.0530120476528,2.06602688890011,0.0376844745833397,0.0372175966504431,0.150907967611999,4.98737096704298,1.00748266234345,2.04001935922983,0.0202850714477568,0.021483147116543,0.0706167292498743,"Residual"
30,2000,0.35,35,2,0.25,4.9908532294594,0.998365265909573,1.95635429415792,0.016182409534637,0.0160825922561505,0.0591552447036586,5.03066111676769,0.921123066861262,1.74470805862347,0.0171014430387854,0.0162580167531579,0.0521427150117592,4.97575816373604,1.03360680484216,2.01260007380669,0.038135125428283,0.0363897689229829,0.145385850683406,4.99993264977545,0.995028413023818,2.00099950878395,0.0207718215852459,0.0217867842522228,0.0694916024934738,"Residual"
31,2000,0.35,35,2,0.25,4.99986428829424,1.01027228542176,1.95309272912649,0.0161648740806827,0.0167287605714104,0.0591039150427901,5.02571801340556,0.95157043855421,1.78731068654737,0.0168767336719574,0.0169118025558938,0.053582285586016,5.04481929058138,1.10393079727253,1.83778700585034,0.0398673905164283,0.0395349166316874,0.13317779291769,5.00227262622589,1.03818090253118,2.01952177417085,0.0208035866043273,0.0230455209909199,0.0701988812481363,"Residual"
32,2000,0.35,35,2,0.25,4.99166470541878,0.997712574799389,2.06969809531845,0.0157177312381054,0.0159925646968222,0.0632106134079024,5.02835647394925,0.926189585885223,1.87168393951762,0.0165026782436217,0.0161576866655369,0.0565916346513434,5.02562757423893,1.00902653000272,2.21528546091192,0.036469936108445,0.0381224399199241,0.163020480469822,4.97370915187436,1.00890352505451,2.11256674164796,0.0198379811695251,0.0223292810535179,0.0743190607102762,"Residual"
33,2000,0.35,35,2,0.25,5.01073222619956,0.991175809941136,2.05004382711388,0.0157941922667422,0.0157672651835074,0.0623060328274897,5.04048772007352,0.936827787242893,1.82792381035664,0.0166979928115551,0.0162552433412249,0.0548901347091805,5.0272498463529,1.00292862562775,2.17491269176503,0.0366652220213268,0.0367662392245312,0.157633311790915,4.99579365012919,1.00343796913783,2.12672907449509,0.0205306838465591,0.0222229983090274,0.0758155771898494,"Residual"
34,2000,0.35,35,2,0.25,5.00033983643586,1.00314871133364,1.87836747421997,0.0164936213124786,0.0163407204310954,0.0567302174914556,5.03683422251362,0.942837382261088,1.7113878278604,0.017250327229083,0.0165326045442741,0.0511857457303801,4.94433760953067,0.976093405617865,1.96668318719308,0.0386406217466019,0.0360698045897142,0.142520191567146,4.97722944869456,0.989623778930342,1.92620501264882,0.0209480878240742,0.0214713845549827,0.0660848358360826,"Residual"
35,2000,0.35,35,2,0.25,4.99040964277335,0.97296417811248,1.92027405047514,0.0163111932642949,0.0168410768864918,0.058049831146206,5.02786308239091,0.903969139476466,1.74687054271167,0.0170714293475664,0.0168264665407467,0.0522659523289593,4.99543352541472,0.954262247459758,2.00011443772535,0.0382059174254624,0.0379949894081633,0.145949509945033,4.97752034760304,0.972692726397533,1.95448894517835,0.0201615042080521,0.022888385407124,0.0664161946854911,"Residual"
36,2000,0.35,35,2,0.25,4.99933825244565,0.98532713878398,2.03854846353674,0.0158335337714268,0.0159386522645084,0.0618844374713912,5.01882561161578,0.927235429501676,1.84741004410677,0.0166108064450477,0.0160469446716082,0.0555081900972148,5.07034902306783,0.927076911297317,2.05207454227999,0.0378615391657411,0.0393161776466705,0.147731227667457,5.01072863209451,0.974361271176616,2.0548012015266,0.0195480703439317,0.021507473143538,0.069632449392431,"Residual"
37,2000,0.35,35,2,0.25,5.01280607318584,1.00998688181704,2.0282783928188,0.0158737969999369,0.016019239438434,0.0617353364509123,5.04269862119384,0.944368486124163,1.83820879291289,0.0166483873146362,0.0162256062408839,0.0553724516153947,5.06897563013955,0.998094402315864,1.91022981949927,0.0393181952664198,0.0393566538537604,0.138245014863847,5.03728594789059,1.01291792682634,2.06362644126866,0.0199673603238485,0.0214203081705267,0.0710977912952355,"Residual"
38,2000,0.35,35,2,0.25,5.00917127761234,0.980214109513376,1.98464133849178,0.016040041227058,0.0163013225271299,0.0601752369159817,5.02879677879104,0.920908032440013,1.82499738022327,0.0167048529067325,0.0163658129805897,0.0548621882959536,4.99705917977952,0.993537532880314,2.22267518445908,0.0363102628640814,0.0370103048244177,0.163317201486932,5.00819629282045,0.961573958999166,2.06934806402839,0.0201208692721766,0.0225569741866059,0.0720347839572301,"Residual"
39,2000,0.35,35,2,0.25,4.98608220575268,1.03674343832532,1.95594130757915,0.0161682023398595,0.0161957904228205,0.0592505062031433,5.00043109318115,0.972649941343602,1.79993155167712,0.0168366973177397,0.0162235322871033,0.0540648648758702,5.02039507618583,1.02858400120402,2.02066198341116,0.0382263137902959,0.0370695430531934,0.146390424929837,4.97026674948587,1.03176667567479,2.01433067973241,0.0205469741710862,0.0215827128419386,0.0701083666599057,"Residual"
40,2000,0.35,35,2,0.25,5.02431360595722,1.01867268083507,2.03985795566653,0.0158369744616932,0.0154688167207249,0.0620808517221443,5.0493850155081,0.971400245061203,1.84850636803988,0.0166112304035021,0.0158215282892069,0.0556693827163244,5.07410600514946,0.997319685088347,2.22854624623748,0.0362434781977835,0.0360430096426713,0.162708635085246,5.02491130408854,1.02328946292685,2.0948693419454,0.020140928693577,0.0216675269201716,0.0731923849529963,"Residual"
41,2000,0.35,35,2,0.25,5.0108434009193,0.989229126749898,1.9820195940845,0.0160509545413088,0.0162019630895308,0.0602398045435702,5.03952815996572,0.924488528821561,1.77366113634761,0.016940362391609,0.0164687553932335,0.0532612508477276,4.98546781760159,0.971921234466794,2.09179708964016,0.0373735400129424,0.0362902927142794,0.152381129961739,5.02021586473126,0.985326499283855,1.9507967492665,0.0206982201777883,0.0226806451644296,0.0674912775104949,"Residual"
42,2000,0.35,35,2,0.25,5.0065689539603,1.01882291080627,1.99345351254206,0.0160130704902205,0.0160748873338843,0.06059874863836,5.02901102079772,0.962922331282343,1.79123876618941,0.0168645077916534,0.0165016071022831,0.0538554175398297,5.01509484119744,1.06229661933828,1.91971212685888,0.0390208327529887,0.0412805990334278,0.138776139789564,5.01431057019999,1.07327333580042,2.02776836592658,0.0203398339071717,0.0238727735773865,0.0705316818165087,"Residual"
43,2000,0.35,35,2,0.25,5.03875138681466,1.00783414662735,1.94838328746119,0.0161851672987315,0.0165670846726306,0.0588799322344589,5.06618878564032,0.953423775450035,1.78197271231992,0.0169008878809046,0.016842108639815,0.0533731756629338,5.03027695023142,0.975096762567601,1.91482835026905,0.0390128898089252,0.0387643706687154,0.13861104212567,5.02340606823204,1.0115228337603,2.01778627778183,0.0202331382341962,0.0213937771149769,0.0691842494676174,"Residual"
44,2000,0.35,35,2,0.25,4.97506094058165,0.995443700098677,1.79627231131612,0.0168489719410226,0.0171662874457487,0.0542574232804841,5.00662725078492,0.938767694862263,1.65000709989135,0.017556744161315,0.0174339355745207,0.0493681793568753,4.97701723486401,1.01253339974213,1.69998897058254,0.0414108209018622,0.0432339095331609,0.122624741292963,4.97085694941156,1.01724347022802,1.82847375468412,0.0211606652241791,0.0228988710620757,0.0624463628969363,"Residual"
45,2000,0.35,35,2,0.25,4.99401885556922,1.00466780012993,1.966483300483,0.0161243270013874,0.0165437000784965,0.0594490468091727,5.0269405882069,0.956593898084587,1.79324531774436,0.0168657057716586,0.0168974963690789,0.0536886743280768,4.97880060184784,1.05332098963301,2.15272075504575,0.0368750449261796,0.0397205546236506,0.157619808693733,4.98706276160664,1.0258304986101,2.0290985139646,0.0201702057066748,0.0235149920879957,0.0704140019316845,"Residual"
46,2000,0.35,35,2,0.25,4.98859261329501,0.98887787847674,2.09906681092861,0.0156098719283388,0.01569833590469,0.0640175681657923,5.00781138129519,0.938989127758945,1.91195922264657,0.0163330543686517,0.0159861039049295,0.0577389768433355,5.00992918668539,1.04246437347031,1.99103534098751,0.0383005094720024,0.039930881788336,0.145404166080571,4.98747354897407,1.01491680549596,2.16974574498904,0.0198418600325782,0.0222890259286033,0.0761760096215618,"Residual"
47,2000,0.35,35,2,0.25,5.0237603743641,1.0076162091115,2.10115343814944,0.0155920775641416,0.0164434174453364,0.0639076629613408,5.06073872043356,0.949469817798319,1.91227502114169,0.0163227775435448,0.0167192438641471,0.0576236682749244,4.98464546696244,0.99831250461801,2.17510192248361,0.0367991356315557,0.0387092504466113,0.159441853830798,5.01605402188756,1.01546089580912,2.16497595752492,0.0200338854028192,0.0227327200302623,0.0770300226669778,"Residual"
48,2000,0.35,35,2,0.25,5.00517818600314,0.99858311390544,1.98196843785494,0.0160725395116264,0.0162326775023076,0.0599953241702038,5.03628264676478,0.938926995118738,1.82180783653804,0.0167376729858276,0.0162906290023618,0.0546748954819784,5.03731765125316,1.01387340560607,1.8503408727514,0.0397884172114991,0.0430935007973082,0.133382473956621,4.99057063247078,1.01864947688193,2.04220719420473,0.0202374069059589,0.0226338171915252,0.0703596135448708,"Residual"
49,2000,0.35,35,2,0.25,5.00150650601067,0.987312962075742,2.08469227797024,0.0156634000850904,0.0157393121737404,0.0635651758951153,5.02720574367905,0.936650861940751,1.90624808258164,0.0163575514334685,0.0160094197432158,0.0575942127175,5.06859797223263,1.00471890697545,2.01371049080458,0.0380997736853382,0.0391582258195236,0.146607754523402,5.02163801653106,1.01272470532043,2.09242648353181,0.0197337406329228,0.0209691875865522,0.0719013230521939,"Residual"
50,2000,0.35,35,2,0.25,5.00751928570263,0.995891195418247,2.03902778551288,0.0158269926400782,0.0163365215572376,0.0619343616503411,5.04643593353606,0.935160418450528,1.8274152992956,0.0166895250669862,0.0167753574096564,0.0548979015419994,4.99410774227303,1.03264741998074,2.04998465487623,0.0377448562254914,0.0399647282140227,0.148812308641268,5.00123875364456,1.01696244806489,2.01658482800495,0.0200598026466525,0.0217250434708814,0.0692952877983775,"Residual"
1,2000,0.35,35,2,0.25,4.98710201864864,0.998368083252924,1.96447166394175,0.0161232701187687,0.0163276377915781,0.0595233408371745,5.00845401249713,0.933460748462826,1.75978948741462,0.017011378312005,0.0167151226352974,0.0527174656080906,4.98972542324203,0.954390671462368,1.97674278442563,0.0384573681179441,0.0367633339222638,0.144736640776916,4.98549357524832,0.974316781479503,1.95973531499912,0.0202684278002909,0.0214143821020172,0.0668388652524739,"Residual"
2,2000,0.35,35,2,0.25,5.02535518925477,1.00736080333648,1.9566414588406,0.0161478308718882,0.0165569655753438,0.0594162103729415,5.04941076641187,0.944968936920194,1.77025292717412,0.016952249016476,0.0168382864283132,0.0532029128798092,5.04206372386563,0.95372136285713,1.93924819102304,0.0389174748082061,0.0397730030694553,0.139528639728118,5.02256338971776,1.01987855954506,1.99097267049574,0.0205554279903931,0.0223431943960306,0.0689697435453729,"Residual"
3,2000,0.35,35,2,0.25,4.99917427625046,0.998907532353297,2.13682217678193,0.0154817621507437,0.0154923985035874,0.0652919238713734,5.03748186663656,0.948148680240721,1.92891029110079,0.0162619172627726,0.0158571867952141,0.0583209896187755,4.98897136904049,0.957508796689638,2.40255483553308,0.0349350477190507,0.0347226196265365,0.178944563705006,4.98781739428556,1.01045654051698,2.21795768931033,0.0196026651945535,0.0203140481493307,0.0778572336860107,"Residual"
4,2000,0.35,35,2,0.25,5.01465014867959,0.966107106463332,1.81726185958297,0.0167488834507433,0.0165493096372585,0.0547134164275386,5.04001685910105,0.921561065255623,1.66512944795499,0.0174768013754297,0.0168094237760444,0.0496508624931341,5.01755395004256,0.905944649619762,1.82079645237668,0.039970232735944,0.0393110751370329,0.131061223640735,4.99328779750218,0.976643841077518,1.87009769352755,0.02081801860514,0.0220903313792542,0.063422827380926,"Residual"
5,2000,0.35,35,2,0.25,5.00631781561812,0.994607335050402,1.95874971577969,0.0161432372150189,0.01646855868256,0.0594410372232109,5.03269187217211,0.93947541962641,1.79094331320864,0.0168603686756524,0.0166486569843138,0.0538044142653787,5.02388521769117,1.02547590873395,1.78865077849889,0.0403336872136294,0.0429125420070232,0.128241647158615,5.00840225941147,1.03197210216343,1.9494236283856,0.0201243086680156,0.0227569308725709,0.0659388117989029,"Residual"
6,2000,0.35,35,2,0.25,4.99127651974428,0.986471789258208,2.0253450026079,0.0158858274204699,0.0162940735403331,0.0616170537366874,5.01128387437101,0.93129399651199,1.83013985647625,0.0166912609948527,0.0166982548140581,0.0550787102795746,4.97998797575469,0.962252104856587,2.08900814694018,0.0375857892984282,0.040853380011733,0.153616564628773,4.99043934296147,1.00648703050538,2.03891687124361,0.0197638951871076,0.0217314510239203,0.0695014573199865,"Residual"
7,2000,0.35,35,2,0.25,4.97497635786689,0.998382183245558,1.90706699183525,0.0163617184843608,0.0169741802697463,0.0575730501367012,5.00829456239923,0.945918818174165,1.74254519511064,0.0170920599172498,0.0172161951859499,0.0521070739162739,4.94147129859895,0.970404315023382,1.7920350465398,0.0403289483826993,0.0418627431576278,0.129072032406229,4.96695310947098,1.01118820570722,1.96716117932983,0.0204887718335354,0.0231112941160694,0.0669622710868656,"Residual"
8,2000,0.35,35,2,0.25,5.00920689550785,0.986793183534048,1.88057931528763,0.0164659782709357,0.0169581434639967,0.0565631882990165,5.03323802032615,0.930282247156925,1.71656569697417,0.0172136091480055,0.0172516646280658,0.0511614526794825,4.97501010504916,0.984235877502896,1.76238950292763,0.0406600774750465,0.0436103032682841,0.125796030742893,4.9919440575033,0.997001455468359,1.93494742468631,0.020746398802365,0.0229436486266736,0.0639428334201714,"Residual"
9,2000,0.35,35,2,0.25,4.98501931760966,1.00768433891436,2.05636245532358,0.0157760426254246,0.0161689372509372,0.0625520226039723,5.01938641688877,0.939892625439293,1.84169044158907,0.0166382194599915,0.0164722332005551,0.0554040848008661,5.03937892384631,0.944934461994952,1.98995876567149,0.0384471778505559,0.0399493878672972,0.14315365638928,4.99137773307913,1.02643849573373,2.06723503382341,0.0204091145873127,0.0217403305042181,0.0720321336399985,"Residual"
10,2000,0.35,35,2,0.25,4.96268959931204,0.99128218144275,1.97880876194776,0.0160857485333353,0.0164860367738488,0.0600796711583201,4.99423534898707,0.927851593844232,1.79856590736221,0.0168441096649514,0.0166466892794208,0.0540718216971991,4.98419265394645,1.011122931289,1.83012457304582,0.0399599267302853,0.0398835427166144,0.132027569413326,4.96640678022091,1.00358885669505,2.0263185877819,0.0201692776293174,0.0233875426404032,0.0700250757184198,"Residual"
11,2000,0.35,35,2,0.25,5.02440866764443,1.00414997967997,1.99069087699294,0.0160376823871942,0.0162066260945305,0.0602622498470474,5.05514794733577,0.934079886729094,1.79182605992063,0.0168775401647743,0.0164766430969433,0.0536782207929814,5.04858552671062,0.999436797983025,1.86199612167615,0.0396815835853851,0.0385889155500133,0.134498840284005,5.02749623213417,0.976813988559961,2.02996029546753,0.0204767020442034,0.0221794529978867,0.0699108719526701,"Residual"
12,2000,0.35,35,2,0.25,5.03424225860483,1.02351783510502,1.93439743135224,0.016243825781649,0.0165712944326028,0.0584753925297435,5.05959260012747,0.967504133045816,1.75569315978299,0.0170262764621822,0.0168665105304331,0.0525418274391419,4.99338581622588,1.06890258040093,1.76174195944031,0.0406572109299647,0.0446736359480729,0.12602100176017,5.02006380547752,1.05725187843635,2.03939164992197,0.0212568782612658,0.0250519435084085,0.0720251070783347,"Residual"
13,2000,0.35,35,2,0.25,4.96443648775055,1.01652989209677,1.9297683633094,0.0162749086468322,0.0165573235375164,0.0584968334029604,4.99222175896275,0.963857423134068,1.74666545168559,0.0170811413270615,0.0168863003718893,0.0523758058065311,4.95028918391975,1.01851692154754,1.9439048889029,0.0387727662031694,0.0409075715413154,0.141584385595956,4.96860702511702,1.02751891851481,1.975575491263,0.0208033275647365,0.023241560018537,0.0683867329063377,"Residual"
14,2000,0.35,35,2,0.25,5.00487647485088,1.00887660797041,1.98507197228777,0.0160390996474683,0.0164234993300996,0.0601650743936674,5.03984744766618,0.940088973144893,1.77468990982948,0.0169342462762736,0.0167849782298243,0.0531677791631576,4.95672981370887,0.985585889451032,1.89073040005379,0.0392803992448388,0.0407478898154562,0.136304199920729,4.99363092048035,1.00892324770702,2.00937594489886,0.0204126140905328,0.0222709220945138,0.0689422278478947,"Residual"
15,2000,0.35,35,2,0.25,5.00033033904008,1.02437859229981,2.10324931871946,0.0155963397904971,0.0159830910711667,0.0640782552884398,5.02620051920334,0.956105740555284,1.85240033814329,0.0165905009263723,0.0164201182454032,0.0557096718889058,4.95131048410822,1.03253189504869,2.23394688656981,0.0362573376309272,0.0370784800151727,0.163720442328713,5.00907479229423,1.01417912494833,2.11284286605404,0.019995431826884,0.0226039230680461,0.0734355185694237,"Residual"
16,2000,0.35,35,2,0.25,5.00186369600741,1.02469762284111,2.06772426634054,0.0157269704615121,0.0161040884386607,0.0629507945072038,5.03234148838067,0.959565002103305,1.82917163236907,0.0166911405141774,0.0165087487642071,0.0549704278113636,5.03196754247383,1.01735240979546,1.85176309173229,0.0396643204432353,0.0420165372579386,0.133722528621752,5.00614195840494,1.02903643118325,2.08560577502865,0.0203870446552563,0.0231325873470314,0.0723631932825029,"Residual"
17,2000,0.35,35,2,0.25,4.98094098694064,1.00316430569686,1.9742987043443,0.0160858388895453,0.016404811222016,0.0598887544839591,5.01904172382738,0.93999152370891,1.78410423690235,0.0168948619718134,0.0167056053583333,0.053547217003137,4.94125922402623,1.00814791022248,1.85194807174673,0.0396916267019638,0.0406185678109561,0.133908209691241,4.96510817432091,1.00379005396373,1.97234568988003,0.0201448939032438,0.0217066369887794,0.0671032137550747,"Residual"
18,2000,0.35,35,2,0.25,4.99050148960344,1.01113699528959,2.08865687223395,0.0156510189310016,0.0158593506003159,0.0635957430694674,5.02854188563123,0.953764635581675,1.8947348767884,0.0164082250483525,0.0160705331918033,0.0571212585823703,4.97624682763986,0.977941527088387,2.20126059911992,0.0364817744013846,0.0372649404076076,0.160465151955186,4.9788458531587,1.01743596934097,2.14331990488042,0.0195964465349251,0.0214193706888216,0.0740995238434732,"Residual"
19,2000,0.35,35,2,0.25,4.99758338089141,1.03250762012252,1.96179860635242,0.0161485573805469,0.016276894511766,0.0595289788951943,5.03318698273251,0.970107327855595,1.78176944874795,0.016914456630019,0.0164357489017477,0.0535266571907592,5.01278561861602,1.05421849929437,1.74901600693392,0.0408673767072621,0.0424871961075434,0.126380994826693,4.99612883516036,1.03917701859006,1.98088294613642,0.0202554070843243,0.0226306880625722,0.0675918607284795,"Residual"
20,2000,0.35,35,2,0.25,4.99895921181415,1.00263765459501,1.97125313137516,0.0160972062842314,0.0160796355481529,0.0598549040997523,5.03298824582212,0.94114856441663,1.77096685496641,0.0169548572130344,0.0163881526139049,0.0531619753450508,5.00586678426894,0.992762989141618,1.94823743795343,0.03872651080437,0.0392431315783204,0.141336591586748,4.99357916067622,1.02187657117284,2.01665688279705,0.0203560428896382,0.0216830990072911,0.0695844659430564,"Residual"
21,2000,0.35,35,2,0.25,5.02687026998926,1.011224948983,1.9745756654712,0.0160793520830785,0.0164927912643028,0.0598753318160221,5.06446675633123,0.960018498984107,1.80064001803282,0.0168149815499153,0.0167350736534849,0.0540564748785246,5.0193577393341,1.0184740311828,1.97885274612055,0.0383890791517528,0.040996335041252,0.142849847598125,5.00881485508675,1.02516344916933,2.01743803514375,0.0203939740128827,0.022782274050743,0.0701690420783973,"Residual"
22,2000,0.35,35,2,0.25,4.97157755001579,0.978429277460053,1.9718080555389,0.0160999356453151,0.0164020464571226,0.059648018309264,5.00219110840239,0.915313040944484,1.77951955033526,0.0169221296249646,0.0166586401993288,0.0532694757949189,4.96599190658034,0.968819026363526,2.06012603171229,0.0377500867848229,0.0365822351858639,0.149214314202723,4.95496506026559,0.970918300642738,2.01545890743759,0.0205282266971134,0.0216477182466271,0.0701572928748871,"Residual"
23,2000,0.35,35,2,0.25,5.00456806097714,0.998007970714601,1.99919291888151,0.0159880190594691,0.0161010436275502,0.0606398692432454,5.02571417338372,0.94360131233606,1.81235394879857,0.0167705798495042,0.016527292136578,0.0544399184839618,5.03636810040666,1.02012288486398,2.0719993614837,0.0375423441035232,0.0390071053980162,0.149820834039992,5.01747948379453,1.01905082039558,2.03269775818289,0.0204391763872803,0.0225319755130946,0.0707356891320611,"Residual"
24,2000,0.35,35,2,0.25,5.00587203969275,0.992348441934729,1.99680381285664,0.0159912262512539,0.0162503602560832,0.0606497220576938,5.03619031293526,0.943428651919516,1.81795060448091,0.0167365810969262,0.0165115151245131,0.054642609186727,4.99958005191079,0.960983891923549,2.14611659840794,0.036912665031608,0.0363499763112902,0.157231745648016,4.99074782497022,0.991198189846065,2.0809935017624,0.0204394472579355,0.0224073253910107,0.0725298338814168,"Residual"
25,2000,0.35,35,2,0.25,4.97722755506658,1.00512882520473,2.14025478868784,0.0154683209472139,0.0154438907300832,0.0652628097431836,5.02203225007587,0.93974710429098,1.88943888326848,0.016428837199725,0.0159355870532312,0.0569085283405774,4.89343008243081,1.00767858335927,2.29388555224517,0.0358587205989986,0.034841393604619,0.168225378690983,4.98502141940065,1.02224649906191,2.16927455220196,0.0200772012626575,0.0208131245866194,0.0763242779619441,"Residual"
26,2000,0.35,35,2,0.25,4.98655409595849,1.00899962122392,2.09535952051032,0.0156406629616857,0.0159947325689023,0.0638754833026313,5.01685311523851,0.958820606911679,1.89183414898844,0.0164324511556412,0.0163587890967507,0.0570786896309472,4.97900246717742,1.06176432227597,2.26345200949235,0.0360983046921955,0.0373111474371992,0.166835586836328,4.98423762138949,1.0381971452526,2.1914539994621,0.0204674659634782,0.0226599031638692,0.0786795794362005,"Residual"
27,2000,0.35,35,2,0.25,4.98675160255771,0.996775360601962,2.01947352606481,0.0159174944266626,0.0159416080304635,0.0615467509812532,5.02384093461439,0.934518680146728,1.82064551730524,0.0167318035611157,0.0161810559467283,0.05487235868882,4.99951022543,1.02256972507418,2.07284011909697,0.0376028108089963,0.0375777439842256,0.151106069515978,4.98563618374746,1.0000026464822,2.06732477131866,0.0206339518418528,0.0221361731819327,0.0729480860367428,"Residual"
28,2000,0.35,35,2,0.25,4.97161987978119,1.01505551800002,2.10193150393005,0.0156065946856252,0.0159322724453721,0.0641195719231476,5.00947746034218,0.952003265448115,1.87257246847832,0.0165036692340371,0.0163173574394528,0.0564525569951985,4.93522162840247,0.944366062689419,2.13890594614585,0.0369940137765555,0.0379645941383223,0.156947737088079,4.96098542991003,0.999874585489361,2.19841811900414,0.020549373479383,0.0225356982882481,0.07917668643746,"Residual"
29,2000,0.35,35,2,0.25,5.00911555241353,0.992992993109647,2.02434598123157,0.0158870964750537,0.0158934070147276,0.0616046053776348,5.03885332081641,0.946598892349951,1.83434311995735,0.016664227339753,0.0162692763056684,0.0552312144746905,5.03143934872666,1.0141231884498,2.04752037162637,0.0378980077371582,0.0372844105070256,0.149218311289795,5.02661078869677,1.00649277621322,2.05838625839361,0.0200828538253172,0.0217898860046946,0.0713135078528823,"Residual"
30,2000,0.35,35,2,0.25,4.99703599576348,0.97725154289794,1.9518182583893,0.0161711633085996,0.016515103939949,0.059199520473097,5.03180216661943,0.911839757942867,1.7689936621571,0.0169610856855317,0.0167518692407581,0.0531126562572393,5.00016703897283,0.981175505762218,1.94413045171564,0.0387484842468449,0.039683561536154,0.140686443184706,4.99383040615128,0.978837125907472,1.96774267870117,0.020304612828392,0.0221456794801561,0.0671197233910791,"Residual"
31,2000,0.35,35,2,0.25,4.97525606298724,1.0130611480694,2.00086961981448,0.0159852283127325,0.0164141653473055,0.0606075221178237,4.99552422253651,0.953666064586798,1.83594025526041,0.0166669440281039,0.0165029354705169,0.0551029259341345,4.94457556121402,1.082998676975,2.13660268224982,0.0370414748540039,0.0387197217256386,0.155996698030766,4.96965877797668,1.02769715630155,2.09173540400493,0.0205174689467408,0.0231774462523017,0.0741229428524431,"Residual"
32,2000,0.35,35,2,0.25,5.00745080268118,1.0216458488305,2.05913327131133,0.015757812221091,0.0160600195426637,0.0626790099485222,5.02365312144766,0.967343867006014,1.93017344220183,0.0162592369140429,0.0160426192468542,0.0583584799167669,5.00501432669317,0.960453971959739,2.15265369670252,0.0368383266153586,0.0375914723279459,0.155978167186772,5.00107632924755,1.03921352045225,2.15497286891344,0.0198033045891291,0.0209411260011472,0.075832091180361,"Residual"
33,2000,0.35,35,2,0.25,5.02758977990346,1.00522603105634,1.93858768822968,0.0162288458766507,0.0164847451957966,0.0585676981272632,5.05965163407347,0.93711971735728,1.75554050490396,0.0170299959789888,0.0166795913481974,0.0525170009000467,5.00368288212105,0.977404616657764,2.05748668404768,0.0378140723656108,0.0381497440943102,0.149847378852415,5.00777045071586,1.02126639054877,2.00483844134213,0.0208297131843586,0.0220385242084902,0.070680416087787,"Residual"
34,2000,0.35,35,2,0.25,5.01014557884957,1.00219336221261,2.04486250700666,0.0158221538116968,0.0159379581797511,0.0619063849833926,5.04299243424712,0.948462129625927,1.85686912837925,0.016574886110716,0.0162091147978732,0.0556822018373329,5.00212399031774,0.952814883085259,2.06127250586377,0.0376031463949974,0.0415532068259274,0.149011309240122,5.00620210823342,1.03799599723121,2.15407631854674,0.0202163732991525,0.0228614688479046,0.0760872448844499,"Residual"
35,2000,0.35,35,2,0.25,4.99789763450721,1.02141448182015,1.94812105711407,0.0162094597999031,0.0168922959575254,0.0588966651291821,5.04039955892073,0.953507900775626,1.76370907225155,0.0169985445054392,0.0171829559685718,0.0527863539661398,4.97746775774146,0.990976506882054,2.06308034167838,0.0376567135620948,0.0402824508969058,0.150939282330246,4.97482560918734,1.03777558286434,2.01609002726251,0.021062619610971,0.022894517866537,0.071468748080396,"Residual"
36,2000,0.35,35,2,0.25,4.98971245942763,0.997001185130334,1.92476809755563,0.0162887039039739,0.0165554575041204,0.0582638959406553,5.01769356421912,0.934854454598823,1.74953617811897,0.0170602717552758,0.0167511298516126,0.052438753674825,4.89689964580231,0.995355517027598,1.91015296695109,0.0391401525498014,0.0395111268376837,0.139326109898246,4.97355054859519,1.01185853124496,2.00790155639648,0.020794333384143,0.0230898839347025,0.0702305375998498,"Residual"
37,2000,0.35,35,2,0.25,4.99982496510969,1.01714767271275,2.05237491666457,0.0157891495971366,0.0158150682072992,0.0625074832617598,5.02933042031853,0.955048933744161,1.83751630099208,0.0166566000974745,0.0161438749766177,0.0553066016994892,5.05224962812423,1.03241976008282,2.10773327387241,0.0372861267565935,0.0371761722736417,0.152892458734122,5.00780043931368,1.042167157487,2.06295437585631,0.0200286997646754,0.0212429251163172,0.0713234677186777,"Residual"
38,2000,0.35,35,2,0.25,5.01331567756845,0.988624817497197,1.9956361481937,0.0159948741482413,0.0168131317358899,0.0603907072665926,5.0394972640966,0.926256011222931,1.84108905502039,0.0166312667450743,0.016867022482901,0.0552672254604102,5.09925772527405,0.981439146779196,2.0786299893833,0.0374365382885303,0.0398847797412999,0.150240140724374,5.02141160756874,0.974710586242748,2.08269314838659,0.0202256906532023,0.022698503319186,0.0729890909443977,"Residual"
39,2000,0.35,35,2,0.25,5.02728997637052,1.0221636633208,2.02640142499415,0.0158985448203689,0.0155891890059671,0.0617289558201923,5.05663537576628,0.967658306298488,1.82767553478905,0.0167145412403666,0.0159447644252651,0.0550802895837158,5.03585919983429,1.02382169284714,2.3524778915184,0.0355912487835024,0.0351972466787773,0.171547071078592,5.02701246002367,1.03898492583763,2.09757624582766,0.0208256218722304,0.0216750044017827,0.0752425231554881,"Residual"
40,2000,0.35,35,2,0.25,5.01324025109776,1.00270726379294,1.97564323899274,0.01607312755295,0.0165764184066416,0.0598179475387007,5.03669260653885,0.941564395602341,1.79693818164419,0.016831569760792,0.0167838471993523,0.0538796594110456,5.06829272419613,1.01688915685141,2.06551989964504,0.0376012301488436,0.0379693746052435,0.150227394229901,5.00768530836727,1.01142715642559,2.02252535652767,0.0204398219341766,0.0229107596473123,0.0696486369043432,"Residual"
41,2000,0.35,35,2,0.25,5.00786255199463,0.998838464194476,1.87936121502712,0.0164746947719534,0.0166441991916526,0.0566934978212911,5.04389119235559,0.943851953262358,1.71426763342162,0.0172259221098766,0.0169281304789623,0.0512148730175802,4.97417788499404,1.00570460603064,1.67107394165579,0.041807181180148,0.0416540530913042,0.118996601090602,5.01193777779676,0.987634350401382,1.88532282291694,0.0204788711616583,0.0218209571073555,0.0631524735994284,"Residual"
42,2000,0.35,35,2,0.25,5.00147989276667,0.990255529073869,1.99826955574185,0.0160096505447866,0.0162900063353712,0.0606597713874421,5.01972008499981,0.933004267488455,1.81961887820585,0.0167645754746153,0.0164378430913604,0.0546845997296469,4.98404776163144,1.05713655309058,2.12442355849894,0.0373006217552186,0.0366356397212496,0.154661879907297,4.99195440289237,1.00530204289161,2.0496632310748,0.0205733556360032,0.0226254738960857,0.0711381247624132,"Residual"
43,2000,0.35,35,2,0.25,5.02923164172551,1.01583953692833,2.1213856173582,0.015525237769699,0.0156616072687873,0.0645939850378586,5.05679090851162,0.960224118751054,1.88713747543616,0.0164318143862776,0.0162291656784036,0.0567992302096446,5.06709859946874,0.99420572218251,2.37413380125674,0.0351166710156341,0.0345771150325666,0.174103286973011,5.03651302822647,1.02244373579572,2.1902556387463,0.0201895597527059,0.0214896608400409,0.078426683832949,"Residual"
44,2000,0.35,35,2,0.25,4.99941637227975,1.00613163953907,2.09332652139501,0.015659776872082,0.0158920849946764,0.0637600667076169,5.0303343951995,0.938752176845377,1.8527888952978,0.016618516796816,0.0162592348364297,0.0557304254290932,5.01644504453933,0.994797125188134,2.29418854569712,0.0358668712518229,0.0365665146761336,0.168232906307281,4.99626575400386,1.0481927959943,2.14170533490293,0.0202437588411721,0.0215187434846939,0.0760270525031544,"Residual"
45,2000,0.35,35,2,0.25,4.99786086182008,0.990842799703144,1.96874749584173,0.0161072903558464,0.015927829970624,0.0595580850341723,5.01181661404953,0.939861126473789,1.84803361995004,0.0166092809853288,0.0158645677040244,0.055558632105271,4.99493123602008,1.04342105920002,1.98060194808053,0.0384648659383298,0.0357068642405715,0.14354912597883,4.98305541848047,1.0114374520064,2.09157438127342,0.0201974614643767,0.0208277713778507,0.073206322657314,"Residual"
46,2000,0.35,35,2,0.25,5.00248512493151,1.00265087786154,1.86199762136754,0.0165508535708749,0.0168823316424599,0.0561425516372748,5.03680403562886,0.948229244948299,1.69846124495877,0.0173066750343042,0.0171733907182658,0.0507086657935115,4.94722916291428,1.00798254221306,1.73790929041987,0.040929655477649,0.0440000219503279,0.125068476255974,5.00543964507298,1.01542944721545,1.88427603410127,0.0212338017788508,0.0240051254054496,0.0643556951687176,"Residual"
47,2000,0.35,35,2,0.25,5.01839000386129,0.998016112801827,1.95270526685397,0.0161756887662906,0.0164944012132843,0.0591215486805444,5.04437247433382,0.950813083549192,1.79838097412635,0.0168350168962784,0.0166736935441742,0.0539748767736667,5.01739288158553,1.03504952364234,2.1920890082907,0.0365440847862278,0.0369615391230115,0.160782377296899,5.00014252903981,1.01458157822981,2.01934084954387,0.020339858972148,0.0220426190621858,0.0699117865548298,"Residual"
48,2000,0.35,35,2,0.25,5.01610633170384,0.972130281011369,2.02840588409249,0.0158818167068831,0.0158573974144692,0.0615816134195817,5.03692921702641,0.926444193697903,1.89351000507898,0.016419303325892,0.0160003610031296,0.0570928289294611,5.02677779067716,0.965646738765264,2.23584655851543,0.0362662798764896,0.0367363613749453,0.164123407952665,5.02051511581736,1.0081416076879,2.14121968131761,0.0199718871274784,0.0215425459961485,0.0752091364621073,"Residual"
49,2000,0.35,35,2,0.25,4.99085874732063,0.994162876385839,2.00569836928098,0.0159606504482628,0.0162405934152042,0.0607743362975413,5.01758155504111,0.929917076690909,1.83697398320789,0.0166539448970286,0.0163647789228941,0.0551729610701909,4.93074341178238,0.946505611930585,1.96921859042314,0.0384984709123914,0.0408454571878287,0.142299776188477,4.97457616222462,1.01833630932076,2.09455037909903,0.02056613137387,0.024263542491805,0.0753827643255292,"Residual"
50,2000,0.35,35,2,0.25,5.01819321668056,0.982131613212933,2.05670808060008,0.0157658916495446,0.0156646488933376,0.0625440318983751,5.04206612708797,0.921042755008056,1.89687381727477,0.0163940240564605,0.0156119915141819,0.0572166134406411,5.02559691039806,0.947031978350595,2.08124332808529,0.037525432983574,0.0362429449103218,0.151361967971077,5.00756984037869,0.977171119884108,2.13923853735215,0.0199131186269887,0.021037803252154,0.0747345813773192,"Residual"
1,2000,0.35,35,2,0.25,5.00288857697388,0.97698101545886,2.05513452056353,0.0157702659315517,0.0155723516751449,0.0625928701812652,5.03865031826165,0.917863862743292,1.86395711868146,0.0165368716114356,0.0158516360859822,0.0562168350899709,5.00698373466968,1.01681378461247,1.86982720438392,0.0395235637690083,0.0398508186447873,0.135174163626872,5.01626111889842,0.981476055380597,2.11619787524654,0.0200723864806129,0.0216773330272894,0.0738824016529708,"Residual"
2,2000,0.35,35,2,0.25,4.9765723049624,0.987424570970062,2.01890992801687,0.0159157269123498,0.0157888273971137,0.0614038969231646,5.00976217328094,0.941703146727223,1.84905543102598,0.0166055891347801,0.0160482880479246,0.055701281091211,5.01848523647959,0.960822435128609,2.0901053564628,0.0374030109762682,0.0362676727253957,0.152077597781323,4.9666166615818,0.972435290845969,2.06019566164651,0.0198932977179291,0.0207439025737679,0.0708131821077764,"Residual"
3,2000,0.35,35,2,0.25,4.98503012766062,1.01253855269067,1.96457338519812,0.016124106755046,0.016563151259392,0.0594870848771034,5.02638123996856,0.94942361632041,1.74059984848966,0.0170989147996046,0.0170398279733296,0.0520275954978096,4.94370584561132,1.01007738174532,1.91662264120007,0.0390271330730186,0.0412430214100733,0.1383961672278,4.98816231965501,1.06070151523386,1.8831672655438,0.0208932925055569,0.0231672328091719,0.0641330899083071,"Residual"
4,2000,0.35,35,2,0.25,4.98298548426393,0.997319929220317,1.99618622681283,0.0160015245878227,0.0162600348236581,0.0606794078085257,5.01705779428857,0.932587767273615,1.76498263174749,0.0169861446390517,0.0167847320796461,0.052977389675401,5.03654901059174,0.964326888847802,2.01053698559389,0.0380984752425569,0.0380561334630037,0.145736703094115,4.99339176539951,0.981903799032132,1.98840401927005,0.0201648625694532,0.0217846328745223,0.0682336287382956,"Residual"
5,2000,0.35,35,2,0.25,4.98758387173647,1.02727241682855,2.01329614959671,0.0159380412520555,0.0159028773489632,0.0612736144823602,5.02073095413482,0.973524314807505,1.82590629736596,0.0167073454310624,0.0162922404023564,0.0550062254724739,4.94088500725125,1.04922687454566,1.74012494897122,0.0409375391208329,0.0419528775372202,0.125345766690601,4.96984838269417,1.03150059894347,2.07474820976491,0.0209332790654402,0.0227038775254107,0.0737730196540343,"Residual"
6,2000,0.35,35,2,0.25,4.99442953630091,0.993467191432623,2.05658206595257,0.0157776201946863,0.0158903794205066,0.0626266472963388,5.02943481611443,0.937468952139547,1.82058870106762,0.0167358951171832,0.0165133723387913,0.0547385394255076,4.99536786993844,1.03264153530306,1.977511700522,0.0384524798483733,0.0386056822852203,0.143252238268783,5.00759573418666,1.01046631581807,2.02481381129165,0.0202303554485668,0.0219203289028692,0.0695041085322576,"Residual"
7,2000,0.35,35,2,0.25,5.00438277468056,1.00953605382732,2.04832888767177,0.0158077367712513,0.0156900729203684,0.062244553681265,5.0300697981317,0.950764409759311,1.8314446528868,0.0166876224230043,0.0161000777098941,0.0550321021519047,4.99072365250515,1.02568733204257,2.03765723203355,0.0379011543698271,0.0360900301017951,0.148721615935333,4.99732879154688,1.0004720702531,2.09107784351426,0.0198227786394247,0.0215891019026802,0.0722897646552001,"Residual"
8,2000,0.35,35,2,0.25,4.9975379990261,1.01865706004139,2.08660625584897,0.0156629918789928,0.015925584889547,0.0635656965190393,5.02988373917206,0.964402340532337,1.9017473781519,0.0163775132155977,0.0160976429620582,0.0573751198272076,5.02014503912881,1.05310320102726,2.38862368795886,0.0353645828518206,0.0371486980481998,0.174706410148543,4.98125083594993,1.04085811891302,2.19234747885886,0.0205240591865242,0.0228202740051415,0.0801745168755847,"Residual"
9,2000,0.35,35,2,0.25,4.99757781836259,0.998635101786843,1.891861282351,0.0164232607337278,0.0166698859212381,0.0571382696416225,5.03395947850394,0.945136087035178,1.71656837567641,0.0172153006505588,0.0170183462514184,0.0513150427029014,4.99718437459357,1.01288435430591,1.93169647710036,0.038889930512042,0.0377698473987305,0.141171551084794,4.9969741179973,1.00678151855422,1.9473719197461,0.0211445315673905,0.0219851023068463,0.0683329378933443,"Residual"
10,2000,0.35,35,2,0.25,5.01606938245801,1.00721937231313,1.9093732009074,0.0163515689725163,0.0164634832098506,0.0576104486218663,5.04567498884048,0.945112136532633,1.72296782461197,0.017187122566554,0.0167582009256856,0.0514552360848627,4.98425800450547,0.998424577921951,1.98260570660264,0.0384733539848016,0.0403253985766656,0.143117306036733,4.99749531563596,1.03410808004152,1.95071432680416,0.0209536242350938,0.0230211921824549,0.0680873973199781,"Residual"
11,2000,0.35,35,2,0.25,4.99028347237243,1.01875405627359,1.95026304258773,0.0162060365094932,0.0160805619260519,0.059066083166378,5.02724186304024,0.974725108873399,1.78562799893757,0.0169043984146578,0.0163930409403858,0.0535756788557582,4.94064704506293,1.01103363076339,1.86911123322296,0.0395280683360088,0.0411062080852744,0.135240102352044,4.95416855957586,1.03498566980673,2.02582181096772,0.0208203072316181,0.0218202910263651,0.0706721778424592,"Residual"
12,2000,0.35,35,2,0.25,4.98860972084032,0.978051420926315,1.98742441321517,0.0160367347375792,0.0160181579170177,0.0603284377430111,5.01566048064707,0.92677098513069,1.83689347917925,0.0166587757794909,0.0161840253009049,0.0552969565487286,4.953297356548,0.957485979741214,2.00361050179985,0.0381778472964059,0.0376450091098065,0.145660370588153,4.98519289050829,0.965578721214445,2.03989670096836,0.0203503194246938,0.0219666219034765,0.0705787263496186,"Residual"
13,2000,0.35,35,2,0.25,4.99938178626044,0.973006042012441,1.8262118347034,0.0167083404557295,0.0166133034325367,0.0550626557985448,5.02760366958589,0.930819865067143,1.69702863076938,0.0173140448579321,0.0168108824383762,0.0507611138250804,4.96710973753317,0.929480996110978,1.88397866188035,0.0393686954279058,0.0407429188120597,0.13586594284027,4.99183462687665,0.991787310941187,1.87626066699372,0.0210667043071401,0.0228554528291877,0.0642639124002536,"Residual"
14,2000,0.35,35,2,0.25,4.98922171498529,0.994120239742087,2.04687753508459,0.0158170612073649,0.0154575615617638,0.0623370894332257,5.02181360179738,0.936711636213625,1.86397637142691,0.0165454962436216,0.015643320511737,0.0562017090556459,4.96696452472767,0.940035671028061,2.1941228368419,0.036517540146086,0.0363992595540264,0.160214915631049,4.9841466510839,1.00166547969942,2.12269491196923,0.019827794653811,0.0207766971574548,0.0736116971346214,"Residual"
15,2000,0.35,35,2,0.25,5.01115708129268,0.985239006630543,1.96575772060574,0.0161081063802326,0.0169979095297771,0.0593528349953117,5.04452476294381,0.930570406265413,1.80679946019199,0.0167825113982876,0.0171895320056402,0.0540908252152979,5.08635642266184,0.948836969836065,1.76581563275116,0.0406308259042141,0.0425971292674899,0.12626074923214,5.02243303452607,0.983994997022422,1.97746717461712,0.0204022209807942,0.0221832174311521,0.0673154195552275,"Residual"
16,2000,0.35,35,2,0.25,4.98381342538963,1.00624909983206,1.93699902801156,0.0162470148680125,0.016155833923149,0.0587047895673982,5.02348390353451,0.95073285517605,1.76213399727367,0.0170116092989391,0.0164219749851119,0.0528756617396539,4.92595240105944,1.07082340430652,2.11636093321148,0.0372650075680353,0.0360125627008947,0.156031435610166,4.9552582084692,1.0164394789296,1.99337157979854,0.020850130989508,0.0216379814674627,0.0698291344098533,"Residual"
17,2000,0.35,35,2,0.25,4.9826825375703,0.988659089979473,1.98629334347125,0.0160388733292212,0.0162372788930333,0.0604235492601263,5.00582067842723,0.931594685356552,1.81402045289671,0.0167610284406074,0.0164218844053545,0.0546498086954912,4.99801241722807,0.954479746658771,2.07657029415645,0.0374771459420771,0.0389494921597997,0.15171448076846,4.97438506200923,1.00355775942942,2.03036617192761,0.020492588099734,0.0224231054490928,0.0713149728644145,"Residual"
18,2000,0.35,35,2,0.25,4.97213664889642,0.978579490864646,2.04142875924426,0.015823520454959,0.0160665371101938,0.0620396620551358,5.00129442701847,0.916286256373585,1.84597344754208,0.0166135418046746,0.016326808038629,0.0555210988756744,4.98197017277185,0.978869967300886,2.07766910798976,0.0374986122876249,0.0382824902260488,0.150942243405261,4.98027441254539,0.982438168532006,2.05782110347642,0.0199479113546898,0.0218082025435057,0.0706200023188942,"Residual"
19,2000,0.35,35,2,0.25,4.9907119724278,1.00528753225713,2.06957809622761,0.0157268954809492,0.0157647061602841,0.0630534368163723,5.0250181513355,0.946828513439937,1.90059050835988,0.0163813737939554,0.0158873400209334,0.0573998937246035,5.03134932127281,0.96143975056988,1.83348101632839,0.0398616194488607,0.0401479143314574,0.131506388137503,5.0007445017669,1.01261661716036,2.11585638054892,0.019744447140759,0.0209282692726262,0.0728668658098316,"Residual"
20,2000,0.35,35,2,0.25,5.02776918697737,0.968499253143675,1.97580136102631,0.0160655299853916,0.0164957699779259,0.0598358634972644,5.0601427275713,0.918695688029587,1.78358370679892,0.016884684312317,0.0170008721575712,0.0534299165992673,5.02530013799166,0.971613762372261,1.87617738407069,0.0394564115923606,0.0373446789456793,0.135164133907067,5.02917090603155,0.952219546484153,1.9650153997969,0.0199576026359772,0.0213344051367132,0.0661236005345521,"Residual"
21,2000,0.35,35,2,0.25,5.01008728198838,0.972633762319065,1.9971313538463,0.0159942660362124,0.0160065963443348,0.0605420991277065,5.029111394109,0.920389729756091,1.86362440266048,0.0165408559383138,0.0159271535744818,0.0561024499044839,5.02540251951365,0.910031074525635,1.9952191983543,0.0382236385833803,0.0377062774864108,0.144239870142978,5.02434090482828,0.988899335072169,2.03853490205321,0.0196139139051862,0.0202201369153326,0.0691622085748243,"Residual"
22,2000,0.35,35,2,0.25,5.00449762651737,0.974163802912066,2.04382915037767,0.0158109027535225,0.0162889359818075,0.0619382657806808,5.03615829995287,0.920718694123556,1.85875507784995,0.0165542093465074,0.0165904071884467,0.0557974440157463,4.96243964757316,0.963404364309655,2.20432895358989,0.0365020787192691,0.0373613232077116,0.161561328821506,4.99850768894068,0.984857410314845,2.09751261868479,0.0199835248483123,0.0224634437688514,0.0722906287946655,"Residual"
23,2000,0.35,35,2,0.25,4.973788007247,0.987475676454943,2.01122671169236,0.0159541052679429,0.0159260332814078,0.0612359364899301,5.0167672861926,0.929607865860294,1.78018175603686,0.0169189519901519,0.016413179318912,0.0534910392284683,4.97302618389773,0.973426127625929,2.17832155320035,0.0366793083703324,0.037834854242228,0.159986488921913,4.98359999732774,0.993613711076781,2.0541414855808,0.0205687778589401,0.0217571072879649,0.072800105951627,"Residual"
24,2000,0.35,35,2,0.25,5.0214636597018,1.04894776495229,2.0562163657567,0.0157712923825585,0.0162144221253834,0.0625993950603873,5.0513411360355,0.986033691540817,1.81492842328725,0.0167545702140562,0.0167282204208506,0.054560288751047,5.03772448155132,1.01665307498272,2.14997766665629,0.0368889320320126,0.0359473533004089,0.15730652434172,5.01993616553762,1.04295239523738,2.07199813144826,0.0200532099255938,0.021975131313002,0.0725689803622553,"Residual"
25,2000,0.35,35,2,0.25,4.97191917568285,0.99987468885427,2.07501259874075,0.0157054342601104,0.015654850534942,0.063289970189652,4.99920817077842,0.953905477631825,1.90870263847901,0.016352300929242,0.0159017563564971,0.057713233704116,4.9940959751361,1.03084675061295,1.85900954547294,0.0396388806230213,0.0375893577989667,0.13529487604382,4.96355715425532,1.01986844701777,2.18049083114857,0.0201220623833657,0.0210998674978486,0.0773203538272621,"Residual"
26,2000,0.35,35,2,0.25,4.96502532893835,0.997538318901215,2.02689899066846,0.0158858631744366,0.0165846916074064,0.0613910912479974,5.01350300276865,0.930395759167328,1.78622065151497,0.0168837841794384,0.0170058890366076,0.0533929187903738,4.95892675294296,0.977958584768352,2.07105623666085,0.0376013998266071,0.039981349171743,0.149682492375452,4.95619370728831,0.978016331180521,2.04268419239715,0.0202366132821846,0.0231271819609046,0.0704318639858468,"Residual"
27,2000,0.35,35,2,0.25,5.01067084490551,0.962692665727055,1.95644487627567,0.0161489838541798,0.0164420021478634,0.0592427981060119,5.04114427318415,0.902171603950698,1.77989124024338,0.016906874067065,0.0166274115554534,0.0533603958296913,4.96374296952069,0.978082903882809,2.00404196732329,0.0382066339373672,0.0369735851496058,0.146335276029421,4.99452367857829,0.968118388830862,2.01572987911453,0.0206946998610468,0.0218852856956112,0.0705412989273308,"Residual"
28,2000,0.35,35,2,0.25,4.98433634055328,0.994024072590259,2.10907054188328,0.0155829452755436,0.0154124979430351,0.0644439674147777,5.00012961044257,0.934138206354769,1.93159961114802,0.0162586189132457,0.0155124393720214,0.058509203237487,4.98121950233767,0.995371284295204,2.135932134189,0.0370058892484738,0.0358451202744394,0.156415289200933,4.95591234785961,0.991050341704277,2.18668442411864,0.019703216127382,0.0206861848246502,0.0763544538035443,"Residual"
29,2000,0.35,35,2,0.25,4.97766305085827,1.00563614338989,1.99956182047172,0.0159900465017598,0.0165690040521322,0.0604335149584357,4.99942134767209,0.93578229129213,1.81825677018531,0.0167472612222332,0.0166406092084233,0.0544422006456002,4.94436654756136,1.02167955926987,2.15593457847535,0.0368619079917762,0.0375187524816006,0.156140734542047,4.95513519616416,1.03823254628253,2.09908117442013,0.0207182812468724,0.0217949318886554,0.0743060035602409,"Residual"
30,2000,0.35,35,2,0.25,5.0082826038596,0.99842770905654,1.90421031018551,0.0163736108408231,0.0159466890956898,0.0576946339245967,5.04055165727986,0.942951421823303,1.73881834725528,0.0171120144008848,0.0162048333834587,0.0521824011397908,4.98825740269043,0.962237033841626,1.87866729289656,0.0393907168395537,0.0377912609945894,0.135346053132088,4.97329376550215,0.998824175479025,1.9715961554445,0.0206103773259405,0.0215299124544194,0.068331578593082,"Residual"
31,2000,0.35,35,2,0.25,5.00942974003459,1.00430069643526,2.18836586424367,0.0152934510411578,0.0156819108793858,0.0667694931458406,5.04056912421578,0.932601022200668,1.92969949975189,0.0162525561911724,0.0161340690665661,0.0581519507629203,5.03466908703958,1.05354128965702,2.14627217778973,0.0369777156841767,0.0386504599368595,0.156456373632198,5.00353841653311,1.02448190537499,2.20804931559322,0.0199495567639474,0.0227379202899112,0.0789053130557007,"Residual"
32,2000,0.35,35,2,0.25,5.00427130007494,0.97550547107713,2.05548177731492,0.0157658328936606,0.015958822800684,0.0625685290770035,5.03001444651713,0.915394611532849,1.85384990114726,0.0165752938519666,0.0162541220353734,0.0558309140825418,4.99089413941084,0.963377635358776,2.26702583647822,0.0359429077594922,0.0351647253530009,0.165753961912835,5.0105195183839,0.981023919688188,2.06169797310808,0.0196890468318965,0.0208677307027852,0.0708590839472144,"Residual"
33,2000,0.35,35,2,0.25,4.98298818798593,0.970437664747921,2.01273209384836,0.0159306366326755,0.0160515377524095,0.0610629643462091,5.0033891494171,0.904653500609637,1.82802408836995,0.0166922600355209,0.0162087635620969,0.0549171493360271,4.98451825632534,0.962486085776514,1.96965635640525,0.0384846603730257,0.0402365119512377,0.143058466901656,4.9811648148426,0.981277208971772,2.05003265897678,0.0195942651421886,0.0217476760636632,0.0699926743219515,"Residual"
34,2000,0.35,35,2,0.25,4.98291690675613,0.993813464260358,1.99279600797641,0.0160206167514075,0.0157881691772113,0.0603931102599403,5.00670017783961,0.944575068835473,1.82899948027044,0.0166983297446155,0.0160284400395711,0.0549607906316447,4.96008366148057,0.982575564345643,1.86302543642949,0.039622095947042,0.0407506599902342,0.134541143336738,4.97891774690316,0.986158817454684,2.05880785704149,0.02033698074455,0.021924412015554,0.0712555622824344,"Residual"
35,2000,0.35,35,2,0.25,5.0258844235345,0.998272972647808,1.9770155550539,0.0160769559922496,0.0160681427526526,0.0599727691401462,5.04746616485766,0.946353269237216,1.81850904026013,0.0167436973135605,0.0162312356745786,0.0546870192848648,5.05976479304089,0.986814776392933,1.93564385008377,0.0388764456228439,0.0383907921185161,0.140800544699571,5.02717091801002,1.00801029075291,2.03212853990567,0.0202709847349774,0.021439498563551,0.0702826680478398,"Residual"
36,2000,0.35,35,2,0.25,5.01101068424449,0.981397433044301,2.032684771885,0.0158604606803287,0.015944592032456,0.0616549656892595,5.04058407675432,0.91639838397607,1.83239177822895,0.0166787344109486,0.0162086951661453,0.0550116300071526,5.01180093198062,1.01423104183402,1.87489805934415,0.0394579306098045,0.0387624176405556,0.135523796699187,5.01457074094762,0.978679360745123,2.07184324358416,0.0202920410573268,0.021787560155422,0.0715344518962832,"Residual"
37,2000,0.35,35,2,0.25,4.9987906177996,0.992389322416685,1.97322849305584,0.0160904093748678,0.0165525097692366,0.0600772485313384,5.01533425453404,0.943481282024409,1.83795988777087,0.0166534701900421,0.0166766631116162,0.0555148630103538,4.93286018093753,0.999587395792952,2.19027999376181,0.0366689670349576,0.0361246713229915,0.161325093594969,4.99028587454093,0.994407989872133,2.02990024838505,0.0203043807395447,0.0222715340519598,0.0701919104135968,"Residual"
38,2000,0.35,35,2,0.25,5.00967045945641,1.02392619395717,1.90168005934558,0.016388582071254,0.0164886547650755,0.0576463859314171,5.04022189169853,0.965926691898719,1.74034552693241,0.0171067356018369,0.0166724695845281,0.0522567246769909,5.02170883976233,0.942645787409417,2.01285215192858,0.0380925183911448,0.0408117570964263,0.145229677469196,4.98892697808791,1.03259004023616,1.9543212833949,0.0207334386351578,0.0221379349085596,0.0676047100363526,"Residual"
39,2000,0.35,35,2,0.25,5.00643310783691,1.00131662532948,1.89369797037208,0.0164227336363063,0.0164303847282473,0.0573530431781049,5.03196075151942,0.950030098311534,1.75048792582953,0.0170604341626171,0.0165178463950888,0.0525685985329303,5.08729297932836,0.979910806456985,2.08033804883929,0.037478127353016,0.0369363935103268,0.151259307665911,5.00459132244118,1.00313300613004,1.98767397768072,0.0206848211289334,0.022286049024948,0.0693685805275825,"Residual"
40,2000,0.35,35,2,0.25,4.99626302219441,0.970740639991701,2.07421370497017,0.0156978950686009,0.0158687778027738,0.0630785228577885,5.02115342845032,0.911194961011713,1.86497690982999,0.0165274394728088,0.0162308946435977,0.0561257679180053,4.97418169496247,0.961884160624763,2.04062347514979,0.0379991198265127,0.0391851395443036,0.147551304601868,4.9858672246443,0.959696976791222,2.05885531541063,0.0200180975574733,0.0217644690837866,0.0705854850879249,"Residual"
41,2000,0.35,35,2,0.25,5.0039709776102,1.00370327444666,2.05374247532026,0.0157763231202309,0.0159480397719659,0.0626311000589223,5.03509561319491,0.933737885354109,1.86867245064659,0.0165126808832573,0.0160219991356611,0.0564266233892584,5.01477750733966,1.00305316726431,1.87878885753024,0.0394424816069344,0.0386981290700471,0.136034509816452,5.00088951587458,0.996494776473033,2.06919098369183,0.0200793358292401,0.021458662693066,0.0720256714857475,"Residual"
42,2000,0.35,35,2,0.25,4.98599869674031,0.991219333536807,2.00979053716793,0.0159438423513668,0.0160715053474291,0.0611091930246543,5.02143307061025,0.938542336877664,1.83650456076038,0.0166563951520607,0.0162068008089745,0.0552948672667011,4.98716570709291,0.963332135742133,2.03722447442868,0.0378802053971359,0.0368740009669962,0.148617866853184,4.97517619869843,0.988817388508153,2.05817694539455,0.020089789203539,0.0209580062160597,0.0706292886994921,"Residual"
43,2000,0.35,35,2,0.25,5.01594995359753,1.0213167921444,1.98719914384029,0.0160314144032596,0.0165578012787067,0.0601725823478896,5.04598295113767,0.959134637184508,1.80788889701361,0.0167830913733877,0.0166668589491482,0.0542186843592066,4.9964968364675,0.995516864506454,2.00202586077787,0.0382140739659933,0.0382530531344626,0.145145817402083,4.99999973086902,1.02405020159766,2.05544524921079,0.0204205623105556,0.0219566338315644,0.0714002110323263,"Residual"
44,2000,0.35,35,2,0.25,4.99139630656579,1.00599023197068,1.9345454665816,0.0162539779109472,0.0159916955290575,0.0585602358042445,5.02733512085037,0.959256346026396,1.74343351221569,0.0170946069931741,0.0163653873785649,0.0521843188012345,4.9336198287588,0.927176764095732,1.94072690177343,0.0388315204967542,0.0380858196599421,0.14035866074714,4.99699801115128,1.00244625967409,1.94171463754079,0.0205088376108644,0.0210251493441569,0.0658987563740334,"Residual"
45,2000,0.35,35,2,0.25,5.01959226868386,1.00837216163785,1.89604036905898,0.0164090108781546,0.0167053572510533,0.0573395577175372,5.04405759123422,0.95548953766014,1.73203920356914,0.0171465498557356,0.0169679904816045,0.0518711969699993,5.05331625818879,1.01167040829025,1.77911480207516,0.0404549524566498,0.0410569508793257,0.127640103205278,5.0173719677725,0.991924542110123,1.93344613502953,0.0206672945408013,0.0236396773822932,0.0659315079304462,"Residual"
46,2000,0.35,35,2,0.25,5.01886485483216,1.00161014387871,1.9428081695457,0.0162310442398018,0.016603157591889,0.0586524423556319,5.05861944029204,0.92759927821458,1.72921025272962,0.0171703729027066,0.016922393154918,0.0515980399903047,5.02448656410702,0.978839932825109,1.87494385489004,0.0394251390814001,0.039519985646061,0.135289210418174,5.04406554479739,1.03153686662938,1.93928394827622,0.0207168469523185,0.0230329047627767,0.0673090049597735,"Residual"
47,2000,0.35,35,2,0.25,4.98572057081017,0.98907539346578,1.98942161729924,0.0160309617694004,0.0159131256592649,0.0605996455987913,5.01768372106878,0.940888258272351,1.8168013997908,0.0167490032303529,0.0162219265556127,0.0548039857350419,4.94215428767531,0.946326443256862,2.35486046283224,0.0352705725496669,0.0367204384348104,0.172827655393553,4.9785279263827,0.989658392674461,2.04648831841277,0.0201664028223798,0.022169272810052,0.0715080145770931,"Residual"
48,2000,0.35,35,2,0.25,4.97702411908247,0.998143941792535,2.00814020664283,0.0159562257234572,0.016110580070019,0.060876644348034,5.01084494959273,0.942354690310906,1.82900509442236,0.0166920430698105,0.0163236959099917,0.0549113808407339,4.93063147257743,0.994522878731547,1.93448989457708,0.0389630016274531,0.038045385306458,0.139470138110303,4.97070395404969,1.00456469708405,2.04989746934742,0.0201493250760519,0.0215533949834914,0.0707954623352835,"Residual"
49,2000,0.35,35,2,0.25,5.0077161446007,0.970959881104036,2.05728730177354,0.0157592014880957,0.016188945689031,0.0624382944187834,5.0339397378474,0.916432276943575,1.88790739623584,0.0164309848553528,0.0163944647929218,0.0568006648375913,5.01498404228882,0.91599699847003,2.34311489789192,0.0353045912082312,0.037032583586238,0.17174540227835,5.00431234566286,0.969751078927547,2.05332694034047,0.01990328303781,0.0216262147434367,0.0706593405506969,"Residual"
50,2000,0.35,35,2,0.25,5.02485848442722,0.976936695509126,1.92982966607976,0.0162579462872362,0.0162035717632827,0.0584445883713641,5.04615814331976,0.919277898504074,1.76655234524759,0.0169716387927258,0.0163603043673659,0.0529931734771995,4.98830660288218,0.996411381941309,1.79270796570501,0.0403409735837979,0.0380678708661636,0.129397867386479,5.01095483465175,0.982730465413583,1.96864982084815,0.0207401385429751,0.0219675624606297,0.0679257047579605,"Residual"
1,2000,0.35,35,2,0.25,4.99136151113857,1.01456199135565,2.0299606751932,0.015877544683857,0.015834576574638,0.0616084801480618,5.02371754068301,0.961772960790662,1.84050584915412,0.0166461177622676,0.0160653620367278,0.055293782308417,5.02657332092841,1.05415136447865,1.87215030281185,0.0395167045091575,0.0390905671965413,0.135534011350902,4.99778986440462,1.02748234410224,2.05254272033608,0.0201364636272096,0.0211757853500027,0.070613189773126,"Residual"
2,2000,0.35,35,2,0.25,4.99794076215489,1.00007395809111,2.03645100185326,0.0158612051767154,0.0161088381996184,0.0618532476133736,5.03431304964331,0.943417571401779,1.85391229739837,0.016591304742924,0.0162776986788791,0.0557503576930426,5.02083353312789,0.947458454844278,2.28426933980582,0.0358859038470436,0.0354425816829611,0.166809033539934,4.9774111478032,0.995393899875415,2.0928561104584,0.0200541208669947,0.0218607163421116,0.0725705444819903,"Residual"
3,2000,0.35,35,2,0.25,5.00147772330024,1.00403020934867,2.04753624349982,0.0158027379319308,0.016050921546418,0.0623746491382669,5.02314563311522,0.943917746112333,1.85958163711538,0.0165583375914345,0.0161901342847072,0.0560694729136166,4.99393533741342,1.03941852896967,2.16093694431078,0.0369040505567447,0.0389908032562788,0.15795528068314,4.97986122615759,1.00916273571407,2.08679166096552,0.0199166958252628,0.0222818665538447,0.0719071104527859,"Residual"
4,2000,0.35,35,2,0.25,4.99769245519925,0.998236841226953,1.90218975544209,0.0164092280163515,0.016623431807314,0.0572916131463183,5.02340228903541,0.933357878447488,1.75640994543083,0.0170549915137629,0.0166339555684484,0.0524794890399336,4.96515978160805,1.01060197820739,1.873171349869,0.0395626344790619,0.0391385557563932,0.134356873067061,4.96576017858022,0.997840662848283,1.91128340058472,0.0203335283709645,0.0218323718683991,0.0641392019959668,"Residual"
5,2000,0.35,35,2,0.25,5.03100173220092,1.0037505601397,1.96262204014651,0.0161346235125591,0.0160888280290186,0.0595956463863582,5.05975023287201,0.945482810368676,1.78778750010439,0.0168807895776497,0.0163059706182068,0.0537499127795414,5.03209241257393,1.02723449931006,1.85503936559113,0.03966953028602,0.0397760819530266,0.134274777912475,5.02858272787348,1.01497444746128,2.01163016748803,0.0203989125315627,0.0222695528980714,0.0691934077366311,"Residual"
6,2000,0.35,35,2,0.25,4.97861103641885,1.02537521710678,2.06642422042163,0.0157607494780006,0.01582127506958,0.0628511546489252,5.01053071802824,0.967829259017433,1.84703032538144,0.0166408861964575,0.0161813063197224,0.0555299512810695,4.96099734961101,1.03243579231799,2.0467923565217,0.0381389920952639,0.0389271847732331,0.14836340662569,4.98537743294709,1.03929138876545,2.13439187466363,0.020246210742358,0.0218004177083119,0.075016542499383,"Residual"
7,2000,0.35,35,2,0.25,4.98077817833487,0.978049977891158,1.93646969653722,0.0162584398856756,0.0159791447269314,0.058538221535205,5.01067690598359,0.923255601357267,1.73206394047079,0.0171674062600638,0.0163165559002243,0.0517291036267121,5.01223173635877,0.96568125922065,1.97943301065257,0.0385280228783279,0.0373409315306218,0.142597015443786,4.97482438564977,0.984078125876282,1.93858693907318,0.0205653265190677,0.0212760278179357,0.0663124428596844,"Residual"
8,2000,0.35,35,2,0.25,4.98877006529028,1.01177062476819,1.94508712769644,0.0162249066463547,0.0164099947335924,0.0589598298854273,5.00996966945635,0.946753534173249,1.78101582275629,0.0169305852652305,0.0164778580632973,0.0534861482916331,4.94017331697606,1.0710512089833,1.81188890437391,0.040223162111441,0.0439157209400186,0.130797658412209,4.98263060015689,1.05820445356669,2.00305469111805,0.0207321834181114,0.0235043530817934,0.0698502141904974,"Residual"
9,2000,0.35,35,2,0.25,5.00308992194948,0.988136428997635,1.9782389149,0.0160690514358511,0.0162751640814378,0.0599913051985466,5.02132155699945,0.929150443246862,1.79494805630688,0.016852351740061,0.0164382005994179,0.0538624345492021,4.99234516749038,0.940140639396703,1.91737677609734,0.0389966521184793,0.0383565355203519,0.138234695593863,4.9917985894446,0.998663420168359,2.02469099230574,0.0203910525685496,0.0212893960327512,0.0701348106955636,"Residual"
10,2000,0.35,35,2,0.25,4.98762459751025,1.03464399360703,2.07648998518135,0.0157070516393972,0.0155288601435532,0.0634125029934421,5.02181970654346,0.960401946512116,1.85815247286557,0.0165715974094126,0.015694169212412,0.0561129019615827,4.98379444161329,1.14675719243363,2.07040226241192,0.0377064573562329,0.0371319773745637,0.152447991761108,4.97141396475623,1.08812044304258,2.13805843108111,0.0205777575389633,0.0233715237382343,0.0771625388184222,"Residual"
11,2000,0.35,35,2,0.25,5.01761453801766,1.00107770307635,2.13285173792186,0.0154887999767849,0.0155730919333592,0.0649668638998129,5.05585787613141,0.953971270137505,1.94034365415045,0.0162153217679826,0.0158442244459771,0.0585161616690936,5.03610022144683,1.05424205194167,2.19668026738512,0.0365353300873606,0.0356526617713297,0.160115798745085,5.01102983608599,1.03128576740168,2.253717577847,0.0205685919018804,0.0222602802430602,0.0820598141653325,"Residual"
12,2000,0.35,35,2,0.25,5.01025414478266,1.00144736699982,1.96869141201948,0.0161032308321036,0.0164900974545658,0.0597302882715288,5.03153286632393,0.9424697616434,1.79776960773506,0.0168314176265836,0.0166146306207804,0.0540089277085816,4.98023481388471,1.01649660910452,1.90596762414571,0.0391534109279972,0.039420582799094,0.138395873499454,5.01153220614218,0.998904037170565,2.04330106348096,0.0207059138481115,0.0223180723155414,0.0717722942582652,"Residual"
13,2000,0.35,35,2,0.25,4.98531852991253,1.01521302628197,2.03734784373508,0.0158563704804567,0.0156936253486089,0.0621174136265977,5.0140166767624,0.955177564139545,1.84990695356729,0.0166141148078443,0.0158858074812124,0.0558261759157021,4.97011240839401,0.986969350963272,1.94473017586969,0.0387672056974313,0.0378436825485833,0.141251549986125,4.97281586867251,1.0131550843833,2.08870112584036,0.0204644538791217,0.020845759808772,0.0732890848339104,"Residual"
14,2000,0.35,35,2,0.25,5.00277178580496,0.994923704994484,1.92527945608983,0.0162931360382766,0.0164810234788816,0.0583025996950793,5.02299256630551,0.936798050696497,1.75194892819876,0.0170631648729333,0.0167089765146671,0.0525231948789402,5.04386341377638,0.952501019405354,1.92923694315003,0.0388353992194351,0.0402023609204122,0.139905695631462,4.97569758381653,0.98697905646667,1.93458485870305,0.020419906834368,0.0221634908043994,0.0661525175277196,"Residual"
15,2000,0.35,35,2,0.25,5.0321362587162,1.00069439684057,2.03943578885223,0.0158292077300916,0.0159186219706298,0.0619774835625842,5.05335382585162,0.947195345958136,1.86173859661722,0.0165466702941925,0.0161093370242723,0.0560243908831297,5.00860003591986,1.04392405239584,2.07028811188818,0.0376179891691615,0.0356000280904352,0.151862291116218,5.0163673404154,1.01035489615986,2.1209270801794,0.0205405876222275,0.0213036585474202,0.0745899091975395,"Residual"
16,2000,0.35,35,2,0.25,5.01455622809636,0.984167584733073,2.01432500882514,0.0159223811300857,0.0160252429002188,0.061086986691316,5.03443838161341,0.921861780692983,1.84853326354582,0.0166015178673318,0.0161217240144432,0.0555764570019909,5.01651569615197,0.910663495535131,1.86419480875103,0.0395818112730595,0.0400565880001442,0.134528095875042,5.02851151689399,0.980126652673692,2.01723298698147,0.0201618164208564,0.0208996658223765,0.0686810491630268,"Residual"
17,2000,0.35,35,2,0.25,5.00939925751908,1.00467238893593,1.98776572622778,0.0160346983622108,0.0155917800095311,0.0603636860458706,5.03768473372751,0.954976851505944,1.80430006119739,0.0168060412366683,0.0159159381083027,0.054235683953507,4.99558290273174,0.975678133900227,2.10518347095539,0.0372589862497891,0.0369176250319857,0.153372756394336,5.00836955812943,0.999553178998693,2.03318861149513,0.0207584037761336,0.0219231192210006,0.0709068675032956,"Residual"
18,2000,0.35,35,2,0.25,5.01186279084432,1.01742325035211,2.07833454392274,0.0156920903123095,0.0156438014505872,0.0634411761953763,5.04691970690838,0.956417223008429,1.84024629604617,0.0166471561406037,0.0161006920934733,0.0554426562627608,5.02762247141837,0.979519206248643,2.01400150607998,0.0381490805896938,0.0352599048295223,0.146179534050417,5.02758861083198,1.01734763164486,2.13614217838593,0.0209143093685751,0.0209196153206178,0.0766200937106346,"Residual"
19,2000,0.35,35,2,0.25,5.00964014244941,0.98599998380514,2.05110853263391,0.0157813547147566,0.0162243023009509,0.0621821598354582,5.05081327855888,0.930402545753346,1.80161466559915,0.0168061765602821,0.0169011252504644,0.0538914229688839,5.02319444890268,0.899247982130976,1.93470654121563,0.0387998108319404,0.0396559283503979,0.138841477376398,5.01287518606688,0.981237081098012,2.05598936248722,0.0203699884138613,0.0216093753807673,0.0715793341801394,"Residual"
20,2000,0.35,35,2,0.25,4.99416937789067,1.0068150402039,1.9949366391303,0.0160160331133703,0.0164643271041027,0.0606666354893717,5.01940917048884,0.956168573926918,1.82032523604069,0.0167445652668001,0.0166382117392543,0.0548046808328549,5.03266611802245,1.02253447022266,2.02328140449347,0.0382249449173226,0.0380592855616444,0.148874739986642,4.99281417343096,0.986358086186418,2.05950855231756,0.0200248971467852,0.0215900847412942,0.0712182146752734,"Residual"
21,2000,0.35,35,2,0.25,5.00577069978116,1.01271389389508,2.04934590361633,0.0157912750363823,0.0162923707773568,0.0624426238745393,5.03722837511284,0.941278493463136,1.83500826376778,0.0166605167868106,0.0165250974684046,0.0552752124630081,5.02059798670246,0.992521025488886,2.11135453344491,0.0371695043424756,0.0395346430747894,0.15386214718026,4.99533543181827,1.01639030730143,2.10377429392454,0.0200856131881682,0.0232929038283092,0.0742308796016465,"Residual"
22,2000,0.35,35,2,0.25,4.99976315819761,0.985156042216641,2.01329725632203,0.015937037480875,0.0156856344523686,0.0613241678161601,5.02797025323259,0.92948465692608,1.81960771394112,0.0167377488428445,0.0160031377471549,0.0548314827751378,4.98916499564365,0.966455188915554,2.09111439160168,0.0374639098010522,0.0344616956627045,0.151110653076933,4.99044233292891,0.963937592374777,2.03744919682053,0.0200007945639087,0.0211924228407035,0.0703212136090098,"Residual"
23,2000,0.35,35,2,0.25,4.98374652803828,0.98209351984231,1.91830692605684,0.0163159774779283,0.0164555938026278,0.0581290013961352,5.01174321168889,0.910248863416025,1.74111246401498,0.0171010953913057,0.0166326828999405,0.0522453869158416,5.02535361233798,0.974034458809882,1.84605799596823,0.0397552130187694,0.0375670502835166,0.133034126290055,4.9793817963438,0.982430002510232,1.92944805078831,0.0202323973430323,0.0214451757544731,0.0650177235969006,"Residual"
24,2000,0.35,35,2,0.25,5.01043361687615,1.00063147869631,2.01101453149413,0.0159409290696907,0.0162590380065314,0.0611004597487951,5.0403311114898,0.942050534703816,1.79908814119989,0.0168266208530733,0.0166530333265764,0.0540301992372642,5.0143037116176,0.961984261321372,1.91120775098018,0.0390612756786653,0.0383639313844697,0.137345193751386,5.02516734929213,0.99394986381574,2.02692539430352,0.0205212161266506,0.0214276276041957,0.0701288302756202,"Residual"
25,2000,0.35,35,2,0.25,5.00419331369917,1.00234679504675,2.01805532881954,0.0159117214776214,0.0162234101599513,0.0613705982314909,5.02499553745919,0.941422501814732,1.84971737200625,0.0165988318350729,0.0162292342741334,0.0557354838667104,4.99792634827084,1.00340581415245,1.88618676586779,0.0393113088296786,0.0406047191407375,0.136231316792693,5.00212613008289,1.00384454396618,2.05944612778522,0.0205285021421609,0.0226950703795558,0.0716877283358791,"Residual"
26,2000,0.35,35,2,0.25,4.97656667643509,0.990892110136275,1.95099107244078,0.0161882365159279,0.016003591876972,0.059174103652378,5.01609310836193,0.92865404727857,1.7403474584706,0.0171064038827864,0.0165046221475886,0.0521681969525798,4.95745824053164,1.00972859336134,1.97675289700858,0.0385186444354719,0.0393764631600253,0.143824603749275,4.96710848713577,1.00568954129104,2.00531389912911,0.0209862632459376,0.0224676298387826,0.0711197709482741,"Residual"
27,2000,0.35,35,2,0.25,5.00412880438773,1.00640539242247,1.92449248843988,0.0162997989136828,0.016047339201449,0.0582125950656235,5.02088317360521,0.954808229800162,1.79728435976478,0.0168484713884904,0.01606011628095,0.0539730092015883,4.96348731099655,0.970457911731226,2.21136885914106,0.0364105905857858,0.0355620493523422,0.161029070291148,4.97818709424694,1.00667655866141,2.04023298243082,0.0207322693299823,0.0219805975373483,0.0719448007753263,"Residual"
28,2000,0.35,35,2,0.25,5.01322288129044,0.996820780058626,1.91483450753762,0.0163266041178253,0.0162473973821659,0.0579173464206307,5.0363477105774,0.959465848294158,1.77272384252184,0.0169501572926546,0.0165404174328416,0.0531707690022659,5.03846349646332,0.963458358159891,1.66117560205147,0.0418617775282629,0.0412407968053052,0.118688508420388,5.01294276714455,1.00265132955365,1.96816086295495,0.020638552643377,0.0213082709783136,0.0670200748640162,"Residual"
29,2000,0.35,35,2,0.25,5.01565468887143,0.986674660678355,1.92727791606231,0.0162705687397253,0.0162774792822855,0.0584230807328991,5.03780713602748,0.939320248510674,1.77550228758685,0.0169318238864594,0.0164928156525373,0.0533529722412844,4.96718553216528,0.969245683554278,1.92692344982167,0.0390565976415975,0.0389514955385841,0.14101279252342,5.04156535977198,1.00609152146589,1.9667401479889,0.0203253055137275,0.0221174052583789,0.0672052541498936,"Residual"
30,2000,0.35,35,2,0.25,4.97492955477599,1.01046549565028,1.98903987176043,0.0160311119261479,0.0164186452524452,0.0602879927488395,4.99601621855802,0.944715737759762,1.8116107861476,0.0167723001261401,0.0165706684313985,0.0543977039988703,4.99037509226146,0.96427967346914,1.84181124372539,0.0398328660741696,0.0401438909371128,0.1314717966277,4.96501625003601,1.00393992660268,2.0128399667017,0.020333071486705,0.021996900438241,0.0687214457262566,"Residual"
31,2000,0.35,35,2,0.25,5.01073943522578,0.986346444258259,2.00553337957361,0.0159654180584251,0.0161524405941206,0.0609322099362523,5.03712249707003,0.92833762242815,1.85656009144086,0.0165709193122544,0.0161600946320177,0.055953252195003,5.02836365431384,0.998155791583184,2.04266027702509,0.0378803530692157,0.0381911171054023,0.148429376313691,5.00261745534529,0.989134215026712,2.05999492501628,0.0198882901874358,0.0215899482012134,0.07075970383352,"Residual"
32,2000,0.35,35,2,0.25,4.9875401698048,0.97801534720231,2.03892672545779,0.0158315336869807,0.0163581906878994,0.0620663852830674,5.01201540419112,0.92543426053575,1.84207062644719,0.0166337488831291,0.0167185588441807,0.0554726453875883,5.06894168068082,0.957027099492711,2.18224323051199,0.0366011586294645,0.0390168646485889,0.158154424497406,4.99091570339103,0.99193321751145,2.0388653391811,0.0197636239509756,0.0228676843319424,0.0694437924734284,"Residual"
33,2000,0.35,35,2,0.25,4.98874600298111,0.99321982174393,1.96978362002931,0.0161043841348633,0.0162703816014556,0.0598169198506377,5.01657468740039,0.935636465082989,1.79744443270082,0.0168348726831594,0.0163991081256286,0.0540452062367382,4.97844329604972,0.969825655368027,2.08205281572258,0.037477526636665,0.0367130003614082,0.151968471227085,4.99059430360283,1.01358575755888,2.04116386784044,0.0205243925806249,0.0217651622927226,0.0714817054979113,"Residual"
34,2000,0.35,35,2,0.25,5.02579499867155,1.01703541706687,1.95379790818561,0.0161690505940342,0.0163156655230678,0.0591634472143601,5.05860026848336,0.962537359115276,1.77315875262355,0.016950446083482,0.0165995300439871,0.0531474176355681,5.02477731988743,1.04849606302643,1.85913142301165,0.0396200335578237,0.0392062948462046,0.133995517033182,5.01821788758864,1.04588696257382,2.00167303002383,0.0206751476296592,0.0218769994249112,0.0697035623436111,"Residual"
35,2000,0.35,35,2,0.25,5.00210846211355,1.00130685724288,1.91182391666851,0.0163447783384603,0.0163505273510075,0.0579269353963693,5.02154743585296,0.949401099431724,1.75255136536756,0.0170486826186742,0.0165895829677318,0.0526080205527549,5.08194744318503,0.997717427491602,1.71856881112061,0.0411371314904958,0.04195689434553,0.123738530013611,5.01100338013978,1.00274748969812,1.99193725203618,0.0205505240895671,0.0228093810785664,0.0691858494608183,"Residual"
36,2000,0.35,35,2,0.25,4.99119165797427,0.977550889330173,1.93610489065898,0.0162358409360062,0.016488205388414,0.0586501305818798,5.01736760515084,0.928337080125775,1.76195473817892,0.0169974922801278,0.0167353736098418,0.0528217349094646,5.00677844354296,0.975302579009112,1.95680003501222,0.0386058398261771,0.0395807506434554,0.140666776934104,4.99824127652446,1.00504856430048,1.9610792652232,0.0202734998452276,0.0222107601546453,0.0666925862735891,"Residual"
37,2000,0.35,35,2,0.25,4.98807875768251,0.996961990509128,2.01316967920996,0.0159412678924903,0.0161532025363235,0.0612387351325476,5.01256980885211,0.928055436329456,1.83767376788345,0.0166618878910455,0.0161514524247433,0.0553644130068107,5.05063014185561,1.02828281045979,2.13227265928921,0.0370898670374999,0.0379579011650799,0.155988800789534,4.99923897697026,1.00063282969276,2.07744943668304,0.0202564297345544,0.022190697289974,0.0723929713144677,"Residual"
38,2000,0.35,35,2,0.25,5.00986875705069,0.963450237182675,1.94398164051348,0.0161980971692489,0.0166792343185947,0.0588860596908222,5.04266273224207,0.905168026871172,1.77596551135727,0.0169235616358116,0.0168445871702825,0.0532871021500383,5.03149035084665,0.938202341254629,1.93552008367941,0.0389084156082169,0.0403060213327773,0.138914682860732,4.99525322483456,0.966778930648862,2.00112796993752,0.0201624370568847,0.0223468025167648,0.0689201566060112,"Residual"
39,2000,0.35,35,2,0.25,5.01166578534252,0.987138206097642,2.09173681382367,0.0156504091290535,0.0157441720585114,0.0634719239247436,5.0484125609797,0.933324239933592,1.90013857704582,0.0163870130493731,0.016055200074031,0.0571200414580836,5.02437225705472,0.986689083480683,2.39648251964833,0.0350174026870098,0.0336928722105428,0.176443316745283,4.99861313204764,0.978711119604409,2.16629709412914,0.0199692170182081,0.0212508290083694,0.076118698569793,"Residual"
40,2000,0.35,35,2,0.25,5.01521532684091,0.989426167386941,2.05652649239597,0.0157691929935222,0.0156678597924555,0.0625646964585882,5.04154701353496,0.926872647245046,1.86172783324609,0.0165497591416879,0.0158330388944932,0.0560617219905691,5.05491883694269,0.969238198011942,2.27218742715618,0.035881459442516,0.0373379956637329,0.165927503490499,5.01521494731786,1.0230356737849,2.08214833043584,0.0199574598597194,0.0217501262449812,0.0719868633491624,"Residual"
41,2000,0.35,35,2,0.25,5.00859445910657,1.00188465572275,1.97793468267032,0.0160981603963585,0.0156138366208818,0.0599857083959736,5.04344421245643,0.943630300769391,1.77862419184541,0.0169438515537928,0.015995079007013,0.0533524307865745,5.01104948082442,1.01319382549249,1.91895003180083,0.0389924765290161,0.0405174392929735,0.138053631894524,5.00383810705408,1.01075730247476,1.99829043997351,0.0206919404143043,0.0219108241534763,0.0687804262816151,"Residual"
42,2000,0.35,35,2,0.25,5.00098227130919,1.0075301557239,1.91216266227308,0.0163379384899107,0.0168521564376371,0.0577879457900517,5.01253807302223,0.962280415295584,1.80104474321397,0.0168183729969774,0.0168774239959814,0.0540688730729834,4.99058643538971,1.05837683750014,1.78171575996201,0.0404689350041392,0.0409534284904507,0.127561138399459,4.98840415391682,1.01767909830795,1.98137270553581,0.0204471159494802,0.0220464174323165,0.0674486537866432,"Residual"
43,2000,0.35,35,2,0.25,4.98421495075597,1.02976471543058,1.99541053322755,0.0160080697768455,0.0162691996814112,0.0604969842300112,5.01841011632396,0.961304564031434,1.7749226701058,0.0169427726812375,0.016558082382634,0.0531629592057509,4.99220812930257,0.996358360768901,2.01242230556853,0.0381064215085226,0.0381222433446148,0.146027748233021,4.98817105785281,1.03021982862396,2.05665938995923,0.0205191692646106,0.0218333553433253,0.0724203186345169,"Residual"
44,2000,0.35,35,2,0.25,5.00509756113195,1.00301295199551,1.91635206385492,0.0163285235012035,0.0166031542097718,0.0577921485524328,5.0417437645809,0.934562955901642,1.73954861743134,0.0171073133870377,0.0167927478225857,0.0519544416855935,5.05856367357379,0.959115699651217,1.837517197675,0.0398406458726951,0.0411160100855325,0.131963785492386,5.02166269655372,1.04289618690083,1.92683272921386,0.0207189585443689,0.0217414772826963,0.0662895277413757,"Residual"
45,2000,0.35,35,2,0.25,4.98777587252332,1.00621616060367,1.91865697249421,0.0163187372585292,0.016625523259255,0.0580653340197513,5.01610146476622,0.944082188525592,1.71148613255313,0.0172480014293069,0.0170158339956527,0.0511737034649397,5.0549057319579,1.01348251640506,2.08657615378561,0.0375554076778699,0.0403961320444939,0.153003677233835,5.00244594065941,1.01397559736985,1.98994291649517,0.0208856485675119,0.0234213619556398,0.0699110001405642,"Residual"
46,2000,0.35,35,2,0.25,5.00892798324521,1.00834620717363,1.96123083468873,0.0161552374680841,0.0159660023188305,0.0593715544909192,5.03627770357899,0.954660153938302,1.83547213288307,0.0166760373654364,0.0159447417563322,0.0551956103250754,5.0343679928396,0.979309586936654,1.97971420055787,0.0383821560575901,0.0394623439033421,0.142713560080717,4.99282052658866,1.01044526051213,2.06508797418723,0.0201362784721652,0.0222350218205228,0.0713409780986977,"Residual"
47,2000,0.35,35,2,0.25,4.97817525741982,0.966574776804022,2.02296665536522,0.0159037742318725,0.0161760312706704,0.0613501926804762,5.01106843879361,0.899693989123852,1.8470239225239,0.0166143756965598,0.0162955128090025,0.0555055322366796,5.00967230537031,1.02590357959016,2.03898961776665,0.0378538616451655,0.0388114329683878,0.147847642298605,4.98553344965172,0.982037380579266,2.04214471293052,0.0198520838055894,0.0227229320282577,0.0697753793668674,"Residual"
48,2000,0.35,35,2,0.25,5.00169029071593,1.00463339363925,1.91219207104552,0.0163545732042562,0.0164860035215773,0.0577721624366921,5.03834344314906,0.935771075490382,1.72536117525666,0.0171858102428982,0.0166468011994037,0.0515722474967811,4.98832747752786,1.05064580898126,1.83669672707178,0.0401909494682431,0.0378462929912496,0.132652447066964,4.9792175788768,1.00908394760203,1.92203479702901,0.0205910812692639,0.0224622313625444,0.0654514892668561,"Residual"
49,2000,0.35,35,2,0.25,5.00957244735654,0.971188431864344,2.02145835588207,0.0158925829532117,0.0160972392703448,0.0614775532381151,5.04003995408428,0.904775452957654,1.78237295811658,0.0168970278487585,0.0165484659330401,0.0534866618807371,4.96779936378099,0.976402481794884,2.20666220643787,0.0364926588390122,0.0392534510309294,0.160854603968162,5.00025927244357,0.973539305645186,2.02868931351509,0.0205010457061302,0.0236287873470255,0.0708106313615293,"Residual"
50,2000,0.35,35,2,0.25,5.02915561934312,1.0242067882791,2.05346200165374,0.0157788250657078,0.0157495039181613,0.0625102489839733,5.0652515965672,0.972933677510094,1.83269454767399,0.0166729851663213,0.0162052710515347,0.0551130640034987,5.02086483405427,0.993976598298408,1.9212854570032,0.0389762902082866,0.0383640696733612,0.140323433801767,5.02672884855526,0.997531199423558,2.03415074854053,0.0203001757198057,0.0227926885221978,0.0699445119821342,"Residual"
1,2000,0.35,35,2,0.25,5.00708478376815,1.00394966624879,2.06226481547897,0.0157498501729787,0.015941078897964,0.0625617231524875,5.02718626118495,0.946785595902305,1.84088956881382,0.0166487503078076,0.0163664066435409,0.0552082835165629,5.02643951376751,0.942977627094075,1.96391250215499,0.0385471170841857,0.0390447668272589,0.14135551200917,5.01011225119885,0.99751465480788,2.04491892464983,0.0199411427600134,0.0211773266690999,0.0695206879474126,"Residual"
2,2000,0.35,35,2,0.25,5.01263175384613,1.00626980670757,1.94781889478628,0.0162061770706561,0.0165792631312687,0.0590120417828806,5.04498465022844,0.941926658171919,1.76014293490526,0.0170203364585356,0.016843143389588,0.0527553891424707,5.06669989825112,1.02381780793768,1.85458984094574,0.0401338716535568,0.0417711377050477,0.1327770723804,4.99878237234068,1.00957750285002,1.9512994806361,0.0205799866463251,0.0227648464052945,0.0666342293976358,"Residual"
3,2000,0.35,35,2,0.25,4.99514391764841,1.00410387114948,2.08359643672468,0.0156665648151756,0.0161415623312062,0.0635644468496673,5.00793271104736,0.9450524251434,1.87406949679497,0.0164915884352122,0.0164184892716445,0.0565203876021145,4.99919771524108,1.00976392872336,2.02547886241397,0.0381389572526772,0.0391869397913801,0.148098394556094,4.99003269940301,1.0121799053621,2.12880900497603,0.0203078515610263,0.0225747388905378,0.0750978237637785,"Residual"
4,2000,0.35,35,2,0.25,5.01716621943918,0.997596600174614,1.99826840739397,0.0159901559583399,0.0166839697893188,0.0605560234142469,5.04132077642356,0.930999184687442,1.80543451469444,0.0167954846697938,0.0168989449903227,0.054133729404719,5.04845144471532,1.04035921677006,2.14401097154447,0.0368946804688146,0.0396529570831485,0.155590297226029,4.9964220189865,1.01936251257773,2.02253619375105,0.0202718070169425,0.0229875755117346,0.0699721948387814,"Residual"
5,2000,0.35,35,2,0.25,5.01845178047261,1.01064326267019,2.00319620665695,0.0159700134345966,0.0162974103347535,0.0608098094464857,5.05243112593154,0.96518890045491,1.83022827564754,0.016682542602332,0.0166444917578789,0.0550586713105799,5.01718319001397,0.981523962753704,2.07330872978394,0.0375944573586092,0.0363049931532824,0.149984491989949,4.99691507574633,1.01568444333866,2.07606611800107,0.0204137700328915,0.0216027733143574,0.0724469537197861,"Residual"
6,2000,0.35,35,2,0.25,4.99340054499468,1.02540997500592,2.10069623951989,0.0156123980267195,0.0155145770403975,0.064073691724094,5.0349814655124,0.967336110981875,1.85786313034826,0.0165684899262904,0.0160274663671298,0.0559630184179229,5.01109552963628,0.964615131044512,2.17369646769523,0.0367588697587644,0.0346918451983187,0.15898455135131,4.98471037816684,1.00021827456584,2.12345674552183,0.0198227728624034,0.0205864123520419,0.0736376843309092,"Residual"
7,2000,0.35,35,2,0.25,5.01656219475086,1.0112851159945,2.01294273470018,0.015931056439187,0.0164698879182207,0.0610601691599788,5.04361406386012,0.940254017657987,1.80457940164814,0.0167996708914193,0.016770348313137,0.0541412952958287,5.04454533070315,0.995034824345208,1.87404615745356,0.0394199665988836,0.0424184711729043,0.134950865662499,5.02560187814011,1.01148208074816,2.07687543921145,0.0203603649586397,0.0236202749819124,0.072602410390639,"Residual"
8,2000,0.35,35,2,0.25,4.97964450290532,1.01046189118049,2.02633698768405,0.0158860216018923,0.0162386678626905,0.0615747733979283,5.01583843401424,0.946478055103803,1.80905014524275,0.0167818087044315,0.0166729478421615,0.0543338249327931,4.96254613501221,1.02984789312895,1.93074434212928,0.038926936894157,0.0381077824293774,0.139149296425063,4.98470502681,1.00001667012978,2.03152609656831,0.0202720973498551,0.0226422077653296,0.069826631204721,"Residual"
9,2000,0.35,35,2,0.25,4.97190183766949,0.969003492568144,2.01397775151572,0.0159537961332818,0.0165848066292946,0.0613353457604477,5.00279847817371,0.909766936327749,1.85973748256047,0.0165715095092414,0.0166125219622971,0.0561583701441393,4.97598098482289,0.976620668081997,2.10135560776211,0.0374558137329837,0.0394200688656769,0.152500573856013,4.97511823270682,0.985442009118273,2.07308793833191,0.0198944630257844,0.0233299300511445,0.0715087120407787,"Residual"
10,2000,0.35,35,2,0.25,5.01087998942876,1.0103573404292,1.94273871909181,0.0162190477341141,0.016269247092614,0.0588416446728533,5.04620770296403,0.945585428091676,1.74324575422496,0.01709197486393,0.0166655633829106,0.0522192869512257,4.96849305506992,0.998125661338207,1.85632681300848,0.0396303643152321,0.0409255326780223,0.133914644651967,5.00819057049213,1.01810172763988,1.99615046046299,0.0209567224842256,0.0227138327256865,0.06955257294453,"Residual"
11,2000,0.35,35,2,0.25,4.98916455669859,0.992573807365855,1.97857499461495,0.016070715746744,0.0160157573447643,0.0599463945799711,5.02243162964123,0.943438577225032,1.81629772566129,0.0167517310623149,0.0161708482073386,0.0545385342862067,4.97558745920846,1.05188740935761,2.06673067007755,0.0377165483736531,0.0405476129076178,0.150210349375946,4.9761883824635,1.02561222287102,2.06366972567485,0.0206193797650926,0.0231271429334417,0.0723597384755661,"Residual"
12,2000,0.35,35,2,0.25,4.98047054898232,0.979567853632591,2.02828534081681,0.0158754847672721,0.0160970489463339,0.0616089087729508,5.00319378141696,0.925338488703529,1.84984247510122,0.0165998030945462,0.0163128788878118,0.0556586784427211,4.98060891450811,0.98438766896014,2.12937875702733,0.0371661202493415,0.0374658483275407,0.154684041469439,4.96669190647146,0.978330309304699,2.05287646650913,0.0201222615894081,0.0215132615872741,0.0709044708912785,"Residual"
13,2000,0.35,35,2,0.25,4.99621306937874,1.02335857293153,2.05950742588051,0.0157555717227681,0.0165093143545797,0.0626343595467474,5.02864345783775,0.968899292022112,1.86000052404151,0.0165536391417132,0.0168398433392149,0.0559672329892511,4.96832762048912,1.04079550904997,2.24885898982293,0.0360939590097934,0.0378566013854576,0.164685130694335,4.99230127474113,1.03325903186128,2.13881774975856,0.0201909141115546,0.0224931205954528,0.0756609060851244,"Residual"
14,2000,0.35,35,2,0.25,4.98195342181814,0.983045290586928,2.01018205336229,0.0159567241750895,0.0162196653492091,0.0611889901018248,5.01786034204512,0.910698400998581,1.80361893031241,0.0168144901774511,0.0164266903312691,0.0542898439898955,5.02837522361797,1.0135371792387,2.32340721369288,0.0354977187171317,0.0360527774606544,0.16982697385297,4.98044693941743,0.999971133525877,2.03139312076322,0.0201556804740771,0.0219343049353298,0.0699006026880627,"Residual"
15,2000,0.35,35,2,0.25,5.00278979819181,1.00496799815961,1.92830038167426,0.0162769264968564,0.0160989104707284,0.0582929286742305,5.02520489235565,0.947794298814147,1.75647800455348,0.0170350994907931,0.0162853211836801,0.0525887178825336,4.97896416540533,1.00485587471579,1.92845006358647,0.0389257300839565,0.0380052273174968,0.13986010811123,4.99658586911343,0.992270636312586,1.98002835723437,0.0206895381861976,0.0217972354820482,0.0692151931865328,"Residual"
16,2000,0.35,35,2,0.25,4.99351994642795,1.0197670398094,2.08379986777782,0.0156691452822496,0.0158639333149021,0.0636154075646433,5.03172427712659,0.956897772351341,1.87319286942742,0.0164980959195464,0.0161294551654014,0.0565408882454067,4.89421069436339,1.08906645890285,2.00620853341046,0.0382835351216633,0.0375291005205531,0.14835838847826,4.97763445994834,1.041258765021,2.14877515035985,0.020666770983948,0.0223057426990845,0.0774796382611526,"Residual"
17,2000,0.35,35,2,0.25,4.98672471750932,0.986958297363397,2.06776531341055,0.0157292153659127,0.0158595116522835,0.0631124002001855,5.01672657884694,0.926224839676896,1.87848841646562,0.0164751168368261,0.0160973525461766,0.0567695762606994,4.99356926066256,0.956409316323584,2.18974208430476,0.0365612967157849,0.0374547081799254,0.15989857753313,5.00589984148431,1.0062224808474,2.08906061889797,0.0199218833979864,0.0213697119542644,0.0723607947806799,"Residual"
18,2000,0.35,35,2,0.25,4.96716860718762,0.991122183577814,1.88218295940935,0.016473077018855,0.0166080772204792,0.0568718677282316,4.99531688916534,0.932278565314015,1.71536950319778,0.0172306199125029,0.0169445551098206,0.0513324913146327,4.96627296428892,0.988407643871751,1.77774486663687,0.0404946430961223,0.0415283772396238,0.127509181849491,4.98396684615748,0.982174308084241,1.91828849385951,0.0207572683231209,0.0230943857074201,0.0661619452796839,"Residual"
19,2000,0.35,35,2,0.25,5.00576181869467,0.981607721429247,2.01349574211707,0.015924872768505,0.0164849405441323,0.0612679368288267,5.03032882227613,0.917115374434344,1.83571702070349,0.0166547014687347,0.0165995046975597,0.0553214399816587,4.98621684607901,0.995795697298714,2.0386926155545,0.0379877503193791,0.0376349260039199,0.148591407323654,5.00560078447038,0.992577281695622,2.0503276487494,0.0200031388514899,0.0220915493232827,0.0710376656825808,"Residual"
20,2000,0.35,35,2,0.25,5.00387797041814,0.975746681776279,2.03423416399663,0.0158502501547712,0.0157346400841278,0.0617576648621232,5.03293112790271,0.914283873218164,1.82785422426634,0.016694726062731,0.0160705682037728,0.0548855289215335,5.00577229722804,0.991328116146331,2.41768009179689,0.0348137396753074,0.0347398535703171,0.177386459083581,4.9862334231655,0.973844783023725,2.03998188909587,0.0203093180432457,0.0220035517764714,0.0705903766469563,"Residual"
21,2000,0.35,35,2,0.25,4.9743278446537,1.01587064037979,2.02020965512296,0.0159275634466769,0.0162143714577283,0.0613422379934414,5.00705377324874,0.964998089933251,1.83454120393869,0.0166843557899499,0.0165278755633961,0.0551369801651986,5.00713648600231,0.98822107271064,2.1736550926664,0.0367582729279792,0.0378897911918503,0.157880249364487,4.98523401556225,1.02151376978062,2.05426153457896,0.0201416226706941,0.0219797809266019,0.0711366699644927,"Residual"
22,2000,0.35,35,2,0.25,4.97304459618373,0.979484559042272,1.94472088051981,0.0162080096955053,0.0162169607939424,0.0589507929762827,5.00418537912188,0.926039560982565,1.78886401388614,0.0168755936753848,0.0164239652396264,0.0537502536164744,5.01248456429816,0.983342558359121,1.95619635018283,0.0386437028372311,0.0383276183538883,0.1419396595653,4.95525785207807,0.972253711756551,1.98248348205679,0.0201303257372559,0.0215296052211576,0.067663747567068,"Residual"
23,2000,0.35,35,2,0.25,5.01281612911776,0.997001810041218,1.95208133751509,0.016185703639399,0.0159759168352864,0.0590670493661349,5.05400003827344,0.94506046886695,1.78102282254373,0.0169120966662336,0.016221388149832,0.0533975305952572,5.07405544402915,0.996961207695014,1.66281523627647,0.0419129432564963,0.0436823412265913,0.118011631520707,5.00424807542444,1.01156638416041,1.96661780098618,0.0203282887986545,0.0220537915029986,0.066408257613218,"Residual"
24,2000,0.35,35,2,0.25,4.99899147946656,0.994015282012263,2.08933757803527,0.015648181356152,0.0160724871297178,0.0636540329271817,5.02236234687758,0.937944005532348,1.88719194945377,0.016437760153424,0.0164240824961687,0.0568976016529398,4.94751788291064,1.01980469927789,2.14519224431583,0.0370578289310904,0.0371315423174024,0.156462092592832,4.99544587327771,1.00032781111586,2.12975735268637,0.0199390737297813,0.0220025746278199,0.0743823042798878,"Residual"
25,2000,0.35,35,2,0.25,5.00003529884726,0.992618162851312,1.9918458738174,0.0160164111053295,0.0159872944080199,0.0603197108002118,5.02966030748931,0.931232561058884,1.80017788539138,0.0168202910797398,0.0163533503983648,0.0539613070419242,4.98289731421588,0.966387259703482,2.20876344910147,0.0364349654624457,0.0355955842191314,0.162038286554718,4.99170015260057,0.98236425515815,2.01415769605646,0.0201566468504743,0.0209889067704652,0.0694091840462796,"Residual"
26,2000,0.35,35,2,0.25,4.99720576133381,0.996205513689322,1.98481684740965,0.0160400689158073,0.0164141807119305,0.0602739297819268,5.02085708360939,0.944647071882575,1.82359053375838,0.016713630746542,0.0166568942678417,0.0548806609850275,4.97484599084749,1.04575757876509,2.20038009443354,0.0365242006392575,0.0366426351535951,0.161424432502009,4.9796765739302,1.01440972327011,2.07007271924513,0.0202562527878146,0.0225533578592834,0.0723230675059598,"Residual"
27,2000,0.35,35,2,0.25,5.00993619646107,0.989408994042096,2.09508935069205,0.0156167943481756,0.0161560901904561,0.0639321688988588,5.03275631058454,0.936703795769035,1.91303293163024,0.0163206458148375,0.0163799960131593,0.0578200392300552,5.04966883029619,0.967005663268728,2.13294220004043,0.0369751412169653,0.0391852170481165,0.154520199262148,5.01180168530842,1.00223874872406,2.15161029769219,0.0197758261546732,0.0213011448428859,0.0747601162020805,"Residual"
28,2000,0.35,35,2,0.25,5.00666358579327,1.00334000632976,2.02512698895197,0.015885311758087,0.0162212062073272,0.0615029542168687,5.03559313406621,0.933447230818417,1.83031138633836,0.016682641355713,0.0163920583166375,0.0550165537979359,5.05274581215965,1.01340402347174,2.05629000088487,0.0377603541220351,0.0365922326233307,0.149205124366445,5.01929610170961,0.990177058381664,2.07400405204421,0.0207336516882805,0.022762627037242,0.073590602112595,"Residual"
29,2000,0.35,35,2,0.25,5.00318759178178,1.01935499508117,2.0510465383436,0.0157911716154748,0.0159292505565837,0.0625694148346005,5.02923908192421,0.963047311532671,1.84406698520192,0.0166271022601218,0.0162338928070276,0.0555997290718203,5.04082825027457,1.01820831151004,1.98056684316286,0.0384861200200623,0.0370080674465121,0.142958074860861,5.0164614519029,1.01019102195956,2.10178886067403,0.0198286274450057,0.0210105034335323,0.0730325116774092,"Residual"
30,2000,0.35,35,2,0.25,5.00871742476442,0.995254270345065,1.99032755341119,0.0160135937286984,0.016502940940499,0.0605762778592665,5.03684273154648,0.934997223095039,1.83207427438468,0.0166689676439934,0.0165774716912345,0.0552778918339376,5.00243988734073,1.00634205031491,1.78492762405848,0.0403705962098835,0.0438149329808358,0.128231004770928,4.99476767977363,0.987027920344248,2.04658577492495,0.0202986721332066,0.0236070596480716,0.0702460589491891,"Residual"
31,2000,0.35,35,2,0.25,4.99774896896523,0.968967223871166,1.99994581315392,0.0159805810143471,0.0162445742733388,0.0607147459961635,5.03301448251321,0.908046304757999,1.80329126190616,0.016800208464155,0.0166012101212455,0.0541646974420067,5.00212662679375,0.998352563293589,1.9951181061842,0.0383064861436085,0.0391381588993368,0.145606932967804,4.98945631319577,1.00605527137111,2.03939799484727,0.0203301284169818,0.022109573790148,0.071881373740057,"Residual"
32,2000,0.35,35,2,0.25,5.01293456036191,1.00294085957191,1.97676425685928,0.0160783231211753,0.0161653270723817,0.0598984208222782,5.03658563484485,0.942151023325102,1.81023861238541,0.0167793834207138,0.0162816545435188,0.0543764753085818,5.01198704247986,1.01322018407455,1.76181646079769,0.0406906488663894,0.0388585613096148,0.126281388343519,5.00752730007483,1.00792408961485,2.01896672186632,0.0203792740469734,0.0220464882482931,0.0696315491055812,"Residual"
33,2000,0.35,35,2,0.25,4.98704861587565,1.00495119053263,1.93999976551218,0.0162281879783946,0.0160957706355169,0.0586389293556567,5.00712643526475,0.955937067124388,1.77860326556852,0.0169262808575696,0.0163966368962595,0.0532914166115455,5.02574109616835,1.04150029596409,2.00760769768098,0.0381372077977992,0.0397440689819405,0.145081734307599,4.99087332353939,1.01247863491445,2.0041222881632,0.0206935616895303,0.0234125230125454,0.0696914452052706,"Residual"
34,2000,0.35,35,2,0.25,5.01234915973649,1.0009922287901,2.0679339056351,0.0157185510728019,0.0162737970664001,0.0629067022454972,5.05128883578192,0.932863750023181,1.80760258012793,0.0167790569324886,0.0168495465518267,0.0542253758514862,5.02030805198707,1.00474855146826,2.04021495783171,0.0378662325533487,0.0396843287852087,0.148868250980856,5.01953762963051,1.01324148195525,2.07564918944156,0.0201087165957248,0.0217277628846166,0.0725882815544831,"Residual"
35,2000,0.35,35,2,0.25,5.0218173472364,1.00721904010691,2.02472855523751,0.015891461095389,0.0160415950937637,0.061660281674061,5.0602281583759,0.945135187987365,1.75803697358185,0.0170210628454743,0.016708137348454,0.0527465173647728,5.02311180871038,0.997618626592848,2.15787585032435,0.0367988007613963,0.0389097480260344,0.157012424225168,5.05847260712062,1.05747507482269,1.92555134764991,0.020536535853364,0.0221318894530699,0.0654575281046496,"Residual"
36,2000,0.35,35,2,0.25,4.99238664760754,0.996275666819441,1.94192836349205,0.0162177539033956,0.0163655429925287,0.059000403280916,5.02497274876244,0.936285895479243,1.75733604466155,0.0170215572097609,0.0165979296910441,0.0528151684563085,4.99487802644833,1.00544042467266,2.01760957187909,0.0380801327004868,0.0375658222697564,0.146848184101418,4.99845972987183,0.996050557275362,1.96583951572636,0.0205103677964539,0.0217962670722973,0.067606328222689,"Residual"
37,2000,0.35,35,2,0.25,4.98714093894728,1.00975411380838,2.05882868605141,0.0157609656748932,0.0159437192907397,0.062844678256882,5.02078600645538,0.940085169073761,1.86990786635788,0.0165096228173182,0.0160623402165626,0.0565203352786949,4.96318921222321,1.03835634840733,2.12866442625972,0.0370882227033987,0.036971086232001,0.154570453722842,4.9783086017357,1.04678930007248,2.13285143116306,0.0204224678854567,0.0220897237117609,0.0757609464712961,"Residual"
38,2000,0.35,35,2,0.25,4.97632474729027,1.00188466062042,2.12815644321356,0.0155052177855154,0.0160876826751602,0.0649362196288405,5.01513876279319,0.927353211726964,1.89881451805177,0.0163831481655759,0.0163884908885729,0.0572892845257472,4.99486113320644,1.01032970755107,2.25735965214847,0.0360271572840071,0.0385533784184123,0.165148802492464,4.98096592274951,0.991997833388604,2.12458709958239,0.019806469089605,0.0220131785640748,0.0740178088734617,"Residual"
39,2000,0.35,35,2,0.25,4.99439994510739,1.01684282665882,2.03245482021032,0.0158611429791987,0.0162290122486781,0.061786335755855,5.02722377380228,0.949151427848672,1.80698873532771,0.0167909096121841,0.016616075500261,0.0542663430934798,5.0195518170673,1.07003261994031,1.9462556863927,0.0387189555808404,0.040834129173023,0.140621151981591,5.01250208602335,1.04220422214753,2.08183455521896,0.0208676557273765,0.0231856833964462,0.0743996566107718,"Residual"
40,2000,0.35,35,2,0.25,5.0024471403085,0.992035421784982,2.08177456300246,0.0156647428789362,0.0161547975487611,0.0631459907288293,5.03545917317307,0.935567981489951,1.87431233068762,0.0164829261138113,0.016584683819963,0.0562673561621537,5.03784626727867,1.00646078279322,2.36534869406267,0.035173947027565,0.0363939586683671,0.172688772526518,5.00319075492512,0.999257021350483,2.12796297500364,0.0200367775675766,0.0234741257993293,0.0741780425020652,"Residual"
41,2000,0.35,35,2,0.25,4.98967143339795,1.00326083302202,1.99034551074764,0.0160312584859265,0.0156956633872991,0.0604451406428746,5.00152536280941,0.967149681275389,1.8531878777534,0.0165947969069265,0.0158678355826734,0.0558429234837916,4.98821414062651,0.980995242126887,2.14357584020899,0.0370651125413499,0.0360171888253608,0.156768534770649,4.98351313605035,1.00079480835463,2.07685348478776,0.0201686715992776,0.0211502923549548,0.0719283589956987,"Residual"
42,2000,0.35,35,2,0.25,4.97654352032451,0.974053808203723,1.94045167561434,0.0162213152963462,0.0165106365672837,0.0587950329532184,4.9981436705497,0.912279934036438,1.78772617171108,0.0168787208597103,0.0165347190289847,0.0537205830112299,4.97256887775025,0.950970659102041,2.08689544152397,0.0374272882803574,0.0389535396270511,0.153756643079693,4.96540654052231,0.985654823203383,1.98661175386453,0.0200731617945232,0.0221023583238487,0.0676253090144337,"Residual"
43,2000,0.35,35,2,0.25,4.9762553302104,0.992338270084665,2.10144854815792,0.0156047427001579,0.0157874220280882,0.0640076030374339,4.99484829162932,0.930959402796979,1.91681370527505,0.0163184190509838,0.0159879723532713,0.0578477402479061,5.00128517775167,1.03779658467623,2.04842769788177,0.037916707693917,0.0383049969807406,0.148910192305353,4.97630066593947,1.00836352821207,2.13817949249743,0.0196307358068227,0.0222820285431936,0.0734386301536394,"Residual"
44,2000,0.35,35,2,0.25,5.01718767272301,0.985203180643348,1.99834929308518,0.0159886581141017,0.0160152763310966,0.0607086639491635,5.05519597855481,0.929598037781122,1.80162775991036,0.0168108439673488,0.0163162001283124,0.0541540408787868,5.00798231173856,0.985423900136948,2.12884071991077,0.037049850270654,0.0388580697398354,0.155320012007415,5.00207590742817,0.992296496218143,2.01993988219054,0.0206554422439874,0.0232850162467499,0.0706645623849198,"Residual"
45,2000,0.35,35,2,0.25,5.00661838750123,1.02636761929191,1.88411581038668,0.0164568258376116,0.0169708237145712,0.0569345241143987,5.03747341633927,0.955031789368361,1.69574193120846,0.0173197597977914,0.017229140808403,0.0506701613101481,4.99204252189901,0.981426156905634,1.856820384477,0.0396738227101305,0.0404640018391435,0.134133883726559,5.02675887544734,1.00310803637463,1.87451139395831,0.0205761251354573,0.0225994889871902,0.0627900014004379,"Residual"
46,2000,0.35,35,2,0.25,5.01374034099688,1.01044589061785,1.92191556640123,0.0163479924877527,0.0165699669886275,0.0579636335218601,5.04684205093874,0.951385464117388,1.75729750710182,0.0170680460444677,0.016693378769414,0.0525063835287004,4.96090628415689,1.01674076794513,1.99434726436921,0.0383960935991552,0.0386951171977088,0.144321269778024,5.00431320790681,1.00644721019388,1.97349538008531,0.0207067006173814,0.0230366884350242,0.0675927934934506,"Residual"
47,2000,0.35,35,2,0.25,5.01252066164115,1.0060871056755,1.97486031542791,0.0160858045222304,0.0160023934058352,0.0597644260872497,5.04008535094561,0.95072905601518,1.78024339393637,0.0169153723789044,0.0163227585470981,0.0532954129410623,4.99127170500566,0.984836636945709,1.76514704204314,0.0406535458945371,0.0405751638383045,0.126222558799799,5.00372973724954,0.995328973010092,2.0087230765758,0.0202437390652646,0.0214473691700003,0.0689134484992355,"Residual"
48,2000,0.35,35,2,0.25,4.98975412020463,1.01910674887187,1.96843154792968,0.0161167129280276,0.0162402815892182,0.0597987178759397,5.03234801061909,0.966509442566424,1.75833543771497,0.0170184340237728,0.0167323756701613,0.052773351339694,4.98646036378321,0.964765394341736,1.97375586855903,0.0384411068248496,0.0412276486791461,0.143505815575068,4.99632447596153,1.03066184177741,1.9772509576475,0.0204868818185473,0.0223002411719946,0.0690072763121384,"Residual"
49,2000,0.35,35,2,0.25,5.02059038245838,0.99946839118899,2.00566072857232,0.015950869716238,0.016687350838632,0.0606495492953837,5.05401240427641,0.919329670929089,1.77244002259671,0.0169387337391355,0.016998896687884,0.0529325512655865,5.05595659754357,0.996608630832452,2.06121046812275,0.0376149313111167,0.0400189411705622,0.14902349527081,5.02972238088383,0.994805444506647,2.02558263691053,0.020534224244266,0.0230835733350363,0.0701368483026697,"Residual"
50,2000,0.35,35,2,0.25,5.0090666279594,1.03550482665015,2.03140541203148,0.0158658065941573,0.0161599959709904,0.061958675343825,5.04485971766343,0.983711061388156,1.84265683751999,0.0166357289903169,0.0165311800987303,0.0556395114403946,5.00445011302177,0.986865142011655,2.07624582639908,0.0375345469221177,0.0371697502784029,0.152320007874113,4.98028328056584,1.00705031203794,2.0800979453272,0.0201584046633921,0.0215365609820439,0.0722540453128061,"Residual"
1,2000,0.35,35,2,0.25,4.98198212401807,1.00383124541554,2.04714970319802,0.0158091581115434,0.0157995579922482,0.0623155602454505,5.01751982799147,0.931704519951717,1.84007636864357,0.0166439606877345,0.0159466187563879,0.0553990081152398,4.98725141956055,0.990374975503442,2.0029214016366,0.0382068516515052,0.037496917491157,0.146150341295997,4.98369719714658,0.997044214071795,2.01758363223746,0.0200279078854069,0.0211017585860953,0.0687882655751088,"Residual"
2,2000,0.35,35,2,0.25,4.98641220610272,1.01425343070905,2.10543572228387,0.0155869471987638,0.0161772802047272,0.0641248029953738,5.01131766957607,0.95975394171417,1.90673124329694,0.016354633994253,0.0164723131425725,0.0574836480649283,4.96589247560116,1.10572009501054,2.03190433215327,0.0379586622350486,0.0413046931742774,0.147772925026907,4.98101535854445,1.06929051472224,2.15318918739792,0.02034810561674,0.0229855542681979,0.0756509227065339,"Residual"
3,2000,0.35,35,2,0.25,5.00270810751252,0.975130850794306,2.09411308257341,0.0156287497874162,0.0155516098634289,0.0637105970396077,5.04359868272373,0.910908347414413,1.84837719266526,0.0166009004188471,0.0160149630746224,0.0555197473954368,5.00545811908714,0.941541411596178,2.11892365176899,0.0371414888745051,0.035156923028874,0.154178605824703,5.00526835067599,0.972948383077969,2.15564000211821,0.0203591457608113,0.0209615490522929,0.0765224714231083,"Residual"
4,2000,0.35,35,2,0.25,4.99101928826312,1.01210970837454,2.00585168648009,0.0159859865767147,0.0159955318077125,0.0610003631725296,5.01191372382983,0.941410278864659,1.82538647954167,0.016729677364812,0.0160481954325524,0.0549679551058077,5.00178245098582,1.04456532576325,1.97452955653187,0.0385733095475161,0.0397358901591088,0.143134606362175,5.01601333200727,1.03820515108456,2.04554763511488,0.0204880673487967,0.0222068783355207,0.0707945981656026,"Residual"
5,2000,0.35,35,2,0.25,5.03329202199184,0.988027983421681,1.97761560979049,0.016070318384015,0.0161633897845114,0.0598556960548185,5.06089966113124,0.925667764256606,1.80696428274421,0.0167885790081412,0.0163589641956295,0.0542042217687009,5.01733875618341,0.959968745740254,2.0920680227024,0.0374309970070647,0.0378246490949747,0.15305716427225,5.03924608493005,1.00846362536318,2.00113260825859,0.0202793404848292,0.021342069095576,0.068390574661446,"Residual"
6,2000,0.35,35,2,0.25,5.01518895959546,0.988417969908488,1.92875478690409,0.0162641870907307,0.0165077273171468,0.0582638064004039,5.0536075239363,0.938622810966268,1.75939748777454,0.0170049608423682,0.016759987454702,0.0526296488895039,4.9754732552652,1.02698823939292,1.9536672681083,0.0387467858188829,0.040493411656688,0.140929634954072,4.99118335302884,1.03287117192691,2.00687115633564,0.020832136594789,0.0234582110427633,0.0710231254450702,"Residual"
7,2000,0.35,35,2,0.25,4.99458907288122,0.98027076380294,2.01801468106279,0.015915528722141,0.0158983180239763,0.0612597279697832,5.03127394953448,0.913757050794738,1.79485607737953,0.0168441524597178,0.0162563344638879,0.0538272603282701,4.99160688095098,0.959240301526863,2.1534326191804,0.0368544908274836,0.0373102092051803,0.158183161822568,4.98962143643815,1.00327784782915,2.02905388373245,0.0205272244560069,0.0219511899094161,0.0711935989008473,"Residual"
8,2000,0.35,35,2,0.25,4.97065497750179,1.0065467466594,2.05790172466561,0.015768239408627,0.0158556393711692,0.0627089632722308,5.00098011584618,0.953446348458956,1.85540441830859,0.0165789572059391,0.0161722960050784,0.0559151020381666,5.0056065650948,1.03050578194554,2.04887928052062,0.037788110832252,0.0383955817069039,0.149450363439896,4.95730166875053,1.01632042072889,2.1445630912039,0.0201879776790644,0.0225759435115568,0.0756746647787951,"Residual"
9,2000,0.35,35,2,0.25,4.98564754856094,0.988799206641924,2.01234615367401,0.0159417029379908,0.0159199542199091,0.0611533429727249,5.00735709996283,0.925974616637808,1.83506528543238,0.0166693057779718,0.0159987860854777,0.0552329308489151,4.97908143830309,1.0087116861951,2.08728187658766,0.0374232691237421,0.0379483000908862,0.151804155336072,4.96541662790418,1.00060208715736,2.08554255830462,NA,NA,NA,"Residual"
10,2000,0.35,35,2,0.25,5.00828955451021,1.03789843995081,2.01274045913176,0.0159466859637927,0.0158880832569384,0.0611715317691816,5.0338898769338,0.973478018189004,1.81334103385002,0.0167717042283219,0.0161507096523964,0.0545307035348227,5.02486062716262,1.06869598840872,1.96289507517721,0.0386543331113376,0.0379674280313583,0.142111228105652,5.00567923908809,1.02132433821358,2.05181692107525,0.0202086893508878,0.0211896106209485,0.0709280595970432,"Residual"
11,2000,0.35,35,2,0.25,4.99190447833588,1.01065992372516,1.97954699373958,0.0160684043147113,0.0159078368412467,0.0601757403017742,5.03956925859994,0.932982448573492,1.77334592821643,0.0169454741464147,0.0160777663227549,0.0532944088760789,4.98352270107274,1.00658490681859,1.87319501910958,0.03952956632327,0.0363155492472208,0.135126943021142,4.99660848114384,0.993195144109589,1.98238993794514,0.0205907392699338,0.0210829571637127,0.0667800645537858,"Residual"
12,2000,0.35,35,2,0.25,5.01069058681062,0.994783060186835,2.11371417607767,0.0155582991858295,0.0156038672530625,0.0644185415943842,5.04162051686374,0.926275130677252,1.91690255723118,0.0163093480521189,0.0156694665310493,0.0578374055699251,4.9731667655528,0.932674360355898,2.04059437557401,0.0381281269452649,0.0388733540785085,0.14710270927253,5.0028737777291,1.00886371518647,2.15203319737631,0.0201955371671878,0.0208626689052785,0.0752996237837913,"Residual"
13,2000,0.35,35,2,0.25,5.03746966110713,1.00780617746312,1.94256350870585,0.0162078680000503,0.0163152703804756,0.0587494175948979,5.05857741284224,0.952900294126148,1.76872847770788,0.0169632549945785,0.0165214050892731,0.0529597966343681,5.01453605699211,1.0134418239941,1.9188846721333,0.0390080758958887,0.0378848365851863,0.138927277221965,5.0447568237047,1.00877523952563,1.99255121189914,0.0209950644444666,0.0218094282181494,0.0692000044551347,"Residual"
14,2000,0.35,35,2,0.25,4.99592011647802,0.979970383863116,1.92285217487196,0.0162946260436106,0.0162710261999954,0.0583095395676313,5.02773772559343,0.927935005112897,1.77744509215964,0.0169254411879118,0.016390963104066,0.0534565590810043,5.05600767312787,0.985505228907574,1.81035228703101,0.0401993876092474,0.0401456327486635,0.129183599060124,4.99616245517324,0.971372903079925,1.9734824275545,0.020366003369546,0.0224489042801085,0.0683761379779303,"Residual"
15,2000,0.35,35,2,0.25,5.01472722169285,0.99178767302867,1.98403519342341,0.0160626530225995,0.0165165161118052,0.0600856745479185,5.0497193339708,0.926459453206078,1.79835427965236,0.0168420869420695,0.0166763878974263,0.0539153493316893,4.98713581466321,0.980851854547322,1.99799708673073,0.0383365156203136,0.0388377977026414,0.143862107268911,5.00558880531714,0.982104214064252,2.01949154069241,0.0200867010164161,0.022055267722798,0.0688145865605702,"Residual"
16,2000,0.35,35,2,0.25,5.02630673308646,1.02679818852582,1.95750506652306,0.0161523294768423,0.0164371163348919,0.0592506068867297,5.05626095649323,0.967993724530052,1.77333680518222,0.0169470862924916,0.0166980759229027,0.0531221723528828,5.0060825210045,0.948185351542507,1.92281765457427,0.0389719505340906,0.0394128111540677,0.138988598899525,5.03207461936515,1.02107354714073,2.00667093316381,0.0205529388631988,0.0220630997552915,0.0694069870642144,"Residual"
17,2000,0.35,35,2,0.25,5.0197544243527,0.989807801032106,1.99562481077222,0.0159941781645271,0.0163821102596496,0.0605131007855369,5.04539852329577,0.927375553562433,1.84153829643829,0.0166300221924373,0.0163204040149822,0.0553847678086002,5.05328705758136,1.02722467680602,2.04315470127371,0.0378043987828426,0.0382116127079732,0.14925000888535,5.0247188790879,1.00189575084663,2.08423117658882,0.0202038655899263,0.022952045191632,0.0731005379613818,"Residual"
18,2000,0.35,35,2,0.25,5.01176422441443,1.01970797767382,1.9415881185332,0.0162254450485466,0.0160172819110577,0.0586455462086809,5.04929105537662,0.96404963416016,1.74536593334676,0.0170816920417168,0.016488551602599,0.0521517075659251,4.98742017667873,0.987559298967497,1.9933046297178,0.0382700633193461,0.0379228752711586,0.144411702142538,5.01784353208744,1.03126259778595,1.96457454692987,0.0205822660783375,0.0215475173205193,0.0675139187754747,"Residual"
19,2000,0.35,35,2,0.25,4.98994562116993,1.01440107243932,1.99749041246701,0.0160017121759001,0.0156189793355553,0.0607393490147221,5.02572324763009,0.95536257630718,1.80033701452568,0.0168264905595402,0.0159716817145009,0.054156922459775,4.96434076383419,1.03395418986025,1.97839625350087,0.0384762879840036,0.038037665142483,0.143204893957999,4.98981061652778,1.01303931986356,2.04482842623961,0.0206433744272984,0.0220802889938627,0.0720057535110862,"Residual"
20,2000,0.35,35,2,0.25,5.00845339677163,0.996870040788342,2.06718925026668,0.0157293929645182,0.0161162558649737,0.06278708106582,5.04102710496981,0.935093152695834,1.85165476592964,0.0165897031234309,0.0164221463720216,0.0556188704363796,5.03747127180525,1.00062692182113,2.19707034161925,0.0364647507331573,0.0381643805962297,0.160433484252497,5.02060690265578,1.00563288840367,2.12366668114849,0.0201086177399453,0.0228451748935075,0.0753071500909051,"Residual"
21,2000,0.35,35,2,0.25,5.01202054016887,0.963454069345733,1.86040618798653,0.016554865040907,0.0165225808508647,0.0561178701362175,5.03672775612983,0.925124142917666,1.722193081397,0.017188010422425,0.0167915348422965,0.0515185821160749,5.01333743231014,0.892963341023077,1.782534886942,0.0404031235971139,0.0418893238249967,0.128104521278852,4.99579469084281,0.958903293220605,1.89564277392436,0.0204322792783459,0.0217344971606973,0.0637921323973731,"Residual"
22,2000,0.35,35,2,0.25,4.99603899105908,1.00425049119039,2.01794731086725,0.015917665830467,0.0156868428099423,0.0611957903480292,5.02780614849464,0.948056335548128,1.8044879941003,0.0168042528447352,0.0160192927552426,0.0540922925686803,4.9704516994609,0.985871067116189,2.05072958740157,0.0377673765370999,0.0378573088142283,0.14801571938601,4.99910304762647,0.998846623427157,2.06327116479705,0.0205894177352408,0.0212738296551186,0.0720973763595208,"Residual"
23,2000,0.35,35,2,0.25,4.99302411756443,0.95603321144039,2.11040659449455,0.015565452074968,0.0158679531028624,0.0642685877087534,5.02273080203505,0.898612139547907,1.90144289763776,0.0163738278084069,0.0162398201776261,0.0573050108472774,4.98936068983544,0.939538916072751,2.22051125438959,0.0362974875853504,0.0355410857844579,0.160870517579931,5.00604459162863,0.961231621648542,2.15909163403493,0.0201524662281299,0.0220078595055388,0.0765832306740874,"Residual"
24,2000,0.35,35,2,0.25,5.00837703639701,1.00633297490556,1.91831884569431,0.0163128266566685,0.0166401393971099,0.0579252943690465,5.03442833992425,0.945156506396077,1.73766081977683,0.0171174636143535,0.0169166089992169,0.0519339257045381,4.99348509013465,1.06338377612707,2.13901010443576,0.0370820128022735,0.0387963975883593,0.156627318196103,5.00496279822367,1.02247808744868,1.95810075421913,0.0211100534451877,0.0236687578700371,0.0678634317474548,"Residual"
25,2000,0.35,35,2,0.25,5.0167747349338,0.989506538780511,1.89769619269964,0.0164061786819211,0.0163910740954969,0.0571892588304215,5.05121263459449,0.928976861015849,1.72673132468259,0.0171724417503898,0.0166254837511072,0.0515444739232386,5.04547067230407,0.978035847824307,1.86288602549418,0.0395347730841195,0.0403404189823887,0.133625760178421,5.00571683194857,1.02974121323276,1.93595124170971,0.0209953257661977,0.0224867349245347,0.0666800217616185,"Residual"
26,2000,0.35,35,2,0.25,5.01535459032396,0.987730520733835,2.04113435610389,0.0158190863861633,0.0159955685145036,0.0620675676786326,5.04212847293029,0.929287060569515,1.83771765999538,0.0166456641112482,0.0163556534289545,0.0552714648424766,4.98100390569333,0.961864737220702,1.92036495710705,0.0389750474766324,0.0384324605858636,0.13886561340168,4.99976843794986,0.993183901590878,2.08801084847881,0.0203537247854579,0.0225245986210954,0.072681111567738,"Residual"
27,2000,0.35,35,2,0.25,4.97446832893466,0.989588653774829,2.02240560428823,0.0159069896202019,0.0159376065099756,0.0614875527623873,4.9940550410036,0.943168031912374,1.88570441700935,0.0164552931457991,0.0158854084568038,0.0568813888853829,4.97599208217054,1.01550109257161,1.78753301792537,0.040503030334926,0.0407604744029186,0.127978255327986,4.96033573528143,1.00597231421579,2.09098326461478,0.0199376062385354,0.0213354196471008,0.0715279284715065,"Residual"
28,2000,0.35,35,2,0.25,5.01191887331155,0.999121522485945,1.97257730773296,0.016120574603415,0.0161654906627922,0.0597314069084825,5.0527027517199,0.939358646393399,1.76783128318575,0.0169913356042473,0.0166260738759412,0.0529383677793637,4.99841605169673,1.00541531278086,2.05982937684759,0.0376494437027964,0.0399265177297646,0.149425731546315,5.04187945198564,1.03654412674101,2.01302248234339,0.0207359824808913,0.0228726328096115,0.0705477499334124,"Residual"
29,2000,0.35,35,2,0.25,4.98878686911276,1.01096819080149,2.03720309980973,0.0158733127860646,0.0154248746839677,0.0618103780230282,5.01398606374074,0.958727497067931,1.84782260264773,0.0166443186666638,0.0157184366676132,0.0555079597332868,5.01743307871669,1.01972497118486,2.12513690072551,0.0375228009337135,0.0355278634214458,0.154215995953798,4.99255265018995,1.02069445158935,2.10170979679952,0.0205146872727943,0.0223241271942328,0.0735021434334987,"Residual"
30,2000,0.35,35,2,0.25,5.01589491232917,1.01785584310362,2.0311570173343,0.0158658088202155,0.0163039337085407,0.0616045649022147,5.05015253582306,0.948124268533456,1.81336327243548,0.0167653346888443,0.0165915596324426,0.0543540285348242,5.07196673062653,1.01302726313621,1.93645538260228,0.0387742412571958,0.0409561452613774,0.138798863651065,5.05930333952586,1.02120498017374,2.02770242633694,0.020299838030385,0.0229581466245528,0.0694668235902164,"Residual"
31,2000,0.35,35,2,0.25,5.00623179602194,0.989190952454334,1.98085565557722,0.0160685224847523,0.0160531067317676,0.0602299475951062,5.03297672274344,0.925420242499226,1.79487761637128,0.0168548019295849,0.0163004147168351,0.0540132199767369,5.04986828402024,0.960547018227823,2.11695546211055,0.0371898399913049,0.0375598101504126,0.153015970313067,5.00935283957444,0.997977810569394,2.00747917911638,0.0205963968677123,0.0215284744446665,0.0693910324188102,"Residual"
32,2000,0.35,35,2,0.25,4.99569594667434,1.00846501589432,2.01462021266617,0.0159446265723228,0.0162525973773403,0.0611380789080073,5.02813052391341,0.946041193838382,1.78721452936428,0.0169012335266099,0.0167382516348194,0.0535620486558851,4.97723764788251,1.01694993521243,1.80892025632264,0.0402374887027075,0.0419650430408368,0.130222919671476,5.00898228696606,1.01169803471435,2.00618944133907,0.0205965583637878,0.0226147421011363,0.068859901684161,"Residual"
33,2000,0.35,35,2,0.25,5.00785569121894,0.979810360061956,1.98034869018235,0.0160532059874155,0.0165619224614009,0.0600565736252571,5.04304090114981,0.916358358238873,1.78463139435251,0.0168838955978524,0.0167979984577947,0.0535249255689678,5.04001342874198,0.961436325143327,1.90758900697118,0.0390603407518665,0.0404112459846131,0.138060489979165,5.00227152788624,0.997687343088666,2.03706225502963,0.0200821801675406,0.0223619942291963,0.0705408982948023,"Residual"
34,2000,0.35,35,2,0.25,5.00353005251099,0.978184150526153,2.0208718346836,0.0159028956418962,0.0157370815540431,0.061444095230563,5.0196142158849,0.921199560309179,1.83350889324362,0.0166707109215637,0.0159715016950908,0.0551806833413528,5.00684399723836,1.03935950953206,1.98363137545042,0.0384197981053135,0.0364786633302617,0.144329396891246,4.99689951716018,0.999642991424165,2.05647457268017,0.0210578037100697,0.0214234406453853,0.070477173898403,"Residual"
35,2000,0.35,35,2,0.25,4.98726679911336,0.978935535231336,2.02173683852107,0.0159044949993844,0.0157994272859043,0.0613993144770854,5.01009975881554,0.930471075024699,1.86407442080468,0.0165422000048778,0.0159853322687094,0.0561462379704077,4.99391616642153,0.945629627536002,2.13012775558118,0.0370317413973687,0.0368910567191016,0.155151581876949,4.98985505907365,0.98165396614103,2.10130697933366,0.0197048643179936,0.0210907844444247,0.0721427890632996,"Residual"
36,2000,0.35,35,2,0.25,4.97126248676897,1.0331224195604,2.00617351663166,0.0159755209631357,0.0156629347304326,0.0610685028469578,4.99778318067124,0.989061132809264,1.83817232310777,0.0166653019991089,0.0159535631784868,0.0554304726363525,5.00003975975916,1.02465259589692,2.00549940154279,0.0382571822315289,0.034687036953519,0.146463271322782,4.9588545200854,1.02793776515071,2.09407938092413,0.0203211541059489,0.0207323902827838,0.0732839455313654,"Residual"
37,2000,0.35,35,2,0.25,5.00246814559383,0.993680723434534,1.97808122723388,0.0160711093618944,0.0164451288697622,0.0599930986914749,5.02527840235014,0.938786341518436,1.79041135966792,0.0168690615569911,0.0168256607048918,0.0537289898605482,5.06366409749413,1.02343567888963,2.20163034171053,0.0364839117220379,0.0364352168760862,0.16187393418512,4.99524034989958,1.00824205102845,2.04056721264015,0.0205463927085269,0.0223161674518172,0.0710777473021198,"Residual"
38,2000,0.35,35,2,0.25,5.00113509320691,0.99576083472887,1.95033274124362,0.016190063660665,0.0157876585374656,0.0591884788943637,5.02393469928592,0.928713675083605,1.78356566470021,0.0169071403940445,0.0157605611114891,0.0536151916163497,4.94945621973531,0.978415380319915,1.94080683823606,0.0387864777538074,0.0392554947309378,0.140795108990588,4.99785178367777,1.01807107662294,1.9766540950143,0.0205318465371306,0.021482541816779,0.0677562716395668,"Residual"
39,2000,0.35,35,2,0.25,4.99760226716948,1.00878660087727,2.02515269387785,0.0158915827603801,0.0160291040585172,0.06142525011625,5.02817577561768,0.94983830585761,1.82994964950102,0.0166895250498517,0.0164169368845158,0.0549736447943725,4.97100191130374,1.01758822078765,2.09716050940955,0.037338196857649,0.03940612170568,0.15266498012763,5.01087071401265,1.02803732704112,2.09590572931934,0.0201622451968975,0.0235557822397976,0.0738248795243976,"Residual"
40,2000,0.35,35,2,0.25,5.01507204294572,1.02973999396735,2.06615330097036,0.0157388510661828,0.0156961493671949,0.0631268595376974,5.0408352517608,0.963249564130504,1.86673203311515,0.0165311225334791,0.0158672376968114,0.0564411846536788,4.99447219040757,0.977358651220264,2.20580627783138,0.0364496588918282,0.0349557341597651,0.16126137202106,5.02099985876879,1.01628884867245,2.13363732342831,0.0211621263713811,0.0220011998280651,0.0646716182477087,"Residual"
41,2000,0.35,35,2,0.25,4.99897313895311,0.990046291393525,1.94120475744659,0.0162198002810514,0.0164041802846435,0.0587877847695862,5.02587451456499,0.933357508019975,1.7634944141901,0.0169927013271455,0.0166458093256359,0.0528856350532599,4.96656859741073,1.04835389013105,2.05914000665162,0.0377161291805115,0.0391925930124996,0.149970157488762,4.98595231598023,1.0155306120325,2.06017758957428,0.0212125138382396,0.0241132302101006,0.0741945677804753,"Residual"
42,2000,0.35,35,2,0.25,4.99855150825863,0.993072696677018,1.93340919460491,0.0162488809492585,0.0165680368518813,0.0584256784030074,5.03352698122394,0.926782655698795,1.74932102406977,0.0170576294642897,0.016754622012347,0.0523123590459318,4.99309321166971,1.01685389985898,1.93927679653015,0.0388332360908974,0.0389171628378048,0.141144530771621,5.01643568798104,0.988770818322241,1.95753945581055,0.0205808202916157,0.0225400322598283,0.0670625355875138,"Residual"
43,2000,0.35,35,2,0.25,4.98804264172724,1.00007343525516,1.96518414530257,0.0161292701912245,0.0159504478251061,0.0597538129971097,5.01170101648254,0.94809758427112,1.79652329833661,0.0168461159218455,0.0161641486792121,0.054097644346738,5.00342075221883,1.00112312462172,1.71800183224973,0.0412310941087491,0.0409405388458535,0.123247690093182,4.9947203213677,0.992643191481394,1.99514144851888,0.0205709390075526,0.0222902796088494,0.0685791833893647,"Residual"
44,2000,0.35,35,2,0.25,4.99163041400138,1.01240938371849,2.06610957566385,0.015742567489394,0.0156179263525515,0.0628870986464177,5.02572878364615,0.948236551948024,1.87587724183519,0.0164932132121351,0.0157629798272025,0.056532109096233,4.98629981414023,0.959892244101849,2.17046717364655,0.0367460586265489,0.0358855911957728,0.157276256660831,4.97615133962673,1.0346925006951,2.09179347011482,0.0208121868338149,0.0209646618109659,0.0734852210608142,"Residual"
45,2000,0.35,35,2,0.25,5.01492342155937,1.0045314518784,2.04472019692335,0.0158150428774314,0.0159374854959762,0.0619566329468495,5.05160147783665,0.95400128886338,1.85280811980978,0.0165942814094965,0.0162094293347346,0.0555854395112737,5.00118007514584,0.991214278403483,1.91112808009201,0.0390836830162937,0.0381279274590446,0.138120094265899,5.01755450725807,1.00027879066328,2.07394061899692,0.0200894162270677,0.0210326641284871,0.0715124012936728,"Residual"
46,2000,0.35,35,2,0.25,5.01203182754543,0.987659551798069,2.05984230301026,0.0157549532594313,0.0156460321345722,0.0625948288507566,5.04120139632241,0.943245236946211,1.89554549453582,0.0164007142120423,0.016007665389707,0.0571326273734216,5.03767099996404,0.978150135747358,1.97112992530903,0.0386985403829679,0.0396034589300494,0.141867657174514,5.00648745537944,1.00663671360368,2.11101572456475,0.0202541898776721,0.0215658900455083,0.0735699445208028,"Residual"
47,2000,0.35,35,2,0.25,4.99760434990209,1.02071524979792,1.940814119398,0.0162265195560102,0.0163144688185259,0.0588330856238418,5.03112013749101,0.947510467472352,1.74667844510254,0.0170752151058151,0.0165717834583034,0.0523772802892092,4.98063646718397,1.02834827788785,1.96996460373993,0.0387632865986672,0.0388387479608481,0.143216185736743,4.99683447177967,1.0353605103273,1.96734669081797,0.021170207587909,0.0230183164573706,0.0683752638745628,"Residual"
48,2000,0.35,35,2,0.25,4.9614916403202,1.03208700689006,2.00527605512282,0.0159858010236973,0.0157679149120836,0.0608706815516868,4.9944072623924,0.971804455135838,1.81111338692041,0.0167889405046203,0.0160730983677431,0.0544079655642878,4.91119030098867,1.04504739168465,2.03544574890203,0.0379301480240934,0.0387745932232809,0.147974275698362,4.96981230657701,1.05965193754704,2.029636838682,0.0205735070717329,0.0223932789963499,0.0708807645712099,"Residual"
49,2000,0.35,35,2,0.25,5.00865862880651,1.01452096849914,2.00684932987471,0.01596258440552,0.0161093302912713,0.0609764452387244,5.03400365846769,0.958961203186227,1.81519896487007,0.0167604315214066,0.0164098983229215,0.054568360466183,5.07776771411986,1.01428179329936,1.89286162111821,0.0392893619739202,0.0390631745891427,0.136145535140485,5.00223247565482,1.02449118564574,2.10696678727576,0.0207655934330448,0.02218053679753,0.0744919649801843,"Residual"
50,2000,0.35,35,2,0.25,5.04696734709304,1.01167344215981,1.98384104630665,0.0160422776559613,0.0164545299256594,0.060082243103612,5.08205377796496,0.962818367757156,1.80714297211604,0.0167837979283378,0.0167499456508534,0.0541948363017116,5.05575644959718,1.01934870992774,1.90095420820884,0.0393291833034417,0.0386640720015443,0.137312180237854,5.03845649408392,1.01107365104185,2.04746913596628,0.0204380018431692,0.0221465149026123,0.0707833768296387,"Residual"
1,2000,0.35,35,2,0.25,4.98981126239213,0.99876573914219,2.04434778995846,0.0158173838125528,0.0158988224146866,0.0619716271454798,5.02750659261262,0.944712630768197,1.83394981573238,0.016668506610604,0.0164375669748986,0.0550191098838499,4.97887659900271,1.00925138829207,1.85308689548123,0.0397187143344181,0.039870047507867,0.133576375836008,4.98426746238719,0.996953926684853,2.09521022467748,0.0202912383605531,0.0223826619932046,0.0734551922976548,"Residual"
2,2000,0.35,35,2,0.25,4.99946513201799,0.997219003324171,1.9504285822018,0.0161887601251392,0.0163708085326171,0.0589588559263239,5.02585050331453,0.938226275402257,1.74405569069162,0.0170975120728597,0.0167808559083514,0.0521197035449491,5.03305786328667,1.02356027522056,2.02628315471284,0.0379696617529409,0.040115241113912,0.147191870389843,4.99297326590474,1.00549901657536,1.97934049634647,0.0206360582012673,0.0228156357501358,0.0682771925358766,"Residual"
3,2000,0.35,35,2,0.25,4.99140074348343,0.978540913758595,2.04739273191916,0.0157988919996474,0.0159831753826914,0.0623030959693503,5.01726036377999,0.905836459803595,1.84655704140773,0.0166106178930485,0.016110029935497,0.0555830607677554,4.9372076332345,0.952396029170528,1.99289445342461,0.0383504217281532,0.039331115795858,0.144796741842164,4.98627605458763,0.979255789758084,2.05557484165138,0.0198688752479112,0.0212431478980998,0.070417842618277,"Residual"
4,2000,0.35,35,2,0.25,5.01776888256601,0.999182145765461,2.02902448522186,0.0158697896707418,0.0164440850383628,0.0616192047464725,5.05671199668422,0.926456348518991,1.78881786105476,0.0168674455651299,0.016966093233918,0.0536392473557131,5.06126904470039,1.02428783282702,1.80309812892245,0.040187328691771,0.0403444008461791,0.129708878409472,5.01717360511451,0.970765654841436,1.98100951197999,0.0202615321207184,0.0228613194349258,0.0676943302499385,"Residual"
5,2000,0.35,35,2,0.25,5.03868798759206,1.00386374818649,2.03172949216536,0.0158570921851874,0.0159330690795664,0.0616147291843221,5.07317301663244,0.950538777926305,1.85781474780857,0.0165571553214316,0.0162651192453706,0.0558517053396761,5.00398209256428,1.00870512864888,2.34208454630242,0.03537995328941,0.034935770486072,0.171675670322628,5.02299910838467,1.00672222222375,2.09945234050475,0.0201963575977379,0.0218335300933316,0.0738062975869814,"Residual"
6,2000,0.35,35,2,0.25,4.99114925292636,0.983613451563572,1.94278226801591,0.0162114377028069,0.0165162236746709,0.0587364826051492,5.01571542993715,0.923115728921511,1.78500394584155,0.0168910763451698,0.0165452064903712,0.0535049680667311,4.97143682269222,0.977475192590296,1.97217507607884,0.0384767835358014,0.0411607889069278,0.142055966194625,4.96784272436798,1.0095824347102,2.00036040339257,0.0205982416758299,0.0236415104545199,0.0684319841321156,"Residual"
7,2000,0.35,35,2,0.25,5.00050872972796,0.988947298514237,1.96414009287219,0.0161240200725882,0.0164646338411632,0.0596009710452928,5.02976276090717,0.941938520964915,1.80969646545024,0.0167804930581229,0.0166386097910417,0.0544175071034938,4.94129487856557,0.998902394277295,2.0152122470259,0.0381246908556851,0.0368397721022962,0.147360155282762,4.98454346526234,1.00484338256527,2.07616257400193,0.0205892330835219,0.0212998833753806,0.0739831604390449,"Residual"
8,2000,0.35,35,2,0.25,5.04009665544971,1.00130142998297,1.97355664901989,0.0160932200594958,0.0164407393393668,0.0598256357903667,5.0729271543256,0.933623273793226,1.79569863919678,0.0168443171474398,0.0165827672567769,0.0539136297957583,4.9607239969128,1.02375504699638,2.24059338122169,0.0362807065444649,0.0359940862983451,0.163598917126836,5.02431767112232,1.0111311266497,2.03588415449397,0.0205155570735904,0.0230904728188057,0.0707774086221975,"Residual"
9,2000,0.35,35,2,0.25,4.99624681707457,1.01987567428427,2.00029087679351,0.0159907773420223,0.015976697337606,0.0607274695893923,5.01902774119637,0.970836161831375,1.82230800600498,0.0167315793254469,0.016251405185213,0.0547684004514859,5.02830881230832,1.05014115847293,1.80990792362864,0.0401835167119755,0.0386530160058279,0.130468628853407,4.98410774371565,1.03634465912614,2.04987518316271,0.0200290016589126,0.0215987495957253,0.0707198174687456,"Residual"
10,2000,0.35,35,2,0.25,4.9829939848682,0.968076605002211,1.98414745899905,0.0160464299831064,0.0163156818071219,0.0600229936911592,5.00815359446784,0.906167315088582,1.80616386232558,0.0167962758476772,0.0165126553236157,0.0541217263266308,4.94019175869671,1.0325130891668,1.9182234446766,0.0392069259159916,0.038995288611141,0.138536642175687,4.96393070561421,1.00977487591407,2.02551549163657,0.0206409712874657,0.0223702639669394,0.0700857506510171,"Residual"
11,2000,0.35,35,2,0.25,5.01176908528302,1.00286649799523,1.97934707564146,0.0160636038113557,0.0163176403191809,0.0602416845152183,5.02660766389175,0.957375428896742,1.84585505026989,0.0166171681480271,0.0164217960593969,0.0557471813025304,5.04177504156114,0.987749583936381,2.15997118956224,0.0368113397607818,0.0354849130396122,0.158268142228288,5.00044676911312,1.02050575721325,2.05285890167478,0.0200615659129284,0.0214707174216615,0.0715839606440255,"Residual"
12,2000,0.35,35,2,0.25,4.99483014440701,1.02341530266339,1.97662784564261,0.0161064262193751,0.0161962370099198,0.0600490264270926,5.01566238655201,0.964516477108541,1.80164601438356,0.0168530185586938,0.0164881656688833,0.0541962334165757,4.94518874753847,1.05826152268251,1.86710740927747,0.0396040749207319,0.0410837184598908,0.136409186999261,4.9960449042046,1.05762595545958,2.09413833584182,0.0207783927626933,0.0235525620018644,0.074481011037182,"Residual"
13,2000,0.35,35,2,0.25,4.99328331968733,0.990521598140396,1.9320822446517,0.0162570611342088,0.0163045815232562,0.0585034990606773,5.03133113457845,0.930142723987885,1.72285548097304,0.017188305541247,0.0167395163483374,0.0515372445231122,4.97252213464505,1.01999191406438,1.87073971055251,0.0395069172357288,0.0388138680115663,0.135159306905653,4.97261028052006,1.00042819759446,1.95236130908247,0.0207030899710805,0.0233910392627366,0.0669964211006522,"Residual"
14,2000,0.35,35,2,0.25,5.00492211301471,1.01436957015678,1.9494349074284,0.0161983772478045,0.0159487578581637,0.0588602056198564,5.03505360762026,0.964961798403132,1.78318172277857,0.0169107357036155,0.0162138204349874,0.0533654342701559,5.02302621674168,1.02258553408322,1.8918467001207,0.0393024378020194,0.0383202771320786,0.136191531304294,5.0043794692594,1.01548133640043,2.00236678472929,0.0203582114826649,0.0217076122330405,0.0685566932965579,"Residual"
15,2000,0.35,35,2,0.25,4.99447211624915,1.02104304159943,1.97571083114855,0.0160910169343863,0.0167073761082917,0.0599825720718749,5.01955809895497,0.960043848833335,1.80849028450547,0.0167959374985721,0.0168675314009363,0.0544124058732037,4.99703574640955,1.04136682042435,1.83209601196294,0.0399479966386307,0.0425906780681257,0.131755813674404,4.98078084738495,1.05010038167936,2.04073227441097,0.0204378826327298,0.0240072983245683,0.0703403173138379,"Residual"
16,2000,0.35,35,2,0.25,5.01930695674228,1.01101629454952,2.08454145329749,0.0156656571165884,0.0154872781247683,0.0633471767968409,5.03985113335165,0.941102133008022,1.86746072227935,0.0165284923861034,0.0156997002932782,0.0561235952020287,5.02555520970287,0.957180669333411,2.21973536283819,0.0363253197523188,0.035246214877498,0.162086925659791,5.02868268133973,1.00581215282801,2.1322787782733,0.0201792625438571,0.0214639943900568,0.0744775303283741,"Residual"
17,2000,0.35,35,2,0.25,4.99174432630564,0.990566456812166,2.04429390155569,0.0158157377027317,0.0158766790005906,0.0620680392586007,5.02505732981637,0.941355334917986,1.85473325679181,0.0165760463564139,0.0162687597876651,0.0557702059967014,5.00202348142453,1.02082023504874,2.05262312589348,0.0377594721100614,0.0354155058143344,0.149243710188497,4.97948846216358,0.981161163826826,2.11814762619594,0.0201016673936675,0.0215268541389672,0.0739207178040124,"Residual"
18,2000,0.35,35,2,0.25,5.02342843216739,0.975255594262626,2.04715656850881,0.0157942342658295,0.0159460018884114,0.0620617729248641,5.05313160316687,0.909941975809747,1.84023397940483,0.0166314536049364,0.0162942224958646,0.0552045188783349,5.05150266503845,0.968959709722417,2.21275427771739,0.0363309377863402,0.0400464507443839,0.160388676023751,5.01933026695385,0.959888941873826,2.04654768663604,0.0200437010896539,0.0226323104147513,0.0703085675411054,"Residual"
19,2000,0.35,35,2,0.25,4.99126039072586,0.976544169931826,2.03897911941159,0.0158424722181595,0.015474881106007,0.0620843923806384,5.01734592102463,0.916329303755644,1.84421702756886,0.0166322710929265,0.015651565944606,0.055556656935816,4.96125391387795,0.975958568681783,2.16152927659786,0.036854382924431,0.0344456855411472,0.158070137422198,4.99245144192059,0.981410922806111,2.06735845775171,0.0198889402133819,0.0208155697864315,0.0711224322821297,"Residual"
20,2000,0.35,35,2,0.25,5.00926705302737,1.00949757661118,2.03762195626373,0.0158479717303988,0.0159420189683176,0.0619445150546588,5.03880963553725,0.958455340941457,1.89371156884848,0.0164149243034087,0.0159375752113398,0.0571306972465262,4.9572527433819,1.04521493290323,2.09709746738441,0.0373965207908795,0.0369873513283496,0.152301978692177,4.99605915330488,1.020269635308,2.16745283153268,0.020425708413288,0.0212518160612018,0.0766333337839573,"Residual"
21,2000,0.35,35,2,0.25,4.99833896236078,1.00574659864067,1.98064404765372,0.0160791058939326,0.01599901276511,0.0599711187035705,5.02219987100779,0.955991184685008,1.80263394707854,0.0168349100609927,0.0162876229498443,0.0540466950268945,5.01042461479048,1.05204983732622,2.08230819257028,0.0374776447806627,0.0375017808487673,0.151368365654492,4.96409927426842,1.03093389862529,2.04346674645976,0.0203301806204481,0.0219866740968961,0.0713075265044515,"Residual"
22,2000,0.35,35,2,0.25,5.00945827031003,1.01635416058572,2.03506270382696,0.0158447998472048,0.0163944231917987,0.0617275774329452,5.04149608175562,0.957519747663021,1.85008513415216,0.0165941569465045,0.0165959512788964,0.0555564792668308,5.02097507524513,1.03626527393289,2.04180633053447,0.0378298190818296,0.0391634126110081,0.148907550384544,4.99421827453026,1.02601208809696,2.09673843149403,0.0201931865476722,0.0227753665959685,0.0726006140575934,"Residual"
23,2000,0.35,35,2,0.25,4.9829916125565,1.00800822102546,2.03690783795679,0.015851653458962,0.015796803440042,0.0620224223455079,5.01510279380826,0.96896482811991,1.83861320859822,0.0166576496775208,0.0162537814077271,0.0553418944517032,5.04934117465318,1.03225204313467,1.99828287047138,0.0382271105978143,0.0376781011678743,0.14581599425796,4.99409950986796,0.997883279856632,2.09551932454797,0.0203140336020593,0.0212943964135308,0.074008599545328,"Residual"
24,2000,0.35,35,2,0.25,4.9836446776929,1.01257843961648,1.92354378154082,0.0162995145461476,0.016402696790845,0.0582676393936766,5.01258323285067,0.950641163186582,1.7609141058664,0.0170099463606328,0.0164738356342483,0.0528446164596422,4.98481338214508,0.988579802794135,2.01091361823142,0.0381587753802502,0.0380731305047609,0.145265046535439,4.97498546635706,1.03516803012328,1.98977244316295,0.0208702970592111,0.0222962780886502,0.0692292508736839,"Residual"
25,2000,0.35,35,2,0.25,5.00122553809766,1.03873001494294,2.09278517347362,0.0156411896308649,0.0158641569490643,0.0634890172134336,5.02495271828183,0.981728842127035,1.87714803370975,0.0164919595200727,0.0162250198468782,0.0563279424877326,5.032367130435,1.10603156729407,2.09555308820577,0.0374465604584414,0.0374161663322436,0.153483720751438,5.00264530468424,1.04911211164966,2.18408441536917,0.0204704456874167,0.021276752817417,0.0483261223300123,"Residual"
26,2000,0.35,35,2,0.25,5.00021161641533,1.0182875166812,2.03513552260279,0.0158549309566907,0.0157205974756083,0.0618580571989612,5.02721302095113,0.960194687638977,1.83773142154336,0.016657625646881,0.0160702088487381,0.0552892784734146,4.96867839647364,1.05644185507802,1.98711279557226,0.0383793095932324,0.0376115033961696,0.143862392274485,4.99754745833579,1.01096558303094,2.07080845286707,0.020489922348571,0.0219779424105923,0.0723770830499713,"Residual"
27,2000,0.35,35,2,0.25,5.01103505078784,1.00149827228667,2.01195819133668,0.0159340389012363,0.0162036225578919,0.0610476974565236,5.04499856830678,0.946456669587356,1.81309144353077,0.0167593241730066,0.0166917916371024,0.0544262567195143,5.07263478491923,1.04237855959559,2.3470230704792,0.0353345903948043,0.0363243605704342,0.171803363818362,5.01743103513266,1.053882961786,2.1095008601862,0.0202786691725377,0.0230840829014595,0.0769292552381126,"Residual"
28,2000,0.35,35,2,0.25,5.01651957050831,0.966809480426346,1.96842846069347,0.0161102224758894,0.0160424670372346,0.0597191702801654,5.0375144143325,0.926242647984369,1.8468622855987,0.0166153444951708,0.0161775420302315,0.0556411106329388,5.02671217643785,0.920466289757477,2.23215572245261,0.0362841642732391,0.036252527709398,0.162491620155776,5.00559792791231,0.976857595699369,2.04923777831126,0.0203683747587758,0.0218240270273948,0.070779290434008,"Residual"
29,2000,0.35,35,2,0.25,4.99471269275681,0.998794276141631,2.01579093387924,0.0159221167126217,0.0159005684758226,0.061246802145085,5.00671729493833,0.944467833384918,1.84964276519832,0.0166037941180978,0.015928439337228,0.0556837462425727,4.95595527011743,0.994455805579894,2.26719404843606,0.0359602407496375,0.0357632094208004,0.165867611933988,4.98848264307728,1.01205502834429,2.12326289776731,0.0203248322869933,0.0205293516918069,0.0498633216026082,"Residual"
30,2000,0.35,35,2,0.25,5.0130198074214,0.995692708216044,2.00749271732361,0.0159497973764716,0.0159958925188287,0.0609272702153024,5.05057185741545,0.924425656931461,1.79818623669504,0.0168250985239928,0.016250045542388,0.053957491637915,4.99302048974496,0.973789882467645,1.85068579449839,0.0396838524279771,0.0413501770409914,0.132956638242552,5.00194759034729,1.00044775741699,2.02935849358257,0.0205878618080399,0.0222446705814413,0.0708871991318056,"Residual"
31,2000,0.35,35,2,0.25,4.98376093340287,0.980129989582522,1.92260207541208,0.0162926397263416,0.0167567593570661,0.0581512116426019,5.01066489903065,0.919993929734416,1.77261497693193,0.0169466815261531,0.0168343018877741,0.0531729565733391,5.02860025367647,1.01059768197357,1.99530801421881,0.038238451112455,0.0394689723685785,0.14505676002495,4.9878858776076,0.993133889082116,1.98606362792608,0.0201687282823779,0.0229628136589623,0.0681105094816663,"Residual"
32,2000,0.35,35,2,0.25,5.00804729606819,0.984696167131094,2.01214875051209,0.0159656463188277,0.0163910287072525,0.0609702493229719,5.04909562695314,0.909128349692481,1.79029951601914,0.0168879409080103,0.0166738368830188,0.0536100819766352,5.04571573920408,0.979385943323326,2.29132044183563,0.035725237347612,0.0385067983124444,0.167811277369922,5.00512762037113,0.98950019502079,2.04962451894827,0.0204778486162307,0.0225107754943022,0.0720452627714531,"Residual"
33,2000,0.35,35,2,0.25,5.01054156150683,0.986195634417816,2.04442667319933,0.0158166997833948,0.0159245415939708,0.0621622193068743,5.04653140019801,0.923568298362872,1.83970964745076,0.0166411673262061,0.0163518280181582,0.0553445941065789,5.01229432687385,0.947557037515324,2.08665301586588,0.0373813354829273,0.040019413893068,0.151763937726797,5.02040198692871,1.00922885583606,2.04596990733412,0.0199754721748531,0.02126691149403,0.0685531181251527,"Residual"
34,2000,0.35,35,2,0.25,5.00933500761534,1.03155251078661,1.94488227463892,0.0162081157425056,0.0161991341520903,0.0592504516538266,5.04316798789299,0.973040934744681,1.77676261322521,0.0169344757463199,0.0164318131444448,0.0536113689365425,5.00148852092519,1.01384958451613,2.00773782453614,0.0384529995949949,0.0405931127628783,0.146605218172996,5.02155821091246,1.09642128688756,2.02092883648998,0.0210602566746489,0.0233398307936492,0.0716601767100763,"Residual"
35,2000,0.35,35,2,0.25,4.99134673613888,0.979541860874696,2.00017837997099,0.0159901353582043,0.0154154894787323,0.0605928320575868,5.01941653668118,0.924580681103545,1.82906408072349,0.0166986065585618,0.0155846784260708,0.0549123909475418,5.00464968914879,0.923292637070258,2.39313169359627,0.0349773207545439,0.0341244961241522,0.174932899977323,4.9956756876992,0.991879752992359,2.10317370061919,0.0202468092703576,0.0211479553187694,0.0738038716203266,"Residual"
36,2000,0.35,35,2,0.25,5.00357098648674,0.988879915757373,1.98588779320074,0.016034700760615,0.0162862800696218,0.0603282073317627,5.04003305819107,0.931510150044799,1.77794500227868,0.016918054782071,0.0167832204052183,0.0533883664413427,5.03259467119325,1.01142928715895,2.12605802585514,0.0370665685460815,0.0376476886758659,0.155914945034754,5.02424547007675,1.01489496356368,2.05042319341658,0.0203656931685858,0.0233463006799481,0.0721496173693063,"Residual"
37,2000,0.35,35,2,0.25,5.00206430450869,1.0030974517386,1.94303397385497,0.0162136629185244,0.0167027073039727,0.0589359363717613,5.03586150540761,0.933568961074283,1.76495716971118,0.0169842333013242,0.0168583368166509,0.0530034437066791,5.003020077815,0.978012859578372,1.94869299302187,0.038687219074094,0.0403562885298175,0.14114822149432,4.99620144650019,1.01224842943428,1.96399885742044,0.0207546155361591,0.0227996564366396,0.0679061881859132,"Residual"
38,2000,0.35,35,2,0.25,5.01135045195264,1.00892793573748,1.96927813500106,0.0161167102041597,0.0159738027274407,0.0596211654852871,5.03331370490964,0.94837994390257,1.80339431994052,0.0168224144362785,0.0160498117815533,0.054106984433067,4.93238466206946,0.924841713078878,1.88713557730372,0.0393049972646191,0.0406742278870725,0.135779462913244,4.98605921374963,1.0181483917703,2.01051618472015,0.0208479685923823,0.0215533541504968,0.0696936430959945,"Residual"
39,2000,0.35,35,2,0.25,5.00818939113628,0.991724924509191,2.14224943247006,0.0154541797636673,0.0155373990110628,0.0652203555996733,5.03873326817214,0.942161684667422,1.94135266273727,0.0162078847159661,0.0158679917366403,0.0585198546961582,5.09182606580811,1.04572804883934,2.16572316812126,0.0367427050185358,0.0357179220639863,0.158265267062245,5.01448275544177,1.01215934883591,2.2145814017435,0.0197916938315954,0.0212105234239589,0.0780662496603783,"Residual"
40,2000,0.35,35,2,0.25,4.97299231631154,0.983656759460032,2.14166068652019,0.0154577683938583,0.0158377583499801,0.0654590568396582,4.9951190460735,0.928622874683939,1.94537686836403,0.0161944210744722,0.0161477942879081,0.058878174942475,4.97797989963467,0.981559105203251,2.13415569904121,0.0370230509312571,0.0375086324454584,0.157169880588707,4.97075580039055,0.974169213958922,2.25381794494247,0.0197200864659345,0.0210420711042304,0.0803659551215454,"Residual"
41,2000,0.35,35,2,0.25,4.99862870590676,0.989020068994609,2.01801790419267,0.0159093582658264,0.016259910039765,0.0612866691015237,5.01932724255678,0.926225299785352,1.85907364683922,0.0165554010297698,0.0161997920078939,0.0559809024229845,4.95308421226754,0.960295394410275,2.16694935289589,0.036777423270015,0.0377414446258914,0.157630417485685,4.99595716130352,0.991287603793507,2.07779418759456,0.0199405720533148,0.0220617298006881,0.0717131083009457,"Residual"
42,2000,0.35,35,2,0.25,4.97166210183473,1.01147361329204,2.02766012212968,0.0158868516913269,0.0158895231358431,0.0617554079948502,5.00769002153837,0.939873881057223,1.8198755999079,0.0167399520737593,0.0161008517837671,0.0548160830196392,5.02611640227811,0.987640534766677,2.30592791603057,0.0356137543073174,0.0365588579608119,0.169223528857279,4.98795667887997,1.04916543430124,2.0387109873119,0.0204707582283134,0.0226418930312479,0.0717922513544408,"Residual"
43,2000,0.35,35,2,0.25,5.00747786305153,0.996640288989906,2.01843073184552,0.0159137086982122,0.015788399814643,0.0612980244334208,5.04111499827986,0.938143932351541,1.83619926546338,0.0166626158400653,0.0158898634441083,0.0551967167965523,5.00204541636406,0.973563501669058,2.1284828357677,0.0370573954408619,0.0367137230115259,0.154920790357423,5.0247298236213,1.01283163892953,2.07929588261664,0.0201079719706899,0.0206715744950979,0.071673629187763,"Residual"
44,2000,0.35,35,2,0.25,5.02430099124779,0.996162783482004,2.07945244994941,0.0156828845802379,0.0153256183869583,0.0632596921447287,5.03708155427779,0.95398260506327,1.89412315804047,0.016410384186211,0.0156926240150299,0.0570616581701029,5.03501622062864,0.996737451080189,2.19925161726893,0.0366803829389253,0.0334345309368283,0.161308171687953,5.00707917306077,0.998808552692291,2.18321591609199,0.0200266610755426,0.0210472020168797,0.0772547725978487,"Residual"
45,2000,0.35,35,2,0.25,5.00747632016166,0.990729949479441,1.96378854216917,0.0161362269352053,0.0164131984166185,0.0595570558867469,5.01990878984201,0.95229871239199,1.81284914653523,0.0167717870895448,0.0166386868767329,0.0544945278269925,5.03350377621036,0.930611051114015,1.85323722627694,0.0396659471275228,0.0379143019439297,0.133705021913063,5.00943728705802,0.977430368481713,2.0139602367371,0.0200855901075423,0.0206208035142284,0.0687423945355171,"Residual"
46,2000,0.35,35,2,0.25,5.00250620402614,0.985342868631472,1.99966426577177,0.0159823661116425,0.0161609011151475,0.0606045330189084,5.03166238548129,0.923218957137444,1.83347040787083,0.0166682779410327,0.0162888305907477,0.0550897844477147,5.06231412120849,1.00155845842091,2.03659523243806,0.0380226814896329,0.0378431570988403,0.147370703137632,4.99180311599325,0.98166835604129,2.07786077285506,0.020162446155144,0.0216039278992181,0.071987044612691,"Residual"
47,2000,0.35,35,2,0.25,4.98597569998018,0.985775409002585,2.06501909461208,0.0157343229377426,0.0161229901131926,0.0629268691705957,5.00912674852475,0.927502353437593,1.92082175438754,0.016294156058912,0.016051146939425,0.0581150448720027,4.97793426344915,0.965625599982101,2.06161737912123,0.0376665177341805,0.0379370545896461,0.149950632494322,4.97191114250619,0.983358696142716,2.15678188638264,0.019560802441158,0.0210712650331428,0.0745306543888731,"Residual"
48,2000,0.35,35,2,0.25,5.01109948356476,1.00243261116143,1.91900103991267,0.0163127706291481,0.0164826170088586,0.058332263900744,5.04819034166477,0.943448214364404,1.73684235884267,0.0171246929656243,0.0167808740597552,0.0522065756710869,5.0290805616301,1.05672717316676,2.07527100916289,0.037525200430283,0.0384330284375919,0.152116505171333,5.00936555198654,1.02208289469104,1.94979417114174,0.0205542682736408,0.0226662680179806,0.0680011330941884,"Residual"
49,2000,0.35,35,2,0.25,4.96289198170458,0.998469391744365,1.9315697462103,0.0162693647375618,0.0163768568137242,0.0584942976388625,4.97331948053408,0.956432127542193,1.837138198694,0.0166726908999231,0.0162941569880134,0.0553452024091069,4.92543677329034,0.987982067998468,1.88158320515717,0.0393830997534385,0.0414356303140257,0.136159823271774,4.95200339957035,1.03469724920132,2.03758350826231,0.0202978954687452,0.0228092567259619,0.0699895678767333,"Residual"
50,2000,0.35,35,2,0.25,5.00952631168389,0.993450158056609,2.0000508645753,0.0159756057993832,0.0165184598194508,0.0607489095070176,5.03079396735261,0.938731040836319,1.82946778204888,0.0166829233844915,0.016729294587081,0.0550518985504283,5.00818455059627,0.965902246308116,2.01732445216393,0.0380418557618511,0.0377857492963161,0.147355591302224,5.01726157476667,0.999599470593264,2.0369058177618,0.0198517125978158,0.0225246479607922,0.0697974120049315,"Residual"
1,2000,0.35,35,2,0.25,4.98273122746684,0.994166720096449,2.07647845122728,0.0156927380888532,0.0159659494311736,0.0631902735668528,5.01009684740249,0.918831142899951,1.85099057468661,0.0165899909905028,0.0163424186739571,0.0557145432496986,5.00874900480193,1.00276565066102,1.96568179025118,0.0385395937778826,0.038069215222713,0.143174678265043,4.96857315328149,0.989932822423223,2.13111143300743,0.0203966437798915,0.0217553419836481,0.0756994273138651,"Residual"
2,2000,0.35,35,2,0.25,5.00066081964345,1.01757271968828,2.09468819979401,0.0156274248348664,0.0156890895852861,0.0639974567554119,5.04130108115953,0.940192848144368,1.84254988233251,0.0166294769450255,0.0160607942462701,0.0555485581732265,5.0148510810165,1.06652130946832,1.92600348714401,0.0389604153386055,0.0393082131314516,0.140168073628041,5.01811048425479,1.04575415535153,2.07986028057349,0.0203484066053792,0.021420258089475,0.0731362321185689,"Residual"
3,2000,0.35,35,2,0.25,4.97194972810709,0.989234590521377,1.97929770147365,0.0160721347944179,0.0158145497515151,0.0600310922407994,5.00227254330847,0.93309151779998,1.79528181092689,0.0168493907493129,0.016107096563588,0.0539112762071387,4.93502078250268,0.94504245139693,2.03890970958127,0.0378719211396713,0.0360816361337169,0.148059035117934,4.97177372226779,0.985525617618375,2.03716767222827,0.0204295297267182,0.0209540699503797,0.070611454952738,"Residual"
4,2000,0.35,35,2,0.25,4.98991250849341,1.01557560438725,2.03950829415247,0.0158312869863323,0.0160384999291013,0.0619592912361533,5.01762720874539,0.961796121012943,1.85320875202504,0.0165841478198509,0.0162677111497541,0.0557393745412589,4.99220069646422,1.09880253952742,2.11221777530475,0.0372722592083949,0.036678634286009,0.154216464065342,4.99286048867772,1.02244977596165,2.10564663149866,0.0202527202230655,0.0221007546996421,0.0738501227186523,"Residual"
5,2000,0.35,35,2,0.25,4.98879306030863,1.01227348425948,2.02584281979068,0.0158941534824037,0.0159458192450371,0.0615184517516944,5.02005310601763,0.947181454714912,1.80323792933813,0.0168183522918697,0.0162173409605525,0.0540913994365608,4.94621402811658,0.953811349994333,1.92733768875926,0.0389733297256153,0.0409110711895196,0.138714022454532,4.98770567859799,1.01041009606076,2.02358647641112,0.0202210066003819,0.0213238291245741,0.0695995846001248,"Residual"
6,2000,0.35,35,2,0.25,4.98840586431747,0.98380733754011,1.97521106868378,0.0160777075293548,0.0165290074500573,0.0598838554876302,5.0078734436977,0.926388027022956,1.79601478301778,0.0168409476316891,0.0168797566269688,0.0539104519241362,4.96700970774107,0.955799629296013,1.93007560173495,0.0388758701748826,0.0395108718403542,0.139638916614796,4.99459119356183,0.986873331894501,1.96096689705271,0.0202856790609863,0.0218969477132656,0.0665211858034149,"Residual"
7,2000,0.35,35,2,0.25,5.0028856627796,0.990671987741628,1.9685837200708,0.016108960209643,0.0160633240924567,0.0599091076576214,5.03080409442168,0.940028104818902,1.80102573565463,0.0168189727288122,0.0163820493124294,0.0543087774566368,4.95926633114744,0.938733509021924,2.07520920150751,0.0375894186408882,0.0355273617600893,0.151330515485515,4.99463181561635,0.993501655409007,2.00820781091335,0.0202460253466341,0.0214048630401769,0.0690350765381849,"Residual"
8,2000,0.35,35,2,0.25,4.98573533074262,1.0193065214137,1.99352816874427,0.0160277556395194,0.0163201022065672,0.0605596640712091,5.01412070866818,0.95128235273413,1.81550539519617,0.0167679388947613,0.0164575893571108,0.0546249043756687,4.98155178106289,0.936490690271334,1.95766487971288,0.038687324965775,0.0368936679376926,0.141959417321797,4.98080576229948,0.995516945127121,2.03993160466473,0.0202199892147459,0.0212953307015662,0.0700888131681943,"Residual"
9,2000,0.35,35,2,0.25,5.01867862913204,0.989858809429791,2.02341277348014,0.0158995287365966,0.0156498598915743,0.0613085624501104,5.05123073506938,0.938360096719848,1.81038501665242,0.0167793355852555,0.0161680343634908,0.054248323427705,4.99713730037518,0.996434258773476,2.04710514108896,0.037799312012861,0.0364629066035511,0.149115043897939,5.01513085530688,0.991155841450308,2.05527380383459,0.0205212332362737,0.0206708498833956,0.071306785928247,"Residual"
10,2000,0.35,35,2,0.25,4.97158950454021,1.00677088917227,1.97637158791896,0.0160883632470709,0.0160212977212625,0.0601491916196501,4.99678174178453,0.950389496423654,1.79778688512469,0.0168430149924662,0.0162437032249772,0.0541662265226701,4.91082608289166,0.985361277119282,2.1127080639283,0.0372185722287383,0.037917461109275,0.155309113907937,4.96839409588135,1.01296262090062,2.03486371991183,0.0208714975394225,0.0229453440644158,0.0682426606037869,"Residual"
11,2000,0.35,35,2,0.25,4.98221199884504,1.02107276994917,1.99944440054318,0.0159976279218564,0.0159088007893476,0.0607246821215769,5.02175344094879,0.960175216147933,1.80132652705013,0.0168220611246667,0.0161612163771713,0.0541239968430634,4.97867690282696,1.01567060640846,2.04987121942526,0.0380362618245503,0.0365519393627943,0.148953851226018,4.96950184590254,1.01430741121188,2.03345855058917,0.0202958079120686,0.0210247572876485,0.0702682022377255,"Residual"
12,2000,0.35,35,2,0.25,5.01297633689467,1.01221777458758,1.84594593220625,0.0166393814456842,0.0165124562308323,0.0556911365490056,5.04485135872276,0.952012049108197,1.67035225543571,0.0174663487025508,0.0167952301801952,0.0498584433827133,5.03835649903327,1.02306115232447,2.01606107325303,0.0381891496336341,0.0396188704961838,0.145945411793914,4.99777461517566,1.03829203005659,1.86956680507023,0.0214785484620649,0.0228481393282645,0.0642321023065175,"Residual"
13,2000,0.35,35,2,0.25,5.01101004939421,0.986332802921482,1.97972180726011,0.0160577519063175,0.016427919625621,0.0599435472447622,5.03013566154539,0.923530091314267,1.80274663963669,0.0168044506998675,0.0165192213952905,0.0540708065335671,4.99155960796973,0.945544336158075,1.94200849514051,0.0387453124517069,0.0402507141064029,0.140891309739873,5.00719817177469,0.990378653284398,2.03630538034434,0.0206220592415208,0.0222706693986561,0.0710353833463101,"Residual"
14,2000,0.35,35,2,0.25,5.01718589057137,0.99790722311171,2.03149814340843,0.0158609384887622,0.0163873706776192,0.0616251243865813,5.04895775976847,0.940391992633751,1.82950724129513,0.0166872164443567,0.0167315235138993,0.0549078378251613,5.05045194891481,0.995528313076465,2.08843686482536,0.037438863204038,0.0381437985015335,0.151087228908206,5.02177531012102,1.00091201395396,2.04056806591431,0.0201165905266688,0.0226419673149378,0.0698308839568535,"Residual"
15,2000,0.35,35,2,0.25,4.99460815148285,0.979264710219239,2.04592941410923,0.0158196911281913,0.0155168621346614,0.0620791023597882,5.01587650191276,0.922195109860584,1.87367833048213,0.0165120035919024,0.0156281713743168,0.0563802804958505,4.96606196707309,0.999230357800156,1.86788643419812,0.0397377349924929,0.0404712932619418,0.135253601349169,4.99353643399488,1.00626666113038,2.13697784941983,0.0202000972019335,0.0216603850430109,0.0749800970611424,"Residual"
16,2000,0.35,35,2,0.25,4.99205417676335,1.00405625794776,2.02211878217825,0.0159055446346908,0.0155899230519882,0.0613913150836559,5.020456234199,0.947274184064158,1.8370963756488,0.0166611266993237,0.0157809462384257,0.05520800474017,5.02554289340046,1.02854057453079,1.87031876723227,0.0394825913623163,0.0385589747066158,0.134344752756449,4.98789629168035,1.03742835319839,2.0613458080079,0.0203498159746736,0.0212124052491108,0.0714821537202484,"Residual"
17,2000,0.35,35,2,0.25,4.99435096796549,1.01354082957511,2.05011016736354,0.0157950755515438,0.0160421576845452,0.0625863370469167,5.03160003499714,0.958785232969988,1.83195853023833,0.0166779112757546,0.0165486353816636,0.0552518621071466,5.06644026243375,0.98348849602675,1.91397494645673,0.0390163427573424,0.0393698949574253,0.139264281308728,4.99278344935839,1.0140114676136,2.10716982365091,0.020579904260606,0.0220391652294073,0.074715508691309,"Residual"
18,2000,0.35,35,2,0.25,5.02133311589412,1.03366936881281,1.95114875516469,0.0161811655456697,0.0166497230974577,0.0590078538039379,5.04946027093798,0.971418990573362,1.75361436243699,0.0170430071640541,0.0169683370288413,0.0524611600278143,5.00661172515068,1.04177578795329,1.95997598162519,0.0386158239269845,0.0396267197640347,0.141178653724222,5.00961488116763,1.0521798320408,1.96910407570226,0.0206612132748378,0.022453260916935,0.067755333838681,"Residual"
19,2000,0.35,35,2,0.25,5.00590291358572,1.00987575361245,2.0788421320121,0.0156879585105278,0.0156539377412764,0.0632103850796873,5.03681640890403,0.954700447708288,1.86754079189389,0.0165245842305361,0.0159173148372769,0.0561541513986447,5.02398876776325,0.955673310892487,1.99507327152447,0.0382778160422469,0.0386626883388043,0.143684479499695,4.99544167177352,1.02388092649809,2.11597800566489,0.0201943834800759,0.0211391791229731,0.0735977822399786,"Residual"
20,2000,0.35,35,2,0.25,5.01465786026569,0.96253486757569,2.09079108640505,0.0156336738438585,0.0159110113115356,0.0637399145937985,5.03778881227732,0.916525613738108,1.91709256453666,0.016305772207168,0.016270318778767,0.0579098378869081,5.01049202604418,0.985631520672008,2.33813075218092,0.0353729153782801,0.0366465294250101,0.171805018794671,5.01958205128666,0.992915799793595,2.13707159957546,0.0197859945897092,0.0218251688576213,0.0739961138500381,"Residual"
21,2000,0.35,35,2,0.25,4.9816793433809,1.00238955020245,2.02774445248404,0.0158870122083421,0.0159903761112853,0.0615555968830461,5.02059847083482,0.934199951630598,1.80567121957766,0.0168008908249122,0.0162886935962802,0.0541590991805331,5.01197362072479,1.04500590133722,2.14292845097704,0.0370410627358169,0.038596072282913,0.156185258670695,4.98496622745743,1.03348757032732,2.0671423491768,0.0204912765178461,0.0224377719240738,0.0734712627768728,"Residual"
22,2000,0.35,35,2,0.25,5.00635595049769,1.01622393535096,2.01772874448126,0.015917359911547,0.0159070516015238,0.0612480012945895,5.03593249501637,0.949755419504481,1.81511641374448,0.0167556380657852,0.0162020816413705,0.0545100083923694,5.00574493970152,0.961252351400354,1.90643181210957,0.0390943583424953,0.0402758743761373,0.137654755338994,5.02232505141011,1.03705597058845,2.01810597176072,0.0201738881393583,0.0223270921067575,0.0685912277352612,"Residual"
23,2000,0.35,35,2,0.25,4.98229908512221,1.02068594183851,1.88170197435648,0.0164857856953917,0.0161598537235041,0.0569298784847648,5.00782654124014,0.969248893554201,1.73260692997995,0.0171567899857076,0.0164262533246262,0.0519776791077404,5.04983980986753,1.00964685789872,1.73222130669724,0.0410090840946345,0.041857947176891,0.124721409843987,4.97710766660908,1.02228931477803,1.94319111625253,0.0206078321237193,0.0221781515130818,0.0665833531770595,"Residual"
24,2000,0.35,35,2,0.25,5.00142303444807,1.00434627348236,2.01301203149385,0.0159351431152027,0.015956946443594,0.0610972671203675,5.03176352101705,0.93872631434024,1.78285984722842,0.0169045087413844,0.0163106369095556,0.0534304465980721,4.9778612513916,1.00052085241303,1.94963994438488,0.0387694927697435,0.0378126631023755,0.14133024170217,5.01148117725543,1.01864503368618,2.04272937865482,0.0208561752467041,0.0214939151769828,0.0737203684895281,"Residual"
25,2000,0.35,35,2,0.25,4.99722155741646,0.976649681342863,1.92319669270243,0.0162919374857189,0.016286260616254,0.0583729199251802,5.02574701019994,0.928113367010531,1.76643610426067,0.016978915908724,0.0165865360775278,0.0531354574642395,5.05342208104737,0.937023194423273,1.80760354027114,0.0401831360053637,0.0396109466973197,0.129736029330536,4.97642512091944,0.977150261492439,1.95733111030504,0.0203841135445222,0.0215103256445444,0.066929151960941,"Residual"
26,2000,0.35,35,2,0.25,5.00597568710221,0.986874292750212,2.04119702295664,0.0158432000004211,0.0156111929770632,0.0619096631977431,5.03145711133644,0.932696584990789,1.88465576559894,0.0164668270050052,0.0156550681623759,0.0567035555317788,4.97926360606749,0.990882949135306,1.89286506362551,0.0394268458399121,0.0351890700618478,0.136912139474107,4.99746212150186,0.989070073368113,2.11487807452849,0.0202996807099579,0.0209858559104227,0.0730672958179719,"Residual"
27,2000,0.35,35,2,0.25,5.01186345198716,0.988783247627636,1.96807331086334,0.0161042031274263,0.0166607583494045,0.0595676731473031,5.04654470782723,0.939555729104755,1.79090055086087,0.0168601768579552,0.0169966812824913,0.053675144296726,5.03447646276998,0.922328265378536,2.04842082513073,0.0377133538257516,0.0400823868390217,0.148470030784826,4.99545920430186,0.998330483025404,2.02378785766038,0.0202355754254325,0.0222812154252438,0.0696497886502129,"Residual"
28,2000,0.35,35,2,0.25,5.00001452312119,0.992877125755004,1.96974545659376,0.0161048397566625,0.0161208707457648,0.0595966277368656,5.03783153340097,0.94218382568619,1.78204625066984,0.01690860813866,0.0165349743567009,0.0533664637361921,4.90715303831671,1.03221569071512,1.97889136559277,0.0384681957393235,0.0399037608478245,0.143377370439251,4.95629016074464,1.02657101093826,2.05017152094613,0.0207668206480289,0.0225313493459594,0.0720384775657215,"Residual"
29,2000,0.35,35,2,0.25,5.00539022218279,0.998831347000113,2.02016660187008,0.0159229138532623,0.0163386891985071,0.0613374782327593,5.02896850187843,0.939781742517288,1.8426505201943,0.0166511076695159,0.0166155208855978,0.0554303234160873,5.06521358801079,0.999714310355643,1.84442040819865,0.0399425163826341,0.0408246546111496,0.132103099023514,5.0080478186654,0.995278626948917,2.06877757866893,0.0199747962004479,0.0225083911830283,0.0713368456355098,"Residual"
30,2000,0.35,35,2,0.25,5.00403257507993,1.0017477138373,2.00580702881375,0.0159579666004979,0.0165876042056666,0.0608504836213687,5.0373309824585,0.932353498086927,1.84463093204972,0.0166162312548339,0.0166252682952072,0.0555068627736651,4.99849625455238,0.976106798448456,2.01757587711319,0.0382362496036494,0.0373645022061316,0.146437296834043,4.97694080297086,0.984881902311846,2.07198656788627,0.0199255888478897,0.0225588957975394,0.0711284118110302,"Residual"
31,2000,0.35,35,2,0.25,4.99559480132204,0.989365027894947,2.08995293780137,0.0156475245782552,0.0156161447366891,0.0636073223062617,5.02440568009434,0.935972853034236,1.89525528092708,0.0164063618439196,0.0159534251922466,0.0571221976735576,5.01168027982654,0.944347581289529,2.06869542472842,0.0375724708088128,0.0366548413425867,0.149891392336872,4.99897240287754,0.9977600025559,2.17230324097026,0.0197257273211258,0.0205451452926222,0.0762577759942149,"Residual"
32,2000,0.35,35,2,0.25,5.01548231995114,0.976573078038617,2.05312227415214,0.0157793198615598,0.0154916647886103,0.0625353386176385,5.04090502627972,0.929662013084751,1.90165526676897,0.0163739492773899,0.0156012661631222,0.0574530305817193,5.00770632247284,0.988407605375001,2.25008312305244,0.0363246068684164,0.0352706912326613,0.164345779461147,4.99916651760925,0.97629946229224,2.12728070641213,0.0197009231985892,0.0206316345955483,0.0733360452281352,"Residual"
33,2000,0.35,35,2,0.25,4.99849577471783,1.01160009497758,1.9881074371227,0.0160344391837807,0.0163769495207531,0.0602846869518053,5.02898968863626,0.953759318423281,1.79027219172978,0.0168689287816269,0.0167252034343583,0.0536929244990523,4.93239749332823,1.05211057334404,1.89865053675464,0.0393839081635335,0.0404568809764804,0.137522447772223,4.97410480174466,1.02683655807922,2.07433724960727,0.0208291185763667,0.0230718838857934,0.0725890070708012,"Residual"
34,2000,0.35,35,2,0.25,5.00164884783875,0.991908655947318,2.02814093053469,0.0158984536735234,0.0156903115161702,0.0616527940687302,5.02778622648511,0.930702488048356,1.85936936556824,0.0165790460720358,0.0158306389618497,0.056028599654207,4.97566237920433,1.02180953062134,2.04758218843364,0.0379595819465073,0.0375581361911834,0.148041004688312,4.99179703751295,1.00687448510908,2.07689394992151,0.0206973288598284,0.0221442005402224,0.0725827295911826,"Residual"
35,2000,0.35,35,2,0.25,5.00027436478228,0.989965442273529,2.03521469177105,0.0158439507447685,0.0162136092129722,0.0618428452006852,5.03749551152456,0.928230424373736,1.84215334392467,0.0166253848013712,0.0164626763083393,0.0553898916820034,4.98553833699019,0.892418379403549,2.12969288102916,0.0370378971809794,0.0363428031843822,0.155077386451218,4.9943748956583,0.968754906995938,2.05337166632038,0.0199821382295747,0.0214611493662118,0.0704538342026362,"Residual"
36,2000,0.35,35,2,0.25,5.00015098732636,1.0132763753219,1.95261818138104,0.0161735180005548,0.0163183139104365,0.059168268798324,5.01909776389501,0.958744519445023,1.82901688975462,0.0166929714906338,0.0162959216617485,0.0550664454745755,5.00695929130269,1.01719151319387,1.99546350413545,0.0382507365500812,0.0395395583170035,0.145048681534116,4.99265399957513,1.02036254152774,2.02852455382082,0.0202720399127571,0.0223082725802248,0.0702469980905094,"Residual"
37,2000,0.35,35,2,0.25,5.01936782862702,0.999223553321539,2.07363580677466,0.0156991840844711,0.0160814645396692,0.0630247076881903,5.04878961003474,0.93208493233721,1.88352634102864,0.0164472452934134,0.0161638300472569,0.0566953147052917,5.00223533261887,0.934980821045666,1.93290438145861,0.0388255990755355,0.0399653467001888,0.139913788781134,5.01297414250507,0.985321858055967,2.10972014661067,0.0198419244546295,0.0218634784515153,0.0727247371243022,"Residual"
38,2000,0.35,35,2,0.25,5.0102436539342,0.964491238752596,2.05979354910933,0.0157495342805708,0.015883561599262,0.0625325770415586,5.03559631992185,0.901866783240237,1.8656798926928,0.016524290802485,0.015995818941537,0.0560597358035728,5.00111161242032,0.96814393664836,1.85363575419685,0.0396886350321007,0.0385142938855533,0.134300210637887,5.02147731304456,0.977329306571659,2.08161390726083,0.020371101678694,0.0206627537730564,0.0723364922576933,"Residual"
39,2000,0.35,35,2,0.25,4.97977263006447,0.999565330030521,2.12342829587892,0.0155301867001957,0.0155219297603763,0.0647401243504086,5.00557530237508,0.938718792681895,1.93744088711094,0.0162329078991153,0.0156110390445701,0.0585247113986006,4.92911093712099,0.952942087532912,2.11497975490148,0.0372459256316813,0.0385872754256803,0.153766448577208,4.94442320935462,1.01229368592319,2.22885300864296,0.0204068073281521,0.0211592824982579,0.0803408458923584,"Residual"
40,2000,0.35,35,2,0.25,5.00147378043219,0.997302164493334,1.91628753933595,0.0163240138963182,0.0158854148820895,0.0580006961479099,5.03336488050523,0.945362820958915,1.75691016504572,0.0170255007783713,0.0161672763076928,0.0527026433771366,4.97058989832964,0.9859505800136,2.01412751390037,0.038129179599599,0.0363592822567423,0.146294846815139,4.99629117247573,1.00514876598822,1.9773164840208,0.0210828639094928,0.0211773941245213,0.0699416314548044,"Residual"
41,2000,0.35,35,2,0.25,5.00309338094294,1.01185040103278,1.98209296791013,0.016060070953597,0.0159369487745127,0.060127563261878,5.02226543836389,0.964093223094087,1.79523394587157,0.0168573844710507,0.0162390098103252,0.0538741024043315,4.97908337112227,1.01762856841177,2.11809112032785,0.0371872372184398,0.0364403929330195,0.154785931222122,4.99594809778807,1.04406091997736,2.04957283543391,0.0206541533370035,0.0219797864213271,0.0723040048376067,"Residual"
42,2000,0.35,35,2,0.25,5.01037426210133,0.999988475781595,1.99317091102804,0.0160116804846546,0.0161537800647543,0.0602842377145372,5.04578397975388,0.944773110429926,1.80797651342327,0.01678522282298,0.0164887436473244,0.0541593709330516,5.01246197608088,0.97039931070387,1.90419613137799,0.0391700304767215,0.0393906598109575,0.137903645985663,5.00408937376935,1.00236321515162,2.0265845854182,0.020379157733776,0.022500266048676,0.0693988379803706,"Residual"
43,2000,0.35,35,2,0.25,5.05046520828463,1.01739675213973,1.87397433506878,0.0164963544913092,0.0168475424262425,0.0566789092053974,5.07361614443794,0.953711238145813,1.72030685155304,0.0171965919352251,0.0168877171492394,0.0515560296821611,5.03943039573434,1.00517099110477,1.81725575374412,0.0400175813776574,0.0424041046269168,0.131261101103321,5.04157676011015,1.03291643214727,1.92616962680184,0.0210841450463905,0.023508018727378,0.0669596298893351,"Residual"
44,2000,0.35,35,2,0.25,4.99974315443106,1.00976538754968,2.00523024500544,0.0159672727648706,0.0157379918918654,0.0609272617357322,5.03468936945181,0.961112660279956,1.82786575705364,0.016697450425173,0.0160641088205491,0.055006261658345,4.98077950270754,1.04827589109867,2.05641318449377,0.037760372275231,0.0374906484175183,0.149718569744318,4.97275120224061,1.04343943165969,2.17363045740038,0.0208091453144949,0.022350155891976,0.0806122921808512,"Residual"
45,2000,0.35,35,2,0.25,4.99167953497672,1.01614633659547,2.05913519916438,0.0157649145389158,0.0158556449536048,0.0625245971662639,5.02519563327889,0.953184587212528,1.84887326860009,0.0166076434300435,0.0161300900120717,0.0555270747518185,4.98785489572723,1.02216602253881,1.89742680832891,0.039215738023954,0.0404685186576328,0.136714436429915,4.9916470778854,1.02901252309082,2.10222501745756,0.0205701548998018,0.0222254051411312,0.0732529818043316,"Residual"
46,2000,0.35,35,2,0.25,5.0113501195373,1.00532412693248,1.94039029663152,0.0162258372610204,0.0161592820768919,0.0587088933102987,5.0471246772169,0.949969256816611,1.76242675679934,0.016997657207277,0.016402865698251,0.0527853175029061,5.00221479332413,1.03838130425558,2.05779051913158,0.037716424090169,0.0369500091384716,0.150582513259148,5.01662250531609,1.01360724193583,2.01298211598139,0.0207328199586792,0.0231984224997657,0.071430675750789,"Residual"
47,2000,0.35,35,2,0.25,4.98608149875645,1.00720000125609,2.08164022586044,0.015673020009085,0.016459649928462,0.0632917897747879,5.01622865174267,0.951710840798035,1.87439358297765,0.0164901372950884,0.0168003970946102,0.0563723325363366,4.99477341605653,0.979996814598999,2.23999047741813,0.0361572497465476,0.0368915082801622,0.163359089454691,4.99937576691603,1.01743703211002,2.10731014088398,0.02001842644607,0.0222027675651241,0.073720259345837,"Residual"
48,2000,0.35,35,2,0.25,5.01807542649546,0.987271357395295,2.01868540206214,0.0159063562312507,0.0158586215629587,0.0612666715568675,5.05318470116512,0.932056235421455,1.8114368665337,0.0167664399134149,0.0161855104578552,0.0543439758122438,5.04302466915818,1.01647795941717,1.90683513800721,0.0391396354275397,0.036273459654086,0.1388007156213,5.02108534591987,0.980738536852772,2.01008355554904,0.0200003047815601,0.0207254895530432,0.068340679055092,"Residual"
49,2000,0.35,35,2,0.25,4.9952366845629,0.986239998146357,2.08907091701917,0.0156427360599377,0.0161923449113813,0.0636611448805536,5.01670604806964,0.92531876184633,1.93412638606043,0.0162365464708954,0.0162066926853216,0.058494133475035,4.9469632703597,0.983666244338143,2.16044269502255,0.0368139061982025,0.036969034218414,0.15899202955717,4.98238532320576,0.978841841040831,2.196398462873,0.0200709584719189,0.0224260384176327,0.0774266034377291,"Residual"
50,2000,0.35,35,2,0.25,5.00415913063534,1.0194401391086,2.05299133530644,0.015791157444549,0.0153579783045423,0.0625482360092912,5.03240372145144,0.97115687236324,1.84985481543019,0.0166103687234419,0.0156609886322064,0.0557097322940679,5.0148669177929,1.05361391097518,2.04955049024518,0.0377739322870969,0.0388832916096962,0.149024643124312,4.99919474719307,1.05654403629308,2.12570707973813,0.0205395266495757,0.0224224662385536,0.0755690607947264,"Residual"
1,2000,0.35,35,2,0.25,5.01531243147786,1.00775845038069,1.96341132840065,0.0161484191150081,0.0162022979025106,0.0594577923824783,5.04831433788148,0.936893247130821,1.76832798532019,0.0169867271605741,0.0164439199949561,0.0530018076578477,4.99489605307167,1.04321770947925,1.83905572470722,0.0399879326222062,0.0387736334830047,0.133097118745037,4.99795233173584,1.02538481374344,2.01945755110907,0.0207693249145026,0.0219386405491693,0.0704140890946851,"Residual"
2,2000,0.35,35,2,0.25,4.98138582668655,1.00793801146907,1.95557257608948,0.0161668210530028,0.0161497803699081,0.0594433632726401,5.00724005766295,0.946329081000052,1.78927176853632,0.0168772088952975,0.0162856168599464,0.0538912182076841,4.95669144099783,0.989913174437858,1.93900729982584,0.0388436659128934,0.0368866702323387,0.141449304456293,4.96831215726509,1.0052351944027,2.01737431146101,0.0203931329143309,0.0214850580318317,0.0700586185866369,"Residual"
3,2000,0.35,35,2,0.25,5.00375015388863,0.976242040310777,2.17553200471689,0.0153369617660408,0.0153917889655297,0.0662426195876912,5.03778138172212,0.918794356896162,1.95160395738129,0.0161627023118454,0.015764601698046,0.0588002660910194,5.02514890332157,0.95803796494199,2.14164996284484,0.0370218436556937,0.0378682253646578,0.154998749381703,5.00037116217127,0.975592812585098,2.20533524840357,0.019456809086269,0.0208044947759251,0.0760264444900719,"Residual"
4,2000,0.35,35,2,0.25,4.98791438825589,1.00525035044464,1.92886936907673,0.0162727579898133,0.0165889659925387,0.0585212140348896,5.01372404206106,0.962113331359451,1.75891566781421,0.017018179979326,0.0169792130353953,0.0528355852438444,4.90800250773263,0.982114861456581,1.96612988472215,0.0385661194664468,0.0403802225176536,0.144227485332455,4.96640752414624,1.02925634175458,1.98180138323486,0.0211263102327509,0.0228109722289658,0.0702651008878434,"Residual"
5,2000,0.35,35,2,0.25,4.99859658062415,1.00277611690916,1.94126540501665,0.0162317404137817,0.0164783721860031,0.0588012946130175,5.02475352129344,0.940818529989526,1.77011121410456,0.0169754781434523,0.0166194484988401,0.0530992531171611,5.01302661780416,0.985615557789244,1.71758062175601,0.0412932915460237,0.0406921657314817,0.122858993386782,4.99165790682077,1.00417742353391,1.99985477183515,0.020694933533925,0.0213164531397977,0.0684637837855086,"Residual"
6,2000,0.35,35,2,0.25,5.00986838884637,1.04001483919561,2.04772855460454,0.0158060518500985,0.0162943011298446,0.062058014845001,5.04694443948725,0.974907458669677,1.8233713682012,0.0167194304571347,0.0167238139773692,0.0546142361021049,5.07399386788535,1.06519829479397,2.01537895828216,0.0383098114977065,0.0410438748291981,0.145210925881102,4.99799710781891,1.05021415923971,2.05753439799136,0.0199418867696948,0.0231270207663871,0.0706168660120021,"Residual"
7,2000,0.35,35,2,0.25,5.02303141751584,0.995330258355704,2.12073434705129,0.0155295250626936,0.0157479066838117,0.0646999362518087,5.04507447045286,0.949670167426924,1.93635478045546,0.0162313882256334,0.0160505782813188,0.0585006289419562,4.99724090102322,0.971881500010193,2.22616057483851,0.0362627552476291,0.0361873421318879,0.162345748543234,5.0360933203629,1.00288197009848,2.17348533059725,0.0199995917375732,0.0216863459183369,0.0760048101404218,"Residual"
8,2000,0.35,35,2,0.25,4.99336639205015,0.993633214555096,2.00961989996242,0.0159479963877842,0.0160712990195952,0.0611796338577079,5.00858186427955,0.941701923407376,1.82951998715295,0.0166901247917752,0.0164180366182435,0.0551421529112314,4.99370396031067,1.02306945938958,1.9418248878966,0.038767312438224,0.0400761255924336,0.140332955752047,4.99167833456497,1.01579257161161,2.05034969537833,0.0203523106913734,0.0225484856011778,0.0706997631556079,"Residual"
9,2000,0.35,35,2,0.25,4.98412928559602,0.990248478102142,2.01999174317607,0.0159103058908053,0.0159198743950323,0.0613428835746835,5.00537301519982,0.936188441714921,1.83083282915758,0.0166866445530781,0.0161648622911325,0.0550461189214628,4.97287198386499,0.959459305847216,1.83533237674067,0.039846691468829,0.0408362462137983,0.132603874154566,4.98710139670243,1.01112187578282,2.0596858862036,0.0204020714055866,0.0215414149580577,0.0721548698572093,"Residual"
10,2000,0.35,35,2,0.25,5.00425665111195,1.00087877380771,1.94369237937463,0.0162145661355029,0.0163881775674645,0.0588547181339386,5.04861666181481,0.929710028476365,1.7306110130364,0.0171483786137177,0.0167257564079834,0.0517759412603742,4.97538732377437,1.03179871299628,1.76149183297514,0.0406985795918026,0.0408983663774173,0.127166958863914,5.00498398984299,1.00286357598536,1.95274091850949,0.0211432113862094,0.0230649897130204,0.0606165007385231,"Residual"
11,2000,0.35,35,2,0.25,5.01358208197092,0.982956182672279,2.06054383725789,0.0157476536975625,0.0163435039061323,0.0625341957659747,5.03765086963575,0.928276613835466,1.88491283194868,0.0164430660631673,0.0165922158329192,0.0566827414373452,5.00318087119211,1.05923695391689,2.23336120132814,0.0362036962020962,0.037909028558589,0.16235847515141,5.00893024082106,1.00202284014728,2.13954535218411,0.0198122546731599,0.0227615600970312,0.0748104708348977,"Residual"
12,2000,0.35,35,2,0.25,4.97851801204394,0.983345999942242,2.07364711843121,0.0157121391268918,0.0154535673107026,0.0631718246724186,5.00228457491291,0.92384751236773,1.88685056773382,0.0164463664548948,0.0155686365705726,0.056911164720616,4.97570452272342,0.962666138833189,1.96617219868003,0.0385256916373779,0.0384059140969786,0.141973932626126,4.99541062922173,0.992465162768083,2.12471414438315,0.0199315861330378,0.021362974829006,0.0739882000314692,"Residual"
13,2000,0.35,35,2,0.25,5.02036129708249,1.01773885612553,1.97955887771264,0.0160654354229337,0.015955203641673,0.0599081089694311,5.05004862384001,0.954107905542095,1.78057054777263,0.0169118832304804,0.0162056302785296,0.0533150620480949,4.96287816742918,1.04630552577526,1.91034424812581,0.0392343671047202,0.0379241042573363,0.138684662002292,4.99213099306072,1.02266737257302,2.01504835575408,0.0209578097548625,0.0221038725149459,0.0702610848694211,"Residual"
14,2000,0.35,35,2,0.25,5.02189343659306,0.980706445604834,2.04982257259833,0.0158128616198928,0.0156495930164641,0.0620929169237484,5.05480205170783,0.920295890476917,1.8595597166186,0.0165728944980372,0.0157897808316364,0.0557805847204803,5.06011814861549,1.03270896027019,1.84649958320028,0.0399814436439071,0.0409234056598163,0.131967586769343,5.00523578552812,1.01182341119062,2.07906302231742,0.0200435403151066,0.0211476427299582,0.0713921777468428,"Residual"
15,2000,0.35,35,2,0.25,4.9939642118055,0.981302269472279,2.03187595841752,0.0158563024476119,0.0162687438082232,0.0616808459338025,5.02813524907998,0.912959409522078,1.84423676573544,0.0166184988648704,0.0163734274045048,0.0554430051228044,4.99089550481355,0.980317227885236,2.07497117444635,0.0375059481885409,0.0398190121892843,0.151013062142395,4.99997305663495,0.990224637765412,2.10053967639604,0.0203311742523144,0.023159462836707,0.0715122604259824,"Residual"
16,2000,0.35,35,2,0.25,4.9894727370847,0.988046292929134,1.98537836004457,0.0160450410515988,0.0159699406422259,0.0602388735796274,5.01136708123188,0.926072522353521,1.80277331967978,0.0168148215341746,0.0161787575930418,0.054158300373689,5.00992866019502,0.922107243551028,2.05330867122732,0.0376996383387142,0.0371791676987643,0.149389440127758,4.96880366289255,0.980975900969597,2.03950592629209,0.0199341325135267,0.0217540333289266,0.0696819311608332,"Residual"
17,2000,0.35,35,2,0.25,5.01139276864757,1.02493797353128,2.08194163198674,0.0156790054658941,0.0158895203717816,0.0635826015752266,5.03966783381221,0.966215913883828,1.84520383078197,0.0166226094582534,0.0163539719326077,0.0556299294302297,5.03863523012273,1.05205143825447,1.89181136262197,0.0393370444316182,0.0406722144507092,0.137062797848376,5.01081578174596,1.02944519137737,2.1165277128278,0.0201386134557402,0.0217350742288386,0.0738426379649117,"Residual"
18,2000,0.35,35,2,0.25,4.99873865177075,0.996001018467042,1.95277739200835,0.0161731279649576,0.0165857998089842,0.0590650413001225,5.02820896578249,0.9344040163971,1.74806686938223,0.0170687475624608,0.0169986154333122,0.0522699267177362,5.01896978851897,1.01203945874525,1.94104354090743,0.0388083977798964,0.0408406977842042,0.139670158058025,4.99238762866994,0.990008463113655,1.94775886838193,0.0202357011830553,0.0223406343293943,0.0661824504458174,"Residual"
19,2000,0.35,35,2,0.25,4.96500539983734,1.0037569098145,1.96495887374363,0.0161368293431693,0.0163438982069878,0.0599251585571927,4.98619694083899,0.941151692513442,1.78581389191286,0.0169007827437128,0.0165108165111862,0.0539070093932198,5.00144915133494,1.07074661288297,2.06858813313744,0.0376108193663796,0.03856706361005,0.152254650262336,4.96567450989013,1.03313297067484,2.02278576198841,0.0205947586444969,0.0234891585927929,0.0711022080902277,"Residual"
20,2000,0.35,35,2,0.25,5.02881767074256,0.989733554514388,1.89973928297552,0.0163894534311792,0.0162348119500711,0.0575709456699588,5.06269926442762,0.931173795211789,1.72186187440537,0.017191736736388,0.016484547794075,0.0516259141592218,5.0191812625453,0.963470382082306,1.91195433486359,0.0390565097590408,0.0395482307957097,0.138121385733637,5.03016100533046,1.00353737226401,1.93464093865687,0.0207355993875686,0.0217737085534896,0.0670617228117587,"Residual"
21,2000,0.35,35,2,0.25,5.00339781401508,1.01206609118464,2.03608530391731,0.0158442592701422,0.0161715205773994,0.0619062705636909,5.03362549513561,0.952115423632811,1.86306035860797,0.0165402421410643,0.0163075419597051,0.05614313019024,4.94850295370364,0.992366555142537,2.08968852327462,0.0374048216709694,0.0401695446300114,0.151807440714015,4.98179284514194,1.00864989983258,2.12704852972991,0.0202624321050035,0.0233274351686767,0.0748276961012938,"Residual"
22,2000,0.35,35,2,0.25,5.03352442519362,0.976760675446773,1.95955402417844,0.0161410655820081,0.0161352724616626,0.059266464120666,5.06160899231783,0.92719813445168,1.795875431391,0.0168383336356312,0.016361891752249,0.05382584041891,4.98581707721766,0.986707822851461,2.06690705957154,0.0376921063498151,0.037759679872285,0.150209145762369,5.00578749851684,0.998962126712642,2.03782479874031,0.0206092670645951,0.021528513396876,0.0710776920137587,"Residual"
23,2000,0.35,35,2,0.25,5.02390343429453,0.966028230282975,2.02684863469308,0.0158698825131608,0.0161020995501092,0.0615160804797684,5.04689147777689,0.90093888395389,1.83300481706374,0.0166633391769801,0.016230627885857,0.0550585190525825,4.94512299181874,0.970609367616253,1.93139388608566,0.0389074765054607,0.039219818731233,0.140611792060673,4.9969124776626,0.981512875447057,2.08428343543383,0.020343190747724,0.0227836357769658,0.072682401766649,"Residual"
24,2000,0.35,35,2,0.25,5.00703436458461,1.03132233100202,2.03171893694774,0.0158773753053093,0.0159140587443632,0.0617964658734162,5.03552661176307,0.963882613194456,1.82082872948188,0.0167428425915715,0.0162041824294953,0.0547565926508825,4.95391209586191,1.02958364806642,2.29634950169942,0.0358657783674415,0.0364853867932169,0.169316771541915,4.99892369843935,1.03267336781232,2.09628552596041,0.0205173787560354,0.0215031161471518,0.0737949975445851,"Residual"
25,2000,0.35,35,2,0.25,5.01142590892514,1.00623330656795,1.94171105946552,0.0162199611876832,0.015934602957809,0.0587767712637482,5.03949324508089,0.954196582587412,1.76301108680104,0.0169972491940624,0.0162717576022915,0.0528413118031817,4.99248093242971,1.01080182094306,2.04582331685025,0.0379855706895125,0.036387328291288,0.149408078162492,5.01099984419407,1.01192511477664,1.98801273896443,0.020810840856797,0.0209828482563118,0.0696474797288806,"Residual"
26,2000,0.35,35,2,0.25,4.99873860748799,1.00573858078675,1.94634228549254,0.0162244300049789,0.0163250054281007,0.0588343377730175,5.03673845632776,0.942791677047876,1.76860023887841,0.0169883882755946,0.0164110411820652,0.052942741611148,5.00241883979527,0.958750577585478,2.20872448845238,0.0365339846852998,0.0370932286238191,0.160175515563037,5.00235450529302,1.01020511449814,1.99992486880188,0.0207045031317561,0.0228105753308132,0.0689320779151045,"Residual"
27,2000,0.35,35,2,0.25,5.01824901291107,0.994868605710455,2.10675237971094,0.0155841122376232,0.015823426478039,0.0639681541591576,5.04721012188101,0.944444333545157,1.90332237277469,0.0163707469290099,0.0161586643716174,0.0572054412313768,5.03463211722814,1.00615863026291,2.04348600305227,0.0379502966493973,0.0389346804050536,0.147904508732449,4.9864741387982,0.98578539398186,2.17232830875287,0.0198567654167382,0.0213715965348675,0.0752824716289984,"Residual"
28,2000,0.35,35,2,0.25,5.00604052060075,0.995617800259896,2.09528846082313,0.0156205874455446,0.0159916318320529,0.0639899350957881,5.03333347382942,0.930377235486437,1.87216800034456,0.0164974985928643,0.016245906922064,0.0565018140587633,5.0222682082509,0.986360763440836,2.00173933663579,0.0381732418919634,0.0381821913131468,0.146819163401688,5.00815871915001,0.99057238773533,2.10545439862876,0.0197521472558663,0.0215230167491572,0.0729940220145798,"Residual"
29,2000,0.35,35,2,0.25,5.01027060192861,1.00884681026527,2.05157704139616,0.0157887225194796,0.0159256918760875,0.0621163779567332,5.03471933230281,0.951347918916724,1.88771245174286,0.0164371807982901,0.0160166711930788,0.0566994476001214,5.00032158788487,0.955727428389684,2.0973793754677,0.0374797360126296,0.0356499657236127,0.151904703281206,5.0091758849767,0.997553364854902,2.12630881126362,0.0199789243894992,0.0206357265811583,0.0739569954666134,"Residual"
30,2000,0.35,35,2,0.25,4.96397672599759,1.01560191406859,1.96693894818187,0.0161322912762915,0.015974693113038,0.0598008006775548,4.99789594001145,0.957733614524274,1.76968280952689,0.0169778473416685,0.0162405353217602,0.0531949241297297,5.0120094223598,1.00786548981556,1.87176608633254,0.039518536837231,0.040594675246514,0.135168516051575,4.94245663705543,1.00713977514055,1.97905618298966,0.0203120492761846,0.0216025746131103,0.0681168764707932,"Residual"
31,2000,0.35,35,2,0.25,4.96526310422183,1.0303305234566,1.96139626805038,0.0161571189432186,0.0165365877088462,0.0596536331232105,4.99168158599564,0.967023069459811,1.77787524965977,0.0169456028559975,0.0166391791636041,0.0534891511326119,4.96640568886832,0.981206962553744,1.85102157542006,0.0396713940229465,0.0419578566197655,0.132806247288858,4.96982103249712,1.02527199568543,1.99083926175782,0.020606198272068,0.0231620347463514,0.0692677795989397,"Residual"
32,2000,0.35,35,2,0.25,4.9745723670773,0.984266207433271,2.03152873511642,0.0158659104868792,0.0159430825752617,0.0617663263321068,5.00140013064225,0.931885661060521,1.83654309219363,0.0166610207157041,0.0163507807766506,0.0552560061665955,4.96408509132079,1.02791032494132,2.16534673228973,0.0367947533462536,0.037042536695269,0.15758959590532,4.96249454214398,0.98535042076006,2.08687362239545,0.0201505117893064,0.0219758207580531,0.0732531555192666,"Residual"
33,2000,0.35,35,2,0.25,5.0053158354285,0.978734267502872,2.07636632968438,0.0156905370183415,0.0159869479121412,0.0631408947262499,5.02698008124613,0.923777908356712,1.89258050994953,0.0164129931383574,0.0162286603285546,0.0570067133370787,5.00709723490047,0.986002547444942,2.0154028193107,0.0380567972853511,0.037214148726781,0.146261861447145,5.00258790705448,0.983019056832197,2.15250793239613,0.0203053255153604,0.022271845861339,0.0759951207366462,"Residual"
34,2000,0.35,35,2,0.25,5.01696285387891,0.97550083637228,1.95565352228283,0.0161625059109258,0.016105520182839,0.0593309765823431,5.05192228420463,0.919985186118463,1.75519100319554,0.0170322782083078,0.0165752387588277,0.0526565282740116,4.96562383132526,1.00786907239108,2.15084134375398,0.0369111618122819,0.0377231147643778,0.157269106766177,5.02189215536988,0.985033706794869,1.98495531317256,0.0207588720047872,0.0231234353730804,0.0694651017081914,"Residual"
35,2000,0.35,35,2,0.25,5.00954482851391,0.998997776975186,1.96935260783862,0.0160968818560835,0.0166330289678882,0.0597491641341407,5.0358053149242,0.930638227920758,1.7657612748759,0.0169757278634223,0.016878417546355,0.0529639499238929,5.08286840674451,0.968054183372504,2.08567826540932,0.0373685547284318,0.0390424514430897,0.15082918118535,5.02159898159054,0.994472272441809,1.996142398364,0.0201788324186971,0.0217734055110574,0.0687824924044481,"Residual"
36,2000,0.35,35,2,0.25,5.00400797329416,1.00020952420386,2.04165503901614,0.0158217311245583,0.0160967903041194,0.0619123169247303,5.02883060735786,0.949105634204105,1.84928633549284,0.0165988914659749,0.0164741064945927,0.0555320005319558,5.02805089869509,0.999421279446722,1.88414819209325,0.0394815917001029,0.0392827596423726,0.135480868393033,5.00881482743736,1.00918604783087,2.08770039995653,0.0204871437091302,0.0223691909092473,0.0723747852756,"Residual"
37,2000,0.35,35,2,0.25,5.01197971469879,0.988498301709846,2.10206721206523,0.0155935707409485,0.015623188993102,0.0639181456708899,5.04935460412059,0.926104090239035,1.86137940257713,0.0165408891479066,0.0160637865770021,0.0559084678210097,5.0371105745024,1.00998045388693,2.20465917382525,0.0364238204716586,0.0373600612096465,0.160081202013349,4.99264625220975,1.0100836384118,2.13916664060418,0.0199700654148992,0.0221311123259324,0.0763815436190194,"Residual"
38,2000,0.35,35,2,0.25,5.02809208116658,0.981521538847239,1.97233814488478,0.0160845866230125,0.0162242201438402,0.0595716163357169,5.05431659516569,0.925920047353658,1.80681400677671,0.0167842908095178,0.0163753767256839,0.0540913247840022,5.0241548858028,0.957824773231936,1.96568637559454,0.0385294129703572,0.0387789483963046,0.142004918299794,5.02258068834101,0.980337281685197,1.97580349911943,0.0200428073101914,0.0208779510100893,0.0660959378923236,"Residual"
39,2000,0.35,35,2,0.25,5.00906317735239,1.01177484243877,1.96806882130382,0.0161082756515203,0.0164170801590034,0.0596775268610501,5.0363495680729,0.964089992155448,1.82363351353901,0.0167136383982696,0.0166459164875656,0.0548637423589985,4.96367659539552,0.99073696830176,1.95033089447127,0.03870498258572,0.0380970611416159,0.141507623554728,4.98720566239222,1.0144393920946,2.01751646298088,0.0200518902829949,0.02142116270463,0.0691657114241876,"Residual"
40,2000,0.35,35,2,0.25,4.99827814901199,0.997624116304396,2.13133928944633,0.0154930583329427,0.0155937681971513,0.0648247482818822,5.01737248396746,0.949515650930339,1.97717875211208,0.0160666891139414,0.0157564592164214,0.0597123053991293,4.96286795188489,0.980156604776675,2.1360121717505,0.0370108473157883,0.0381468359171543,0.155236518279953,4.99101305776109,1.0015914940815,2.26443806865844,0.019460493784673,0.0220055993341982,0.079645120664014,"Residual"
41,2000,0.35,35,2,0.25,4.99549099170405,0.997486449693857,1.95777442761772,0.016158181689762,0.0160730101295911,0.059206544389105,5.02834628415128,0.938700051451889,1.76862927205143,0.0169730600775185,0.0163497001890819,0.0529197113775061,4.99185059073525,0.995011647446492,2.08103768404514,0.0374784499665261,0.0374943569828563,0.151076553416901,4.98865496510359,0.980549461553118,2.01176046024668,0.0204853817313577,0.0227885480136344,0.0693654949707541,"Residual"
42,2000,0.35,35,2,0.25,5.01388970442356,1.01987521808242,2.02907642597446,0.0158803719881775,0.0155847432120832,0.0617937128523331,5.04501544443709,0.965589877389278,1.84606047747569,0.0166200401052774,0.0158271587559839,0.0556525706733245,5.03071613791931,1.04660587863219,1.96062060988146,0.0385965765808142,0.0391673266996014,0.142427781808546,5.01340566941261,1.04618231473086,2.06854444750355,0.0204003907575346,0.0217046426450218,0.0719223522890598,"Residual"
43,2000,0.35,35,2,0.25,4.99548284842475,0.982327862157339,1.96438778616866,0.0161270194406523,0.0159745755075049,0.059674099458921,5.02369242808098,0.921392738417239,1.80552544984295,0.0167981950880669,0.0160480591081375,0.0543839925336235,5.04999376555461,0.980087557819717,2.12937495175868,0.0370848832427775,0.0367562579843002,0.157364439903856,5.00554288033062,1.01313604426467,2.06848424978239,0.0205595326018393,0.0218543900458597,0.0740058676456028,"Residual"
44,2000,0.35,35,2,0.25,5.00179225260061,1.00637880216367,1.91823559951732,0.0163353273349641,0.0164906902790245,0.057794532538007,5.0384752291983,0.941058495751785,1.74276747804227,0.0171056110115768,0.0166644310635043,0.052001293414336,5.01667327163374,0.976641788173345,1.8946019096583,0.0392838155898735,0.0385133244100071,0.13600674765433,4.99054898876421,0.992706019266032,1.94250686223343,0.0203138998479255,0.0215643624020562,0.0657259037583829,"Residual"
45,2000,0.35,35,2,0.25,4.9969213160995,0.960197961102746,2.00014553767101,0.0159877262386881,0.0162301156147556,0.0606324470497702,5.02253172373717,0.904412854400072,1.85078244791486,0.0165984401174998,0.016269925210654,0.055659181142012,4.96260759994959,0.933702449842386,1.97774874522794,0.0387969133304823,0.0355638367212146,0.143346217550482,4.99198928067974,0.951898577887122,2.04119597914308,0.0198150705984985,0.021225121774877,0.0691421747042223,"Residual"
46,2000,0.35,35,2,0.25,4.99022366691883,0.991500804208514,1.96844606521614,0.0161156126894541,0.0164078701177401,0.0595270802375354,5.02499981309074,0.934323734033937,1.75870853165289,0.0170211906220308,0.016965985793501,0.0525896551795409,4.98286312251887,0.951825041422878,1.93699983259832,0.0388211229565717,0.0390783499701464,0.139443729940717,4.97972208032239,0.971858588708418,2.00155188145771,0.0204233002162109,0.021559551507519,0.0692768079374972,"Residual"
47,2000,0.35,35,2,0.25,4.983190607142,0.981771409233046,1.9859514992566,0.0160384855807073,0.0162859433644823,0.0601561573546426,5.01572601097365,0.913129861355489,1.77852668588494,0.0169195772679006,0.0165406607704914,0.0532540997608917,5.05046893057241,0.891742029080769,1.96428784866476,0.0384865989979656,0.0394140484023157,0.141646424380213,4.97486030692592,0.944730084307099,1.95922257288184,0.0201679384582922,0.021279591381526,0.0661092828378038,"Residual"
48,2000,0.35,35,2,0.25,4.99961699842385,1.01816350291753,2.00513412365648,0.0159644177146187,0.0160211490524684,0.0609204068281291,5.04119476055306,0.951827917237606,1.76845306750456,0.0169667746943617,0.0165569451435778,0.0530329351415314,5.00689412593347,1.00814705133397,1.93347322163868,0.0390702508067523,0.0385167493412131,0.139582375157553,5.01031342673476,0.9931936729382,1.96404372536029,0.0204618716103529,0.0226024913263567,0.0672951820575278,"Residual"
49,2000,0.35,35,2,0.25,4.98121191492161,1.00824972033238,1.99561092025243,0.0160142271927319,0.0158378592119149,0.0608204198843446,5.03591154558897,0.94736682312342,1.78829226716574,0.0168810299888352,0.0161829169199688,0.0538620319899971,4.94944145857808,0.976655013069406,2.11911489702757,0.0372109824515099,0.0365207304369946,0.155513559642581,4.96915634918664,1.00597990257936,2.04461888726639,0.0210872764179049,0.0219200145797675,0.0731620016590629,"Residual"
50,2000,0.35,35,2,0.25,4.9887007564479,0.991193151780037,1.987926484455,0.0160345808625393,0.0160520751338222,0.0604019275085934,5.02793870508944,0.935808516096247,1.75653706074111,0.017025185576442,0.0166896937138255,0.052665925134346,4.9476852011246,0.940121157572256,1.94084420605055,0.0389926063857936,0.0409600951008127,0.141488966769359,5.02368616917712,1.00381535093316,1.9638532336321,0.0204186343436292,0.0236704570369277,0.067996536358894,"Residual"
1,2000,0.35,35,2,0.25,4.98459645678016,0.994335471664902,1.92440660323149,0.0162880798977972,0.0164683313910311,0.0583122712982322,5.01396498917074,0.925137042591688,1.73623589822537,0.0171212462354813,0.0167097700541158,0.0520579123874817,4.92689980714868,1.0245226060316,1.90527071049203,0.0392275196941468,0.0392541302974024,0.138105110930499,4.95125112509828,0.992488191864431,1.96166924196629,0.0206759855512346,0.0218416736446294,0.0680260764440635,"Residual"
2,2000,0.35,35,2,0.25,5.01153645516829,1.0246563328259,2.04003124930857,0.0158379806121125,0.0160629112822725,0.0621494014817392,5.05595366110164,0.961449768155522,1.78568957231902,0.0168996712908857,0.016589022953251,0.0536273277403612,5.02188765734141,1.05135625458292,1.93938927491433,0.0387956201482305,0.0390747551980519,0.1410236727654,5.00083190598437,1.02469313328273,2.0482096194122,0.0204179279507276,0.0230400981646422,0.0713287817765201,"Residual"
3,2000,0.35,35,2,0.25,5.00302019625468,1.01671678564181,1.94131422494813,0.0162217486995183,0.0162076132123482,0.0589476773083311,5.02971533431541,0.951276811894166,1.75130547817831,0.0170518250247004,0.0164912458090388,0.0526016861419178,5.01559973154831,1.00705687356048,1.97787768876269,0.0384167488067513,0.0390249955054813,0.143536313409794,5.00194005970572,1.02079444544594,2.02564788070357,0.0208775072528819,0.0228235301522329,0.073423369666697,"Residual"
4,2000,0.35,35,2,0.25,4.9980379036934,0.980563765277664,2.08935004112276,0.0156400988475941,0.0159112575557116,0.0634751040426647,5.02632260539264,0.930314665625938,1.88530909948937,0.0164397447260024,0.0163403381948501,0.0566838836387209,5.00256523499897,1.01949912883865,2.13679120892822,0.0369955488689426,0.0382958826628188,0.155709439233341,4.99290394334662,0.995152731871217,2.13220675752657,0.0200176401773948,0.0226221474287933,0.0741872268822401,"Residual"
5,2000,0.35,35,2,0.25,5.00048252791199,1.00960456520931,1.93474289058729,0.0162485088628555,0.016472319288937,0.0586130618254586,5.02473646648271,0.951505153533748,1.75956465500581,0.0170144283429584,0.0166224943757232,0.0527703625023604,4.9950572472947,1.020183611977,1.95337996752573,0.0387841569729827,0.0388959381576332,0.142265330831704,4.98338028497888,1.0365172941163,2.00707921593073,0.0210942781879924,0.0223262125746294,0.0706666510391067,"Residual"
6,2000,0.35,35,2,0.25,5.00196770639403,0.990931114046025,2.06433130919544,0.0157429619278587,0.0157253232259203,0.0629193579267007,5.03662363392523,0.937305700931208,1.88396817335474,0.0164503218035405,0.0159609842362009,0.0568707925678552,5.03162462954048,0.98058446302911,2.04629246476991,0.0379887135688419,0.0373190625588336,0.147852858657792,4.99491800128149,0.9847327217888,2.09561694350404,0.0196632753871269,0.0213573591884474,0.0714795071789748,"Residual"
7,2000,0.35,35,2,0.25,5.02335145098287,1.01535285779515,2.00465469563833,0.015962669197305,0.0158325820527696,0.060783093118501,5.0557813872979,0.946495593278792,1.79167695105436,0.0168571557879999,0.0161074303925824,0.0537126295525707,5.00004120918826,1.00219553867259,2.05157356790788,0.0378706417482567,0.0385398630228681,0.148359014696721,5.03101180825373,1.02578480886925,2.02687077538322,0.0206877614843319,0.0224566376710357,0.0704238578005539,"Residual"
8,2000,0.35,35,2,0.25,5.03628519284966,1.00973889454491,1.95394694731513,0.0161596226268028,0.0163889429334724,0.0592025268220871,5.05734385354466,0.948966640953949,1.75448744851821,0.017029759555816,0.0167953757021302,0.0525662705296557,5.07329983573994,1.03278898526195,1.82556745249536,0.039965463074758,0.0384035685162007,0.131613151378955,5.0372770600495,1.01742811366697,1.95724633068427,0.0205579728468571,0.0220546758769085,0.0665348977734212,"Residual"
9,2000,0.35,35,2,0.25,5.00585257843067,0.990138802937727,2.00287428177106,0.0159780705293442,0.0161793015166552,0.0610084847209604,5.04185213067946,0.932500339417505,1.79174003495291,0.0168676107162067,0.0165996221056845,0.0539409700553442,4.991861513058,0.973932034541803,1.91391339907274,0.0390295768673001,0.0393023320389059,0.139794456930456,5.01334618768321,0.972586077097876,2.04986401237907,0.0203803665940194,0.0221575693001827,0.0712816046111529,"Residual"
10,2000,0.35,35,2,0.25,5.02009336354753,1.01273271171822,2.03635857010939,0.0158409061885081,0.0162023684230988,0.0618060639672211,5.0508022758969,0.960516605853665,1.84601491519762,0.016612064535934,0.0165372447912423,0.0554765625000876,5.0061641492733,0.982451162286294,1.85560917481697,0.039641226003222,0.0410707397069905,0.134800428314254,5.00504416151145,1.0112473853808,2.07210013041335,0.0200291257301711,0.0218837324766874,0.0719307112595207,"Residual"
11,2000,0.35,35,2,0.25,4.99394886919392,0.997296052551505,2.01098089857206,0.015945938637206,0.0161579882171472,0.0610441009120152,5.01769616646101,0.936629295464218,1.83051920323068,0.0166911120727149,0.0163815624588507,0.0550448704366559,4.97222575632422,1.01984453371667,2.04686420868853,0.0378230845533958,0.0367268029888562,0.149141951685881,4.97791831108312,1.01187850926936,2.06006729503282,0.0200222733150508,0.0221934504381826,0.0709892138705435,"Residual"
12,2000,0.35,35,2,0.25,4.97250506684024,0.979385644682825,1.97071425220403,0.0161101575304809,0.016464573245512,0.05981310484127,5.00634536164184,0.918729859229252,1.81397054557579,0.0167627171234286,0.016540126846382,0.0545864640497656,4.94077496501592,0.986015669054736,2.17468709699131,0.0367256321031358,0.0369308022908899,0.159237288001904,4.95587001898244,0.988851471029756,2.02023791555568,0.0201795476894595,0.0219606952178101,0.0692309044404311,"Residual"
13,2000,0.35,35,2,0.25,5.0413716728917,1.01160833548486,2.09144795299628,0.0156433645154944,0.0163756534592386,0.0638058002564003,5.06960360725494,0.956090832609756,1.89613157294258,0.0164080953684126,0.0166443313768813,0.0572612168888096,5.08810571687211,0.935073706701595,1.98121623634802,0.0385508714273523,0.0415500216558578,0.143377564307338,5.04895632309611,0.993119115817911,2.09659384471947,0.0195820336096808,0.0218004514455345,0.0720704029046951,"Residual"
14,2000,0.35,35,2,0.25,4.98449953391559,0.978930007435077,1.94746600542662,0.0162004418851192,0.0164632598535483,0.0589640362166429,5.01111877035532,0.920197790529601,1.76157786673169,0.017012145334318,0.0166487755428279,0.0527606403791018,4.96084070016663,0.9497728001692,1.93406820622891,0.0392299686246119,0.0385527159356241,0.138675219973506,4.97598365256382,0.974901698708483,1.94110643421754,0.0205164169742106,0.0224367764402685,0.0659996484236292,"Residual"
15,2000,0.35,35,2,0.25,4.99548090610224,1.01195107741227,1.90925542159989,0.016357506345331,0.0162900371603311,0.0578881783868486,5.02350926787213,0.951011083488748,1.7422075003842,0.0171002225997832,0.0164175635371421,0.0523074425036323,4.92110688827096,1.03368399052921,1.89662536053478,0.0393010956717312,0.039371439902497,0.136466831322635,4.98524587842789,1.02348302321677,1.9475952636009,0.0210875236792863,0.0229774546144339,0.0676103964004693,"Residual"
16,2000,0.35,35,2,0.25,4.99374621088442,1.01491158126273,1.95785080451255,0.0161597215222823,0.0164466237175768,0.0593682440874068,5.03014502238098,0.943479689127327,1.73680503787191,0.0171241652968666,0.0168514202304128,0.0520084691032218,4.96660780258571,1.02365941589758,1.85605981114826,0.0398412340933061,0.0416989776536156,0.133762383636465,4.9849854598881,1.01929538630154,1.94190046380122,0.0208705850872572,0.02359847053368,0.0669945800587874,"Residual"
17,2000,0.35,35,2,0.25,5.01125212687914,0.993897997223927,2.016766880313,0.015917556676916,0.015961137251777,0.0610784200544224,5.03596048838658,0.931658276046412,1.85608760209666,0.0165713652526173,0.0159504068905705,0.0557246814191262,5.01863220837034,0.954536271128883,1.90763067246945,0.039125820066683,0.0386704499884331,0.137396984084903,5.02946418244308,1.00108472215809,2.07960744393581,0.0198144612038327,0.020916336926057,0.0711007789883751,"Residual"
18,2000,0.35,35,2,0.25,4.98616274383104,1.00089959356787,1.99908222636748,0.0159996297788892,0.0158612245624989,0.0606173920910087,5.01436821885988,0.949418113339109,1.82048974806039,0.0167409357919909,0.0162159156763286,0.0546870666588792,4.96545959077595,1.0396224900056,2.10962412278103,0.0372773809308036,0.0352594677745802,0.153541981513354,4.98006064298859,1.00042898128644,2.03226952140569,0.019948964392519,0.0215880061573583,0.0694375777587778,"Residual"
19,2000,0.35,35,2,0.25,4.99868570816037,1.02079783079383,1.97188995427009,0.0161061981481316,0.0156852374800297,0.0599371069831406,5.03175539192161,0.946613480046748,1.7684367647624,0.0169779747208674,0.0158855624929984,0.0531588383672036,4.99052015240553,1.02176429534489,2.292706554218,0.035779897915514,0.0340513009495816,0.169700770448882,5.00670457217926,1.01415684374079,1.96932184927824,0.0214846443619086,0.0228973411492728,0.289381439398444,"Residual"
20,2000,0.35,35,2,0.25,4.99380437900324,0.992945287015857,2.02898607177708,0.0158689214259454,0.0161419492408552,0.0616729965684085,5.02724761957773,0.926683548452145,1.84064019998282,0.0166400000743786,0.016249706617149,0.055384022137765,4.94252547647175,0.962524061531011,2.04509436611382,0.0377936102920787,0.0404698365296907,0.148135843161253,4.98789771683051,1.02410679423322,2.06958782259051,0.0200034970657141,0.0220148432797739,0.0716328708608811,"Residual"
21,2000,0.35,35,2,0.25,4.97319485577599,0.999268273376074,2.07316318088801,0.0157108569506247,0.015948047328987,0.0631733088236973,4.99566582223082,0.936918884806403,1.87513522406528,0.0164927682680589,0.0161903880033587,0.0565415540672493,5.00632587245505,1.0704873243619,2.19787633584112,0.0365035198008774,0.0379707291865572,0.16087809350758,4.97946996131959,1.02808156024473,2.13705027998258,0.0199159446770958,0.0225871514553263,0.0750637493110847,"Residual"
22,2000,0.35,35,2,0.25,5.00324118390883,1.025145963939,2.06697527457577,0.0157373328972692,0.0158037396497855,0.0629220573222849,5.03859262223915,0.966450081934086,1.85368539093357,0.0165909669718048,0.0161426343753662,0.0558094062051989,4.97333502594275,1.05739965130088,2.08319007148086,0.0374960785614777,0.0379726749066125,0.151958578841665,4.97991252120464,1.03514007098381,2.15694919813223,0.020372175763158,0.0224556290775674,0.0766668459169113,"Residual"
23,2000,0.35,35,2,0.25,5.01142926220946,0.977196819216963,1.92847365202378,0.016267372381206,0.0163242803600442,0.0584577661469841,5.03843705535665,0.925813384733368,1.79740985416717,0.0168295575322926,0.016402012599112,0.0540912912571739,4.99896564855241,1.01854189203632,2.07468561627187,0.0375386095349609,0.0374624327570484,0.151603365005743,5.00179611297134,0.972752757873089,2.00043198224447,0.0200519464492935,0.0225042392274205,0.0666607603051841,"Residual"
24,2000,0.35,35,2,0.25,5.00671873960644,0.993575965920332,1.97985998604217,0.016053934067569,0.0167284386771664,0.0601243444412984,5.04570665199885,0.940945869435753,1.78613368765891,0.0168779549518332,0.0171376510303436,0.0536460996764445,4.99160963092414,1.07577580657765,1.79398092973065,0.0403421464791323,0.0434519827561739,0.129719064358799,4.98111225587422,0.992953337361516,1.97737324910361,0.0199686979328772,0.0232464331017,0.0676165420972967,"Residual"
25,2000,0.35,35,2,0.25,4.99607393383484,1.01186535414439,2.10626042724299,0.0155851054063378,0.0160579052334749,0.0641921207324933,5.03506230000555,0.937029329393171,1.84250142108113,0.0166277327431151,0.0165202000200111,0.0553949387855085,5.00718752960338,1.01091691777484,2.21103327745668,0.0363672054031021,0.0410311750756305,0.161219310736431,5.00394734624521,1.02628247599391,2.12224941127887,0.0206021475597801,0.0238580129205491,0.0755309689928501,"Residual"
26,2000,0.35,35,2,0.25,4.98131872510974,0.993461780036236,1.99432907827133,0.0160176489400093,0.0157470143976636,0.0604764445269479,5.00066475968435,0.944354986488122,1.84139744906395,0.0166516722371303,0.0158403667869332,0.0553732747276146,5.02393726943817,0.981674748143673,2.0167343386056,0.0380747209023583,0.0366950009429695,0.146834926460194,4.97309155819347,0.995525226881465,2.06779892798262,0.0203005415507765,0.0213918868855783,0.0712472596811199,"Residual"
27,2000,0.35,35,2,0.25,5.02251424581577,0.992867639007348,1.91955280212531,0.0163051890837595,0.0165254708597938,0.0578660674466599,5.05451511889109,0.940442465220282,1.74061723344302,0.0170985572855724,0.0169241698944423,0.0519628723125613,5.01240507954131,1.00137123053873,2.18009803950764,0.0367221090017469,0.0374431602962395,0.157578249023207,5.04676083077449,1.00818739327517,1.97467107782636,0.0206721665746102,0.0226112067425436,0.0685271194181834,"Residual"
28,2000,0.35,35,2,0.25,4.97264601116585,1.01458928233589,2.03608020073386,0.0158489045652588,0.0162097392672217,0.0617871306020718,5.00099688505145,0.951743287529857,1.85857810524242,0.01656335255655,0.0164204128322562,0.0559046733131916,5.00298591410437,1.01534326875632,2.15092400038097,0.0368798091772516,0.0359790916251179,0.157180859234152,4.97288272193563,1.00797548282048,2.09155989296031,0.0200059546081128,0.0209169587082898,0.0723356281038771,"Residual"
29,2000,0.35,35,2,0.25,5.025981913267,0.995126713690363,1.9982992549065,0.0159882140081904,0.0160756312066585,0.0607717789920428,5.04961241003305,0.94359006071736,1.77539907338941,0.0169405495460615,0.016598998759764,0.0533005512769662,5.03783690793194,1.02643874793496,1.93292323010032,0.0388768834333684,0.0388217206658036,0.140365421277727,5.02739381586366,1.00296792626587,1.98685661195544,0.0200361155169371,0.0228449055539341,0.0677068117853763,"Residual"
30,2000,0.35,35,2,0.25,5.01093457497035,1.00977544140507,1.91343889930119,0.0163671064528687,0.015707938712088,0.0581207696478912,5.03780592107399,0.949198586379498,1.74385182068015,0.0171214860957742,0.0159300559421644,0.0524402640765352,5.01122675348644,1.05252560909129,2.09230664754185,0.0374052757838206,0.0363656182363783,0.152585620584633,5.01046050983773,1.02466660529252,1.9478848142609,0.0206052489351916,0.0220145249504455,0.0668511728666202,"Residual"
31,2000,0.35,35,2,0.25,5.00016862082523,0.980625763381822,2.09445548586168,0.0156288525690877,0.0154272986050991,0.0640070325957471,5.0238687820835,0.92067277272113,1.92568515131211,0.0162761593768158,0.0155251475681937,0.058343931640436,4.99972073712317,0.994896723442895,2.07253781919683,0.0376443523134416,0.038346509577069,0.151737692479002,5.00866999927686,0.996625365082643,2.13512685393421,0.019301624939058,0.0214090292158993,0.0728376827600224,"Residual"
32,2000,0.35,35,2,0.25,4.98089637918301,0.971186391443804,2.00210779118426,0.0159717607350651,0.0164689576925495,0.0607611262806574,5.00421032653823,0.912100406861003,1.85002336845545,0.0165949989286256,0.016498692834289,0.0556952687139073,4.91913952971327,0.936258067079878,1.96614918496359,0.0385716926160944,0.038563915310295,0.142738783254521,4.96406588622084,0.989070308827616,2.04760873555659,0.0205324854121074,0.0214876378317419,0.0713820938132978,"Residual"
33,2000,0.35,35,2,0.25,4.97509308306866,0.969563702472309,1.99677246270344,0.0159944086475904,0.0163813549904337,0.0608427590600595,4.99773637310499,0.902804764592872,1.82446258159871,0.0167088242628363,0.0165914874622924,0.0550822936135121,4.94171399795385,0.927763505816962,1.76462955664308,0.0406502341891108,0.0396245020967468,0.128132096236932,4.97897478179071,0.951365333190787,2.03303670597783,0.0202664912705069,0.0221275402515219,0.0702639950352399,"Residual"
34,2000,0.35,35,2,0.25,5.02163254958525,1.00661484987529,1.92397765959755,0.016289350459306,0.016521558886824,0.0580621981601297,5.05216570520496,0.960691529414601,1.75455178764497,0.0170338031957731,0.0168580088447444,0.0524404227023843,5.05040325574832,1.02433262407996,1.72779851087725,0.0411223730353384,0.0423838440798541,0.123566775067904,5.01377491251202,1.00766494979018,1.96909778979896,0.020694447623885,0.0231424570336666,0.0678442219155176,"Residual"
35,2000,0.35,35,2,0.25,5.03376462049978,0.986629922850603,1.97075499593947,0.0160924285614627,0.0162507382295431,0.059787973268164,5.06338499363075,0.923640328036219,1.79395359271009,0.0168436769922123,0.0164891365361025,0.0539010086534458,5.07327047100929,0.970790518654297,1.98362706249179,0.0386994321480927,0.0378307463030021,0.143601651748451,5.03394920587169,0.994461546253931,1.99181313134551,0.0201945871388816,0.022216714768829,0.0681269591595099,"Residual"
36,2000,0.35,35,2,0.25,4.99557768353085,0.995517529949914,1.90230027016345,0.0163752484629039,0.016826288183088,0.0574227346312318,5.03483388153692,0.91729472438727,1.69259442540644,0.0173303341448273,0.0171467625750183,0.0504881598300172,5.01265789810774,1.00296046563734,1.87058406872987,0.0394603297954649,0.0402893463282076,0.135746285580883,4.98682951937461,0.975382457797898,1.9000748046532,0.0208938998359006,0.0228534311431817,0.0658471099843295,"Residual"
37,2000,0.35,35,2,0.25,5.00155577693878,0.978546767742224,1.99828751480065,0.0159866939742434,0.01618173543821,0.0604660097843161,5.02601612809461,0.918117458322788,1.81704080221468,0.0167425217359034,0.0165004941032194,0.0544822355029557,5.01384547944637,0.971683001747407,1.88005001385942,0.0393757007316949,0.0398189312867076,0.135231241465518,4.9843152854153,0.9691803524893,2.00266664664298,0.0200690973899718,0.022071605729214,0.0679674574547145,"Residual"
38,2000,0.35,35,2,0.25,5.01478766390825,1.0014227538553,2.04025840225004,0.0158286738849563,0.0155978521914913,0.0623185461022307,5.05541332702504,0.938365922288819,1.8254326674441,0.0167044422445323,0.01591187340842,0.0550805532438476,4.98294306067697,0.993074708123693,2.06380091676134,0.0376903604941936,0.0367103872222401,0.150545692640965,5.00754670378727,1.00130208127638,2.03138505433861,0.0199615616769475,0.0211905735566906,0.07004658009772,"Residual"
39,2000,0.35,35,2,0.25,5.02823181720731,0.995309510197057,2.06666684068546,0.0157265617275991,0.0155796203534375,0.0628020462823616,5.05185699680603,0.931269204349301,1.83734940606471,0.0166506458734372,0.0160177445678106,0.0552039800717098,4.9838923664322,0.965568655743954,2.10623243498565,0.037487063825611,0.0379289698914593,0.154595394495291,5.0188847995353,0.993027932107096,2.1117100381957,0.0202875844997261,0.02262764653079,0.0759441695673648,"Residual"
40,2000,0.35,35,2,0.25,5.01382361584374,0.991108457678222,1.99702344483458,0.0159891089621393,0.0166096840000111,0.0606254121876662,5.05022719681653,0.927077617205051,1.81150474980798,0.0167611962887901,0.0168908873290342,0.0544576233985948,4.97927031627408,1.03209718087892,1.7642141091668,0.0406401705619203,0.0409353088964774,0.127879330078287,4.99182623587865,0.992667273362731,2.06179987132309,0.0207745400444462,0.0231569110633126,0.0729634080027254,"Residual"
41,2000,0.35,35,2,0.25,5.00279833025783,0.984730508661501,1.87002220100549,0.0165240295843577,0.017012093763052,0.0564440305740054,5.03130330720177,0.915120577941414,1.696879742988,0.0173247594090291,0.0172981601521263,0.0507119794069818,5.05856462247909,1.08089097190488,1.99577887932761,0.0383379728315005,0.0386370616077622,0.144176989350539,5.00177395542562,1.01355058235534,1.97493801417893,0.0213379348129174,0.0246265281676435,0.0707419360784462,"Residual"
42,2000,0.35,35,2,0.25,5.00470878409259,0.981919267086868,2.11472306765662,0.0155540415357614,0.0156367833568249,0.0644751709486114,5.04144527632777,0.918202565169585,1.91347153532205,0.0163214339904156,0.0158320878551441,0.0577438539832058,5.02232519342987,0.940208832225264,2.0316928164818,0.0378813547425472,0.0378740605422785,0.148308993558738,4.99754444451153,0.984235566963842,2.12946947502784,0.0196030656955615,0.0207637667959625,0.0735445577270938,"Residual"
43,2000,0.35,35,2,0.25,5.0189369907595,0.988571409346773,1.97333669741886,0.0160882693727148,0.01586683886787,0.0599473458418066,5.04945444387305,0.940432541713882,1.80198996326405,0.0168106121873781,0.0161506912662189,0.0542078663969938,4.94894162063944,0.999559392544121,1.92174815333653,0.0389829093131047,0.0398136673392501,0.141521802305337,4.9919744617066,1.01206935720345,2.01478682716862,0.020642342419613,0.0220736374696233,0.0705252629056441,"Residual"
44,2000,0.35,35,2,0.25,5.0113827649468,0.995226635625763,1.94463031634954,0.0162016057799935,0.0163712271187968,0.0588221890378282,5.01921978269579,0.950962258453783,1.80888508254824,0.0167809680731086,0.0165049923334106,0.0542987552073434,5.01163562129123,1.05733824072246,1.91296435468646,0.0391508599223697,0.0402139540430775,0.138098146268725,5.01394070450767,1.03101377185622,2.03722622898148,0.0204101622219694,0.0227893502274772,0.0705565446439807,"Residual"
45,2000,0.35,35,2,0.25,5.02532512244612,1.01462314407047,1.94714484087533,0.0161962507563724,0.0157949817595587,0.0590653851027984,5.05700976835701,0.957155087062352,1.77642712864066,0.0169311881967548,0.016031326889868,0.0533632966201686,5.01435469129748,0.939082914239616,2.0181308168769,0.0384332827022089,0.0377907657684184,0.146952132062921,5.04047470624423,1.01200866564467,2.03114806490707,0.02100711314511,0.0212065042376131,0.0724024554193935,"Residual"
46,2000,0.35,35,2,0.25,5.01556537163028,0.999385498904646,1.92547300166339,0.0162767639797299,0.0165823517523325,0.0581814893717825,5.03710006049934,0.938164221271796,1.74792179264361,0.017060215542254,0.0167659709660566,0.0522737600691893,5.08510172453077,0.984687265816487,1.87760941526298,0.0393637526340256,0.0392322339747828,0.134858985762744,5.01258295291376,0.984185796442476,1.97044284259464,0.0201110942064276,0.0215804798188741,0.0671306684246873,"Residual"
47,2000,0.35,35,2,0.25,4.98210985894039,1.03305597232527,1.94397209638805,0.0162124094148988,0.0166605747757475,0.0587610781135784,5.01365562543093,0.971472293416445,1.74637620170775,0.0170768924450349,0.0170096112200905,0.0522083771793697,4.99391158885989,0.965047956049399,2.11029838673141,0.0372509120348282,0.0382251400014857,0.153236235679309,4.95620128911672,1.04758227701497,2.0332013979329,0.021078492611862,0.0228364627178671,0.0722457357545481,"Residual"
48,2000,0.35,35,2,0.25,5.00297647082981,0.997048312943359,2.1424622107683,0.0154500935668924,0.0158443560728454,0.0653166806238772,5.03624220948738,0.935702288810266,1.93862709810156,0.0162141928199044,0.0160735417290156,0.0585148542865847,4.99604653084542,1.00211165768105,1.97999493195486,0.0386605685843777,0.0389319757510172,0.143557798979909,5.00467707193168,1.01444018656893,2.19855588784944,0.0200007803053808,0.0220385804749332,0.0775674941276783,"Residual"
49,2000,0.35,35,2,0.25,4.98918367156459,0.98822882269703,2.08705694372887,0.0156538219132497,0.0158329073347775,0.0634532491749336,5.00661712878236,0.921575581560083,1.91384415734635,0.0163244154175782,0.0158987593369781,0.0577077837464945,4.90781959947685,0.960412619528212,1.94202358623798,0.0388003991744502,0.0403511668454127,0.139995059768764,4.97319495656546,1.00061763852467,2.15529002557941,0.0199450984172604,0.0216912617382635,0.0745751369017523,"Residual"
50,2000,0.35,35,2,0.25,4.97344229538592,1.01574122280764,2.0142833143333,0.0159384755943061,0.0157493867721313,0.0612335006496014,4.99092709202709,0.961188153548498,1.83954361393998,0.0166555708757319,0.0159477317511467,0.0553963219594016,4.92119846981202,1.02551224088523,2.28790610706072,0.0358382636964025,0.0348869046690543,0.168190438555599,4.97965790116527,1.01385549436563,2.08919768544754,0.0204878272443767,0.0217719349950636,0.0735295502939323,"Residual"
1,2000,0.35,35,2,0.25,4.9884934138447,0.996657125274762,2.05971212684593,0.0157532286238299,0.0161589226262554,0.0625769088671351,5.02507248189851,0.943632729514555,1.85083404536731,0.0165909265454781,0.016577350435061,0.0555953953110907,4.99038428812747,1.04543543815919,2.11631339114271,0.0371713562514685,0.0390600574477919,0.153931983257243,4.96505778004374,1.03124291174982,2.11432583835054,0.0201020353504872,0.0231909395120622,0.0739906193491436,"Residual"
2,2000,0.35,35,2,0.25,4.98441871191283,1.01636869827278,2.10491903425345,0.0155965954005531,0.0158108487551551,0.0642567690188832,5.02123703079569,0.955203647208114,1.89211316611264,0.016420905337076,0.0161047978716145,0.0571361278493911,4.99174204585299,1.04642848236626,2.35679296500214,0.0353076933119128,0.0360576546683503,0.172851148787221,4.96758401563884,1.04895931325454,2.24098915866863,0.0208905457139487,0.0227495973892545,0.0831827598412653,"Residual"
3,2000,0.35,35,2,0.25,5.00033781355243,0.991093434319223,1.97429607393919,0.0160990909404899,0.0165699812048995,0.0596417323606079,5.02340407426767,0.929973453754952,1.80930534482034,0.0167981802378429,0.0166456803906651,0.0541797738571835,5.01308484677597,1.04319799197894,2.08612576833746,0.0374580920385364,0.0394356590728098,0.150964853958752,4.99874015947946,0.998241959071365,2.03170613759527,0.0205544558544401,0.0224448154032039,0.0707413898940998,"Residual"
4,2000,0.35,35,2,0.25,4.98381806407593,1.04167236323115,2.11576876799877,0.0155583599130513,0.0159668688649751,0.064569368523464,5.01891780672309,0.984383014397004,1.8944235637821,0.0164113941380477,0.0162983905691217,0.0571539906264689,4.97907111403144,1.00946677570675,2.0330178599425,0.038102424745959,0.0381057384988544,0.147678868961942,4.96810185394767,1.04185411660859,2.16444255902441,0.0201658931176708,0.022232460282357,0.0765638497587409,"Residual"
5,2000,0.35,35,2,0.25,4.96447502484399,0.991265124354509,2.00764159518385,0.0159542536697471,0.0163934003281625,0.0611397264118749,4.98347769513496,0.923529539098688,1.83254116120473,0.0166747362816315,0.0165295007210155,0.0552949056419816,4.90535424094679,0.995513615383663,2.1123386067249,0.0372275743321992,0.0385333010619173,0.154465234055326,4.95091740050685,0.984750349905196,2.05857235547828,0.0202003561461474,0.021930163075748,0.0717873534332596,"Residual"
6,2000,0.35,35,2,0.25,5.00124991178705,1.01524001766378,2.07440466088721,0.0157262706991056,0.0158304127319545,0.0630571500878202,5.03457225194132,0.947495079939275,1.87451683641382,0.0165099915859072,0.0160425136531245,0.0564418670046212,5.03569606824543,0.940282945623224,2.10211739687282,0.0373230867155171,0.0357936661659167,0.152611647629498,5.01845306102433,0.979234939234357,2.14535339147048,0.0199020079070033,0.0202099350028595,0.0748630663817391,"Residual"
7,2000,0.35,35,2,0.25,4.97767114045616,0.977389245820568,1.94225162825732,0.0162127646241491,0.0167022078573736,0.0588982368504763,4.99751762038138,0.909844847067725,1.78522551220984,0.0168889069635259,0.0167275589077542,0.0536677746625535,4.90132224466984,0.991793702603781,1.81918806625963,0.0401471214278296,0.0414304539515477,0.131099288479561,4.96109978625354,0.978135338896301,1.99166655568929,0.02016296519697,0.0231688234436373,0.0680784127766045,"Residual"
8,2000,0.35,35,2,0.25,4.99498342471868,0.973196176946558,2.04879981288978,0.0158102839683361,0.0158637332393646,0.062456451750843,5.03025535554623,0.914710405482719,1.85769254245744,0.0165714131717196,0.0161770926178098,0.0560570194709602,4.9814196911288,0.951765026973308,1.95199697644743,0.0388384505446144,0.0382536784703922,0.141648038762041,4.97708559376112,0.978374639885276,2.06118145464436,0.0199276719943557,0.0213633359783907,0.0708190395812425,"Residual"
9,2000,0.35,35,2,0.25,4.96973677793043,1.0258795170905,2.09867630202024,0.0156167387182442,0.0161350504795241,0.0640695863646518,5.00613750441884,0.95353715711501,1.89696430900829,0.0163974966113282,0.0161892812798821,0.0572984826544229,4.98532736515297,1.02426397713815,2.13755439915913,0.0370336743635685,0.036806993662569,0.15559752668752,4.97656546910496,1.01946878349362,2.20108907498014,0.0200201153792134,0.0217095582863888,0.0782813961175924,"Residual"
10,2000,0.35,35,2,0.25,5.00423669984612,0.996984096640644,2.02176794623417,0.0159033091590879,0.0157453872785121,0.0615752504145715,5.03657876673266,0.953558507893959,1.83998715675689,0.0166471468905363,0.0161388758723581,0.0554749143674613,5.0279429196504,1.04571876276275,2.08218433807681,0.0375029609445896,0.0371436812469184,0.151976927170289,5.00170767627909,1.00568982880985,2.08131064524212,0.0201342647365231,0.0221076190431633,0.0727880767825531,"Residual"
11,2000,0.35,35,2,0.25,4.99807656322604,1.00070590210552,1.89955164099605,0.0164090371240791,0.016559922515711,0.0572999272504733,5.02637880276,0.951689730224723,1.73799208506788,0.0171314301855052,0.0169258408453807,0.0519358544256696,4.99962717549772,0.955701495905759,2.07532043853103,0.0375414563883808,0.0395466409403922,0.151773387102562,4.97939561466354,1.01080381761019,1.93550999173059,0.0207722896740952,0.0225966082019352,0.0661777412110907,"Residual"
12,2000,0.35,35,2,0.25,5.025028173365,1.00547973004062,2.06692103480217,0.0157350437334687,0.0159001918145684,0.0629946891056136,5.05737970509484,0.941128477395464,1.85465745311178,0.0165817090233198,0.0162289080069184,0.0559108565037444,5.06739366812435,0.989457052873985,2.21837387552696,0.0365801863058232,0.0358463067740967,0.161807128148342,4.99083964406465,1.01693085895726,2.12286373315728,0.0199599592389459,0.0223627867950512,0.0752544125511593,"Residual"
13,2000,0.35,35,2,0.25,5.00255161476452,1.00686874287049,2.0405308223527,0.0158271983853493,0.0160380315575125,0.0621882557600748,5.02598873521729,0.945120069396407,1.84180284907704,0.016633738968401,0.0162558189134426,0.0555337842817458,4.97912357500006,0.984247069825135,1.92760776037383,0.0388884958139027,0.04075107753409,0.139245066999443,4.98423674903461,1.00810471161259,2.12134573632333,0.0206991902840872,0.0227675900641842,0.0759955475394038,"Residual"
14,2000,0.35,35,2,0.25,5.0048940819817,0.992683501096379,2.00732443479935,0.0159536066588972,0.0159378330088568,0.0610340568915459,5.04245999463209,0.924218195707434,1.78824614732161,0.0168715068788028,0.0163601577175065,0.053725751926345,5.03544456911608,1.0188683939313,2.26987429734368,0.0359326939993673,0.0360272191690142,0.166951771081626,5.00116403406245,0.984821434076988,2.00044123937897,0.0200390985379664,0.0220789742073875,0.0683059763351997,"Residual"
15,2000,0.35,35,2,0.25,5.00714607810263,1.02377899185457,2.05704752005928,0.015767137946841,0.0161202111218921,0.0625416767994549,5.03455883843007,0.953226716097807,1.87657040824367,0.0164831773959917,0.0160908046355576,0.0565411684089701,4.95310221103886,1.00472905222998,2.07315145821909,0.0376898709085245,0.0402669719425897,0.150286894713474,4.97143035909284,1.04144873373851,2.16943685487591,0.0202762871772327,0.0224890188289891,0.0771458728208693,"Residual"
16,2000,0.35,35,2,0.25,5.00454998475429,1.00576890539975,1.97895101770537,0.0160722305157731,0.0163123425144487,0.0599603466818307,5.0414614138196,0.935937611665514,1.77874764339313,0.0169216969373923,0.0165041635536348,0.0533077294984431,4.94719013395953,0.978860219095491,2.10455056424692,0.0372983455556333,0.0375833671438471,0.154015567450342,5.01254374897031,1.02816409835584,2.0042752501677,0.0209429641528283,0.0224162919086162,0.0701279532398494,"Residual"
17,2000,0.35,35,2,0.25,4.97771061857829,0.99877955769191,1.98277198000262,0.0160586207390375,0.0159383390291478,0.0603456485051231,4.99847128131803,0.950077577258127,1.8248825924837,0.0167178195886567,0.0161150905174347,0.0550353424787967,4.96723148847627,1.06918685685247,1.8118666254138,0.0401727599622836,0.0387773281862002,0.1316080091564,4.98734089757848,1.01042055945083,2.02846191112184,0.0204430204285101,0.0222032555400591,0.0815819171088659,"Residual"
18,2000,0.35,35,2,0.25,5.00311355622702,1.01303465428147,2.10224158432399,0.0155991259075812,0.0156699199766249,0.0642615594593616,5.03564421952287,0.951413268559779,1.92067333962316,0.0162986701757265,0.0157967244116348,0.0581603479843082,5.03947268175909,0.999753852114773,1.99422833958887,0.0383735895593899,0.037391503164572,0.145142837063563,5.00760675918987,1.02192528610779,2.15227902666606,0.0195187382069362,0.0216251790658006,0.0747549884495205,"Residual"
19,2000,0.35,35,2,0.25,4.99735596916687,0.983490662962478,2.01119899861662,0.0159377261188429,0.0160986887931184,0.060922914945706,5.02099811409457,0.93493840932765,1.87056200693593,0.0165085308997879,0.0160912571262933,0.0562284200231427,5.01204198563304,0.979060201388375,2.15858666569335,0.0368610176732014,0.0382839668132532,0.157338729563527,4.99482444132605,1.01579241763204,2.08972433605326,0.0201727259436587,0.0227313828126348,0.0730761815490568,"Residual"
20,2000,0.35,35,2,0.25,4.97145646391037,0.983876197076087,1.93827595857394,0.0162314847532614,0.0164059648470578,0.0586251951191517,5.00145327545518,0.915686782111447,1.74356663007774,0.0170861942378082,0.0165905416622811,0.052154312458643,4.97396007840099,0.992727680850706,1.91914358560056,0.0390086885261712,0.0396304083520909,0.138518435285096,4.97694986509688,0.97446210243963,1.95094805179291,0.0205535981703584,0.0217961002771703,0.0668544450943505,"Residual"
21,2000,0.35,35,2,0.25,4.98645887688837,1.03857821078306,1.9823422100002,0.0160702939676066,0.0165357755486257,0.0600122077133327,5.02307702071638,0.972251128868105,1.78579078477372,0.0168998237727206,0.0167326461710891,0.0534896434706612,4.96313059595949,0.97895753618622,2.10149128400628,0.0373682856229262,0.03706901728912,0.153419030265993,4.98229310972118,1.02009761683097,2.02078548279571,0.0206179281224696,0.022124541144238,0.0699684308698552,"Residual"
22,2000,0.35,35,2,0.25,4.99939459310392,0.97194793623884,2.02479932199138,0.0158944342194612,0.0161373164734724,0.061500884485454,5.0374638199767,0.902904936807979,1.82365964960461,0.0167154981459038,0.0163032491261481,0.0548000495359374,5.01595489315348,0.981593387819249,1.81325477047639,0.0400879885515674,0.0403644315978753,0.130050367336629,5.00660433594206,1.0017856788655,2.05836917789602,0.0201487311583103,0.0214728133214398,0.0708915622824388,"Residual"
23,2000,0.35,35,2,0.25,4.97070497772901,1.03385133419246,1.88249599752555,0.0164785084054554,0.0167608002900252,0.0568817009216402,4.99880741090619,0.971211770059405,1.70397340819949,0.017296201136223,0.0170770132544791,0.0509543487820979,4.95791377523235,0.96538085033037,1.7843955729975,0.0404055413405806,0.0413361614270013,0.128082747381532,4.96621040303036,1.02918843861487,1.90544574996723,0.0210504405789836,0.022433645521377,0.0652305353783812,"Residual"
24,2000,0.35,35,2,0.25,4.98704244608119,0.989857780281345,1.97419781027123,0.0160852886257343,0.0161431622699319,0.0599403011228257,5.02024433400386,0.932745192644076,1.79969249883065,0.0168230831024158,0.0163997449595291,0.0541103074481177,4.95259914230851,1.01951343545518,1.9923330065877,0.0385679111703095,0.0378049150517702,0.145357824934784,4.97895967701949,0.989351318013002,2.00367598619801,0.0203929626138712,0.022797680205482,0.0690427843683025,"Residual"
25,2000,0.35,35,2,0.25,4.97424691026735,1.01499608504521,1.99348517202375,0.0160140006529321,0.016263567913637,0.0607327028971069,5.00441751834912,0.961664060397127,1.81517877784825,0.016756708740139,0.0165581794550047,0.0547223827013608,4.94810209289251,0.96055502510699,1.98784984296417,0.0383944404516471,0.0394854545031338,0.145036090180012,4.98231494526626,1.04491793476849,2.01129672082073,0.0206160759036341,0.0217438924704075,0.069751882559058,"Residual"
26,2000,0.35,35,2,0.25,4.97792365825611,1.02560560765261,2.00153702833194,0.0159927247773247,0.0159575627248718,0.0608756034143208,5.00411609090865,0.982454146855994,1.8275031221341,0.0167122510893302,0.016289502738983,0.0550454918082958,4.9729685579742,0.99663133784873,1.84117940389216,0.0398496983850122,0.0383229097460937,0.132182141860113,4.98882470837854,1.02188886551455,2.04437966045132,0.0203143590792557,0.022269963111971,0.0705135653224474,"Residual"
27,2000,0.35,35,2,0.25,5.02567224117292,1.01223323501887,2.01400304203957,0.0159288965576381,0.0162461451226883,0.0612085440202474,5.04855329917411,0.964897219402148,1.83533958383358,0.0166662960208818,0.0166161705550869,0.0552466811309546,4.97513180644543,1.04970178795515,2.16124383891269,0.0368363880470686,0.0385391911877313,0.15663867334577,5.00359626193508,1.02691765379199,2.09463498044784,0.0204954938203044,0.0222275258034261,0.0738968502946391,"Residual"
28,2000,0.35,35,2,0.25,5.00707704229445,0.99435282295438,2.03752404502141,0.015844633077105,0.0161184037175012,0.0620959099661837,5.03401564051362,0.946203609076551,1.82728083913633,0.0167034889545261,0.0166699531242166,0.0550525210459575,4.93824118095262,0.997299321443008,2.11393643805729,0.0372653131719917,0.0366214586140585,0.155628813623846,4.97484286945566,0.99997456581433,2.10618100087636,0.02072052479936,0.0222768703458178,0.0746835190411439,"Residual"
29,2000,0.35,35,2,0.25,4.99095174199971,1.0066436733994,2.05448997751893,0.0157757827272422,0.0162310170507062,0.0625752119325953,5.0077586119623,0.945500011803629,1.84535981983106,0.0166186845173993,0.0165656076557924,0.0555996923243007,5.03622016444204,0.980940087501276,2.0107474333318,0.0383766384211055,0.040983554796636,0.145931453146477,5.00712180490627,1.02721535728017,2.13447371332313,0.0202158099200174,0.0229773843446695,0.0753728870409891,"Residual"
30,2000,0.35,35,2,0.25,5.01517056507767,1.02070318293457,2.02254111826729,0.0158952267467477,0.0164221679004957,0.061459700232659,5.05098334773364,0.967129004833949,1.82279440696412,0.0167164022875989,0.0168098513784083,0.0547992988406761,5.02513566793175,1.06055822610185,1.94335603018334,0.038756122212168,0.0412718691406528,0.140520665075712,5.00692112802597,1.01696490844617,2.04149985765838,0.0199969379885751,0.0227714465891916,0.0700488879412203,"Residual"
31,2000,0.35,35,2,0.25,5.00985694556552,0.988628977674057,2.02567834572467,0.0158809023879353,0.0159578593391713,0.0615802385134657,5.04251598016859,0.937560734943707,1.86800741719681,0.0165141829285193,0.0160617690807916,0.0563152068778389,5.0580818471949,0.979136137910395,1.86966117220711,0.0395347309174658,0.0402521670329778,0.134500923882011,5.01788631388563,1.00154023740944,2.0447093997289,0.0197854967534448,0.0221002871886965,0.0698903458308428,"Residual"
32,2000,0.35,35,2,0.25,5.01169278289812,0.986048541810677,1.94342778436256,0.0162074891376946,0.0161311863302631,0.0587339871241933,5.045086818141,0.92410129823767,1.74453492721804,0.0170781135308526,0.016542161059927,0.0521498358119914,5.00429570749508,0.998707120634698,1.75145709657913,0.0408466944029281,0.0412321749577879,0.125717719791958,5.01788566559435,0.969827201247627,1.95381511729024,0.0201636866579079,0.0228629231409755,0.0661317967946162,"Residual"
33,2000,0.35,35,2,0.25,4.98505590279216,1.00126055313385,1.91659819894657,0.0163312664624297,0.0163588377810068,0.0578896713618374,5.00720747354822,0.95004887942022,1.82037418437733,0.0167379329932252,0.0162788736405463,0.0547115291552926,5.00063506887221,0.976151351532527,1.90680254179571,0.0391157847161557,0.0384400980634079,0.137278206049513,4.97224790044421,1.00868687691369,2.03292264294467,0.0205562530169204,0.0231343492503413,0.0708417377368982,"Residual"
34,2000,0.35,35,2,0.25,5.00488219063653,0.991297049004779,2.06272459166898,0.0157383039354548,0.0162794040144896,0.0628089003498461,5.03069662128472,0.923274461386152,1.87470791310658,0.0164839476394881,0.0163666658662618,0.056544583721295,4.99038356930018,0.974634639864936,2.03407634505374,0.0378991788725771,0.0375291679288492,0.147790164003829,4.99738775853755,0.99870417217554,2.07844575860127,0.0198030049894194,0.0212094850146268,0.076562296274912,"Residual"
35,2000,0.35,35,2,0.25,4.99996988597104,1.01108083079534,1.98714281469266,0.0160329330350521,0.016156270543613,0.0603729932794048,5.04268346827645,0.949081969496882,1.76484100170929,0.0169812135851114,0.0166050489380014,0.0529346270009422,4.91180609375491,0.963110481483998,1.97335167556486,0.0384919761538385,0.0373042789870439,0.143296989719926,4.9973639703861,1.00728395930636,2.01164823059108,0.0210020616320544,0.0222026276629956,0.0705460749309719,"Residual"
36,2000,0.35,35,2,0.25,5.00851013364457,1.0172051291866,2.05067653769582,0.0157965948200498,0.0157312240387807,0.062112513818213,5.04324044043075,0.957488689694038,1.81479142220476,0.0167613548487235,0.0161923264229731,0.0542975523069072,4.99567556073046,1.02600134789225,1.94477143757117,0.0387414609964472,0.0398128108499984,0.140533338407088,5.00808914998956,1.03098018592848,2.11273510498452,0.0207970992396525,0.0219795958159776,0.0757047158036347,"Residual"
37,2000,0.35,35,2,0.25,4.99344402863781,1.01497368116305,2.0526741348176,0.0157869197643123,0.0159654064982756,0.0624006930447433,5.02861477299856,0.961697579506761,1.86957492950809,0.0165138943355784,0.0161919566295301,0.0562768110478378,4.97921817811012,0.999599549323226,2.02667359004162,0.0379877262879091,0.0379267198588827,0.14767688836684,4.97709251214321,1.01608738505994,2.0977302232725,0.0198893755058857,0.021252179107998,0.072463557965425,"Residual"
38,2000,0.35,35,2,0.25,4.99704760850277,1.0128580607609,2.04375524217832,0.015825793166202,0.016172055558464,0.0619792310103595,5.04066382543111,0.958003841625511,1.83436020547337,0.0166680724017168,0.0165919521253702,0.0550176985812894,4.98073282832048,1.00843270137794,2.36822606346415,0.0351943046882277,0.0371055649780184,0.174217710472786,4.99398170214856,1.01402753623572,2.14634246024238,0.0202951010998887,0.021859640629801,0.0956132639667127,"Residual"
39,2000,0.35,35,2,0.25,5.00006125597916,0.991169312571415,2.0458680264871,0.015805576144659,0.0160784451574804,0.0620933153224372,5.01762297166906,0.932486021833279,1.8809795029421,0.0164643886465134,0.0160804214555582,0.056586190635172,5.01050407816426,0.977518619728301,2.04022931470327,0.0378274189400883,0.0380425198620062,0.148108761034853,4.99166696764268,1.00195854597956,2.17145037046511,0.019992792016989,0.0215445783153824,0.076482866134428,"Residual"
40,2000,0.35,35,2,0.25,5.00343098503062,0.977797323462371,2.02322441268877,0.0158946554846514,0.0157994343945594,0.0612529349495917,5.0337995093574,0.921490999933103,1.82131105347027,0.0167262699119437,0.0161312048153527,0.0545671211650536,5.0133546188789,0.965618283725877,2.18374506204437,0.0366192121599725,0.0351370085632327,0.158818484225242,5.00291032674892,0.982755351065084,2.03644971821817,0.0198392140488587,0.0214562238429253,0.0700232601387057,"Residual"
41,2000,0.35,35,2,0.25,5.00475814553908,1.00778537761883,2.02041501932174,0.0159107188935595,0.0160378535752693,0.061535013908455,5.01889225517257,0.954751620449955,1.86320968734614,0.0165460123465188,0.0161808831416897,0.0562720755517729,5.01744103464869,1.03130344528953,1.85067837807265,0.0396820202585215,0.040129552806006,0.133545987119723,4.99982406543279,1.00707674853188,2.09736160582707,0.0199187976143733,0.0223845432765378,0.0724225444141289,"Residual"
42,2000,0.35,35,2,0.25,4.98346254586623,1.02654800782725,1.92210661777578,0.0163008774112655,0.0169268535971097,0.0583849564772467,5.01902118038787,0.964068718448979,1.7467031325199,0.0170744600080763,0.0171053365508803,0.0525067468886239,5.01981781006105,0.99667208906078,1.9338849562631,0.0388927072204912,0.0410950687169707,0.140076838831623,4.97870560786263,1.03583628984681,1.98320872431604,0.0211494064352309,0.0240865405511243,0.070435346257891,"Residual"
43,2000,0.35,35,2,0.25,4.99360248834247,1.00374240585318,2.0601718315888,0.0157567870406504,0.015568594822918,0.0626817298466179,5.03296219408719,0.944472210693143,1.82233489344977,0.016722068423264,0.0160825929838225,0.0547425225718183,5.00827840772225,1.0352425850961,1.92350396716787,0.0390186726567353,0.0402342213217728,0.138898082709826,4.97420586046002,1.00300829270217,2.04369961681629,0.0202269495680823,0.0222608957679178,0.0702989456398892,"Residual"
44,2000,0.35,35,2,0.25,5.00522623150772,1.02585465629414,1.97222658385908,0.0160959201981973,0.0162359529527713,0.0599387616284872,5.03121255618647,0.967260141901527,1.79196496805188,0.0168614182761952,0.016516440377714,0.0539273862752777,5.05919118387339,1.02543981846279,2.07829110352125,0.037491367919244,0.037893638823228,0.150258869778528,5.01498906645451,1.03240376565684,2.06009812230105,0.0205155769378391,0.0216204641468016,0.0728485535763595,"Residual"
45,2000,0.35,35,2,0.25,5.02531968694983,1.01461853842521,2.02230857386954,0.0159032370006096,0.0159924577835268,0.0616077038586084,5.06089285399923,0.945727829314722,1.81824952983806,0.0167410528179636,0.0162388288697442,0.054801990127576,5.04788457603261,1.0088445680175,2.38197297048614,0.0350967373972512,0.0337242955768377,0.17617924180304,5.03674366556605,1.05816503856429,2.10092855056377,0.0204960368402235,0.0213793227443238,0.0749715256621517,"Residual"
46,2000,0.35,35,2,0.25,4.99839534925316,0.97013700267501,1.96269510517656,0.0161283640447973,0.01618289381515,0.0595554357599427,5.02753262986564,0.911583943108033,1.76700069481336,0.0169711185104806,0.0165511501490983,0.0530285957576636,5.0053132515876,0.985185586894011,1.92165776567071,0.038967575550593,0.0399658813122945,0.139596645397221,4.99612298683372,1.00380917546852,1.98409475632303,0.0205451364507754,0.0227637006208871,0.0690518460783679,"Residual"
47,2000,0.35,35,2,0.25,5.01694880961141,0.972797587045659,2.04991497485999,0.0157858367532357,0.0161452784996313,0.062382853206625,5.04360724604707,0.907144048351134,1.83160346342395,0.0166740213371231,0.0165368493699552,0.0551166253695649,5.0223924669403,0.958871851453847,2.45547543391222,0.0345192023282693,0.0372939717656348,0.180328999900012,5.00993945610822,0.995736852128441,2.0507995560379,0.0198121816639414,0.0232270990862566,0.0706400817566817,"Residual"
48,2000,0.35,35,2,0.25,5.00599448608975,1.0030204049806,1.95995777913762,0.0161515646059606,0.0164683162726554,0.0592468294642036,5.04258175275302,0.9464030717481,1.75242636100248,0.0170514308297922,0.0169244209917723,0.0523650813303553,4.98437213500303,1.01659217627168,2.18168644217839,0.0366906994342739,0.0363665943205188,0.159558469871193,4.99547949921687,1.01876947045514,1.98051019086899,0.0208033137467725,0.0228320306560675,0.0687549987252985,"Residual"
49,2000,0.35,35,2,0.25,4.9840190625321,0.985804172597243,2.02551562365677,0.0158920644368904,0.0157369064649003,0.0617465540533917,5.02278253644783,0.927115060250049,1.80453748690942,0.0168112601282106,0.0160843997642188,0.0543232968283993,5.01697494906752,0.973073050509752,2.06276457673567,0.0376925525183435,0.0377522363950386,0.149936816391,4.99325940803659,0.9757201537076,2.0376803443471,0.0207032019610762,0.0227312020041363,0.0725982181055514,"Residual"
50,2000,0.35,35,2,0.25,5.00468279450798,0.973018843866345,2.13524049141063,0.0154764763160598,0.0153012549896492,0.0649861156882854,5.03368868315881,0.915111063927473,1.91306024183105,0.016323075246113,0.0156179084307374,0.0576007110189807,4.97375263898172,0.972272253053014,2.09642511063754,0.0375185176995902,0.0361184948517558,0.152226328113962,4.98241234310944,0.974147206217383,2.22222648627257,0.0202743793084,0.0203465613192696,0.0794003908228858,"Residual"
1,2000,0.35,35,2,0.25,5.0063342351357,1.00063787877708,1.89554316764109,0.0164348878458644,0.0165343839147662,0.0572370674272257,5.03908114731805,0.956363321883921,1.72534106946737,0.0171994253498555,0.0168937195900796,0.0515756948400426,5.0252815914439,0.998387393676691,1.97361634998823,0.0384467435802647,0.0392413732513981,0.142779368759087,4.99265509722149,0.9985975528566,1.94865419898062,0.0211063101576594,0.0235770646620884,0.0685556196533867,"Residual"
2,2000,0.35,35,2,0.25,5.00275691799274,1.01837666733844,1.98525149372702,0.0160449765093114,0.0161467078208148,0.0604327167806809,5.03442388880857,0.961037183379623,1.76090427351383,0.0170057665213313,0.0166471685268193,0.0529052225198569,5.0441734118654,1.02666503370548,1.7241150108145,0.0411196672788974,0.0418501477520824,0.123497880501743,5.02018156445159,1.02653951150939,2.03155931677929,0.0206232673588665,0.0223909540095675,0.0710449769061392,"Residual"
3,2000,0.35,35,2,0.25,5.02468054802742,1.00593118566433,1.86428936912189,0.0165460656185592,0.0163846305467911,0.0562890855861103,5.06424362258411,0.948374321314659,1.69760621810132,0.0173114008587587,0.0166161871355073,0.0507598627107559,4.9717598239349,1.01999334564246,2.28800086914479,0.0358342106457715,0.0359282424855843,0.167615657289822,5.00579399808411,1.06689082651432,1.91921604707373,0.0213454802530392,0.0233952771460004,0.0668391183883067,"Residual"
4,2000,0.35,35,2,0.25,5.01244888230649,1.00044467329913,2.08353611562259,0.0156717221109704,0.0156328794732146,0.0633594944499004,5.0484833764303,0.947177066690741,1.88718959374736,0.0164375585322168,0.0158644329801052,0.0568025839567425,5.00602256558555,0.96832286376035,2.03804249359761,0.037831371754972,0.0398140944927237,0.147535597602911,5.01704679189331,1.00779961607675,2.1650009337426,0.020274667728781,0.0218890424663412,0.0775510782789421,"Residual"
5,2000,0.35,35,2,0.25,5.01246208613877,1.03209953104323,1.98688410533227,0.0160339852236968,0.0165221858559352,0.0602990606923571,5.04414802327702,0.962369132239987,1.75772440356323,0.0170163413699986,0.0169546989838325,0.0526704548978577,4.99490934918306,0.972619390696425,1.9376578964633,0.0388627583010974,0.039624591109497,0.140561355250298,5.02493413678873,1.02146038087307,1.98669827672665,0.0209702704414621,0.0220841712380151,0.0690924624930657,"Residual"
6,2000,0.35,35,2,0.25,5.01054034338999,0.991041725819329,2.07278842671895,0.0156989250812271,0.0162119637668648,0.0628475675054268,5.0389341496828,0.933090211361686,1.88310045717549,0.016447564523773,0.0164425287924032,0.0565493203768555,4.99496070589263,0.953829590373269,2.10827281613562,0.0372286509379681,0.0385014325554481,0.153437738851477,5.00313758582627,0.998259995994563,2.08750058210817,0.0200126076251223,0.0220577486233817,0.0720918198055724,"Residual"
7,2000,0.35,35,2,0.25,5.00444684983438,1.00032253449827,1.97167954749211,0.0161144583864006,0.0161281280978443,0.0598090452922644,5.03130204801443,0.924975576229951,1.7853527944764,0.0169087028699767,0.0161593986160433,0.0536094350244639,4.97354249060285,1.003159366028,2.25241967950689,0.0360852360473498,0.0346121829666362,0.165230394600799,5.00658775156655,1.0045326838469,1.99592400601863,0.0203222206444021,0.0216051367498056,0.0689746094438931,"Residual"
8,2000,0.35,35,2,0.25,4.97807158244072,0.983241246589561,2.01424269319574,0.0159376420804711,0.0157442113540147,0.0613289908441,5.00734520793303,0.931424802546924,1.86798942348241,0.0165247434790222,0.0157877116502375,0.0564326510350193,5.01273405581721,0.984201261557106,2.21147712389715,0.0363670283904885,0.038640158637344,0.160832916156757,4.97712906644258,1.01321276112929,2.07599123541473,0.0200290701339811,0.0215427049311356,0.0721173591307692,"Residual"
9,2000,0.35,35,2,0.25,5.0015210432983,1.01387108919813,2.01131874581406,0.0159454024222922,0.0156868354356296,0.0610378754185959,5.02401012009654,0.952174017747708,1.82927704205759,0.0166965825301083,0.015842041081005,0.054973813776893,4.9895975930298,0.993718550318074,1.98903940376413,0.0383209858689946,0.036945283989502,0.144011789934562,4.9886885572714,1.01288803606598,2.08588704784593,0.0205946423920083,0.0213571068081664,0.073514530208567,"Residual"
10,2000,0.35,35,2,0.25,5.00429782837302,0.967569624517243,1.98795836291122,0.016020255622724,0.0164589682236774,0.0600400558992199,5.03296183256171,0.915812627786895,1.82591400836723,0.0166945496398075,0.0167590613317939,0.0546872101820952,5.01236844361069,0.986021872104603,1.96073766486456,0.0387670897218843,0.0407053797405277,0.14197333154353,5.01686881021549,1.00327217865601,2.07303642859129,0.0204410822149495,0.022470127810057,0.0732750921314845,"Residual"
11,2000,0.35,35,2,0.25,5.0246142202709,1.00559622567441,2.10366648774751,0.015600826530934,0.0156148710915728,0.0640161621673344,5.06223053632464,0.946873003812448,1.89901480897328,0.0163879511652718,0.0159222701420855,0.0572017702070378,5.01269992728762,1.02951191918312,1.95155869017613,0.0388642082212294,0.0381713396995743,0.142108070537007,5.01160536563138,1.01524438119767,2.16336460119994,0.0199823502776939,0.0214038607550731,0.0751835237774295,"Residual"
12,2000,0.35,35,2,0.25,4.98051372558472,1.01408036766143,1.97667789179504,0.0160736601341216,0.0167515561877132,0.0599295515088075,5.00888044949526,0.951281185120113,1.81601188971288,0.01674676753996,0.0167822637973036,0.0545756819129302,4.96191306781371,1.02751605851002,1.95614055262118,0.0387029282777835,0.0387422514405764,0.142315189883031,4.97637796624984,1.01695418702802,2.01046171571306,0.0202050935596646,0.0218292120851341,0.0684324876952578,"Residual"
13,2000,0.35,35,2,0.25,5.02143791894455,0.997405714877407,1.96646091326652,0.0161070849455993,0.0166350876626987,0.0595105472643563,5.04541337374839,0.935129162855621,1.78032189099803,0.0169040954294225,0.0169343814624092,0.0533369189528954,4.95403812890581,0.925920323110629,2.03249261296643,0.0379648776454997,0.0389952290840267,0.147286407389153,5.00303991538159,0.995112213655685,1.99149857833772,0.0206411081742716,0.0222585474439194,0.0688729066534241,"Residual"
14,2000,0.35,35,2,0.25,4.99965338242472,0.99736351073083,1.99570614740569,0.0159991825634035,0.0163067307179836,0.0604624956837658,5.03244522336391,0.941643647684447,1.8058853203555,0.0167918393968263,0.0166298742661016,0.0541531203909825,4.97394043756059,1.02159529155226,2.08803880730119,0.0375172161304485,0.039128789922233,0.151284601614566,4.9837630900776,1.01952826602988,2.05209895596281,0.020140597032395,0.0229871680610842,0.0722302217600625,"Residual"
15,2000,0.35,35,2,0.25,4.98328930401566,1.01582302176961,2.01841343946685,0.0159188738895512,0.0158990740612594,0.0614160415698457,5.00778539946,0.955157258715643,1.84982705831432,0.0166040379296967,0.0161194680166482,0.0557943061570974,5.03138786190741,0.979064451344758,2.26440091691985,0.0360222242562707,0.0341574405842414,0.1651619271539,4.99412794960867,1.00850237895129,2.08032212546894,0.0199372034654122,0.0205677479102036,0.0721833600032909,"Residual"
16,2000,0.35,35,2,0.25,4.98761092096535,0.993670005185938,2.0621762971666,0.0157538766915714,0.0159412724506627,0.0629120399048208,5.02045104965607,0.930713200892601,1.87342906967173,0.0164994537046691,0.0161506015030058,0.0565827707408264,5.05485771863878,0.952037579916927,2.0425122410905,0.0378026606277587,0.0359183417825016,0.149464637624296,4.98409384792839,0.978035951664434,2.10801881294747,0.0194758160419381,0.0209638731033026,0.0728081935925738,"Residual"
17,2000,0.35,35,2,0.25,5.00346336878707,1.01759401686595,2.01708033205292,0.0159162738364,0.0161450712234864,0.0612700243599648,5.04308392686784,0.945757428689599,1.80954544332991,0.0167744483786898,0.0163973718986587,0.0543751637099005,5.01772917540052,0.992784564506637,1.89021305784987,0.0393953524596753,0.0382589681205956,0.136798490175015,5.00689701406669,1.00574181850209,2.0782275410171,0.0206150641705047,0.0222451586406484,0.0728297519697315,"Residual"
18,2000,0.35,35,2,0.25,5.01455855063481,1.00711060185729,2.00842174851232,0.0159574701010019,0.015658023470494,0.0609869992198182,5.03564321668184,0.951207203280843,1.81858234140168,0.0167452507710595,0.0158971269731707,0.0546556396301223,5.01043287072925,1.03786484162426,2.04586243873933,0.0379696615824768,0.0388985538679745,0.148536292923022,5.0223398989697,1.04358816834016,2.07107205573425,0.0205732099093,0.0222989468035985,0.0697972510547231,"Residual"
19,2000,0.35,35,2,0.25,5.02174956452324,1.02652848213057,2.10383986366195,0.015601065975129,0.0158466197579468,0.0640810576670787,5.07030906967931,0.963569256157559,1.8393627473399,0.0166440041871194,0.0163591111236015,0.0552349929215426,5.01467996095153,1.12940918446497,2.12670942903028,0.037316417137015,0.0390209672754193,0.154685448721813,5.02494509904594,1.04832226201607,2.14025621185375,0.0207019841953769,0.0235158709197113,0.0759663465768639,"Residual"
20,2000,0.35,35,2,0.25,4.99813209456855,1.00658271876053,1.99641495630913,0.0159986514931281,0.0162083629074681,0.060477948073209,5.04205632986081,0.944134330125285,1.78958964081139,0.0168667274735085,0.0166634573352065,0.0536237905447238,4.99574470837119,0.958126102831401,1.96534079348829,0.038611886031563,0.0391048561336737,0.141129835328228,4.98050597612656,0.999457084048608,2.02381859187671,0.0205288090724548,0.0218306733597385,0.0701488452869004,"Residual"
21,2000,0.35,35,2,0.25,4.99893151911017,1.0235263756355,1.99241523222214,0.0160203398366615,0.0162422041698743,0.0603172286183933,5.0314411533818,0.955026427923977,1.78612308967174,0.016891569451872,0.0165122703877101,0.0534770524611732,5.03554927935556,1.03095176964246,1.98567422221497,0.0383179047619779,0.0414694360415003,0.143929457757062,5.00570477053921,1.06643698565073,2.02475797009333,0.0206439668000473,0.0232729517559247,0.0707702291025463,"Residual"
22,2000,0.35,35,2,0.25,4.98196081180657,0.993512934577658,2.0065998814043,0.0159582394936646,0.0163266388440868,0.0608298356421965,5.00785168173756,0.931810174003313,1.81961291511017,0.0167342998305635,0.0165075875905699,0.0546019969726647,4.98918320766322,0.97152148435763,1.92785051362061,0.0388794938047673,0.0418259863158876,0.138741870906835,4.98531061715859,1.01816734130928,2.02724532652052,0.0202875878499345,0.0223401547639326,0.0699024675915887,"Residual"
23,2000,0.35,35,2,0.25,5.00502977439,0.99237759513056,2.02947251594793,0.015869949231109,0.0161332572596401,0.0615935824797967,5.02620673752363,0.924991026441925,1.85967609567572,0.0165571981018666,0.0161300795593112,0.0559392980514467,5.03330482808144,1.03114375020779,2.11388119301327,0.0371923845076367,0.0385856566822484,0.15305517427325,5.00958302764518,1.01192215306689,2.08635054743369,0.0198647694486883,0.0218444666516342,0.0727111548717676,"Residual"
24,2000,0.35,35,2,0.25,5.02636494728797,1.008913035104,1.94475276149878,0.0162029196662146,0.0164450645322905,0.0589228993384585,5.05881762356784,0.955480241345056,1.76790284459747,0.0169691049736456,0.0167768563873392,0.0530232396762259,5.05709306079287,1.02947396620103,1.71244514455005,0.0412769955543765,0.0412098237020447,0.123298932218474,5.0249262471129,1.02455860396451,1.95376922375709,0.0206399220786117,0.0228150209920808,0.0668851136739493,"Residual"
25,2000,0.35,35,2,0.25,4.993104828608,0.982663228683369,1.925051331134,0.0162815531722751,0.0164570850871597,0.0582117447987951,5.01434142515922,0.939626502266463,1.77929155185239,0.0169156788663133,0.0167261193403174,0.0533567516239144,5.02693794910112,1.00969640118374,1.97505035808971,0.0384660376511537,0.0376789977072839,0.142811219072616,4.99564117167219,0.997256557400923,1.99069551967076,0.020530060667575,0.0221916636715646,0.0686918414594302,"Residual"
26,2000,0.35,35,2,0.25,5.01376839120982,0.981776423239289,1.90650086083783,0.0163565450275139,0.0165299559780263,0.0576658342175056,5.04029764020812,0.929492168932541,1.743125905522,0.0170843743697893,0.0167605851327619,0.0522198774312099,4.98510262663995,0.964721903564079,1.86326341648261,0.0396190028557005,0.0385448053764178,0.133845443597847,4.98772453909691,0.976727973917938,1.94176689875061,0.0202339140746002,0.021801050830637,0.0657636797007691,"Residual"
27,2000,0.35,35,2,0.25,5.00813259259354,0.978404151609661,1.96293148666359,0.0161252953244343,0.0163532418613183,0.0594416215981139,5.03492459711159,0.919228434974135,1.81501673053697,0.0167500109811387,0.0164846353364478,0.0545392385819086,5.02189455384242,0.968584550895509,2.00845223252007,0.0381197650728212,0.0386027717244736,0.145385020848185,4.99720261125201,0.993082622230862,2.02383528676462,0.0205271872134224,0.0225627041292002,0.0700268392292591,"Residual"
28,2000,0.35,35,2,0.25,5.01598331861838,1.03305584247407,1.98538052995304,0.0160436491979241,0.0163207721778836,0.0600966712023435,5.0471114690436,0.972468093558025,1.77337412677134,0.0169467616230641,0.0166591251024269,0.0530530741414831,4.97261752046841,1.01197392938219,2.01492781627636,0.0380766676930776,0.0395128534749008,0.146335726942166,5.01005490099644,1.05363663892644,2.03025542700271,0.0207806297839547,0.0226838896931064,0.0712407659017402,"Residual"
29,2000,0.35,35,2,0.25,4.99608979257441,1.01125002265649,1.97683351381701,0.0160761979999074,0.0161861401845985,0.0600286817825053,5.03625891986527,0.942534046291033,1.77086373384174,0.0169562176018914,0.016551157783187,0.0531869171095536,4.92028234033181,1.03925590287823,2.00714554559584,0.0381757374242682,0.0392553879288746,0.145830801841639,4.9718348794539,1.00222214858348,1.98440149993479,0.0200894589870261,0.0225460882465667,0.0681188893609147,"Residual"
30,2000,0.35,35,2,0.25,4.98717780233343,0.997654648367939,2.11311001062068,0.0155655717406436,0.0155427892953348,0.0644544635279792,5.01617574340676,0.931975623875144,1.88832868661389,0.0164355490880959,0.0157672491884795,0.0569289906520072,5.01570592649933,1.00827195425436,2.22194493110908,0.0363726887848088,0.0366357537105884,0.161181456349126,4.98941549477697,1.00849352792851,2.15251448742976,0.0201548029501478,0.0221409273993179,0.077112763848523,"Residual"
31,2000,0.35,35,2,0.25,4.99702038935888,1.00677935634318,2.04224166775674,0.0158289751027544,0.0159657536059993,0.0620945733063887,5.02430555534944,0.954081822763465,1.85992860548569,0.0165613660960247,0.0162246194288956,0.0559938987480832,5.00576911169879,1.01474080548029,2.12268180426107,0.0373112509800987,0.0389396817650708,0.154366666369844,4.97521759203623,1.03007749005336,2.11067197764801,0.0200405577527759,0.0219884524507093,0.0737140521245301,"Residual"
32,2000,0.35,35,2,0.25,4.99189011883911,0.994635011908551,2.01329302053849,0.0159305040660893,0.0158173584908277,0.0610971345344258,5.02762450148697,0.934129956154152,1.78425870351972,0.0168912053973898,0.016363762526846,0.0534843800819211,5.02619881080305,1.03772518835428,1.78922126438455,0.0404734912822233,0.0408127964959889,0.12906328737358,4.98566965291841,1.00506422700403,2.03157988603329,0.0200807606320364,0.0219784020950774,0.070484013572514,"Residual"
33,2000,0.35,35,2,0.25,4.99193579083956,1.01492241546359,2.08339337949184,0.0156819527494414,0.0159189521768403,0.0633942074045347,5.02247369875898,0.94945733536455,1.85779291180793,0.0165768961562336,0.0162524632743315,0.0558651009061838,4.97406195701869,0.982020859118199,2.01490391433741,0.0381249376535061,0.0408099198101203,0.146062861141193,4.98252531468189,1.03555568975844,2.09489251591314,0.0202244339815625,0.0221385683351322,0.0728845838146228,"Residual"
34,2000,0.35,35,2,0.25,5.01373524220099,0.992437752792981,1.98982974447489,0.016019148878546,0.0160860434536197,0.060309680408199,5.04062675565482,0.932479425683655,1.81184486829931,0.0167650040157545,0.0162225509388161,0.0543790721589638,5.05889671177351,1.01184950135689,2.01128229790865,0.0381822053598946,0.039912447255312,0.145821665825643,5.00580270537661,1.03103608195,2.05458219891458,0.0203664659086676,0.0224133973188195,0.0720424374158562,"Residual"
35,2000,0.35,35,2,0.25,4.99209937593895,1.0113202231355,1.93062495031305,0.0162741522593781,0.0162528305259745,0.0583304446788288,5.01730596768444,0.959003824580257,1.79806206008227,0.0168426946192193,0.0162546076263738,0.053917695129039,4.93696745134445,0.946036421446009,1.91439406593293,0.0390617657345836,0.0376753038503847,0.138944571728423,4.95908328640362,1.01088930653105,2.01212383852678,0.020264371146559,0.0212043196956308,0.069114315210885,"Residual"
36,2000,0.35,35,2,0.25,4.96773610588435,1.01956655478271,2.06063040712692,0.0157568612246859,0.0163073434964314,0.0628077870948192,5.0058658940827,0.949624524677865,1.84328058394661,0.0166282583133098,0.0166186540321808,0.0555476056590126,4.94481435906668,1.01281094042064,2.38306859898827,0.0350876306691759,0.0373191854614257,0.1739314664795,4.97766991327433,1.02924320489708,2.15786679532523,0.0206708096132771,0.023057976614506,0.0777684383741537,"Residual"
37,2000,0.35,35,2,0.25,5.00791650124659,0.98286925278032,1.96799924723327,0.0161133085604905,0.0161590516391201,0.0595238510451518,5.03737151417747,0.925172060792492,1.77279100206696,0.016952249479733,0.0164907119202332,0.0530426790065033,4.96920275603461,1.00337626581662,1.7832529265271,0.0404223098305935,0.0411747983584586,0.127891119842532,4.99845836357519,0.966380693840848,1.96985756909086,0.0201524695716892,0.0223342532284395,0.0666918643686082,"Residual"
38,2000,0.35,35,2,0.25,4.97536254049185,0.991956637198752,2.06655286336913,0.0157321129408838,0.0158329137356196,0.063015701046683,5.00819631584656,0.924339161055556,1.86565332360127,0.0165299709417466,0.0160114188765404,0.0562860850622684,4.95030324775129,0.977439984718671,2.04240532508596,0.0378419634119293,0.0386149831437401,0.14786794480965,4.9377381079329,0.995611505413416,2.10426967867686,0.0197255866366293,0.021325148022151,0.0729100796914095,"Residual"
39,2000,0.35,35,2,0.25,5.00223473525217,1.00925968315147,2.07038978887005,0.0157147355819481,0.0158928230833411,0.0629706757079068,5.02643426309402,0.948407669119003,1.85462904132409,0.0165769168531244,0.01624422173822,0.0557823653090991,4.97381193060311,1.08452604316474,1.9200270316077,0.0390019745232345,0.0404576241548756,0.138537766036528,5.01413557856474,1.031738310946,2.08789856188464,0.0199119369631266,0.0224067176752388,0.0718529130299066,"Residual"
40,2000,0.35,35,2,0.25,4.96824739720359,1.01541296526659,2.08592873862556,0.0156598929742516,0.0161971076400504,0.0634792772953911,5.00183027675398,0.968848004826348,1.88547771818482,0.0164450654933544,0.0166183321323795,0.056769549090365,4.9771255630482,1.01431425036369,2.34383790683549,0.0353530733821136,0.0383192524645278,0.173859664036865,4.97012876586898,1.03816535486047,2.20978492065506,0.0203264470504081,0.0236612471257905,0.0801535524150078,"Residual"
41,2000,0.35,35,2,0.25,5.01596286107832,1.01810629519658,1.98966991966917,0.0160272784453748,0.0161490933382387,0.0602276366646512,5.0463817675312,0.949338255737228,1.75508704268794,0.017035575474741,0.0166296676390599,0.0524729503667984,5.01215429534656,1.00933699327268,2.03864702896986,0.0379769630611404,0.039499330181938,0.147484820026482,5.01874072937982,1.00646263406213,2.02005155218311,0.0202849910605871,0.0236988453208483,0.0697888394072464,"Residual"
42,2000,0.35,35,2,0.25,4.98360357610466,1.02334045940093,2.03180026462004,0.0158728979296156,0.0159186758488652,0.0620657216107707,5.01152621941664,0.948081963667411,1.80865583753614,0.0167916079349682,0.0161602461037648,0.0545677971908648,5.05489023947876,0.971025838016677,2.10198837247883,0.0372611166882569,0.037819668613828,0.152495724042014,5.00239630399334,1.00641995787305,2.04924642634289,0.020046092413272,0.022217579529392,0.0711762481490624,"Residual"
43,2000,0.35,35,2,0.25,4.9984635832063,0.982235539260163,1.95201470518389,0.0161737180289103,0.0161629289635921,0.0591371606425684,5.03203395751069,0.910323317212771,1.73099674296452,0.0171441021846216,0.0166078083638424,0.0517987751259547,5.03587952073148,1.02158933607375,2.12216711168782,0.0370975533853848,0.0381607744826967,0.154716639998286,4.9885784821848,1.00327864302405,1.95102162211365,0.0207118969931425,0.0226044052158808,0.0669676970646556,"Residual"
44,2000,0.35,35,2,0.25,4.98608902112583,0.981361254512428,1.93371854051473,0.0162521414499387,0.0164725693240979,0.0584701169113047,5.00582272864975,0.933533121313276,1.77228513262297,0.01695306957542,0.0167752976362599,0.0530969350009409,4.96534862939527,1.00592976910303,1.89281785271991,0.0392808235080198,0.0387616838507783,0.135788988974635,4.9605088787265,0.987837146878795,2.00344245009538,0.0206929147236174,0.0222363754151838,0.0695735338182829,"Residual"
45,2000,0.35,35,2,0.25,4.99141377251492,1.00725460269106,2.08106237528405,0.0156805168683887,0.0155362525982904,0.0635957966539342,5.00892230729433,0.95822036457741,1.91091967056873,0.016342706320179,0.0157648369901136,0.0578902955645628,4.99286499619767,1.037942620675,2.30975393599161,0.0356771130440506,0.0326389650874772,0.170718363227173,4.94993366369781,1.01974574084937,2.14537725608493,0.0195463371233051,0.02069063692733,0.0741917384447607,"Residual"
46,2000,0.35,35,2,0.25,5.00841977331937,0.996209998081385,1.99038182588825,0.0160178771379559,0.0160859575644835,0.0603086713764266,5.03149775263545,0.941485189092224,1.82077994655279,0.0167256058598857,0.0162994456237947,0.0546768129075877,4.97542581031362,0.96152528651492,2.22054530713712,0.0362872864119892,0.0372551947087839,0.162284953045243,5.0057707057004,1.01700989266356,2.08056936776956,0.020244349344342,0.022071565801691,0.0723115007200845,"Residual"
47,2000,0.35,35,2,0.25,5.02113016695444,1.02009625212046,1.97518968746573,0.016080549003748,0.0164181837506881,0.0598517174874434,5.04629045075051,0.960036511771031,1.77590933306975,0.0169320115239469,0.0167479829804712,0.0532080307323277,5.04853722866284,1.01208170810509,1.74652727302091,0.0408171049519037,0.0411935039212674,0.125100247354567,5.00568922264523,1.01547915084533,1.99808886549875,0.020421068214691,0.0227593553699674,0.0690473589950037,"Residual"
48,2000,0.35,35,2,0.25,5.03784405305795,0.994300441596138,1.91191682475628,0.0163353568541853,0.0161464615411901,0.057616984084638,5.06748496665687,0.935703644126323,1.72125508748529,0.0171908329948078,0.0165237342382796,0.0513270491007898,5.0326097544692,0.99578113774168,1.91074291273027,0.0392030603224235,0.0365123270456807,0.138595582069719,5.02295450834527,0.964328193088788,1.93461326761658,0.0204541616996793,0.0204643398153375,0.077843786737849,"Residual"
49,2000,0.35,35,2,0.25,5.01245697724561,0.995162669279625,2.04059405906821,0.0158283501582425,0.0159584484376102,0.0621057102202265,5.0433921656801,0.933380808549094,1.8308597858496,0.0166816305453396,0.0162957264643151,0.055089902746006,4.98192749986725,1.08183647443383,1.83486819115339,0.0399555555022323,0.0395905346851124,0.132672781367501,4.9961713818093,1.01545866116502,2.06225081547139,0.0202932757351735,0.022823055641364,0.0712413021482046,"Residual"
50,2000,0.35,35,2,0.25,4.98644490885694,1.00432045597564,2.011069244326,0.0159478357460085,0.0160675996456687,0.0611251830694429,5.01615601120214,0.939449763932951,1.80113420073867,0.0168226552161986,0.0162929611750651,0.0541117193526644,4.98264858824345,0.950173804918664,1.79551838241015,0.0402779101138669,0.0404273221694768,0.129618337937138,4.98452336762884,0.990112000639218,2.05631804939255,0.0203116346336654,0.0218098097776572,0.0715742372700639,"Residual"
1,2000,0.35,35,2,0.25,4.98193579984634,1.02012778719689,1.97469846253574,0.0160900107095723,0.0163037912313017,0.0598674814430582,5.00986183552712,0.950670347023787,1.73812499518826,0.017118169480538,0.0167713298480879,0.0520104460462714,5.0282516464069,1.00003894786614,2.10063568945312,0.0373441135539863,0.0385010526229215,0.152208898628285,4.99451260243969,1.02192853909514,1.98790493065654,0.0208395058737809,0.0222869253709594,0.0702384189150061,"Residual"
2,2000,0.35,35,2,0.25,4.98480032815592,1.00849509311211,2.00669910394728,0.0159589439778639,0.016181763941054,0.0608227595639134,5.01354276623946,0.964615003972163,1.80766158436265,0.0167889598723894,0.0167024070043119,0.0541933256909716,4.97857144566323,1.01661389911882,2.05276730040745,0.0378001928803125,0.0362019011751953,0.148593953199448,4.98594791729186,1.01488303920917,2.04520048319229,0.0200528177494268,0.0218474001692763,0.0705698768918369,"Residual"
3,2000,0.35,35,2,0.25,4.98793066374932,0.982807300788192,2.02940515947663,0.0158880110527444,0.016103121324923,0.0615263351395101,5.02431475196414,0.922376180488833,1.83967222704236,0.016652455112975,0.016431280289221,0.0552348384131069,4.97966033948135,1.02280008724401,1.98928941092309,0.0383459496142065,0.0378178223215604,0.143502080078974,4.98395742378231,0.982594918160116,2.07422365483083,0.0202307154023166,0.0227520452092157,0.0717643547051125,"Residual"
4,2000,0.35,35,2,0.25,5.01167912436171,1.03452231397561,1.96024888224872,0.0161488512127481,0.016713467656429,0.0594320035160648,5.04815725401404,0.96923150851159,1.77866750733576,0.0169234793625194,0.0169248565107288,0.0533884028531036,5.07189377588161,1.00252800767701,1.86067144714868,0.0396753921326741,0.039442056174478,0.134115104228747,5.02994684870663,1.01491930444525,1.98567146778515,0.0203370165769279,0.0217349921169125,0.0682650548000591,"Residual"
5,2000,0.35,35,2,0.25,4.96415491534111,0.99045979842395,1.97235135594752,0.0160958074179105,0.0161166876897654,0.0598058204833076,4.98963515271561,0.931917047290041,1.78257419963966,0.0169064182914961,0.0162799178965997,0.0534695393604193,5.01465953350404,1.01056477427834,2.06857897517892,0.0376315381236369,0.0358633816698471,0.151291574374395,4.97814761591121,0.996001214573183,2.0135970627791,0.0204603943093978,0.0217070117109389,0.069910065695766,"Residual"
6,2000,0.35,35,2,0.25,4.98192328759231,1.01211175330286,2.01457299071428,0.0159284694446281,0.0160882876322575,0.0612805047949961,5.01770239300658,0.9503386412619,1.80713947954323,0.0167900359017788,0.0163971256975098,0.0543570297654632,4.9438032755806,0.949044449682871,1.86315433762794,0.0395480327490996,0.0405203238953812,0.135245200516669,4.98991747802521,1.02493264125398,2.03865260484771,0.0206999518254697,0.0225640442774151,0.071310926229413,"Residual"
7,2000,0.35,35,2,0.25,5.00007861538208,0.989984929001897,2.02526573675902,0.0158852061821557,0.0158946496043768,0.0615819902464322,5.0425085186902,0.933613081782531,1.79462038730353,0.0168428615934686,0.0164104476509276,0.053862842401526,4.97501548959788,1.00439481971662,2.08220539764629,0.0375327909613117,0.0383059218552462,0.153030931817061,5.00067534277326,1.00917085030941,2.0527879304857,0.0206400179470953,0.0223353265998177,0.0722207007611059,"Residual"
8,2000,0.35,35,2,0.25,4.98921210398173,1.01064111154704,1.98589365665423,0.016046456100155,0.0162555899158526,0.0600892437489307,5.01279419461164,0.948696651979025,1.84335821492349,0.016631884560729,0.01620086229446,0.0553854039456631,5.04874299155591,0.994324909983412,1.92748333888798,0.0388989309599815,0.0410949668198105,0.138447245526225,4.98637654276804,1.04046425283207,2.07620701837402,0.0203137902009205,0.0220961079322047,0.0724871935189905,"Residual"
9,2000,0.35,35,2,0.25,5.01254887815653,1.00791034864167,1.91422482322437,0.0163346661713712,0.0164507682154532,0.0578819351793024,5.04964880889423,0.939929860927184,1.72445597030938,0.0171796050372881,0.0167097253261391,0.0515831891065346,5.0201138412112,0.977983819723988,2.25123737389719,0.0361575455166124,0.0350435683424073,0.164968891382446,5.00208116299817,1.00212283074589,1.92867986026643,0.0207259429767399,0.0224134164538193,0.0663387051319546,"Residual"
10,2000,0.35,35,2,0.25,5.0212215028225,0.977845561455309,2.08757751460172,0.0156596304165182,0.0157718290971885,0.063489612771077,5.05425582454877,0.926837428952523,1.89045021309218,0.0164271755951572,0.0161593374317514,0.056916613924535,5.00070738341801,1.01027939322733,1.88602587749667,0.0393359552825402,0.0412551150676745,0.137296240231232,5.01701437200751,0.983332622101402,2.10971939325762,0.0201080552772248,0.0228481047238132,0.0727877222573669,"Residual"
11,2000,0.35,35,2,0.25,5.01822064623396,0.992975505542427,2.01307555104877,0.0159258170782253,0.0163777784563978,0.0611359126028149,5.05185794368965,0.937745691224522,1.85425946040143,0.0165697833958901,0.0165647696205469,0.0558589198817428,4.99762610332501,0.975381468233814,1.82146222459803,0.0399932880768777,0.0417491602152729,0.131138688860728,5.01440152488856,1.00051090092964,2.08616179188497,0.0201491861609063,0.0227709286594457,0.0724098192683845,"Residual"
12,2000,0.35,35,2,0.25,4.97600790390196,1.01057626570083,2.05975834777374,0.0157673501654859,0.0157858710502651,0.0626908325629034,5.00210932867279,0.95478223091594,1.90023997278896,0.0163956002946435,0.0159155926588863,0.0573838860267247,5.00092400922691,0.966960578031623,2.0453073593786,0.0378118077053975,0.0363036005447923,0.148523732004367,4.9823171297737,0.992556586155632,2.15879734199281,0.0197565050025489,0.0210840166551623,0.0747696829724967,"Residual"
13,2000,0.35,35,2,0.25,5.0472190471286,1.01531585263446,2.02597016673102,0.0158759450227654,0.0163156911000506,0.0614266417379294,5.06619721999634,0.95110814689709,1.81473605235936,0.0167478261968869,0.0166246352002238,0.0544047396009218,5.09392113452538,1.0358463509414,2.03599862310833,0.037849664669712,0.0377695207300122,0.147850461257362,5.04659773166912,1.02563195534891,2.08972292994499,0.0204424406850522,0.0219325101719558,0.0743144278116266,"Residual"
14,2000,0.35,35,2,0.25,5.02032047118563,0.991050998213259,1.96287808395834,0.0161386765086148,0.0164647194846358,0.0596321632235586,5.05967756221769,0.928062712656224,1.77363498586767,0.0169454261845506,0.0166841205759886,0.0532938932582959,5.08221603764229,0.978064127933966,2.12768874926833,0.0371645638780227,0.0370502956012466,0.155425676600357,5.02227151904084,1.00618257249748,2.01398589330939,0.0202809282727205,0.021613439369119,0.0702950820451166,"Residual"
15,2000,0.35,35,2,0.25,5.01018583724274,0.995241411844524,2.1493790316897,0.0154233063722063,0.0159809107305039,0.0656419543765446,5.03610329577762,0.938464475373276,1.94314183660666,0.0161966143627508,0.0162378340056535,0.0587399791925972,5.00478467195502,0.995886920891531,2.01201933525526,0.0380921828676689,0.038324856930266,0.147167421498347,5.00609638555247,1.00185533223304,2.23600642652829,0.0199226801698959,0.0213266677823227,0.0796627755463688,"Residual"
16,2000,0.35,35,2,0.25,4.99550106246201,1.02215020101988,1.97846118368172,0.0160712463082968,0.0167490495850003,0.0599243042576523,5.02190204605735,0.949106662394663,1.77535729964685,0.0169423434281244,0.0169554538274311,0.0531770741318044,4.99389245503276,1.04686484496524,2.02568960910478,0.0380151520930532,0.03773777263797,0.147650439390702,4.99418441170552,1.02443772141817,2.05427101661111,0.020709503722554,0.022775719510141,0.072340454362986,"Residual"
17,2000,0.35,35,2,0.25,4.98251607828537,1.00394882397179,2.0561350209709,0.0157768141702755,0.0154115428304734,0.0624599798689399,4.99954324395964,0.952351442488333,1.87907854503838,0.0164814680202079,0.0156932047625194,0.0565649893195258,4.96836384528492,1.00386732167222,2.10948313515985,0.0372520109424569,0.0359968097106111,0.153030186236109,4.97396740151415,0.996394631499903,2.13808831696045,0.0204190831570356,0.0214557938196021,0.0767291961336247,"Residual"
18,2000,0.35,35,2,0.25,4.98236829486394,0.996220757984555,2.04244381491337,0.0158227205674359,0.016001547418127,0.0620286261309947,5.02153907392184,0.931351682627217,1.84644955342854,0.0166106833388837,0.0162411038839514,0.0555133686605424,4.97295027532939,1.0093743215613,2.32741624720246,0.0355853572414973,0.0374661806467356,0.16975940318469,4.98272589731052,1.01668169180807,2.11127153252432,0.020070189822578,0.0223023454052204,0.0740436679648644,"Residual"
19,2000,0.35,35,2,0.25,5.01023941574887,1.00793645031933,2.00826214282466,0.0159536727818798,0.0161225295379973,0.0609124269955671,5.04625775301666,0.943704634584042,1.75477573604722,0.0170321317161923,0.0167937955386018,0.0524961349406319,5.0415989833967,0.985640170174028,1.89500113907809,0.0392346024711519,0.0381388792532916,0.137057032480878,5.03169365856619,1.00160044572917,1.99852123753599,0.0208621416785667,0.0223652696017282,0.070225107456271,"Residual"
20,2000,0.35,35,2,0.25,5.00921785178954,0.996988150031557,1.98710648579194,0.0160303122167057,0.0163135047457924,0.0602735120285713,5.0362977519448,0.936388987951637,1.79015791300664,0.0168642243674248,0.0166639929205818,0.0537058378032552,4.98669740834556,0.951379615935481,1.85622404687928,0.0396341817404124,0.0397970433943038,0.133890359307132,5.00952949993377,0.997623390195797,1.97511014713866,0.0203362429059317,0.0212608973833201,0.0672611570958878,"Residual"
21,2000,0.35,35,2,0.25,4.9968442626093,1.00853226679328,1.95922585228991,0.0161450421313661,0.0165251908113466,0.0592001843083838,5.02487307707333,0.942617728944257,1.78437364284824,0.0168934860644782,0.0166671451206452,0.0534147841007004,5.00168714794546,0.996901101284112,1.82961347562368,0.0399135793795807,0.0401623380153978,0.131343743265164,4.99917378588202,1.01292127202676,1.99352086504527,0.0204131429698486,0.0227230058539226,0.0683129570332402,"Residual"
22,2000,0.35,35,2,0.25,4.99432015916174,1.00447397524813,2.06307870436012,0.0157367547205304,0.0163848707793522,0.0629445936584968,5.01975902778959,0.941188151476095,1.86123712086923,0.0165429341004125,0.0167063908305283,0.0561722066481455,5.01275031967752,1.02554970313285,1.92577403051995,0.0389589117918185,0.03894521116592,0.13918967206315,4.98086823531166,1.00848983205559,2.12244530124342,0.019981186650374,0.0224405008225099,0.0742831514543432,"Residual"
23,2000,0.35,35,2,0.25,5.01064830936982,1.01241070711891,1.95123542745402,0.0161809269136559,0.0164968514765743,0.0589666790045257,5.04515643286406,0.955377282831947,1.74438975135468,0.0170835587786135,0.0170158757310581,0.0521126152732238,5.00343474435711,1.07418664831425,1.69822735916489,0.0414623022765926,0.0414724160475013,0.12073959499453,4.98528644356315,1.04593027904458,1.9581042538999,0.0204943942152355,0.0228063823858371,0.0662373279341157,"Residual"
24,2000,0.35,35,2,0.25,5.03407326059974,0.987919566124083,2.11762529166531,0.015539107886249,0.0153747784848247,0.0645600452484777,5.06138160011809,0.943262699133685,1.9016169019119,0.0163717717063913,0.0158207512610704,0.0573379890406441,4.99793833633418,1.00826058537901,1.92027594962261,0.0389767504447248,0.0404754101089057,0.140315369447217,5.04080643933394,1.0278159015096,2.16385043424606,0.0203113650107074,0.021631357153198,0.0777170694310734,"Residual"
25,2000,0.35,35,2,0.25,4.98880849485529,0.997069413672735,1.96548337340458,0.0161178764098306,0.0164313689524269,0.0594331934084255,5.0200420885296,0.932798897122978,1.76935166373482,0.0169603490038081,0.0167201344409771,0.0529301223919785,5.03646501437432,0.999163599490391,1.84919139935366,0.0397274301114776,0.0400785784675893,0.133046647809535,5.01334260863182,0.996047667937362,1.97518313387932,0.020414931156635,0.0218286186976889,0.0677264202249866,"Residual"
26,2000,0.35,35,2,0.25,4.98384838370135,1.02134887320338,1.91465992560287,0.0163323641618673,0.0163267917070393,0.0580260966596829,5.00188885478303,0.958824731470107,1.75536653460807,0.0170364202214745,0.0165027676384082,0.0527115216069836,4.99145549159378,1.00519081455339,1.91886579804387,0.0390153681086924,0.0394651801640588,0.13857083382942,4.97557891998304,1.01330807358299,1.94337687282397,0.0206072459047881,0.0216989966353333,0.0662269310212624,"Residual"
27,2000,0.35,35,2,0.25,4.98669742156386,0.986660396874659,1.94327002814898,0.0162221465979399,0.0169857865486167,0.0588647377796712,5.01155142737304,0.920966830113995,1.78014531978343,0.016927934792175,0.017060654183504,0.0534271601420068,4.98192245907171,1.03136759757034,2.0895171958403,0.0374206497134207,0.0409444577751953,0.152324324005591,4.98924304829361,1.00254853668888,2.00606895670975,0.0203586880994569,0.0233413718317708,0.0694469147912137,"Residual"
28,2000,0.35,35,2,0.25,4.99809252838397,0.994738617096265,2.09526931354032,0.0156241226626994,0.0155735184423474,0.0636595732879942,5.03200334588809,0.932921752267724,1.84939227417746,0.0165977601341091,0.0160993842292393,0.0555123943691524,4.98585039155888,0.926875044727923,1.81650792512529,0.0400387912634034,0.0394468635938723,0.130408330645869,5.00878248721076,0.989930655577818,2.06131246591372,0.0198781799530675,0.0210459423521799,0.0704818891523073,"Residual"
29,2000,0.35,35,2,0.25,5.0196332631151,0.999897584216659,2.13311582851795,0.0155061490510316,0.0157182829160859,0.065060923756138,5.04767812719637,0.946100397963918,1.959899950282,0.0161519693989625,0.0157571106894989,0.0592405903495683,5.00443913958399,1.0169347960544,2.09752256402715,0.0375360975609371,0.037018054266974,0.152511008343401,5.00634709153492,1.01868409106366,2.24062865251425,0.0202964791933342,0.0219011104792857,0.0799797452883207,"Residual"
30,2000,0.35,35,2,0.25,5.00104496374607,0.995037287799169,2.08621323650609,0.0156538366930599,0.0158164104833549,0.0635334793543444,5.02935757277458,0.929810050208574,1.88955066471387,0.0164221802210778,0.016012730302206,0.0569846747649615,5.03532758765388,1.05856866642392,2.01859906511674,0.038046168982689,0.0378563030459499,0.146382540532697,4.98998449690293,1.01047000668522,2.16150145400655,0.0202848798213947,0.0223540056051125,0.0763857618641674,"Residual"
31,2000,0.35,35,2,0.25,4.98944152420247,1.0084255044966,2.09409508828094,0.0156380851349454,0.0158815187609352,0.0639258242881946,5.01128447270376,0.945731993705269,1.88380765330327,0.0164583310263466,0.0161427759399236,0.0568849704430504,4.98662579757911,1.05773302989597,1.82976382789347,0.0399406919917163,0.039922070544142,0.132737452484183,4.97436623956276,1.02073901501439,2.15912462487852,0.0202924403585083,0.0224611417376423,0.076100504651825,"Residual"
32,2000,0.35,35,2,0.25,5.00732458139632,1.01242601254657,1.95312753872184,0.0161725668221557,0.0168001776017195,0.059240095907769,5.04277320476606,0.934783541460341,1.73269269676219,0.0171405771402283,0.0171004467388796,0.0518984024998953,5.02629050699285,1.08108227667578,1.84199088073066,0.0398269644487977,0.0387277295763868,0.133550027574296,4.99348259623777,1.01116470388791,1.9806382819019,0.0208318282136502,0.0230645077626119,0.0692621332612856,"Residual"
33,2000,0.35,35,2,0.25,4.97939885651198,0.988196062262231,2.00318077922166,0.0159778345157322,0.0161834114391271,0.0609159295566142,5.01493208631797,0.92127902237547,1.78617890240464,0.0168895936128768,0.0164822844247892,0.0536608959602053,4.9380101911187,0.992689944575115,1.93025537426899,0.0390556373185319,0.0391778859865062,0.140217312216716,4.99762073705207,1.00812410462125,2.0335433480246,0.0205538576820474,0.0224790614443909,0.0709782882663885,"Residual"
34,2000,0.35,35,2,0.25,5.00643381888752,1.00903287558234,2.04792062213421,0.0157996031649988,0.0161095493310869,0.0623386731134967,5.03654436432727,0.94498829243149,1.87621325194918,0.0164849846300239,0.0161748376238337,0.0566029085376019,5.00053666985183,0.993516308032611,1.9529976323964,0.038661643637815,0.039884357306335,0.141521254362184,5.00174453125439,1.01725851410963,2.10765606092475,NA,NA,NA,"Residual"
35,2000,0.35,35,2,0.25,5.00519608019251,0.996011907105458,2.1388697454376,0.0154657568400086,0.0159034800745474,0.0652776948708091,5.02750704990766,0.940723636565306,1.97650982003603,0.0160695962768319,0.0159529901665314,0.0598391118292451,4.96692389511926,0.990389224065268,2.20678230906587,0.0369059854909308,0.037795636169795,0.162169441083276,4.99072190336915,0.989142946119561,2.22654994958936,0.0200160226487719,0.0225296213881183,0.078734638835005,"Residual"
36,2000,0.35,35,2,0.25,5.00196597614538,0.99336882223121,2.06659884196759,0.0157373521589978,0.0157206573037444,0.0628183345731262,5.03093764324209,0.934556987917443,1.8722481700628,0.0165076739851735,0.0158891768428322,0.0563377312497812,4.9850128179637,1.00683001649715,2.3385189285893,0.0354624948554353,0.0361620366389418,0.172130886353971,4.99922436672369,0.999395288290447,2.12666949707014,0.0195679390406305,0.0216032737974001,0.0737268413470529,"Residual"
37,2000,0.35,35,2,0.25,5.00082111243784,0.979365113690854,2.02519919971292,0.0158979414699739,0.0160917523425222,0.0616914564979666,5.03446867537651,0.92223528305808,1.81511417916826,0.016768676255047,0.0165688450197445,0.0546576550802566,4.98666967966678,1.02766098826297,1.94105458733748,0.0388233378826331,0.0379803174845223,0.140589992438676,5.00301286873993,0.977152445556997,2.0722284244528,0.0200832555766896,0.0224810371387484,0.0738723678789229,"Residual"
38,2000,0.35,35,2,0.25,4.99953061122412,0.990946807757558,1.96065675304285,0.0161598825234828,0.0157366602249779,0.0593702084603352,5.0318158006923,0.934867087004834,1.80385946415876,0.0168169391331337,0.0158084745407945,0.054166047486523,4.95971643529917,0.994566776926512,2.46628024019056,0.0345671288325916,0.0331863953799784,0.181960513672361,4.99069200767367,1.01515131199189,2.01670721747169,0.0207270210680678,0.0217720550993147,0.0717627433366302,"Residual"
39,2000,0.35,35,2,0.25,4.99225058825459,1.0020024608721,2.05743576697644,0.0157713666120346,0.0157186125104595,0.0625223338458111,5.02185214882526,0.934285964972523,1.83970636661313,0.0166519480710922,0.0159438143978389,0.0552629500136044,5.01811037427361,1.05178221325012,1.88056482903904,0.0393877995672421,0.0406253201103361,0.135670246002568,4.9821776022425,1.0063696431575,2.10804646682869,0.0207664137325223,0.0230508320633157,0.0762205354330254,"Residual"
40,2000,0.35,35,2,0.25,5.00050177139873,1.00462276182014,1.95480185428295,0.0161706575178973,0.016516460209404,0.0592391892008717,5.02912532071214,0.925678239783697,1.77914153618889,0.0169228242546455,0.0164909172859677,0.053415174306461,4.96314633185967,0.964265121456519,1.93108516326243,0.0389166800458194,0.0381771572845968,0.140129285361584,4.9883639761439,0.979438149435767,1.98449549101596,0.020798213249368,0.0218414779843358,0.0685002347260254,"Residual"
41,2000,0.35,35,2,0.25,5.0281498868037,1.01434262566731,1.96235190444058,0.0161271334198112,0.0164044366705387,0.0593952650376857,5.05752988340004,0.955138715820679,1.77032897844625,0.0169535918146642,0.0167365799132826,0.0530209514472151,5.04011244119732,0.937448087170357,1.86511630488194,0.0394876611773498,0.0417748859686901,0.133667426607798,5.00571460648077,1.01448163669793,1.9895698377963,0.0204712766740456,0.0229663081997227,0.0682032824004531,"Residual"
42,2000,0.35,35,2,0.25,4.98178477599425,1.00514588630352,1.95125249994164,0.016197455035193,0.0164613623683652,0.0590562303986835,5.01426325614398,0.9271859413609,1.74318865101637,0.0171096870485506,0.0167494803382349,0.0521611807891085,5.03459086902301,1.00647344604198,1.8006128643523,0.0402209581449226,0.03959878300885,0.129111583389215,4.97457999625827,1.01575733865362,1.97274217745726,0.0206734818688755,0.0223747145695104,0.0681716356209756,"Residual"
43,2000,0.35,35,2,0.25,4.99736067780564,1.00026473262521,1.98238121822459,0.0160537715307217,0.0161181152578173,0.0603224117290483,5.02686642789575,0.943915299282472,1.79810098730366,0.0168305142328574,0.0164029497225836,0.0541466540040147,5.05183055878291,1.02098924989277,1.98254463322111,0.0387247488477532,0.0411465044462639,0.143204855228452,4.98909673735878,1.02452377661775,2.03222260702005,0.0202949118047833,0.023915162138646,0.0703430818344586,"Residual"
44,2000,0.35,35,2,0.25,5.00537785461259,0.996109107415399,1.99544173994493,0.0160057980161917,0.0158311852929184,0.0605492421419365,5.03545895746984,0.950926947414359,1.83246632325796,0.0166818201005843,0.0161264010278546,0.0551137369314483,5.05286694991227,1.04233571601075,1.97476991335001,0.0384206735587266,0.0405858380128944,0.143385361883258,5.00022482174211,1.02903566145644,2.04065598878781,0.019929851233387,0.0218710867871855,0.0705656763977256,"Residual"
45,2000,0.35,35,2,0.25,4.99382044597775,1.02810653551335,1.92933809813183,0.0162816739683159,0.0163327628819618,0.0583721996799843,5.03752895273597,0.957289989943505,1.72827787551184,0.0171670193004827,0.0165736375449323,0.0516995904812785,4.97440756600539,1.05000008274252,1.82599879064989,0.040119056225688,0.038970168338692,0.13131629391863,4.984904045425,1.04570877642256,1.98357469986926,0.021348731992041,0.0226635569685626,0.0697228613097759,"Residual"
46,2000,0.35,35,2,0.25,4.99065257718032,0.971396670722813,1.95706782423475,0.0161504726398753,0.0164817211347503,0.0591733288741986,5.02512597300396,0.907439133401392,1.75102646206598,0.0170463509149857,0.0168723825092708,0.0523416275116636,5.00261168586712,1.00173458645948,2.15155216563146,0.0368587531891313,0.0378054264382684,0.156308829425811,5.00467031831602,0.979544811643378,2.01527070754797,0.0206851761238753,0.0230486355072272,0.0712421330924181,"Residual"
47,2000,0.35,35,2,0.25,5.0251189709633,1.01959178593968,2.00623936958015,0.0159529645275849,0.0164027024999952,0.06095291434106,5.0562166009461,0.953595716394958,1.80637159993833,0.0167865901487798,0.0165970508517366,0.0542910752547233,5.04352357742956,1.04701398510643,2.03817881019845,0.0378706717119148,0.0377583995595985,0.147814445308939,5.03385643327028,1.03453987848046,2.04338955559117,0.0204572684535557,0.0224752732268013,0.0714851132085257,"Residual"
48,2000,0.35,35,2,0.25,5.00312087953868,1.01096697226201,1.99485491790445,0.0160118542157069,0.0158889259526103,0.0607360095194141,5.04044986825128,0.952822292452068,1.78346790701162,0.0169065416828037,0.0164092106666857,0.0536697105997236,4.9827319988918,0.991770247595155,2.22864246461934,0.0362649435676556,0.0365628174935259,0.162649775794466,5.00950869130231,0.999535469907268,2.02754244657614,0.0204221857172586,0.0222813954440289,0.0714741840205761,"Residual"
49,2000,0.35,35,2,0.25,5.01394050922437,1.00843336718015,1.9704628748013,0.0161051822639164,0.0160427443212145,0.0596625899815139,5.05291030467903,0.95362406085415,1.78982277824128,0.0168679037269522,0.0163575813135186,0.0536495322627221,4.98947823630792,0.982672433313975,1.91345832978362,0.0390886350037012,0.0369482511072884,0.138994118358268,5.02195220343962,0.999559066423142,2.02797993893469,0.0206085552578411,0.021121806461433,0.0701299582049656,"Residual"
50,2000,0.35,35,2,0.25,4.99523425466526,0.988142039110232,2.03197205958501,0.0158716782904539,0.0156323590719106,0.0619308736716727,5.02333518876691,0.941062549442867,1.86177503978665,0.0165570979454806,0.0158507048990148,0.0562147701550412,5.01137973752591,0.988712167319641,2.07747344664506,0.0375016627038939,0.038596645084724,0.150561089409468,5.00922045380994,0.995594243998056,2.10651511401579,0.0199234083787733,0.020805686162411,0.0733782153791144,"Residual"
1,2000,0.35,35,2,0.25,5.01084724536731,0.977698903434612,2.06069449325226,0.0157464844269504,0.0158111962984109,0.0625499326676231,5.04072751672873,0.915951366357453,1.85558486316989,0.0165684060155818,0.0160564814598565,0.0557154150568781,4.98832222123337,0.961921183006568,2.09574405980719,0.0374231034164861,0.0376073025416065,0.151514347874126,4.99847014791319,0.985899477025617,2.06713234218277,0.0199520948127491,0.0213038538610031,0.0708694742776266,"Residual"
2,2000,0.35,35,2,0.25,5.03318637796418,0.981991759991464,2.00204846533037,0.0159713996325114,0.0163925080876866,0.0604473831476628,5.08002348596362,0.91722169329638,1.76886035865191,0.0169554436250672,0.0169786835127025,0.0527595092398427,5.02095707537156,0.981422113233089,1.86913536090352,0.0395217702350572,0.0422795110991371,0.134596112637023,5.04817096869706,0.959760121261894,1.98327836989813,0.0204680434549589,0.0224201784803261,0.0673563837185487,"Residual"
3,2000,0.35,35,2,0.25,4.98228131134568,1.00856419721841,1.9734641033054,0.0160938584265948,0.0164085406658681,0.0598174612041129,5.00814447026581,0.964948578402772,1.82315409790316,0.0167221275938413,0.0166319586968957,0.0547882733422245,4.95566374354318,1.05328230310283,1.86430033960294,0.0396253124937802,0.040322779200421,0.134457446696463,4.9563926741817,1.02429603507168,2.03742451258388,0.0207002953787774,0.0221416853081325,0.0703282304101655,"Residual"
4,2000,0.35,35,2,0.25,4.96731740322203,1.0238584918316,2.01982918831774,0.0159275693210754,0.0155343932999209,0.0615646809624449,4.99363425440908,0.97498062928475,1.85448545947179,0.0165961066809794,0.0156914489481041,0.0559944902144681,4.98122097236247,1.02368802224741,2.00959023916002,0.0381830826280328,0.0364474606513476,0.146841142019588,4.9532890357168,1.05505416195677,2.13282981169352,0.0202823936383874,0.0220103675285354,0.0745886228155883,"Residual"
5,2000,0.35,35,2,0.25,4.98265892160252,1.02018718966831,1.94486639926647,0.0162065234280267,0.0166563129294265,0.0589194632693355,5.01278097584454,0.939727344429483,1.74328884204843,0.0170882129473292,0.0169753376960435,0.0522440721857496,4.97889976956695,1.01096753623107,2.00349451835422,0.0382574602031243,0.0381238368427294,0.145974024504059,4.96798543274836,1.02050876205716,1.9901407124897,0.0207028788466281,0.0231315488704984,0.0695744470826397,"Residual"
6,2000,0.35,35,2,0.25,4.99166809880931,0.994050296568051,2.05928760583056,0.0157544250359768,0.0163779616906209,0.0627203966834986,5.01523870608801,0.929081788197068,1.87851312492448,0.0164710929179024,0.016538037806634,0.0566986902634938,5.02054113911154,1.00053203556127,2.3892427829618,0.0351077840630667,0.0351528953796666,0.176089585583097,4.99235625633316,0.983161079585455,2.13972164271587,0.0201467750699167,0.0220255533855569,0.0758867739080572,"Residual"
7,2000,0.35,35,2,0.25,5.00988121185947,1.01200305009142,1.94084751675115,0.0162241711379726,0.0161503515037052,0.0585638742555645,5.03600043799184,0.955461387907523,1.73526993771741,0.0171294471238923,0.0165583474145232,0.0517659360936756,4.96943898402348,1.00764976182231,1.9879930635013,0.0384134237777174,0.0368015378521,0.143852434475131,4.98219817764776,1.01107708451261,1.96431150503581,0.0205743440543596,0.0211065608678604,0.0679957600016276,"Residual"
8,2000,0.35,35,2,0.25,4.96833406316998,1.00053653383391,1.97469974880286,0.0160882311163994,0.0164930856553579,0.059869267647993,4.98869451111034,0.950136951852106,1.82193869631486,0.0167293413354042,0.0166435794379142,0.0547592743221991,4.97083756437443,1.0094825767005,1.84186608956955,0.0398121525228297,0.0407513477787657,0.132934357344897,4.97361321088265,1.0207393468466,2.04186067804257,0.0202989164429509,0.0230133690538584,0.0709562994176891,"Residual"
9,2000,0.35,35,2,0.25,4.99854536920049,1.00015217985689,2.06768585869845,0.0157331575134857,0.0155659047035366,0.0629987725968645,5.03284671748231,0.940197206047222,1.82269375274847,0.0167242865951491,0.0160037423855469,0.0548096978460251,4.97065406019467,1.0058379598898,2.21827145452178,0.0364084351675952,0.0369270320565254,0.163992070453492,5.00113155992044,1.03083112902898,2.11176826790452,0.0205741004448425,0.0222608785900238,0.0752741523999053,"Residual"
10,2000,0.35,35,2,0.25,5.00791853795834,0.983589224711169,2.13819395584727,0.0154706968411169,0.015410969394735,0.0653272860069053,5.04055295808722,0.92774033956888,1.90149659498469,0.0163761114532612,0.0158992831996215,0.0574018221700047,5.06204676689124,1.0330754955891,1.94074549250693,0.0388382582071916,0.0389750782619774,0.140243017446253,4.99311931358631,0.98946803793761,2.14528419746866,0.0195528003085368,0.0212464117020196,0.0736392578912855,"Residual"
11,2000,0.35,35,2,0.25,4.99178432900761,0.992009925079157,2.13163107459289,0.015508971689475,0.0154246342959158,0.064715494402339,5.02444551395522,0.931460096458304,1.94816840017818,0.0161916616923825,0.0155314694271634,0.0586509371936893,5.05090801904004,0.975737433783712,2.07123436147808,0.0375452321324121,0.0376528016893037,0.149666350222919,5.00402699262445,0.994648154020794,2.18544367690735,0.0200136186558348,0.0211893939247452,0.0770905342437692,"Residual"
12,2000,0.35,35,2,0.25,4.99329113007889,0.976080287268719,2.05219341403945,0.0157834834261962,0.0160497482512913,0.0623736210563922,5.01958487085902,0.929597358845065,1.88668300996272,0.016438821522729,0.0162481650858725,0.0568315085895495,5.0430377133174,0.980038881417453,1.98247541272141,0.0383495111758808,0.0402099912361885,0.143014767735943,4.99751036893184,0.989048729960622,2.1083741645108,0.0199408056349637,0.0215493224495314,0.0726506734732858,"Residual"
13,2000,0.35,35,2,0.25,5.01351390337221,1.0080741518609,1.91468450640441,0.0163253514689247,0.0166652435731874,0.0578487250763769,5.02792935721696,0.960621460396578,1.77394942250978,0.0169428603470292,0.0169278000040483,0.0531828860059704,5.02282844093618,1.00359500299335,1.89298557342153,0.0392365627175356,0.039846570295462,0.136237762106896,4.98405084939609,1.01276214442966,2.01378465112446,0.0208793482140505,0.0230802566093073,0.0707927066151008,"Residual"
14,2000,0.35,35,2,0.25,4.99929543098295,1.0105536191546,2.00995155070068,0.0159653809079774,0.0162091579828928,0.0608533335051054,5.02332333667443,0.959755759791213,1.85530628185036,0.0165963594013157,0.0163369176922858,0.0557133161746083,5.03917896588735,1.0221278887078,2.04186515599828,0.0381446584965723,0.0406900387173686,0.146918733689323,4.99037486168854,1.04399000916346,2.10222875468749,0.0202712337028899,0.0235547865766525,0.0739231022250028,"Residual"
15,2000,0.35,35,2,0.25,5.00646953003954,0.978915310053347,1.95971310841149,0.0161386142812313,0.0169193982171663,0.0593529198363148,5.04521679825204,0.908186158461047,1.78518825513227,0.0168800069132867,0.0170349158813525,0.0535597021196534,5.01658944716493,0.996294110897984,1.89208451679784,0.0392247516975376,0.0425308416592914,0.135618339864928,5.00054848350854,1.00238261097501,2.01160972075095,0.0202981637094008,0.0257875248180263,0.0710155075410291,"Residual"
16,2000,0.35,35,2,0.25,4.98117995659871,1.03285845684174,1.97353150547806,0.0160960366618399,0.0161066663061115,0.0598485576485383,5.01669686195367,0.972013997258683,1.77952174788015,0.0169225658386428,0.0164106373267624,0.0533747121388473,4.98869521048671,1.01674490607113,1.84738743049355,0.0400542377196697,0.0377649715000407,0.132674894782079,4.9833889555653,1.01522167557038,1.96748001527964,0.0206983545955172,0.0216671890599661,0.0674348990673675,"Residual"
17,2000,0.35,35,2,0.25,5.01320158769676,0.986386920697888,2.04348234798984,0.0158247978753774,0.0153673715435091,0.0620671774841337,5.04714505970143,0.935110938195886,1.86536762604988,0.0165336594098774,0.0155925829892887,0.0561232906674975,5.06565368593037,0.981413527623896,2.11066448089377,0.0372334633690808,0.0362925360692732,0.152703582186732,5.00652066623442,0.989825853489462,2.10544342191993,0.0198013298485638,0.0200727412608009,0.0727243247307946,"Residual"
18,2000,0.35,35,2,0.25,5.01525499699303,1.01658283702134,1.99968700328016,0.0159846666009103,0.0161082522559055,0.0606087030675541,5.05117317585306,0.949768878841829,1.80824511498242,0.0167817672410931,0.0162978010154789,0.0542410605358841,5.03665166478669,1.00304181779694,1.91549920038961,0.0394203080069664,0.0395844195095772,0.137718323638767,4.99146498158438,1.01733389213331,2.05020404402364,0.0209722468395918,0.0223575399216692,0.0730149084953802,"Residual"
19,2000,0.35,35,2,0.25,5.01513706436994,0.985811730414214,1.98999495545109,0.0160176565983759,0.0164835507018789,0.060454047788554,5.04281245234166,0.92792581451224,1.81145338051838,0.0167647812976627,0.0167773888796012,0.0544926925480702,5.01240197773762,1.04929798752881,1.86826312817141,0.0395367123747697,0.0426098257453207,0.134906881359325,5.03139668666419,0.998052786902181,2.00294682994575,0.0200166653746091,0.0229451144050146,0.0683362333411358,"Residual"
20,2000,0.35,35,2,0.25,5.02170105815194,0.995457162923579,2.08590921953884,0.0156490889081202,0.0159816010395283,0.0635422730798521,5.0473688439969,0.943241774129366,1.89123972842568,0.0164112627103866,0.0163379465359452,0.0570146050887105,5.0070478976241,0.925705454097861,2.37176889896725,0.0351698179846167,0.0352694199097808,0.173935529328424,5.02295598275706,0.988789079205931,2.15133183380823,0.0199376264320105,0.0214138633058959,0.0755968367398186,"Residual"
21,2000,0.35,35,2,0.25,5.01361728407894,0.994631814617485,2.02940925531291,0.0158749058384043,0.0158626783897267,0.0617729091091898,5.03873561306441,0.934320215465269,1.8136102280358,0.0167639079710303,0.0162131254268257,0.0545533807500448,4.99715099756379,0.962908451551735,1.80893374490728,0.0401648553391027,0.0398771773496577,0.13009254940846,5.01421283713431,1.00864800089991,2.0216839245987,0.0203265462890071,0.0216294311220736,0.069740203921353,"Residual"
22,2000,0.35,35,2,0.25,5.01046428296306,0.972699629375135,2.05950417996804,0.0157516338117025,0.0159899844292395,0.0625788702642873,5.04260893956278,0.911213786394944,1.84999286355148,0.0165915982035189,0.0163375487463403,0.0555987689259196,5.02271203500481,1.01182651796177,2.19928740650761,0.0365047324092055,0.0358903164467646,0.159897615921989,5.00733275292784,0.988642147265361,2.06085859980427,0.0199072763056576,0.0222302256251556,0.0706474470897357,"Residual"
23,2000,0.35,35,2,0.25,5.00922304048345,1.00732841155585,2.11920062450504,0.0155367266851906,0.0158793327559623,0.0646841138743435,5.03687475134011,0.940686904317703,1.95521003711741,0.0161508380331815,0.0158630897796608,0.0592082867439753,5.00937313302269,0.999077055255353,2.29421883137305,0.0357047218479045,0.0378146520484652,0.168512547429873,5.0251379904258,1.02355056840323,2.2207204144242,0.0200146783006999,0.0226870112151315,0.0797096759708238,"Residual"
24,2000,0.35,35,2,0.25,5.00937626699812,1.02644739933098,1.9861575402918,0.0160379838791309,0.0162986921537631,0.060482816644618,5.03326532426406,0.972461787852312,1.81726160477423,0.0167434696128957,0.0165367846730211,0.0548209242225959,5.04027337706195,1.04593135339759,1.95278122091522,0.0386436896882324,0.0388136203745712,0.141718659987732,5.00289554945643,1.03174135488537,2.02777585858757,0.0201955819271533,0.0225870581505325,0.0705094856836618,"Residual"
25,2000,0.35,35,2,0.25,5.00873339532406,0.99750096211405,2.03181252412598,0.0158674433639712,0.0157367791217325,0.0616635675051639,5.04361474507977,0.949307379848378,1.85125015508759,0.0165948696521777,0.0159552999333795,0.0556316985095491,5.06577737398876,0.986737903791031,2.04447700354655,0.0378878040950303,0.0375165859690754,0.14807939345705,5.0111624862276,1.01917564313699,2.09962244088368,0.0200456362416253,0.0214057210748246,0.0730716731697836,"Residual"
26,2000,0.35,35,2,0.25,5.0068885489145,1.00436646134572,2.04942630736408,0.0157923061431282,0.0162545807647202,0.0623510957237229,5.02832312517153,0.946839795250495,1.89346088667808,0.0164091939422222,0.0162911616863518,0.0571409475249499,4.97855017075227,0.946741055448469,1.92150554706799,0.0390328031581867,0.0418130196686398,0.139723595022852,5.00636816041906,1.0102227786542,2.16099210499705,0.0203284755261729,0.0229617738894055,0.0757238628153247,"Residual"
27,2000,0.35,35,2,0.25,5.00500626739435,0.998207713942833,2.02858250205314,0.01587298520029,0.0160460376074809,0.0614978287585173,5.03586493848359,0.934742644406226,1.84259869220136,0.0166280299641686,0.0162385843839916,0.0553302041326992,4.96861149186618,1.00010486544609,1.88479283073755,0.039376154555455,0.042172282088938,0.136328343289666,5.01129603903278,1.01635709925656,2.10246647836433,0.0204357025611749,0.0223972489100726,0.0738257537408018,"Residual"
28,2000,0.35,35,2,0.25,4.99199701261619,0.994267791953309,1.88693638486026,0.0164508395929121,0.0163329436967972,0.056977689775586,5.02196014044965,0.934109352448863,1.70730399187804,0.0172682671920488,0.0165531731783147,0.0510120978163256,4.9371507668513,1.10413496636082,2.12247206110098,0.0371677330685335,0.0391256482751404,0.154784930933385,4.97957521727741,1.02348460073429,1.95021739349096,0.0210789403773427,0.023486015832863,0.0681166744654275,"Residual"
29,2000,0.35,35,2,0.25,5.01520190071098,0.978799791961152,1.99886796468102,0.0159780268601294,0.0166179976803397,0.0606437049731365,5.04731346766267,0.911974563750309,1.81872817545556,0.0167268892604561,0.0168466071405731,0.0546557356703227,5.06554134417498,0.97072445193486,2.25293909932332,0.0360054826296449,0.0375206206067692,0.164847599936953,5.00537365081981,0.985558292352202,2.02826552176824,0.0200172785462152,0.0221402003342498,0.0697905318810786,"Residual"
30,2000,0.35,35,2,0.25,5.01087952671848,1.00361210585834,2.16977116115893,0.0153605283900585,0.0154587450871591,0.0662422192668941,5.04742013604307,0.946328582527384,1.92636339083334,0.0162709257546583,0.0158933711441346,0.0581080365840256,5.02866857330659,1.04120197146055,2.41675355498123,0.0349437278041098,0.0339169169208918,0.178027133413542,5.01437947695013,0.99919952847962,2.20530556502734,0.0193083495626144,0.0214479254921115,0.0770157484292266,"Residual"
31,2000,0.35,35,2,0.25,5.0219993783481,1.01060512995423,1.91981611064336,0.0163076090408401,0.0168147655190512,0.0580444030264554,5.05450450731326,0.952340082918255,1.7159531883396,0.0172217317099544,0.0173791199969416,0.0512741990721107,5.02366820040015,1.01818985555241,1.8504803910555,0.0397588466093698,0.0399566295915484,0.132896535005101,5.03773992137167,1.00409165662627,1.93189846187919,0.0208769840080189,0.0230917593178882,0.0666438529998326,"Residual"
32,2000,0.35,35,2,0.25,4.97568300239722,1.01274625603644,2.04822685801757,0.015842898770247,0.0158587921096737,0.0622843571094392,5.00411230995393,0.958205065615175,1.86207335674629,0.0165890849590906,0.0161280383405677,0.056068796156637,5.00941492766915,0.968544539433616,1.92409515724968,0.0392454304427651,0.0383588858441143,0.13771431332845,4.97694990801003,0.98383877603369,2.09032897588431,0.0199697021187734,0.0207238849457057,0.071691382591468,"Residual"
33,2000,0.35,35,2,0.25,5.01172896574049,1.00283975548562,1.95992901741156,0.0161469962235531,0.0160481788014627,0.0595007924526237,5.04925976504831,0.946646765502444,1.7713249237471,0.0169557965968945,0.0163488840657212,0.0532045137593983,4.99830231463222,0.973659900808679,2.06837576039043,0.0375823057094204,0.0395545215207771,0.149870722171324,5.00607954605748,0.990877239659566,1.99352218111021,0.0204647396995512,0.0229343365483109,0.0686228092335547,"Residual"
34,2000,0.35,35,2,0.25,4.99261410769143,1.02755318147131,2.03804566751417,0.0158400851147427,0.015995809929147,0.061918947464282,5.0219729767513,0.976970624067846,1.87135298030734,0.0165093702168441,0.016173008662375,0.056336906656661,4.99692269302476,1.05586843200156,1.94807145781906,0.0389557781743776,0.0389723023833804,0.141348835868659,4.9926229994549,1.03606216271893,2.07414046591264,0.0198563551347545,0.0218542489547795,0.0706883901935735,"Residual"
35,2000,0.35,35,2,0.25,4.99937579227363,1.00991550175966,1.99741710501059,0.0159961794966183,0.0163397286657495,0.0606972809629963,5.03669492656115,0.937876196573886,1.80499847949321,0.0167959119204839,0.0165200165817556,0.0542924982375602,4.9690868093289,1.01569522970742,2.18665514854311,0.0366199582973511,0.0362407679732164,0.15947988176146,4.97366170688042,1.00313064045169,2.10639230275024,0.0205328784388087,0.022494046235891,0.0751262234507812,"Residual"
36,2000,0.35,35,2,0.25,4.99543060279518,1.00610830681785,2.08296387994753,0.015678450757184,0.0156874090603005,0.0635324131647905,5.01651743863468,0.950517102979055,1.91135391832651,0.0163449884694672,0.0158451057473884,0.0577878573025652,4.97737946368118,0.983610613866034,2.14558740185433,0.0370521225043094,0.0373945197968702,0.156214718058654,4.97801904489108,1.0271967458511,2.15242064200214,0.0198309618306507,0.0210484603875713,0.0753678898950976,"Residual"
37,2000,0.35,35,2,0.25,4.99208007882738,1.02370666541731,2.04870004363178,0.015816520556814,0.0160822138335143,0.0622574097924534,5.03015022175825,0.961994067934588,1.84686659190777,0.0166238804203911,0.0163868971088233,0.0555431175485971,5.01486976259867,1.04835228721615,1.86448798828554,0.0395846827839827,0.0387107918939927,0.135964588092622,4.99256208059132,1.04135541425441,2.0931520790258,0.0201960871378774,0.0224206689745026,0.0725929033650316,"Residual"
38,2000,0.35,35,2,0.25,4.99302674974848,0.973839067207041,1.94494097488832,0.0162012683964585,0.0166342263798167,0.058800083069342,5.02125461550359,0.909512072459923,1.79893278999232,0.0168245287465731,0.0165836060748284,0.0539489484588391,5.01192410303604,0.95227830596484,2.01523357182153,0.0380139673421745,0.0420842816636962,0.146092036746313,4.98834335228782,0.985957123393321,2.00425384728685,0.0202323023535456,0.0230202097719587,0.0691959449111717,"Residual"
39,2000,0.35,35,2,0.25,5.02345424226618,0.990418186551792,2.0389737883471,0.0158420540867635,0.0162836453616439,0.0619475448612223,5.04645133047331,0.936361911891796,1.84018852663636,0.016648501287238,0.0166212059935152,0.055309576290069,5.07445994220053,1.00634104494545,2.00430667919009,0.0383061995125776,0.0407292919921828,0.14550539918272,5.03415652390706,1.00331431422246,2.03283335523942,0.0199599600055761,0.0222006307127075,0.0697131714938897,"Residual"
40,2000,0.35,35,2,0.25,5.0125034459703,1.01221233570845,2.04371280724958,0.015818513426378,0.0161967005369962,0.0621475165856948,5.0335902506825,0.950049663108443,1.85267679678174,0.0165871976914332,0.0164650722836871,0.0557999711403303,5.00357884490553,1.01969273782559,1.94491207475712,0.0388000137709666,0.0405625540481949,0.141340845100574,5.00622729186423,1.04000788028611,2.10082161538945,0.0204030727653608,0.0223835798210359,0.0746960131006047,"Residual"
41,2000,0.35,35,2,0.25,5.00599845694938,1.03647776536552,1.95167620145637,0.0161889473439525,0.015820234818468,0.05915409296695,5.03844116932982,0.982146256946226,1.77151328001228,0.0169632799214698,0.0161344858541909,0.0531627772010339,5.06788568018225,1.02996737358135,2.00016997634054,0.0381939035818983,0.0377601570395151,0.144429357068461,5.01389273541206,1.0445541387257,1.99863320358794,0.0206206697727689,0.0217595553568561,0.0704667155770426,"Residual"
42,2000,0.35,35,2,0.25,4.98746103666177,0.992562780717871,1.97768808220267,0.0160820968214071,0.0155071291785543,0.0601303265198161,5.02304510678593,0.954071886062976,1.83014791941576,0.0166928592512928,0.0157456227422272,0.0551832482440027,4.9384662868149,0.958675554761567,2.02292289679459,0.0380596901666119,0.0377579854245708,0.147269240048231,4.99500832033628,1.02354924859463,2.03481189464336,0.0200287760913833,0.020390199826054,0.0700259377553671,"Residual"
43,2000,0.35,35,2,0.25,5.03942827156764,0.999469136153738,2.03569191007779,0.0158446802234622,0.0158762719139956,0.0619205594959993,5.05704270370485,0.953104003512158,1.86718497660511,0.0165221555918029,0.0161692132048876,0.0562894035040892,5.03101449955875,1.01860751319699,2.16676320433353,0.0367348122746013,0.0378393203189502,0.157435580107367,5.00363364438925,1.02287646937641,2.1277150311645,0.0196034472994898,0.0221107617585851,0.0735893468536698,"Residual"
44,2000,0.35,35,2,0.25,4.97697782788559,0.992622219248315,1.99467481952558,0.0160083299060139,0.0165636024084992,0.0605212029977879,5.01760328933734,0.923791619954183,1.7826050289956,0.0169013529007779,0.0168390724527479,0.0534505990722706,4.96936529372528,1.04943853255048,1.87365091337845,0.0395080634230862,0.0424760055661967,0.134780501752898,4.9688145190435,1.00510464134557,1.97613282937124,0.0205625098541865,0.0241619865987452,0.067671459674734,"Residual"
45,2000,0.35,35,2,0.25,5.01192311610066,1.00998410978803,2.06890909730358,0.0157192862541909,0.0158622224173357,0.0629950937925872,5.05535022482869,0.962155044244957,1.82785824479559,0.0166914594559434,0.016506524813345,0.0549143535673541,5.03960256203364,0.975588881773112,1.98686553695662,0.038320383616837,0.037652989153207,0.143669054813407,5.01529811762591,0.995276236721345,2.05561444164648,0.0199981641032378,0.0216819724658551,0.0704998348093746,"Residual"
46,2000,0.35,35,2,0.25,4.9921021788801,1.00084665572594,2.07860123822719,0.0156878527967493,0.0157559059601649,0.0633471484018373,5.02678472178735,0.937147466621656,1.86573812791767,0.0165274331240399,0.0161074668207727,0.0562371615835074,4.93074513828774,1.01829862149573,2.25562804002242,0.0361118864145571,0.0355844361251034,0.166471395004542,5.01227620775083,1.03157978991646,2.14088890839759,0.0209684135726216,0.0222727421375012,0.0782551060695368,"Residual"
47,2000,0.35,35,2,0.25,5.01662746252229,1.02681043576184,2.08612109134187,0.0156854441658493,0.0157970714708029,0.063475665833025,5.05504809667241,0.957086491908796,1.86392359018226,0.0165565691229536,0.0161544174454039,0.0560739993781847,4.98149370607418,1.01499180700633,2.14885867058873,0.0370598552542689,0.0384096209374073,0.15629134500949,5.01172234551632,1.02002137101715,2.12081957191145,0.020284278861627,0.0222283062740462,0.0743201280554737,"Residual"
48,2000,0.35,35,2,0.25,4.98244532628718,0.984333040034601,1.92853313201066,0.0162734530899846,0.01619831785192,0.0584910112302965,5.01019541637064,0.930160203632905,1.75343055573704,0.0170418477261892,0.0165787040924394,0.0526564639488328,5.01984225103181,1.03192512969956,1.79008642414631,0.0404575361205462,0.0417298961189675,0.129025127069463,4.99084211283786,1.00013092669587,1.94242899883331,0.0205857444127401,0.0226726217437851,0.0664454099962275,"Residual"
49,2000,0.35,35,2,0.25,5.00997033977329,1.01567842052045,2.01151459872974,0.0159490587463031,0.0164820345826071,0.061070194287831,5.04203408370536,0.956235581447298,1.8095293388701,0.0167884640954144,0.0168125099433162,0.0543366675388518,5.03526437146153,1.009628492259,2.09307608461332,0.0375120628736598,0.0391314795936021,0.152273960053159,5.00149546871749,1.03439517250261,2.05908495259478,0.0205333013601395,0.0229646076703056,0.0722542948125939,"Residual"
50,2000,0.35,35,2,0.25,4.97060266827231,1.00683563037568,2.09369351731641,0.0156420907898399,0.0154397453900312,0.0636733325110061,5.00889185944783,0.954446033868442,1.89544511525106,0.0164083309369125,0.0157614482116111,0.057095729871002,4.94798518764204,0.990832712160961,1.89478985579656,0.0393018291846355,0.039582847284122,0.137814327240238,4.95730463523991,1.01108980162429,2.15521399023398,0.02020235927751,0.0213386233443697,0.0757972565763226,"Residual"
1,2000,0.35,35,2,0.25,4.96246282429267,1.02389788585369,1.94677432262304,0.0162099918597119,0.0161463326917174,0.0590212703810612,4.99332099801913,0.970088921529423,1.74605511209262,0.017087061987677,0.0166048472586079,0.0523318349956793,4.95374486321684,0.992147606796102,1.77531547945117,0.04059938887339,0.0401775232773879,0.127718827445271,4.96250725352914,1.03519512937094,1.94863123917121,0.0206821865725263,0.0215276090706653,0.0670960129439557,"Residual"
2,2000,0.35,35,2,0.25,4.99778116063391,1.00341524157808,2.01338502596828,0.0159419448075589,0.015992367259153,0.0610590583137131,5.03380048644065,0.942910751917268,1.81039844741068,0.0167818801894104,0.0163125216624277,0.05431388463354,4.94126450318604,0.973453796811755,1.92739290973424,0.0389360550875597,0.0400052524058724,0.139354045689128,4.96972926262485,1.01556465214216,2.04759128477277,0.0206200109886914,0.0224331532730309,0.0711660915505293,"Residual"
3,2000,0.35,35,2,0.25,4.97936310050576,0.999378213219736,2.01816222003084,0.0159205562193765,0.0159176362231753,0.0614039092649185,5.00877277282687,0.957092030252743,1.84488505648834,0.0166293732761694,0.01630099784585,0.0556093185722439,4.93870475240826,1.00173631284023,1.84283967481969,0.0398321069327536,0.0387440202517494,0.133680631898152,4.96475561045517,1.00125394486667,2.06603436620676,0.0203834760627377,0.0214541977136572,0.0719365081965658,"Residual"
4,2000,0.35,35,2,0.25,5.01922097211785,1.00625312689845,2.02934031893523,0.0158711807113621,0.0161670346214991,0.0618173651986582,5.05170966081099,0.955179164730376,1.83960722549407,0.0166427499888166,0.0164966030949856,0.0554411879199474,5.00757985322678,1.03255040615804,2.12332261010388,0.0371304972120449,0.0395448836623243,0.153361542575198,5.02121564587336,1.03153622677603,2.0907155031613,0.0206506339234549,0.0229655721946417,0.0738174924750428,"Residual"
5,2000,0.35,35,2,0.25,5.01139508402628,0.997627223060639,1.94597515917718,0.0162061184023362,0.0164807887697766,0.0589697750089332,5.04138960089375,0.948952132027239,1.75426773408873,0.0170452969008316,0.0168872770111064,0.052567371542744,4.97095202515443,1.0689898037612,2.01687186118854,0.0382753267925199,0.0412972820930446,0.144837146554509,4.98342299032937,1.02582231030991,2.03067650975535,0.0205921246860888,0.0238144396345405,0.0718836918186916,"Residual"
6,2000,0.35,35,2,0.25,4.98723007549166,0.970297706919761,1.96126167664748,0.0161437217880085,0.0163043841243754,0.0595538998679856,5.02294961766873,0.910422431071784,1.76403739411238,0.0169915092213749,0.016731549342899,0.0529848144604221,5.04917885225167,1.00472030879363,1.59590348798516,0.0426966074397519,0.0420367866284715,0.114169541836277,4.98601041773188,0.971500743436162,1.94899291458522,0.0204454481971853,0.0222176391067685,0.0661327763056878,"Residual"
7,2000,0.35,35,2,0.25,4.99888219062684,0.994676434214692,1.99718132195944,0.0159978030636935,0.0163148602614242,0.060431826753275,5.04591964133072,0.936967903163701,1.80118361336437,0.0168120281003547,0.0165811745438317,0.053931783468559,4.97830614725708,0.933973832448713,2.21475705644012,0.0363261542212344,0.0378715752364851,0.161196613957551,4.98717767109632,0.995312100801593,2.02874736432208,0.0200940839609058,0.0214526077899411,0.0518655984810761,"Residual"
8,2000,0.35,35,2,0.25,4.96511595397479,1.01689645889862,2.04814251904904,0.0158106025774615,0.0159546331880722,0.0625450277846744,4.98686337390377,0.944689366173921,1.83546004677612,0.0166711930735866,0.0161540678538805,0.0553875525958586,4.94182579193689,0.99929785036391,2.12172713993511,0.0373576892757039,0.0358666158020314,0.156230317525477,4.96405738544571,1.00374228641956,2.09875055500649,0.0206587721816116,0.0213682104918252,0.0746611038238184,"Residual"
9,2000,0.35,35,2,0.25,4.99656387083503,0.999954821067391,1.97132759951185,0.0161097913813395,0.0161545837762959,0.0597650721452748,5.03552200045297,0.947818143169471,1.80008839177958,0.0168268393497546,0.0163887762751279,0.0540474696260037,4.95491378636779,1.08160762537747,1.97567654395365,0.0387128328414761,0.0422088978951185,0.142820950560172,4.98518967290195,1.02097166666757,2.02426643197788,0.0207082069242213,0.0235653694720067,0.0707851683756162,"Residual"
10,2000,0.35,35,2,0.25,4.97508963546566,1.01848901644427,1.9086012143869,0.0163648443647753,0.0162348557684986,0.0576993629049451,5.0048152935422,0.963731906471242,1.73881391998308,0.0171205626925812,0.0163825181137465,0.0520374413461204,4.94584706312395,1.0189264413978,1.8504086973552,0.0397451275116838,0.0399540990922818,0.133177102161963,4.97158485255059,1.01342087917607,1.95522936237384,0.0207246084804591,0.0217381528750577,0.067377177404065,"Residual"
11,2000,0.35,35,2,0.25,5.00322464623817,1.01663520972734,1.95057628429901,0.016182300908441,0.0164097611148806,0.059104474886701,5.01671011076416,0.964956513429903,1.80066684488458,0.0168242732146902,0.0165864486321086,0.0541245636512561,5.00414977657477,0.976992709684754,1.78444645090812,0.0404010007561477,0.0414192614987599,0.127844602093884,4.99209540640872,1.03428878199518,2.01600173402563,0.0204368222182815,0.0226535161431829,0.0693221385036803,"Residual"
12,2000,0.35,35,2,0.25,4.99836389754298,0.987721908764527,2.01191286054054,0.0159341748978609,0.0162298436708433,0.0611918386014181,5.02647085194461,0.917999680209998,1.83509493726744,0.0166601588031803,0.016275315722216,0.0552795962902722,5.01048387191682,0.906015537505289,1.99136622701587,0.0382836526162228,0.0380063811661197,0.145293349614511,4.99312199440954,0.955020178537814,2.03250900500014,0.0200007036260166,0.0212634467400593,0.0696529833141309,"Residual"
13,2000,0.35,35,2,0.25,5.00139949463606,1.0052501906687,1.94324723417304,0.016219722810041,0.0161947968712567,0.0588541656641067,5.03153891975775,0.944419309230551,1.76913227219483,0.0169729550886635,0.0163817365949056,0.0530644451548058,4.87932675440592,0.948043784048221,2.10458523660242,0.0373622892191438,0.0379367001747558,0.153394510238232,5.00768161973136,1.00972779703801,1.96853184686299,0.0200904806702479,0.0217099040687272,0.0665836491907583,"Residual"
14,2000,0.35,35,2,0.25,5.01094435566758,0.996529273415733,2.13397330768425,0.0154852092334681,0.0156150342751311,0.0650974278280138,5.04495664742906,0.92055384991804,1.92257894190244,0.0162848550155374,0.015693109550645,0.0580441669879706,5.01680259580994,0.962665961985519,2.06371295234156,0.0376170934134747,0.0385763748811385,0.149848763469668,4.99784388276355,0.986903573840773,2.20412080189681,0.0198811533176885,0.0215784660440995,0.0780577460814391,"Residual"
15,2000,0.35,35,2,0.25,4.98710330887294,0.987571141616243,2.06586853525903,0.0157363471376247,0.0157439738817612,0.0629806306872456,5.02289987507632,0.936043684954063,1.87108310367106,0.0165065181561238,0.0160341091032771,0.0564446290866563,4.94843169829769,1.03258449107566,2.17011829584237,0.036795812028922,0.0355989949249866,0.158911392171209,4.98067662073537,1.0065834930495,2.14757891052504,0.0201958404744334,0.0220405462148825,0.0762830702318925,"Residual"
16,2000,0.35,35,2,0.25,4.98443664762083,1.00323345025191,1.97002154809076,0.0161122389125793,0.0163120446902325,0.0596455367118354,5.02569051845442,0.964397348952033,1.78005264286507,0.0169190627052193,0.0167553467544129,0.0532961768687817,4.95834327720554,1.0200109829471,1.97162781816449,0.0385836845705975,0.0386869491678778,0.142646674274558,4.98375707152231,1.00853225962392,2.05968898721166,0.0205818604746195,0.0223696942902553,0.0720665059633845,"Residual"
17,2000,0.35,35,2,0.25,5.00717815264434,0.969706153400227,1.97244440057763,0.0160913076250455,0.0161652696330414,0.0596876811887137,5.02894993471909,0.929749906427375,1.81843745937622,0.0167390063757,0.0164362112993849,0.0545587478537123,4.99453408215878,1.05797762720945,1.8488931097458,0.039842258581316,0.0392942482334875,0.13310542774881,5.00941101775973,0.999792348160609,2.03491360632073,0.0204571265165055,0.0228995986209579,0.0700489750162469,"Residual"
18,2000,0.35,35,2,0.25,5.02249938840254,0.991588314787344,1.90381571561844,0.0163694586246886,0.0164380689737784,0.0573859359628913,5.05657594906451,0.935393532676889,1.74220405704127,0.0170881154770592,0.0167600824175175,0.0520553045696682,4.99826788831602,0.973104529391074,1.75416985924408,0.0407479389332575,0.0410504926938296,0.1255862733716,5.00542472630608,0.999919352471677,1.96049263727185,0.0207016927004963,0.0225553649061118,0.06736213844951,"Residual"
19,2000,0.35,35,2,0.25,4.95940175771153,1.01308480302104,2.01114625197372,0.0159517165497357,0.0158040777508409,0.061235153925007,4.9870385902526,0.937338366696814,1.78735614369581,0.0168904144136599,0.0161424167005699,0.0537758221727119,4.94817246758358,1.08533032607405,2.12469284826776,0.0371487447585242,0.03689427338103,0.154779193032477,4.95620905587935,1.03210714285976,2.07154795293773,0.0207570964405355,0.0242239750285109,0.0931642389527218,"Residual"
20,2000,0.35,35,2,0.25,5.01335912924903,0.996510386204517,1.98892407615069,0.0160313851377677,0.0158241074614736,0.06013897445644,5.04165848537724,0.953300220743328,1.82335074339956,0.0167208746553102,0.0160229574039423,0.0546364024337796,5.03355254996091,0.990251467706136,1.85315592550175,0.0398460601297723,0.0392052858869701,0.132495559489983,5.00006188192785,1.00304458595248,2.04865524828027,0.0202114072194331,0.0214989318759658,0.0703088327323606,"Residual"
21,2000,0.35,35,2,0.25,5.02145154551776,0.993585878556013,1.95491040459066,0.0161614334977855,0.0161360299746968,0.0593610302124538,5.05150167595067,0.934706796515086,1.75710185341997,0.0170202595333433,0.0164879754240888,0.0527549468266614,4.96985062061644,0.946194909488733,2.1374061432398,0.0369955336429526,0.0373871118705565,0.156178808572898,5.01848994983361,0.991967230295931,1.96876029017505,0.0204760969398373,0.0220816903198283,0.0685140718627546,"Residual"
22,2000,0.35,35,2,0.25,5.00998715800084,1.00554886527227,2.03562045961352,0.0158482080449486,0.0158109587158848,0.0619410940423067,5.04046093936316,0.935384933744189,1.83410935759378,0.0166686971897923,0.0159430615280895,0.0552006051706082,4.99511404548425,1.02542183472284,2.25997487320978,0.0360047626428447,0.0389128746293171,0.166163299682437,5.01640803106013,1.0263678336666,2.0635860049099,0.0200117141888865,0.0219203901737655,0.0712200923418915,"Residual"
23,2000,0.35,35,2,0.25,5.00987608645229,0.985897780564387,1.94409044961323,0.0162045804630733,0.0161631402352361,0.0587380811554272,5.04738359263065,0.916462204098384,1.7489236920569,0.017057401923572,0.0164388320114654,0.0522814489291293,5.04083416788156,0.938003267456914,1.97069875584606,0.0384462956223881,0.0392962640026619,0.142193421748097,5.01627941079683,0.986506084787315,1.97199445338824,0.0205672980875337,0.0220211889295024,0.0677898505083752,"Residual"
24,2000,0.35,35,2,0.25,4.99807737131784,0.998508261189343,2.02476329376812,0.0158943976689075,0.0156854947885948,0.0615418176412873,5.02862553614609,0.940990601119523,1.84090754382187,0.0166419465903471,0.0158691808557497,0.0553995315639395,4.96822122340947,1.03417379810267,1.93052223573097,0.0389358036948676,0.0367565886155837,0.140365902747909,4.98397283610687,0.999214840894991,2.10836360331519,0.0200920882310199,0.0211347054669303,0.0732059532500949,"Residual"
25,2000,0.35,35,2,0.25,5.01484881074405,1.01843393961384,1.99297973533197,0.0160117808812449,0.0163694726551133,0.0604839626743857,5.06103519828087,0.957331810970573,1.79520297694232,0.0168406115126058,0.016616706339864,0.0538787763387609,5.02496296073864,1.01039240226626,2.04169619211736,0.0378512150894824,0.0379400921013043,0.148289474480034,5.01774584974207,1.03691233212359,2.04759377410723,0.0205109011850972,0.02246725618841,0.0713605373482509,"Residual"
26,2000,0.35,35,2,0.25,4.97154984170255,0.979981061397554,2.07767967843518,0.0156896570905704,0.0157870842424065,0.0633707266957466,4.99105779205856,0.926088917424172,1.87991986941048,0.0164698357777222,0.0161549565361127,0.0567575123995833,4.94798295785759,0.978557743556425,2.11391046193861,0.0371901530988415,0.0387688687530551,0.154012261341785,4.97812281539942,0.995445536344001,2.13818522328165,0.0202786168521054,0.0216518608391178,0.0759038360212631,"Residual"
27,2000,0.35,35,2,0.25,4.98890576437895,0.983757205529605,1.84676293757816,0.0166218891088997,0.0171532205241417,0.055545781951644,5.02330920417042,0.928149271698082,1.68808171673566,0.0173672282432813,0.0173182695276489,0.0502819988162439,4.90350414875511,1.02307771020167,1.75203299098599,0.0408444344543006,0.0421349903132431,0.125683527606146,4.97266096074841,1.00195357019637,1.87205874451226,0.020894259784526,0.0239441417386971,0.063733257929132,"Residual"
28,2000,0.35,35,2,0.25,5.00122174017665,1.00770500438752,1.95724366647633,0.0161589839269518,0.0159130271238619,0.0592378166898059,5.02624171268418,0.942996849631822,1.79991168065742,0.0168274391720711,0.0159054330042934,0.0540282719055216,4.98814118586896,0.968449516176289,2.01374381160071,0.0380891111630577,0.0384311699213331,0.146278734174619,4.99253216098854,1.01086247615549,2.0478509923601,0.0207141111674664,0.0216701728983834,0.0719109646105761,"Residual"
29,2000,0.35,35,2,0.25,5.00084001059319,0.984829963669692,2.03579537190273,0.0158384833983048,0.0164852856816531,0.061861875153828,5.02171213552309,0.930069257677291,1.85825983952323,0.0165559705341072,0.0166184542040605,0.0559195382492444,4.94158490841929,1.02324982442048,1.95533853202909,0.0386491060179648,0.0406420207345299,0.142034450503464,5.01812002728763,0.978704840989508,2.06569270941097,0.0199549641782218,0.0233897599416813,0.0708170675571666,"Residual"
30,2000,0.35,35,2,0.25,4.98490218528204,0.98959523306191,2.06322496482262,0.0157547338785178,0.0158768641936582,0.06260478324032,5.01769802221729,0.937686582331751,1.9160768246566,0.0163218346530343,0.0158794971740991,0.0577088760407786,4.98311638380532,0.97355854620189,2.12931244622911,0.0370646240014359,0.0364597777046582,0.155085596002323,4.97176019816162,0.995088004922749,2.20116726656415,0.0202445968148405,0.0211305608206607,0.0774771208777321,"Residual"
31,2000,0.35,35,2,0.25,4.9793266479463,1.01248793265298,1.97538553098893,0.0160918703141755,0.016047591727891,0.0600168577809698,5.02191591555335,0.946076686263921,1.77960751091887,0.016919729199002,0.0162274263335986,0.0534758230883353,5.01567270628822,1.00016375772516,1.9814925386782,0.0383722078342779,0.0394703513161889,0.143538741602606,4.99839649988912,1.02352533333747,1.98283323114756,0.020723600833047,0.0218428604745807,0.0687313810518921,"Residual"
32,2000,0.35,35,2,0.25,5.00198566144008,0.9951989718352,2.13282594803127,0.0154884028665967,0.0162715848385674,0.0649103331578665,5.03105925284122,0.925802733806713,1.90198428062458,0.0163716648413432,0.0165299268775614,0.0572157019966429,5.00738391131912,0.901201528689433,2.09344463107559,0.0373135085170148,0.0404856102640203,0.151511204172388,4.99695881013268,0.980109596498271,2.13877116964083,0.0195484161585479,0.0213979339700803,0.0732770061543044,"Residual"
33,2000,0.35,35,2,0.25,4.97511013707784,1.02060128159544,2.14567616410262,0.0154515321457385,0.0157630787221897,0.0656277590212018,4.99663405172155,0.960221087180892,1.92938313818105,0.0162674089151664,0.0160064519920116,0.0583651332719472,4.98268646226983,1.04465416169818,2.14950882357407,0.0370770533626068,0.0384208871728232,0.156625625338001,4.97234215453731,1.04881858759592,2.23943230921129,0.0202746930848084,0.0223988034219295,0.0816807470419399,"Residual"
34,2000,0.35,35,2,0.25,5.01244133678393,1.00659754529655,2.00052873715163,0.0160014351816636,0.0159987245658494,0.0606395608364759,5.0377709665197,0.959593468436253,1.82843422403467,0.0167150297789853,0.0162947208266203,0.0549226249043269,5.03661054223945,1.03014449626399,2.30474719422351,0.0356807035689167,0.0341848824008372,0.170225187622324,4.99500864736396,0.997176938921248,2.06567959265196,0.020171633541878,0.0212936978692495,0.0720100440980668,"Residual"
35,2000,0.35,35,2,0.25,5.01802873761591,0.978131642991051,1.9942855173707,0.0159988654710443,0.0162886029063813,0.0604627079851647,5.04994060709643,0.914725703014066,1.81592411745905,0.0167440978560874,0.0164403630207791,0.0545379148326677,5.02064758769379,0.930210532486294,2.01586504951988,0.0380416508254481,0.0380714627685122,0.147204094362327,5.01444630961284,0.970419069736091,2.05756627536104,0.0207724185421168,0.021758155716032,0.0725018612189856,"Residual"
36,2000,0.35,35,2,0.25,5.02155574830681,0.986176192514873,2.03553173324625,0.0158439911090825,0.0162731974516899,0.0617553137584602,5.0502693650057,0.936045387180624,1.84089132865511,0.0166360372242178,0.0166515300197916,0.0552652050325014,5.044407911406,0.992002143352695,1.79679311817426,0.040263733402685,0.0418684536525444,0.12899936272098,5.02638254010534,0.996606494099785,2.06121531079448,0.0199843787063132,0.0220164247866398,0.0700586045180037,"Residual"
37,2000,0.35,35,2,0.25,4.999561239489,0.998968414030591,2.11273400481191,0.0155694596211761,0.015722920155961,0.0644343100423626,5.02473869046066,0.937643672070547,1.9027226013965,0.0163804525987106,0.016011525697002,0.0574079454122852,5.02006471484865,1.00009678117355,2.18229368969331,0.0367234695817136,0.0356756900483804,0.159394268527003,5.00564880694342,1.00685316556017,2.15822309869036,0.0199516707939081,0.0214177521014835,0.0753910115718928,"Residual"
38,2000,0.35,35,2,0.25,5.00244701497875,1.02459276810091,1.96980190619053,0.0161152993505012,0.0163674034747889,0.0597508437247684,5.03717597111318,0.973134998140844,1.74912252452197,0.0170727933727904,0.0168720710788825,0.0523823156557896,5.0592078983739,1.06677345927617,1.72692724498362,0.041151010640583,0.041786495199988,0.124586939312899,5.01299355671513,1.02729155226764,2.00215945628852,0.0209551367351594,0.0226932856424185,0.0717860878825359,"Residual"
39,2000,0.35,35,2,0.25,4.98398051349034,1.00255300612088,2.08015307326616,0.0156880130051022,0.0156559123067708,0.0635617054348343,5.01534075777052,0.952369973666742,1.92840314613998,0.0162778528944677,0.0157155929782537,0.0584478619299187,4.94873803055159,1.00083984597124,2.10483670587409,0.0372955679307634,0.036518781512798,0.153161806797951,4.9692386730724,1.01136035646073,2.18231678943395,0.0199458995692534,0.0208290009150768,0.0768388775688569,"Residual"
40,2000,0.35,35,2,0.25,4.98755491344451,0.990054341884695,1.99455997418038,0.0160069847964103,0.0163538398883949,0.0606306802031101,5.01574122851742,0.931110150786998,1.82353871748844,0.0167180025779044,0.0164943069174565,0.0549127138159064,4.97712375404284,0.987597878451804,1.89031344978184,0.0392749958390096,0.0418424472739528,0.135878478507221,5.0007267317774,1.01044151212797,2.03156086064947,0.0202110414485311,0.0226372924454956,0.0701214909547167,"Residual"
41,2000,0.35,35,2,0.25,5.02872490897189,0.978162726647293,1.91032373856747,0.0163449339939698,0.0161668123684105,0.0579065406437607,5.05392430785902,0.923678585844468,1.75682218169975,0.0170233114289997,0.0162846916828434,0.052769709076797,4.97374944953858,0.979007924323994,1.93786858885059,0.0388183888225882,0.0386407210499016,0.14023988455462,4.99786754314821,0.972246094337707,1.94970116388512,0.0203072621470706,0.0214456780273204,0.0661001857628077,"Residual"
42,2000,0.35,35,2,0.25,5.01158520586103,1.01079208840357,1.97645130356211,0.0160812179753772,0.016166533162751,0.0600031148772689,5.03231003663577,0.953849832780194,1.81349258952457,0.0167656210138945,0.0163446656902785,0.054551793085699,4.99811452681112,1.02269861706382,1.84004564211492,0.0398164149849659,0.0389392726835697,0.133171080800858,5.00973831264635,1.00081352549517,2.00719211383747,0.0202660772893276,0.0215677936669849,0.068745043570184,"Residual"
43,2000,0.35,35,2,0.25,4.99949377893419,0.974100930284656,2.04761931635875,0.0158165493142777,0.0163470485559498,0.062186704818111,5.02188130543984,0.910111421357617,1.87438024336005,0.0165127464375158,0.0163783504505334,0.056417332504647,5.02892244029513,0.953885991503882,2.06717506447305,0.0378662102809332,0.0389857823086633,0.149091002223794,4.99273410388592,0.980748304939159,2.11128507376282,0.0198650296575595,0.0218152772513781,0.0728526670235194,"Residual"
44,2000,0.35,35,2,0.25,5.03902487915397,1.01742706533541,1.92077566561054,0.0163022691456227,0.016310904951224,0.0581989181513316,5.07314179776623,0.958869425471356,1.73720973781673,0.0171153537094579,0.0166245907527469,0.052079540483307,5.03930245990385,1.07600183426027,1.82665943022092,0.0399643795662715,0.0406228265622635,0.132055874473539,5.02250645659094,1.05047618968036,1.96310398604477,0.0211003190648958,0.0237166835706237,0.0688316909401791,"Residual"
45,2000,0.35,35,2,0.25,5.00109790516083,1.00511274810208,2.0371364206541,0.0158432858521113,0.0159327800110265,0.0619320713128559,5.03357428815166,0.945190448559387,1.83460803402217,0.0166666247654697,0.0162196817256894,0.0551750632429343,5.01288394344881,0.994578356777338,1.95002689358278,0.0386952118765525,0.038762621797736,0.141417425774421,5.00044500015077,1.00966131303838,2.05471356277579,0.0203830841594561,0.0222955457821186,0.0709775559863952,"Residual"
46,2000,0.35,35,2,0.25,4.99922534943363,0.986790426099973,1.97710314110484,0.0160711576560866,0.016174570130486,0.0600777857128827,5.03243268971883,0.927912178136126,1.78016118616019,0.0169111876818205,0.0164966446457003,0.0534941134132284,4.98520246025279,0.972456723976953,1.91191873093005,0.0390412507531617,0.0404748988897521,0.139188532595551,5.01115508546181,0.979377130190835,2.00448683013632,0.0203694510631327,0.0223796262071162,0.0688150523305981,"Residual"
47,2000,0.35,35,2,0.25,5.00976703868339,1.00597837512178,1.96248141134381,0.0161242017907219,0.0167641954400168,0.0594258764002205,5.04482112756599,0.934903669437385,1.77776538865281,0.0169164869240289,0.0169357255998859,0.0532791818472457,5.07898126542714,0.913208777644049,1.94412247037535,0.0387229595491891,0.038804026216152,0.140353035818234,5.0061152211358,0.985103169202277,1.97670314295418,0.0200393904560961,0.0224992203741213,0.0667610861861187,"Residual"
48,2000,0.35,35,2,0.25,5.00809477943359,0.989076363288001,2.04756962545193,0.0158085530555767,0.0158186109384183,0.0623146671914302,5.03499876512145,0.937938744956472,1.84044243073435,0.0166470076135091,0.0163289671410587,0.0554118002536921,5.00688996229578,0.993014906559819,2.01231204443574,0.0381318414014893,0.0359320277916814,0.147103414563518,5.00171780468167,0.992348280809306,2.08442955478612,0.0203733166303451,0.0217544795218257,0.0729739243625678,"Residual"
49,2000,0.35,35,2,0.25,4.99517375227455,0.989027588998636,2.06771823323315,0.0157216633995569,0.0159319433924664,0.062824667244728,5.02780597390902,0.932939201987083,1.85256035574588,0.0165820338348582,0.0163151243049398,0.0556544881420863,5.01768975055879,0.999508887488646,2.23412117244011,0.0361797906476147,0.0360954938910458,0.162518530415272,5.00773245861264,1.02300339586633,2.06517228944905,0.0202691671136663,0.0217301737265261,0.0719561809578454,"Residual"
50,2000,0.35,35,2,0.25,5.01463264691894,1.00161611586321,1.907040409979,0.0163553308421284,0.0169474005272025,0.0576089148958917,5.03218799958167,0.957706059972565,1.78213901004786,0.0169020654545209,0.0170576297551472,0.0534443311202819,5.09573378866339,1.03049394487227,1.86525714588532,0.0395088894631473,0.0434501991716768,0.134455954799879,5.03621996834578,1.01901679625309,1.97433780513135,0.0204550225919747,0.023304966790591,0.0674251902938514,"Residual"
1,2000,0.35,35,2,0.25,5.02500704358572,1.00346885744292,1.96497209816392,0.0161160222819502,0.0166762235759117,0.0594826583448599,5.06159230138689,0.937455743763936,1.77480135396978,0.0169310705397277,0.0169254339555357,0.0531630928130661,4.9880861453679,1.01540326092842,2.11472676316896,0.0371972495755843,0.0379700917715119,0.155343879286381,5.01970554789763,0.999105491785277,2.0268860247275,0.0206529172579265,0.023212171965005,0.0713494199750327,"Residual"
2,2000,0.35,35,2,0.25,4.98578767562924,1.00899659595933,2.01152800539407,0.0159401523505846,0.0163229864835469,0.0609437665475633,5.02691182716627,0.943053346347895,1.81047955399183,0.0167714040682442,0.0166062207092312,0.0542791364388918,5.03432448790763,1.0542523067779,2.04760895316958,0.0377682174363109,0.0390128522257173,0.148626970304937,4.99342580199472,1.02565983973508,2.08985326887526,0.0201130793796808,0.0222604094412647,0.0733617591431298,"Residual"
3,2000,0.35,35,2,0.25,5.01412915609652,1.02504017885568,1.99188610067301,0.0160172476778935,0.0161847806879854,0.060429098799563,5.04396869640437,0.964250073166106,1.81655290546979,0.0167487105724383,0.0162857728517684,0.0545954303168097,5.02798991420967,1.03710162085713,2.14233603570744,0.036954470739634,0.0377544259274371,0.156078884246847,5.00661209619575,1.04613676860259,2.10615200747976,0.0205761508405878,0.0229968012624347,0.0745153891272917,"Residual"
4,2000,0.35,35,2,0.25,5.01534105048443,1.0031288453619,1.85613705390312,0.0165973312486582,0.0167019868982031,0.0561597825420549,5.03758308357099,0.949761660317933,1.72482783909395,0.0171993680192455,0.0167978248713073,0.0517805807766286,4.97599635576953,0.983268796583775,1.94505160426757,0.0387687632256505,0.0369129032394847,0.140728514276295,5.00021774318011,1.00327797718238,1.92378358482201,0.021207847337894,0.0221936091145416,0.066414181107309,"Residual"
5,2000,0.35,35,2,0.25,5.01783140530167,1.00569808278952,2.0385993459312,0.015829488408503,0.0161567183078621,0.0618050807297562,5.05322202601631,0.941122568885318,1.82671677941502,0.0166955399983208,0.0164633089497211,0.0547858082594885,5.0037976828617,0.986588312865717,1.91417574966906,0.0390585152815502,0.0380802798277911,0.138569769056769,4.99550418438132,0.99961228990015,2.08200018141511,0.0200258565021393,0.0220555932533361,0.0719505375452943,"Residual"
6,2000,0.35,35,2,0.25,4.96908715803481,0.950509408257866,2.25307332530048,0.0150918008457488,0.015440615766826,0.0687767264604368,4.99779531598462,0.898949797017517,2.05035682643155,0.0157926646156661,0.0156969504602481,0.0620051009029728,4.95698146815281,0.90242363974622,2.27101784678314,0.0358895970489327,0.0354130581571092,0.165425995940166,4.97364932736272,0.916819398150575,2.30907911942907,0.0188258989098175,0.020420343386255,0.0797680223578741,"Residual"
7,2000,0.35,35,2,0.25,4.99784106241558,1.00871808463437,2.13288033808175,0.0154988398243723,0.0153578503478333,0.0651822055765319,5.03210320778332,0.957755195394434,1.91105865051988,0.0163411624641801,0.0158025789676124,0.0577641312412577,4.99229878313251,1.00940102032674,2.41229196594658,0.0350140433112019,0.0341838257072522,0.179175010395476,5.0106819827025,1.01355810481566,2.17687605311398,0.019798568700672,0.0214158171329169,0.0767596175808774,"Residual"
8,2000,0.35,35,2,0.25,4.99878702391857,1.00670241933634,1.96320884634219,0.0161424335074153,0.0161023913877341,0.0595491356805664,5.02860451825073,0.951119793510959,1.78154545074668,0.0169226796820635,0.0163366951258387,0.0534669952811827,4.93676896009333,1.02205276074687,2.01235336335884,0.0382291715186204,0.0394140651986975,0.146539144393965,4.96545634310694,1.02436564875599,2.02856170258288,0.0205935531825542,0.0220053086217296,0.0707485181218059,"Residual"
9,2000,0.35,35,2,0.25,5.00091138178726,0.988015873201027,1.98245960720699,0.0160587806668779,0.0161210487730814,0.0599207367945438,5.04491493859008,0.924095011709552,1.75279196657039,0.0170424555954727,0.0166933609478253,0.0523423942092561,4.93418697151574,0.989746328508304,1.89176902832473,0.0394318326561209,0.0414806358843462,0.13548253748131,5.00859709195517,0.986766801914723,1.99015125895956,0.0206916647900812,0.0228291530575818,0.0688946073690386,"Residual"
10,2000,0.35,35,2,0.25,5.00594578859021,0.986519831179589,1.89454453228408,0.0164084556948796,0.0167677544044238,0.057287834228748,5.03339999428916,0.927985810426173,1.73119175088939,0.017143214595774,0.0169931926490755,0.0518568096145947,4.95075609865037,0.956933673164505,2.00458664287165,0.0381903497707567,0.0399892022404494,0.145084492835099,4.9848579004743,1.01295842228252,2.00957350583035,0.0211651794820661,0.0228112575960194,0.0711887731513346,"Residual"
11,2000,0.35,35,2,0.25,5.0013411063131,1.00606513860346,2.02286821519338,0.0159000649185314,0.015947100462091,0.0613525564615281,5.0315515955225,0.94261566666869,1.83606424909806,0.0166644456375922,0.0161909052914153,0.0551720558328335,4.94231855278213,1.01706519048348,2.20267671395832,0.0364818646309248,0.0361332327467537,0.160796389073221,4.97992073343663,0.996571811976101,2.08351087854259,0.0200376805543091,0.0219503585690349,0.0723559294985062,"Residual"
12,2000,0.35,35,2,0.25,4.98150542801327,0.996202051749219,2.15105261974259,0.0154294104142882,0.0154448119128875,0.0660360433130837,5.01314042706981,0.945591581283932,1.95956152358927,0.0161422432697037,0.0156405659077323,0.0595280351857143,4.97888730884892,0.963559570512157,2.04488390265097,0.0378103657024269,0.0366275017249213,0.149284186208064,4.97169546340016,1.00603133509403,2.18858286348003,0.0201487075920687,0.0204627769303931,0.0772462901460264,"Residual"
13,2000,0.35,35,2,0.25,4.98760742664972,0.981610284264835,2.04986840368763,0.015797552279719,0.0155966693789543,0.0626596084020589,5.02377078039361,0.92043232800371,1.85571281856257,0.0165733499838246,0.0158321861144101,0.0561407891750933,5.02244480361918,0.984814664332187,2.14059667227826,0.0369338309109664,0.0389694182706017,0.156192693494969,4.99072059949566,1.0053100242971,2.11840045257437,0.0201002481042852,0.0227363203253357,0.0755233912303991,"Residual"
14,2000,0.35,35,2,0.25,4.97528349993092,0.994859693599545,2.01622896627399,0.0159371705215288,0.0159889964173091,0.0611234510715413,5.00000572695765,0.959077928332889,1.88271304159631,0.0164699275540677,0.0161516042839356,0.0566657868913869,4.90852849955539,0.949755097274575,2.05367758880955,0.0377782632452897,0.0385492783464648,0.149427482567635,4.94511696165628,0.980189451415146,2.08143031591845,0.0204683180010919,0.0212108815002278,0.0719216079541202,"Residual"
15,2000,0.35,35,2,0.25,5.00450130552268,0.997181629231317,1.98560777865319,0.0160384539113313,0.0160008592611565,0.0602891660212837,5.02316419794997,0.936996710678848,1.82030966001995,0.0167282383985469,0.0161711649782363,0.0547825755368114,5.04719066161606,0.97749798326822,2.05335128561767,0.0376748602482735,0.0375842020080449,0.148931910181181,4.99866454853792,1.0038120070031,2.03002802563466,0.0201232999102592,0.0217898832160639,0.0699886338485408,"Residual"
16,2000,0.35,35,2,0.25,5.00537698373732,1.00056950721087,2.06712382773767,0.0157243611406469,0.0160523617144242,0.0626665869991852,5.03146369858884,0.933962459562515,1.85540841930908,0.0165703777333693,0.0163284902416058,0.0556630398534125,4.99383952276194,1.0746264454417,2.06044228807871,0.0377000990247055,0.0374265570740562,0.149968096608028,4.99308871021821,1.00761747950564,2.11491616880022,0.0200680937428182,0.0223458072152248,0.0742449528838146,"Residual"
17,2000,0.35,35,2,0.25,4.9816692287841,1.01360595798356,1.98835246055083,0.0160447399626917,0.0164055475550141,0.0603584744780319,5.01942460455899,0.950356821690587,1.79588075122465,0.0168497001513019,0.0166430889338855,0.0539374601457765,4.98398836262278,1.03502172747903,1.76574714679591,0.0406492334504065,0.042296182954503,0.126910619292732,4.97992831314625,1.02970702513695,2.01229828801623,0.0207440385997039,0.0226418112236375,0.069570423207787,"Residual"
18,2000,0.35,35,2,0.25,5.01304656086625,1.00549519538236,2.00086520742993,0.0159874200125967,0.0157460838652696,0.0607631705825901,5.02738866723427,0.946219281433132,1.83953759213872,0.016648424115774,0.0158660464311639,0.0553996329481733,5.0118297939686,0.958807696727379,1.85085477931122,0.0396676037545084,0.0387092939398697,0.133196316384177,4.99672531343095,1.01271416245486,2.06274002244657,0.0202061913042909,0.0211838166765173,0.0715517785272191,"Residual"
19,2000,0.35,35,2,0.25,4.99555219747867,1.03199802716905,2.09034550824656,0.0156460433367516,0.0162945826895482,0.0635221822335266,5.02290135499853,0.967568328506903,1.86746992788391,0.0165233748231317,0.0166307783790004,0.0561209068735514,4.97123929439016,1.0338472403849,2.12891178153033,0.0371362972822342,0.0373033438950228,0.155061820650809,4.97148664159195,1.02521216864236,2.21721426449536,0.0206101632847421,0.0224573378249046,0.0798556067403326,"Residual"
20,2000,0.35,35,2,0.25,5.00112980513976,0.996650429711061,1.98772517959686,0.0160345112190664,0.0155827904836619,0.0603780994823654,5.02406998038466,0.934943494558233,1.80330942741439,0.0168088583186456,0.0158110770176599,0.0542369448244253,4.94339634562416,0.986046825212612,1.94334551889947,0.0387735179551607,0.0382984971901947,0.142720729897843,4.98727644597185,1.00888169934343,2.06952099752426,0.0204201183582598,0.0220462214911289,0.0725791844515105,"Residual"
21,2000,0.35,35,2,0.25,4.98914846294989,1.01084071342508,2.0301889944666,0.0158729787920314,0.0158806225841746,0.0619201605603447,5.01598265973633,0.944460838178325,1.83259008132526,0.0166809475894915,0.0160274591917106,0.0552966697855449,4.97811866051233,1.01472448556953,2.10315673729386,0.0374051267694526,0.0357034838887555,0.153869734090205,4.99022832702063,1.01485535220476,2.0527639120798,0.0200754161519697,0.0218282160696912,0.0709801344772051,"Residual"
22,2000,0.35,35,2,0.25,4.97114162399122,1.02574191496052,1.92962912112197,0.0162727409960774,0.0169505224961639,0.0585991253979903,5.00639524133171,0.961964950453945,1.71621169227798,0.0172247403957199,0.0174901471860438,0.0514730685766949,4.93307010561556,1.02420194701898,1.91037240901663,0.0390908352829203,0.0403561259059867,0.13939871182108,4.96481861366676,1.0218498599961,1.93732029677074,0.0206143713168143,0.0223304275592073,0.0667845848007029,"Residual"
23,2000,0.35,35,2,0.25,5.03430564011811,0.979203010881883,2.01229360593399,0.015931271913816,0.0159937948145572,0.061185412709474,5.05459651549799,0.929451152003069,1.84398766800752,0.0166231849273838,0.0162530098064304,0.0555509778109105,5.04686111024253,0.961616457932827,1.78092956449134,0.0404213839976404,0.0439003308278734,0.128344315766159,5.02740888816193,0.989105850959754,2.02926315011152,0.0198482903083912,0.0221315505201059,0.0690428341987886,"Residual"
24,2000,0.35,35,2,0.25,5.02475426128918,0.987648228183025,2.02837299818623,0.0158726602774538,0.0158220088986598,0.0615186698668993,5.06135900131605,0.921029565643002,1.81260751993925,0.0167608886131486,0.0160181692473503,0.0543223810176608,5.03258099875435,1.01041123520987,2.11040034037975,0.0373193351543415,0.036414123904801,0.153053403922625,5.02276123859445,0.975070349036998,2.04296352679437,0.020112142075884,0.0204929965343621,0.0702991836484938,"Residual"
25,2000,0.35,35,2,0.25,5.01559799716772,0.986780991688911,1.94472349145157,0.0162092315169871,0.0162467384113194,0.058964858064468,5.04036822843793,0.929067656015912,1.76999280270564,0.0169679669725194,0.0164893730367481,0.0531338991803603,5.01495354196226,1.00550558749505,1.83831728950587,0.0398119785024211,0.0408391977654643,0.133670555662079,5.0156458585999,0.994029220528433,1.98836576891602,0.0209099708821004,0.0232553313378646,0.0693191202382943,"Residual"
26,2000,0.35,35,2,0.25,4.97943357402063,1.00186524657867,1.98475714270087,0.0160412259365289,0.0167924576234195,0.0602534687079442,5.001244206574,0.93976104411098,1.79029227386026,0.0168641645869535,0.017102329910037,0.0537585341231252,4.97626055044079,0.934150688551203,2.27443408536177,0.0358550936224311,0.0382251667595707,0.166176413046328,4.98355287861575,0.998183886151401,2.01885041725858,0.0204603887604752,0.0231961418897111,0.0703145167953999,"Residual"
27,2000,0.35,35,2,0.25,5.01929174267465,0.994588166738943,2.08158587248296,0.0157049273510615,0.0156841991720551,0.0632001634104413,5.06116905582034,0.945483542149127,1.865083431757,0.0165524988692978,0.0160721389673433,0.0559986947787639,5.05336688306794,0.916536658535313,2.07521791965793,0.0376473154324519,0.0394165374418942,0.149711553705966,5.0389928733278,0.978103768653107,2.11067401816076,0.0198229569355445,0.0220366640936816,0.0727806199361266,"Residual"
28,2000,0.35,35,2,0.25,5.00941209847113,0.976192008335104,1.97635122418181,0.0160730719826129,0.0163035697215711,0.0598027202177139,5.04055071243843,0.919516501170117,1.78311018754219,0.0168970800529577,0.016661757303873,0.0533798942578478,5.0504135383234,0.931909351840605,2.0553839846545,0.037653947577497,0.0384977935961827,0.148481543836967,5.01681225424114,0.981317445225719,2.03126330934683,0.020660600912777,0.0217183066226672,0.0706601200939536,"Residual"
29,2000,0.35,35,2,0.25,4.99983895697186,0.990994046163249,1.97780336715139,0.0160727823617608,0.0160043337039025,0.060160130259277,5.027595038492,0.924143749322856,1.77931052153737,0.0169191637446015,0.0161579190317577,0.0535072968303528,4.97861643440226,0.993053923459164,1.7936441071698,0.0403250686182864,0.0398465706203328,0.129324452748808,4.98718403288227,1.00897341996694,2.00232144807833,0.0205254824696554,0.0235989576832619,0.0693837604502054,"Residual"
30,2000,0.35,35,2,0.25,4.99433494105426,1.00960605433269,2.09714109901101,0.0156191251792485,0.0156179493107783,0.064168180214813,5.01813844096225,0.960316369640538,1.90982019876578,0.0163438095386719,0.0159115432766768,0.0578572845028872,4.99104803547761,1.00224138292336,2.04993810066051,0.0377520426624074,0.0381240493493051,0.149357248176401,5.00759308579474,1.00915160528851,2.14260322185155,0.0202290544834412,0.0212705999779469,0.0755000849911283,"Residual"
31,2000,0.35,35,2,0.25,4.98435673585866,0.972335266885837,2.07086467460084,0.0157140255299179,0.0156297082591856,0.0631728359914444,5.00938767753347,0.924229983367489,1.88064685333512,0.0164651649485184,0.0159997988902334,0.0567814869965149,4.96817933188174,0.980154458598831,1.79426608713352,0.0403275646265439,0.0391148497959195,0.129136375016584,4.99222120607921,0.984062602413603,2.11689926415029,0.0201356858771671,0.021209234480053,0.0739291916648081,"Residual"
32,2000,0.35,35,2,0.25,4.99565829450909,1.01049812588905,2.00255165751072,0.0159762533760225,0.0160471532601737,0.0607712585830796,5.02474307675613,0.958102743998884,1.81763157604539,0.0167438309189272,0.0163957259307651,0.0546049689969176,4.97315896329764,1.04165983002814,1.96703969018099,0.0386138637632722,0.037846390538054,0.143561512700668,4.99434755725262,1.01745250184597,2.03296538513915,0.0203201219467762,0.0218178670421835,0.0697845596722106,"Residual"
33,2000,0.35,35,2,0.25,4.99528469633145,0.989119580966229,2.11931778959021,0.0155377981705035,0.0155860409501127,0.0646847299945824,5.02700028654557,0.936788090117893,1.89973202619448,0.0163836868085757,0.0160985325617244,0.0573494653424769,4.90166080746652,0.997141675812284,1.96568840021371,0.0385902836581772,0.0374166088574728,0.142833342586744,4.99567167409828,0.982952144970576,2.21132103935875,0.0202449735344804,0.0218315528445164,0.0792280536433136,"Residual"
34,2000,0.35,35,2,0.25,4.98784412497517,0.962995552760629,2.00220830815193,0.0159737840371274,0.0158517194659645,0.0608532420410921,5.00730902135696,0.918486560124728,1.85917028089378,0.0165583946439074,0.016033135959055,0.0560797016855533,5.02581795838511,0.947158181419347,1.8785477636458,0.0395244564604506,0.0404318761110703,0.134865797790598,4.98137186219859,0.957603584143809,2.08131785846817,0.019598755888527,0.0209912160259009,0.0711346900325582,"Residual"
35,2000,0.35,35,2,0.25,5.00826930459387,0.995097072889418,2.00241756296689,0.0159765632439034,0.0157130429218422,0.0607698959494765,5.03770268053256,0.954369367706501,1.82001553353589,0.0167328155135841,0.0162105020949449,0.054689625600206,4.99786892124179,1.03216214512298,2.09926934818787,0.0373309602377842,0.0385919545349538,0.153449639600146,4.99557111735357,1.00948508543911,2.03754430780033,0.0202860375444663,0.021338338191866,0.0702142783955097,"Residual"
36,2000,0.35,35,2,0.25,5.0134528790477,0.995414301929736,1.9688982641502,0.0161099647604113,0.0164778492963959,0.0595365658211101,5.04831685691497,0.941671508726521,1.81177152635405,0.0167652569434274,0.0167457003812566,0.0543330927551039,4.98431279640551,0.933656632189013,1.92471005359582,0.0390188400262307,0.0384061284658954,0.139415608550759,4.99881412059826,0.986314965550111,2.030970395825,0.0203816733993293,0.0226780672641546,0.0696624117714344,"Residual"
37,2000,0.35,35,2,0.25,4.99271811632388,0.984944480508347,2.05096563898522,0.0157946821807048,0.0153706921333523,0.0624373652084311,5.02475814645575,0.926861395964409,1.82855740345031,0.0166977608744049,0.0157109694844621,0.0549915589190995,5.0189340447091,0.936601996924055,2.1159983520355,0.0371567487269836,0.0350923734238552,0.154049876886764,5.00665560457296,0.992588515992181,2.07140909784222,0.0203115254930541,0.0208311747315308,0.0718746285196771,"Residual"
38,2000,0.35,35,2,0.25,5.01770734968003,0.9814913949696,2.06835435587769,0.0157364201979072,0.0159174549862937,0.0627035887523655,5.05081267315211,0.910800513764274,1.86674227023392,0.01653484416423,0.0160814436440639,0.0560236682959855,4.97895480162832,0.930089798973856,2.01451278815238,0.038162387362884,0.0408434827728165,0.145749309422521,5.01353899670948,0.979978780361297,2.08004844643631,0.0198488082165226,0.021586151578882,0.0711713705083605,"Residual"
39,2000,0.35,35,2,0.25,5.02545357117093,1.00519792956559,1.92806351912663,0.0162651240199472,0.0166656542211615,0.0583338669733857,5.05422925399808,0.93668331080928,1.74426901075959,0.0170770939755281,0.0168482430392907,0.0522329949433804,5.03277927782685,0.980265416450529,2.03451689913453,0.0378586140330076,0.039537611177761,0.147045754917751,5.00193613666795,1.02342763186855,1.94462475275229,0.0205727186521054,0.0227712683507219,0.0659015207008274,"Residual"
40,2000,0.35,35,2,0.25,5.00907311737518,1.00050357380349,1.91098785202936,0.0163457034874731,0.016254581095391,0.0578257900631829,5.03641663872972,0.94818593013508,1.7320012455874,0.0171437479749793,0.0166196677250744,0.0518700744924072,5.06735425138404,1.01243003018939,2.00006295890289,0.0381890479420967,0.037688779530464,0.14431219659158,5.01184127311968,1.01210528638704,1.96315510000918,0.0201732297130949,0.0217587404573062,0.0672397346897334,"Residual"
41,2000,0.35,35,2,0.25,5.00134046593664,1.01823788444741,1.97380061436777,0.0160871594667935,0.0163989638440266,0.0597905224701329,5.03072282025493,0.965020258883928,1.7690400657067,0.01696521935808,0.016853681361921,0.0529807119562906,4.92150894560715,1.02357231927813,1.91889572378701,0.0391549878679415,0.0391861178175631,0.138470288079158,4.99577754179931,1.01630081430225,1.98266848023529,0.0207791166974661,0.0229580094992026,0.0688518057360664,"Residual"
42,2000,0.35,35,2,0.25,5.00117843704044,0.981336394877809,2.01119895841479,0.0159416251059012,0.0162836752387048,0.0609032034481357,5.03910565982902,0.906942985342685,1.81744908566345,0.0167393210656903,0.016316385730539,0.054490474565942,5.01057614824279,0.982755972308218,1.83024221371921,0.0399554686947531,0.0385103771331143,0.13157429519201,4.998291373265,0.991734502687303,2.04543970822799,0.0204395181711204,0.0213948753720128,0.0705894579833972,"Residual"
43,2000,0.35,35,2,0.25,5.01786241712395,1.01789275940564,1.87413103270817,0.0165060483800765,0.016269406764808,0.0565574391705508,5.0554971890388,0.958826162911503,1.7068457864163,0.0172724888706882,0.0165029733267509,0.0510168353680649,5.01399037838813,1.02820552424674,1.96556124238845,0.0386851718432662,0.0395442129724062,0.14241411337097,5.03224350865379,1.03257117558033,1.93254347485737,0.0207239920799911,0.0227532698065816,0.0663078707583963,"Residual"
44,2000,0.35,35,2,0.25,4.99936123560014,0.994541874580713,1.96490263319245,0.0161216940903922,0.0161171999373196,0.0595825169284661,5.02161395762042,0.946104945598828,1.79645137770727,0.016837724307305,0.0164608026654199,0.0539814154902786,5.01630046136462,1.03009693445481,2.08107243957087,0.0374900773450433,0.0375901792389607,0.152181381970369,4.98211997082592,1.0033739091051,2.05241452473272,0.0204905915124713,0.0221870533526345,0.0715852245327906,"Residual"
45,2000,0.35,35,2,0.25,4.99764261145693,0.958296524530179,1.98749781686894,0.016035017576205,0.0159661232255227,0.0602018754950677,5.02484714482676,0.89961522236596,1.84417525938218,0.0166248626232404,0.0159120931862377,0.0554424292923255,5.01700376309044,0.97615727578764,2.04710137506582,0.0378909018855072,0.0365626810298263,0.148128234985167,NA,NA,NA,NA,NA,NA,"Residual"
46,2000,0.35,35,2,0.25,4.96652781351674,1.01131414914825,1.9411766935029,0.0162335841678101,0.0164324895011204,0.0587676340660848,4.99107092021093,0.951750582440781,1.76535177229584,0.0170015976457407,0.016642943460945,0.0529241797994247,4.97583968226962,1.03881533753971,1.96778180201691,0.0385121762792554,0.040914309715341,0.142733726362188,4.9541559171438,1.01734280063887,2.00733761240346,0.0206691421983959,0.0228868272634933,0.0696387388908656,"Residual"
47,2000,0.35,35,2,0.25,5.00017446489333,0.993900356185583,1.93750629470719,0.0162289824011646,0.016635830524608,0.0586158265951343,5.02666343646835,0.920039565845916,1.77037596099955,0.0169534261591253,0.0167691940320693,0.0530941896860463,4.95240857297552,0.967652281464117,1.75135700499988,0.0408030516385788,0.0401936756834045,0.125852833527834,4.99622019820817,0.998429861694967,1.97518346544166,0.0206867165961744,0.0228047997910782,0.0677284277767899,"Residual"
48,2000,0.35,35,2,0.25,5.01815426197881,0.971670060123888,1.98669126083861,0.0160279334835767,0.0162324856773122,0.0604594274834234,5.03543929568646,0.909941896342946,1.79186117983146,0.0168533315936402,0.016581417243078,0.0539536698389701,4.99082651972667,0.957187251694407,1.94623205614794,0.038727875152825,0.0380693007013655,0.140845299221718,5.00253896822273,0.965331833871366,2.00936707927421,0.0201827488560977,0.0211983071614408,0.0686427688919013,"Residual"
49,2000,0.35,35,2,0.25,4.99652309011178,0.998968902758094,1.96886425956839,0.0161061591262441,0.0164257184714571,0.060015554623914,5.03771072755057,0.924420626680652,1.76701895964737,0.0169727043968406,0.0166305291452647,0.0532520341661235,5.04420061601521,0.983810149881041,1.94666865185545,0.0386964388565131,0.039147792137679,0.140942063377564,5.02578094849798,1.01357778157305,2.01559980530639,0.0202254252292985,0.0219824061061893,0.0521255478927976,"Residual"
50,2000,0.35,35,2,0.25,4.99634350201236,1.00413246877874,1.93509471074285,0.0162449077436414,0.016464977683066,0.0584829317330581,5.04313672430893,0.933961139003089,1.70645841224541,0.0172628516538024,0.0169958811761962,0.0509222035399007,5.04379056572275,1.04263594163846,1.97862785621488,0.038419506261559,0.0385039520346418,0.143423643429608,4.98805609010407,1.0023785562415,1.95912842105739,0.0208958556963555,0.0227700461797104,0.0691754846289744,"Residual"
