"rep","n","pv","sn","theta","sigmaU","beta0_gs","beta1_gs","theta_gs","se_beta0_gs","se_beta1_gs","se_theta_gs","beta0_n","beta1_n","theta_n","se_beta0_n","se_beta1_n","se_theta_n","beta0_cc","beta1_cc","theta_cc","se_beta0_cc","se_beta1_cc","se_theta_cc","beta0_smle","beta1_smle","theta_smle","se_beta0_smle","se_beta1_smle","se_theta_smle","design"
1,2000,0.35,35,2,0.25,5.01788296639546,0.984983962999937,2.08169833693117,0.0156689445900839,0.0155515244124991,0.0634325309456847,5.04302659596839,0.935332233002259,1.89424482893348,0.0164033834538002,0.015796653880499,0.0571401845612431,5.00012648167762,1.01820066216385,2.07265497204543,0.0266006015913796,0.0256686923066228,0.106526937422577,5.00237092737274,0.998087699739373,2.12529103342884,0.0176547887682233,0.0176462623015252,0.0710381103243822,"SRS"
2,2000,0.35,35,2,0.25,5.00198982148359,0.987245999810057,1.88309796176402,0.0164583554018104,0.0167393410509139,0.0569228757236819,5.02955369588639,0.933243287666319,1.71869226678213,0.0172059314034659,0.0168719275072525,0.0514206731581916,5.01091147018944,0.97780308009693,1.97745158446423,0.0271825370882615,0.027741226511487,0.101259188496112,4.99056275201319,0.985872492851406,1.89502309365878,0.01836014883604,0.0195158122869161,0.0623500271201831,"SRS"
3,2000,0.35,35,2,0.25,4.98178396936932,1.00719830824773,2.02952444250147,0.0158787484363795,0.0161792878574043,0.0615998493653323,5.02234449247639,0.941798273771928,1.80997997298442,0.0167789783106201,0.016565060934707,0.0543118215295964,4.96992895327496,0.97843528231621,1.9744415864532,0.027200355120768,0.0279802969038413,0.100577821545272,4.97231586236709,1.00219003470518,2.03007676975289,0.0181240846253931,0.0193071698869391,0.067752357564791,"SRS"
4,2000,0.35,35,2,0.25,5.01000899558414,0.993930050405071,1.96762410014602,0.0161249408463319,0.0158508230978037,0.0595210888019207,5.04651503516155,0.945696341877101,1.78135701496213,0.0169175469839185,0.0161831504269375,0.0533310684774824,5.00035328540387,1.00485620619637,2.18006309652731,0.0259135110014857,0.0255575746344933,0.112261149715681,5.00587568637938,1.00652042035606,1.99203259610779,0.0181884029153684,0.0185440969301098,0.0663020742313079,"SRS"
5,2000,0.35,35,2,0.25,4.98892471793621,0.983083490728387,2.06137183029235,0.0157664348157208,0.0158688244673982,0.0626794159367126,5.02286937752303,0.924543596266189,1.8501588877032,0.0166114922126663,0.0161643239474437,0.0556180798004255,4.96535251615084,1.00876399300466,1.96837317160402,0.0272908058220928,0.0273497494879274,0.101359834764209,4.99036236501932,0.979668214491122,2.07216557502462,0.0178978727411117,0.0186268115032354,0.0690409712267154,"SRS"
6,2000,0.35,35,2,0.25,4.96126311264597,0.997413029259617,2.10212505784116,0.015604043092766,0.0158919951169372,0.0640867451530313,4.99240898954646,0.932054527977537,1.88876640377873,0.0164321726008355,0.0162364332074018,0.0569886909305133,4.94944231838909,0.983143415083804,2.10642865833384,0.0263666446529681,0.0265868861550185,0.10854540993389,4.96659198639194,0.996562404790445,2.13968396139022,0.017617993921158,0.0187597301566722,0.0719329257960576,"SRS"
7,2000,0.35,35,2,0.25,4.99454786721659,1.02364457695841,2.02608517060712,0.0158921208031795,0.0159189838637133,0.0617777817297897,5.02148725687294,0.973448820134739,1.85098563187274,0.0166022568788601,0.0161593126894658,0.0558802367211752,5.01990148091529,1.07558502788505,2.01172686186349,0.0269913774219359,0.0265108137241634,0.103505900232121,4.99245215524295,1.03773281938371,2.06123387063682,0.0179310095088052,0.0186377992739843,0.0687975352919477,"SRS"
8,2000,0.35,35,2,0.25,5.00763712027842,0.990185098241429,1.98797237707914,0.0160423139335842,0.0158453990446368,0.0604219183940181,5.03896646978998,0.926574105603834,1.79132697132088,0.0168731539327755,0.0160479259734192,0.0538454274362348,5.00371677638192,1.01205779297243,1.85917815426557,0.028056335480028,0.0264969961474572,0.0951419753847811,5.01346682188128,0.989708778856506,1.98738662606519,0.0181218289867091,0.018687036686994,0.0655625310311395,"SRS"
9,2000,0.35,35,2,0.25,4.97949952056785,1.01804844041461,2.08128074807523,0.0156817410575347,0.0156300006740561,0.0634159610857217,5.01793935686343,0.957376451727529,1.84119677518555,0.0166381034808327,0.0162188035996042,0.0553917810095306,4.97245036265797,1.01411119341969,2.15906444612924,0.0260296625690471,0.0264295612538255,0.111594887968626,4.96017439938786,1.01069046208961,2.10424478969272,0.0178816449462966,0.01893761027554,0.071305332260736,"SRS"
10,2000,0.35,35,2,0.25,4.96214427496896,0.988778235204218,1.93176290224821,0.0162770781530686,0.016209774301512,0.0583812071237144,4.99586258824166,0.941833068836963,1.74390289512927,0.0171033805827402,0.0166464268490205,0.052146299563602,4.939414532879,0.974997377035933,1.97801057717917,0.0271773867664872,0.0266088115487957,0.101307989509321,4.95453052561713,0.972934927668095,1.93720527644177,0.0183492843950362,0.0185971300312059,0.0640393944590948,"SRS"
11,2000,0.35,35,2,0.25,5.02314656080504,1.00988227576347,2.01042385691975,0.015944862201447,0.015843665157146,0.0609546837228563,5.05436802649776,0.953652101389929,1.83452813159259,0.0166678411401604,0.0159754173377787,0.055113924184678,5.0460590356389,0.983211376885489,2.00047802606497,0.0270135807244841,0.0267405327427306,0.102180713582577,5.02588018909297,1.0062210086338,2.02823531466222,0.0179001020592473,0.0183948221182433,0.0672902458721372,"SRS"
12,2000,0.35,35,2,0.25,4.9751791393129,0.986570605298507,2.00794896168242,0.0159525601549989,0.0162599232597045,0.0609790425990689,5.00210430825963,0.937117711938488,1.8229150879095,0.0167201069656941,0.0164878175141665,0.0547711421319269,4.97122924591447,0.992051524809997,2.02628686899829,0.0268496918346575,0.0273035444634461,0.10442210675006,4.96430824889045,0.985154110224212,2.0361412041699,0.0179221539099369,0.0185782771586684,0.0678637968139393,"SRS"
13,2000,0.35,35,2,0.25,4.94895733630642,1.00290328366929,2.0513306648438,0.0157993220179174,0.0156533755598633,0.062448051824814,4.96542510100397,0.959780388619318,1.92484400425818,0.016294109542349,0.0155804064401571,0.0581977413134377,4.93096481035696,1.02059044249219,1.96090383429608,0.0273326284353386,0.0272899737819883,0.100654406656818,4.93944618990329,1.01487150785375,2.13167250029271,0.0177828341454771,0.0186592005680353,0.0715357982016047,"SRS"
14,2000,0.35,35,2,0.25,4.99234493902163,1.01023793117079,1.85739079800016,0.0165777027989099,0.0163864529315492,0.056028803370552,5.0132976139704,0.950741451904896,1.69896980038948,0.0173117828260391,0.0165878761160276,0.0507688344754295,5.00995060168756,1.01547091966967,1.8108286772574,0.0284051366631232,0.0275190208322163,0.092045691220825,4.98854929052477,1.00588289718458,1.8785764292729,0.0186300001435986,0.0194089959413548,0.0618868198278068,"SRS"
15,2000,0.35,35,2,0.25,4.97768279242761,1.00503525177623,2.04971832063039,0.015792903348567,0.016302500890589,0.0625129595549047,5.01129408951037,0.94699305716901,1.84076796134411,0.0166377240388843,0.0166908710599698,0.0554926412393913,4.99229081376412,1.01483082346579,2.00934741055003,0.0269629274823797,0.0287015969583779,0.103762141339981,4.9836024752681,1.01114127008463,2.04926875992712,0.0178694482199524,0.0195130954368705,0.0683182232124371,"SRS"
16,2000,0.35,35,2,0.25,4.98782432638443,0.975994271476692,1.99394403358173,0.0160066931322651,0.015946383377326,0.0605245831176671,5.02020913942241,0.916746771438704,1.82654555882262,0.0167000698101218,0.0160226456370997,0.0549435566561272,4.99549769096064,0.992693820704321,2.11280558273355,0.0262980235066114,0.0261492476644981,0.108375911787452,4.97948575156486,0.983969012224275,2.02425826434304,0.0177703731631779,0.0184945859759156,0.0669105357350583,"SRS"
17,2000,0.35,35,2,0.25,4.98303030373493,1.01501660058772,1.96514515955804,0.0161292259983902,0.0160526553912433,0.059537037261253,5.01246634615592,0.969865645865269,1.77602928084081,0.016939990090306,0.0166088955566569,0.0532466899081859,4.98105270705502,0.975468567184193,2.02486058717903,0.0268610177472664,0.026105989102262,0.103831750771028,4.97256272490724,1.0032401760788,1.9793924380756,0.0182385848512378,0.0185120517901459,0.0658095240475652,"SRS"
18,2000,0.35,35,2,0.25,5.01501519888225,1.00985326980567,1.98164415833308,0.0160511293346571,0.0166980072215034,0.0599976887212928,5.06083530447701,0.941422196290672,1.76536055599107,0.0169763317142418,0.0170889105452896,0.0528068511913242,5.04038062981664,1.00569849499875,1.87287696830617,0.0278841328594701,0.0289343502281913,0.0953389190579349,5.01029300529743,1.01500304115361,2.00098672034744,0.0180589826583443,0.0197101029821616,0.0662711763188347,"SRS"
19,2000,0.35,35,2,0.25,4.97777127078962,1.00893747132745,1.99903788395744,0.0159902810657989,0.0160373304108849,0.0609177769186953,5.00199789820992,0.953920039026756,1.81385026294329,0.0167631692823326,0.0162376747740978,0.0546782123254903,4.95703186193109,1.00807834428863,1.96135864839619,0.0273075462673011,0.0272264134479994,0.101084705858642,4.97266184886577,1.01076951342633,2.01125798689435,0.0180116111373719,0.0191297254843201,0.0670219746296282,"SRS"
20,2000,0.35,35,2,0.25,4.97433824976728,1.0196843684071,2.02494372672723,0.0159132748758914,0.015884621873787,0.0615597999632346,5.0038616413528,0.950487175648554,1.80103425704346,0.0168440573613577,0.0162775599546624,0.0541089468039751,5.01691897507412,1.01559268872954,1.8720893947656,0.0279059157043336,0.028441618312297,0.0957643413719573,4.97665088495774,1.02399646493829,2.07951883660219,0.0180326638465758,0.0192771878275695,0.0701638252241377,"SRS"
21,2000,0.35,35,2,0.25,4.99987658897298,1.02581323832095,2.00262401703137,0.0159822893734366,0.0159390522717802,0.0609648812039733,5.03070737638325,0.972792755302489,1.83001776954915,0.0166915954097757,0.0161764586109761,0.0551760837207026,4.97309545428999,1.04544736691004,1.98649807280762,0.0271862852900078,0.0274567700372186,0.101954609664681,4.98758012237284,1.02533394392911,2.06871760958513,0.0180595302580307,0.0190784464203706,0.0699610218818453,"SRS"
22,2000,0.35,35,2,0.25,4.99782541142829,1.01009359240458,2.04596237682247,0.015808004758106,0.0161403959029147,0.0622313484363832,5.03398666535158,0.943799766000304,1.85035046413025,0.0165991395033481,0.016416786662841,0.0557215046799178,5.01186190304924,0.984378933184116,2.05983287903894,0.0266183214336779,0.0271616862056205,0.105545354568208,4.99187550133797,1.00674455926295,2.08096914178772,0.0176760069177011,0.0187820485324896,0.0693060943357711,"SRS"
23,2000,0.35,35,2,0.25,4.98896320519194,1.01758796860397,2.00529656931091,0.0159681985685042,0.0158843009633273,0.0610075577322422,5.0215017502923,0.95253954814885,1.78863462201651,0.0168773653636787,0.0162382493815514,0.0537692033539974,4.99920604932555,1.02956542675643,2.05082972262266,0.0267402448982097,0.0252871161107152,0.105569070635709,4.98659888318855,1.02019667646878,2.01208016329302,0.018178011967066,0.0186576235846083,0.0675312620460799,"SRS"
24,2000,0.35,35,2,0.25,5.0335995976467,0.994532899660321,2.01481872390178,0.0159240147292488,0.0159991608936455,0.0611563447285745,5.05273411179235,0.942995579726484,1.84691972894518,0.0166139928275296,0.0162469067715296,0.0555563919189877,5.02581031492422,1.00295076762688,2.07732126271697,0.0265204991473982,0.0265185824650737,0.106569843682684,5.03129596652836,0.998043668145174,2.08119693953746,0.0177821404153806,0.018343892859927,0.0695803580459234,"SRS"
25,2000,0.35,35,2,0.25,5.00631879176865,1.01918535192805,1.938357722151,0.0162358011520653,0.0161378427568895,0.0587578244736987,5.034422071371,0.957698936160651,1.72665782633467,0.0171741186838489,0.0166284753491722,0.0517191299639659,5.03667376686166,1.04483346715278,1.99008565417661,0.0270900416085259,0.027531093887853,0.102244644834819,5.01400996872105,1.02721674356629,1.94390334017452,0.0183359140584332,0.0200113741162175,0.0644805316352119,"SRS"
26,2000,0.35,35,2,0.25,4.99977929447722,1.00205960179404,1.92141382006175,0.0162958679791576,0.01668970279923,0.0580926609679416,5.03907344646713,0.951011863665312,1.75786244148452,0.0170140088146462,0.0169629780865364,0.0526314723607948,4.97372012876082,0.998831642078425,1.91301210978053,0.0276147065394107,0.0286135454794951,0.0974080950075743,4.98447950999915,1.01553651824416,1.94485175904805,0.0183363182691876,0.0193845507927508,0.0641648914479964,"SRS"
27,2000,0.35,35,2,0.25,4.98093672810979,1.00481983330742,1.93288415061025,0.016254097153834,0.0168132946300991,0.0587321267516701,5.01318673836157,0.930505582261781,1.75583326546918,0.0170304788075669,0.0168885233225255,0.0528112296518634,5.00235075529916,0.963124433590907,1.96236046275438,0.0272703715163544,0.0282473586569851,0.100693324117292,4.9938061891631,1.00152834858502,1.95277038512488,0.0183563612479637,0.0201785615936084,0.0652586041246618,"SRS"
28,2000,0.35,35,2,0.25,4.99551448543174,1.01592195815915,1.95081069606645,0.0162084161102751,0.0168011553641981,0.0591035948704523,5.03282903251954,0.935888122010506,1.76085395916321,0.0170274997410569,0.0169505701239103,0.0527905887603752,4.98281252747689,1.02324768048941,1.88349232165859,0.027928922599433,0.0274940789686841,0.0961815043503861,4.98173328720989,1.01562357953304,1.98444291222436,0.0183047060979659,0.0197481010268443,0.0658864844629536,"SRS"
29,2000,0.35,35,2,0.25,5.00776533895149,0.994870890897449,2.08465833442733,0.0156638968520986,0.0156277818628081,0.0633991540684056,5.04371553616319,0.938445631690862,1.864942851713,0.0165311784010958,0.0160262403999749,0.0560730230977962,5.00854605930706,1.00310222188659,2.11123880139557,0.026331937596866,0.0265101233579699,0.108171100144609,5.00672547694169,0.996447968275567,2.11503396044402,0.0178715665982722,0.0186538603919612,0.0709444898238636,"SRS"
30,2000,0.35,35,2,0.25,4.99253517473914,0.997432192224365,1.98471242090868,0.0160562075207391,0.0161159901710251,0.0603050243866349,5.01384561090204,0.94531486401693,1.82093956827287,0.016745205007145,0.0162897337727662,0.0548153581874071,4.97199669484598,1.00500409779802,1.98975393341479,0.0271183090973865,0.0283768246662844,0.102439291453777,4.97925359155406,1.01949760696526,2.0192243991447,0.0181410432896501,0.0194904137286136,0.0674020257875096,"SRS"
31,2000,0.35,35,2,0.25,4.9960756480569,1.00778184793855,2.06796759582118,0.0157349382927816,0.0152934364804094,0.0630587761508472,5.02596333435743,0.946759875432158,1.869510503366,0.0165208454697101,0.0154780344811097,0.0564122715283402,4.98044310211192,1.00731732024398,2.03648978709143,0.0268408124593214,0.0258236603495651,0.104960762115317,4.98578242220116,1.00657947466461,2.10356519410143,0.0178061111070013,0.0183376572609944,0.0707666662606802,"SRS"
32,2000,0.35,35,2,0.25,5.00833691959707,1.00331338847526,1.98925926627483,0.0160257975048356,0.0160497613849549,0.0603511371595436,5.0309635573591,0.937894904055477,1.78494666515958,0.0168907734614785,0.0163407175401064,0.0535551862162841,5.017035622279,0.98844054919538,2.0184976843514,0.0269079237387583,0.0271074827545688,0.103484780950515,5.00639616669431,0.998230073633664,2.02600622775252,0.018120065225764,0.0186208792688239,0.0678175086012082,"SRS"
33,2000,0.35,35,2,0.25,5.00465058767324,0.983894870771414,2.0754310366375,0.0156927797357197,0.0159923102469577,0.0629475912307718,5.02360818564479,0.927252695493184,1.88837273053377,0.016431188578936,0.0162390960702832,0.0567407545298694,4.99326404284672,0.969186602894577,2.01097666042763,0.0269370945015221,0.0280420823313972,0.102523996377932,5.00129234445071,0.986950303262865,2.09069942111804,0.0176226943248282,0.0187128948089786,0.0691073053102568,"SRS"
34,2000,0.35,35,2,0.25,4.97731171907221,1.00373702637873,1.92073525311501,0.0163168081922509,0.0161686419470981,0.058046943896996,5.0057458718976,0.953586598740716,1.74266949601658,0.0171066056153585,0.0164000372882632,0.0521125715331319,4.99014331132701,1.00556048992701,1.98665409706933,0.0272595676444942,0.0269979890529727,0.101725074836509,4.96644324976651,1.00343390364471,1.97414820099588,0.0183404898286733,0.0192864665379012,0.0657622031972523,"SRS"
35,2000,0.35,35,2,0.25,4.99139615422026,0.996398037178023,2.00716994144637,0.015971867576854,0.0159767614511295,0.0609545576400176,5.01157183585823,0.936031394770014,1.78628558587043,0.0169135193652954,0.0164829483484486,0.0535960344269028,4.9572959452008,0.992947522797859,1.9875487987045,0.0271506601313084,0.0265806670975521,0.102321687952533,4.98978626556097,0.991418794696127,2.00765718559806,0.0182969716936364,0.0195948361442549,0.0670926577252098,"SRS"
36,2000,0.35,35,2,0.25,5.0088929646847,1.02544641735873,2.0294922788462,0.015873196385457,0.0159240163650188,0.0617248087614795,5.04881081320364,0.960956212218304,1.84696361029303,0.0166122351970869,0.0160442939397988,0.0556235483856011,5.01739150234748,1.01706596219894,2.14709947629091,0.02611881210693,0.0252456913588985,0.110940669658214,4.99834804515981,1.01875979778916,2.07543981650963,0.0178105436887471,0.0180814840377164,0.0697067365338639,"SRS"
37,2000,0.35,35,2,0.25,4.97597231671033,1.01140543777903,2.00218720606766,0.0159893020469121,0.015785452288742,0.0607518896091733,5.01766938715411,0.934338560066326,1.77624816618101,0.01693852050393,0.0161412946050886,0.0532650491176294,4.95618621914622,1.01267739752462,2.02271573145629,0.0268886859568401,0.0263827806342532,0.103616949783616,4.97816739320778,1.01239789181071,1.99494100514623,0.0181832181680692,0.0189641224041956,0.0664991459541158,"SRS"
38,2000,0.35,35,2,0.25,5.00145420040497,1.00945728927389,2.04842179372857,0.0158073450916764,0.0164912172357417,0.0620698197416727,5.03287671596886,0.944813471733167,1.89657178293058,0.0164009239502073,0.0163721764097075,0.0570212392775557,4.95056774678424,1.03764144903542,2.10016052569382,0.0264206859996243,0.0267368128424792,0.107787502050365,4.98745998484292,1.02919439545083,2.12114581361048,0.0179982078561606,0.0192004821957693,0.0716600793965258,"SRS"
39,2000,0.35,35,2,0.25,5.02520208422674,1.00846852909122,2.12160879365823,0.0155235176101689,0.0159986846552143,0.0646498522052477,5.06120546663173,0.940286615039346,1.89188192510767,0.0164077146225096,0.0163158899374133,0.0569967986741056,5.01790412090663,1.05451983699957,2.0561247590662,0.0267033467827467,0.0279519164438732,0.105900124891693,5.01510405400842,1.01102582918158,2.14268968879352,0.0175698157539464,0.0195361430625111,0.0718068790062883,"SRS"
40,2000,0.35,35,2,0.25,5.01302216073337,1.03717375112032,2.13956834455183,0.0154954585890643,0.0159372728402848,0.0652706830130855,5.04829246784248,0.965640183294932,1.93034181828278,0.0162789102910465,0.0161011357703765,0.058286195367357,5.02725395976152,1.04131386610452,2.25415531475267,0.0255345680702333,0.0267841151905403,0.116448456479688,4.99912810755583,1.05294724133389,2.19049471684253,0.0174941010518524,0.0192781764865839,0.0740050250358569,"SRS"
41,2000,0.35,35,2,0.25,4.97438182880715,1.02513800932006,2.00392424251576,0.0159709146223695,0.0164304304499986,0.0609647844562438,5.00387070226016,0.956928357830616,1.80648309333857,0.0167933596328322,0.016719958069259,0.0543613726421861,4.95945360818602,1.02312792257851,1.97591584178247,0.0271980741127771,0.0276023395529758,0.101708782468586,4.98034658695588,1.04212121736277,1.99039766918256,0.0183139940224118,0.0193604116196429,0.0666316412036203,"SRS"
42,2000,0.35,35,2,0.25,5.00252151947715,1.00347814167556,1.97394617250966,0.016104432398223,0.0163646802346992,0.0598797689362073,5.0205043738515,0.951062964590286,1.83522761101937,0.0166853175867612,0.0164861165841899,0.0552586321468321,5.00611681533739,0.969461921517478,2.00030554744869,0.0270535550191376,0.0271244415496678,0.102588236284194,4.99879342545214,0.987727883830982,2.00473062011077,0.0180577951617449,0.0185423134071262,0.0664226334340143,"SRS"
43,2000,0.35,35,2,0.25,5.0017309814324,0.956953336204961,2.1698282158004,0.0153508978290751,0.0157014432187833,0.0660020675456196,5.02148609648531,0.908699385868669,1.9894704262677,0.0160122095771227,0.0158533719730857,0.0599871566831384,4.99171677144606,0.969699391320726,2.22701752145387,0.0256229727687015,0.0263242018214517,0.114920653946403,4.99763003601211,0.97233158277184,2.21028292469555,0.0171417882454952,0.0184687180301177,0.0735113021850292,"SRS"
44,2000,0.35,35,2,0.25,4.98212879596327,1.00495527236844,1.99173522319459,0.0160182952946155,0.0163356275270423,0.0602326745444951,5.0037277585739,0.940790464841867,1.79641733286609,0.0168442686865106,0.0165686358988566,0.0537636567075915,4.95674839386048,1.01502360761534,2.01665938855498,0.0269458994764558,0.0269789880566549,0.103326940412144,4.97138043391923,1.01342125741498,2.03194428462258,0.0180430841014131,0.0192830897472402,0.0678370256316037,"SRS"
45,2000,0.35,35,2,0.25,5.01094956761634,0.99731175030263,1.9308476660909,0.0162700574587501,0.0162865172666383,0.0585349970297652,5.0480702335985,0.943146693474938,1.76638818566616,0.0169820235890259,0.0165384953208564,0.0530341329594359,5.02972830253359,1.01353040927738,1.82747241573369,0.028254031507824,0.0263394884529957,0.0933344849756167,5.02593926508451,0.994253715609727,1.96492038878263,0.0182100127518812,0.0190376495876678,0.0651907605400458,"SRS"
46,2000,0.35,35,2,0.25,5.01578254683483,0.997326136901433,1.97909171604882,0.0160658506078613,0.0162570685886434,0.0599423788288948,5.04254060185839,0.941272627546992,1.83235538775934,0.0166795931048065,0.016229523195774,0.055040147222456,5.02286721059155,0.978147899145764,1.92828665338348,0.0274951666067948,0.0273943292399706,0.0990574267419417,5.00078056811042,0.987057650348056,2.05976630768257,0.0179816612111397,0.0184986153115317,0.0686463288028476,"SRS"
47,2000,0.35,35,2,0.25,4.98430912824332,0.989223811239184,2.02744709159012,0.0159082124111842,0.0162186263069689,0.061365407948293,5.01387007578121,0.925085506094705,1.84456582463917,0.0166521660264119,0.0164082988522213,0.0553102639309539,4.96708705375074,0.988533898762809,2.03875743514121,0.0268574735486491,0.0275986409554513,0.10408795231366,4.98349118604671,1.00323719610676,2.07076770875062,0.0182935183056343,0.0194198418197156,0.0702460026787362,"SRS"
48,2000,0.35,35,2,0.25,4.9993964303413,0.941087475536907,1.92981146053377,0.016268071488506,0.0159859154282062,0.0583159992588062,5.01197565690271,0.897873403339828,1.84853585679424,0.0166105975681742,0.0157673725721397,0.0556247109608598,5.01380625111946,0.963372467811244,1.94250805341362,0.0274144557460185,0.0274751324483576,0.0990668427098266,4.99012920851991,0.951268845547175,2.00825025109458,0.0179930260826304,0.0187179011863749,0.0661714970497241,"SRS"
49,2000,0.35,35,2,0.25,5.00550197465023,0.976789440581277,1.99666575201435,0.0159933043978356,0.0161017039419105,0.0603848406746372,5.03323379649761,0.925931483121701,1.84190323201109,0.0166313525995289,0.0161842536394374,0.0552481033736124,4.98209260334184,0.954660085394125,1.87354804113516,0.0278897371426306,0.029383299110642,0.0954428739368565,5.00373672113492,0.994968188151088,2.05453678465152,0.0178413772561871,0.0187106637682719,0.067891006774201,"SRS"
50,2000,0.35,35,2,0.25,4.99858990494654,0.994815474684887,1.97940760783811,0.0160581377881302,0.0166567921886948,0.0600146875651046,5.03065890883079,0.942067289809657,1.79944400635417,0.0168173769588657,0.0170069313126174,0.0540147624878411,4.98941504646811,1.0109138790331,1.95833348483324,0.0273135867647892,0.0294541696475279,0.100083986358524,4.99205392999215,1.01139458787559,2.02017976586013,0.0181577838051482,0.0202591603929299,0.0674714858373109,"SRS"
1,2000,0.35,35,2,0.25,5.00874653764846,1.0113373950456,2.18789090948822,0.0153031516291432,0.0149272093932052,0.0668630927172273,5.03425752884355,0.964557393226443,2.00257736105113,0.0159716341470479,0.0151236468771083,0.0606435249712316,5.03181415386808,0.997970637173423,2.15439102119768,0.0260763996034566,0.0246518859365026,0.111758202000211,5.01027988654558,1.00626319113239,2.26487197958094,0.0173262744308611,0.0175296898841581,0.0769294069319208,"SRS"
2,2000,0.35,35,2,0.25,5.00708486873196,1.00647599389521,1.9691071440315,0.0161120062295751,0.0157770157438695,0.0596421460350485,5.03338770815009,0.963100818566687,1.81078057408127,0.016778454192901,0.0160419271800467,0.0543736556505525,5.01483192078065,1.02806171723687,1.97778506108207,0.027190448098776,0.0267960930440767,0.101112711526589,4.99802907223166,1.02380221720549,2.03453361078212,0.0180988454222769,0.0184887962241403,0.0679367915140218,"SRS"
3,2000,0.35,35,2,0.25,4.98446169340531,0.993841407100812,1.9955355661363,0.0160153811723566,0.0162469105109522,0.060581596316757,5.00002568902733,0.930266378752673,1.82384160212183,0.0167397618245938,0.0163289268366203,0.0548500179553155,4.99578501860088,0.992324951452684,1.93084230128864,0.0275359951043124,0.027920767169182,0.0983368470690339,4.97478943525238,0.998735641328247,2.00478153397176,0.0180932205675509,0.0194984037203259,0.0663353953591724,"SRS"
4,2000,0.35,35,2,0.25,5.01950414296401,1.00633291752591,1.96523348076629,0.0161137449519138,0.0169839877236449,0.0595095209214219,5.05571517776324,0.94601090660294,1.77494617028237,0.0169301899764489,0.0172825758316796,0.053180865628203,5.02352134046785,1.01826615452874,2.07501929821751,0.0265235992447535,0.0276153288923647,0.106704350815485,5.03108722952301,1.01234909677877,1.99885609406625,0.0182345295691026,0.0201576410356964,0.066765292024438,"SRS"
5,2000,0.35,35,2,0.25,4.97822754634579,1.01044773686348,1.86497693185125,0.0165434405612517,0.0165543693016111,0.0564558075572304,5.01560021093746,0.947489675874312,1.67213390475048,0.0174439915453983,0.016819189016225,0.0500212465099343,4.97524934406345,1.0305325371739,1.87276910336724,0.0279120716991254,0.0280087015853186,0.0957997271584457,4.97290777271252,1.01822128488198,1.90668355572382,0.0185554531515836,0.0191399616340933,0.0634069557670183,"SRS"
6,2000,0.35,35,2,0.25,4.99042436730845,0.985506091322869,1.96386268050155,0.0161270947496939,0.0161799912526856,0.0595341447662911,5.0126945970893,0.922346214433662,1.79530499598393,0.0168449122070483,0.016355832809074,0.0539434665820121,5.00963571151496,0.949598776044106,2.00094833807171,0.0270407979454384,0.0272005621588525,0.102167444148207,4.99177146903719,0.973784357710234,2.00656630478433,0.0179982094683818,0.0190448523749727,0.0666101617174565,"SRS"
7,2000,0.35,35,2,0.25,5.01854413580773,0.995822354630642,2.11247540695364,0.0155562695662569,0.0160970747230011,0.0642541451937707,5.05350646834923,0.939210051454277,1.9040880808499,0.0163569766512411,0.016457440993965,0.0573182830997195,5.05064838737981,0.984070516339728,2.09086049948588,0.0264066097208456,0.0278259748838706,0.107575333233463,5.02665806103388,0.99587621279643,2.13983571874066,0.017364640841867,0.0188604706500267,0.0709399996861255,"SRS"
8,2000,0.35,35,2,0.25,5.00929967880191,1.0246005045552,1.99796691539215,0.0159967187156056,0.0162579032026329,0.0607708409178962,5.04185726732671,0.960939399643817,1.79367527226025,0.0168549580911889,0.0164850927752984,0.0539282434588628,4.99216780731741,1.0335732288127,2.04813512786946,0.026729361463957,0.0275898608350187,0.105428243813182,5.00561040790266,1.0337331511685,2.04112132093624,0.0181231923016757,0.0199535816277582,0.0686000966074723,"SRS"
9,2000,0.35,35,2,0.25,4.95543208026209,0.998464237013651,2.04032004263298,0.0158358719849156,0.0158772222926119,0.0621258178982173,4.97881607638583,0.944202533282395,1.86754624338856,0.0165288652182733,0.016068043219966,0.0563516683063321,4.98160728723955,1.01313786010907,2.12165609644128,0.026266665007239,0.0261263415488533,0.109618429307941,4.95277570775598,1.00572930311304,2.09371558815904,0.0177328961447314,0.0187834640106056,0.0702486749267166,"SRS"
10,2000,0.35,35,2,0.25,4.99764085570604,1.01694350244705,1.89946955185132,0.0164018992716238,0.0163400710387178,0.0574829501791605,5.02676586426152,0.956431003068606,1.74165308259986,0.0171049232198979,0.0163979808643063,0.0522165666383717,4.9979156608528,0.993995714760748,1.87110801987635,0.0279638338003986,0.0273953730239238,0.0956319060755766,4.98687561345767,1.02247562373129,1.93361395877107,0.0184370384281262,0.0189261342948729,0.0639827953460576,"SRS"
11,2000,0.35,35,2,0.25,5.00733032026204,0.983548037561622,1.99154997887095,0.0160143537238647,0.0159352345096543,0.0602869128669021,5.02040012441824,0.941689806872619,1.84457346330486,0.0166243234825093,0.0162318587757161,0.0554070474642447,5.00269135799001,0.994473485361761,1.79913913881925,0.0284476016714924,0.0289722774108957,0.0914443950222291,5.01106894262682,0.98986293595653,2.01168565842705,0.0179888333673951,0.0192072279850008,0.0662029261059616,"SRS"
12,2000,0.35,35,2,0.25,4.98348263799515,1.01453352314798,1.89151761172449,0.0164367332873345,0.0166771560063808,0.0571497595042712,5.01612603315997,0.951464766441278,1.73787779083652,0.0171209239166906,0.0168448607959605,0.0520527396413408,5.00193140836126,1.02538705258833,1.936906321462,0.0274961602033416,0.0277172567577185,0.0990748718517367,4.97678593578914,1.02631095340885,1.92915452844924,0.018251200193036,0.0196461507218432,0.063495023996966,"SRS"
13,2000,0.35,35,2,0.25,4.98420883824647,1.02337008213512,2.08506780805324,0.0156680282404951,0.0157738067795953,0.0636678873725356,5.0159337086276,0.961443921274438,1.86957767306726,0.0165180303990542,0.0160745570372605,0.0564364458896005,4.97068317025807,1.00583988747304,2.18728852886135,0.0258737869204844,0.026578583837698,0.113390803912429,4.98178678295428,1.02846656416645,2.14153373405929,0.0177269828354878,0.0189403151895296,0.0723679107169411,"SRS"
14,2000,0.35,35,2,0.25,4.98267859932398,1.0080756972992,1.92786848174658,0.0162727662976347,0.0168945400435895,0.0583003531796846,5.00991818651204,0.942430942008086,1.73466453617765,0.0171305232408344,0.0172140108805452,0.0518695808864519,4.99821549256091,1.0027723172102,1.88379276448271,0.0278222359523306,0.0289833295374864,0.0961857851206268,4.98878079220686,1.00022114026673,1.91821848629111,0.0185091790275906,0.0197254962355777,0.0635365735588032,"SRS"
15,2000,0.35,35,2,0.25,5.00003386833766,0.980747797643682,2.04700710938562,0.0158047304528762,0.0155861864313733,0.0621260061386202,5.03271934309145,0.926874730172612,1.87336872254007,0.016496021305418,0.0156830392413184,0.0563435602651413,5.00989729375013,0.976091759477202,2.03570625566616,0.0267828200485421,0.0266753553381684,0.104316474660751,4.99703619188196,0.99426995224405,2.12303509329674,0.0176172336613561,0.018382719119357,0.0708875383655455,"SRS"
16,2000,0.35,35,2,0.25,4.99412430042344,1.00385345922409,2.07185588364861,0.0157088780271024,0.0159847423969933,0.0631117270039955,5.02997735102505,0.949930698045013,1.86060794845602,0.0165488639706855,0.0163605404644553,0.0560218925690567,4.95055683419021,1.0052238007363,2.13613853207753,0.0261611073845266,0.0285592748520324,0.109378521671197,4.98103125962743,1.03325547115975,2.10852345410591,0.0179291396268008,0.0192756401545136,0.0711606080094158,"SRS"
17,2000,0.35,35,2,0.25,4.97690872388345,0.981907996704426,2.0831667854425,0.0156725588531953,0.015479131004018,0.0634815528485679,5.00164014670539,0.919346891925536,1.88996647573031,0.0164265992316305,0.0156744312256465,0.0570239195923659,4.97646983313998,0.983986116391068,2.11723716318597,0.0262823986415041,0.0263299115219476,0.109142091299411,4.97982951274697,0.997207548933047,2.11409692301533,0.0176642309625697,0.0179510335112191,0.0708362758347214,"SRS"
18,2000,0.35,35,2,0.25,4.99965563179188,1.00408165623359,2.15591997239831,0.0154219258172958,0.0154884675882122,0.0660249524230023,5.03226050330306,0.93783001799079,1.9281877351677,0.0162732556315224,0.015843997672018,0.0584063363985015,4.97284558919912,0.991876489368242,2.2746002508343,0.0253852070644574,0.0252237577299105,0.118127536779246,4.99945941551735,1.0123070246894,2.19094840210744,0.0175597236888129,0.0186350108878233,0.0745407341771324,"SRS"
19,2000,0.35,35,2,0.25,4.97072276912203,0.981564016869626,1.85614687814678,0.0165813185893503,0.0167856747674231,0.0561860277325731,4.99838229828802,0.918905941244546,1.70298128669996,0.0172880545241667,0.0168836160374401,0.0510785400707004,4.94359851082447,0.991959829221213,1.81321609386706,0.0283644746658453,0.0282379096178309,0.0921507212215118,4.96422290039866,0.974038178230354,1.90613096600352,0.018589894881126,0.0195375394327367,0.0631487612419944,"SRS"
20,2000,0.35,35,2,0.25,5.01443321503476,0.984919253754976,2.02203938124449,0.0159059947325666,0.0160666887875209,0.0613250324958861,5.02671367937335,0.930082214766887,1.87094414238356,0.0165256896443705,0.0161685900333108,0.0563052816419541,5.01219517162423,0.957883254016444,2.05916132760609,0.0266714168253128,0.027048341356848,0.105548730944847,5.01158568185486,0.979388109310331,2.06556859343361,0.0177627694614888,0.0182797960757801,0.0683908266144259,"SRS"
21,2000,0.35,35,2,0.25,4.98762460847547,0.996234785678279,2.02494949870464,0.0158890873399558,0.0159571384993112,0.061602296583917,5.00119533423752,0.936195930159682,1.83698592961664,0.016659129424066,0.0161194029718241,0.055315888748827,4.96014974504287,0.992860253124216,2.04660691617643,0.0267285719445049,0.0271263639005476,0.105005214964706,4.98783249484208,1.00153687864472,2.08005994621726,0.0180230103595967,0.0194643179310423,0.0704627922100513,"SRS"
22,2000,0.35,35,2,0.25,4.98864925692046,1.01546572138127,2.09074878359399,0.0156489954239071,0.0158143391612041,0.0638998903172735,5.01381306936248,0.95875244167041,1.90939961491539,0.0163513058554272,0.0160327103994911,0.0578249735306489,4.97182505813376,1.00530015879035,2.11984843058896,0.0262817589146591,0.0269568696934991,0.109622213583697,4.96711978671443,1.02293698773195,2.17271546124597,0.0175784309427414,0.019073382248041,0.073598824309851,"SRS"
23,2000,0.35,35,2,0.25,4.98848682231078,1.0047269922529,1.97337669563893,0.0160993419249739,0.0162575518057361,0.0597161304686914,5.01995486346693,0.938964188493528,1.78966676154347,0.016877443500708,0.0165671624998606,0.0536457046594862,4.95152709893616,0.98873070724072,2.00188877145333,0.0270106397034729,0.0280373143570707,0.10256275366912,4.97166056413388,1.00580269745687,2.01949241438862,0.018175795256759,0.0196564576812834,0.0676326336053628,"SRS"
24,2000,0.35,35,2,0.25,5.00121314123112,0.98250291964077,1.94676263129112,0.0161910253529837,0.0164987245271204,0.0587858591588821,5.04013998924349,0.922030508089288,1.76107305188216,0.0170005400659162,0.0167414644633087,0.0526469995752705,4.96091696887402,0.973154108773888,1.86700988767424,0.0279626861748029,0.0273317714878243,0.0951927564230007,4.99493408598122,0.982032339590972,1.97655510149844,0.0182998720442278,0.0189655375811007,0.0654218376944753,"SRS"
25,2000,0.35,35,2,0.25,5.01933780672847,0.986609842164138,1.97395155121462,0.0160814926166493,0.0160882909718524,0.0598877199764714,5.04452884178637,0.925213835742581,1.79559166916464,0.0168374204379861,0.0162602269945936,0.05395695796357,4.99525316818257,0.984828595127008,2.06034112110062,0.0266434915943267,0.0252664355448987,0.106088561297494,5.01153957723266,0.979101448129374,2.01421718381873,0.0179655773946629,0.0187553292764686,0.066868468776584,"SRS"
26,2000,0.35,35,2,0.25,4.98935053401717,1.00081804352392,2.00773683964422,0.0159556026888816,0.0162382466062972,0.0608509690507242,5.01900564659037,0.941964524777566,1.83046270527811,0.0166854209862781,0.0164088374894845,0.0549564224954874,4.98861500652447,0.968243345899722,2.00799062724413,0.0269566595611831,0.0278461540204745,0.103012126886263,4.97312671302575,1.01044151807017,2.0790004548845,0.0179120275616333,0.0190866779259744,0.0696759829930738,"SRS"
27,2000,0.35,35,2,0.25,4.99056198452737,0.998806261944017,2.07033052454616,0.0157168634595934,0.0163086114435408,0.063141118798152,5.01380144899013,0.932218736413549,1.86408995801813,0.0165354571817791,0.0166841477426978,0.0562409230083115,4.99497658454176,1.01509791524846,2.01104499860448,0.0270385179129461,0.0282696513218881,0.103382177371503,4.99663394037641,1.00336283029537,2.06206642093911,0.0178121259359367,0.0198447856800684,0.0685286726995127,"SRS"
28,2000,0.35,35,2,0.25,4.971047952013,0.988376634913254,1.95783604688929,0.0161774260548351,0.0159642539153065,0.0593752274294601,5.00480077045643,0.930723021472435,1.76029995377851,0.0170307023393102,0.016246238157376,0.0527724584948339,4.95547534801622,0.994722529051144,2.00377276660266,0.0270439455693228,0.0262839811353235,0.103001762948314,4.96636550698802,0.982994022860839,1.97436801060413,0.0182712345179305,0.0184385636858651,0.0654787126132273,"SRS"
29,2000,0.35,35,2,0.25,4.9540886307197,1.00827965959394,2.05318189804862,0.0157908459058444,0.0163868079287008,0.0624901675415722,4.97763619618403,0.942730742557719,1.90269570484796,0.0163809908484416,0.0162882434476714,0.0574491356317326,4.96337070654219,1.00763943731298,2.23117000685937,0.0256235688211564,0.0272176934846385,0.115309871469952,4.95584019565416,1.03152523379671,2.12869827171372,0.0176313004215247,0.0193156883480536,0.0719620305296659,"SRS"
30,2000,0.35,35,2,0.25,5.04326873986329,0.99048916674992,2.01423605678125,0.0159227032000237,0.0162430912829551,0.0609753759944035,5.07156397802206,0.932336224256908,1.84577311101252,0.016610551786221,0.0163575829407367,0.0553878268639074,5.04551071615986,0.995483090713349,2.0214718706198,0.0269581193880873,0.0273495437184567,0.103596770234616,5.04090126688325,1.0028357846034,2.04585519354796,0.0179114897411594,0.0190699932302858,0.067937023348235,"SRS"
31,2000,0.35,35,2,0.25,5.00525880026706,0.98632995511541,1.98969857806974,0.0160177020428361,0.016604452896068,0.0603694523848096,5.02016114531322,0.930959405086212,1.839153464079,0.0166434009538879,0.0166491450714002,0.0553348605456611,5.00325658197496,0.977342982874223,1.92914209881662,0.0274923980846216,0.0282233538293287,0.0988015201236791,5.00405761548117,1.00323368606108,2.02612165809889,0.0179373160362348,0.0193235526735926,0.0670028594038262,"SRS"
32,2000,0.35,35,2,0.25,5.01429365471623,0.998809758928859,2.05744290725138,0.0157716650203843,0.0159583714046828,0.0624266949152838,5.0489812836979,0.938896724469566,1.87884064288535,0.0164742300552051,0.0161169937575309,0.0565150213123956,5.00637164097789,1.00106788863703,2.10294183741748,0.0263902101903244,0.0266408588624051,0.108011275654751,5.00650372938204,0.995475226878625,2.1156018443885,0.0178837922413814,0.0183771608996576,0.071146018161961,"SRS"
33,2000,0.35,35,2,0.25,5.0056964645308,1.0069615915794,2.0513744098841,0.0157866072245919,0.0156710561465769,0.0622067417513201,5.03516590883458,0.95393635552923,1.83490001894022,0.0166653911185844,0.0161130758303061,0.0550234945440288,5.00339362922179,1.04412188424975,2.15513375275191,0.026143555721478,0.0261208591336599,0.111108338484572,4.99963576518898,1.02807950637993,2.11714590606075,0.0179032568843286,0.018625481058703,0.0717389076243468,"SRS"
34,2000,0.35,35,2,0.25,5.006568672023,0.988015038500548,1.918494124702,0.0163060899699475,0.0168046514960707,0.0579393291819923,5.03683217708825,0.9233461596977,1.77747416595876,0.0169206228097894,0.0167139074803062,0.0532491958534742,5.00669250173147,0.999636066424799,1.99037751646381,0.0270982270473669,0.0276317599821523,0.102377629453344,4.99543737233488,0.99916600710036,1.98325658035625,0.0181621253443044,0.0197325018020944,0.0657955226114531,"SRS"
35,2000,0.35,35,2,0.25,5.00429597678856,1.019272542441,1.99447820284861,0.0160094736104069,0.0162342370830594,0.0606364026937203,5.02629316223924,0.963310434937904,1.83708325081451,0.0166605062581349,0.0163540243056666,0.0553722548945534,5.01435641836255,1.03989976537272,2.00798006820227,0.0269759731921354,0.027024865609005,0.103132306215812,4.99949863887119,1.02254805046233,2.0421528952546,0.0179122660215012,0.0192706402000443,0.0681490407003189,"SRS"
36,2000,0.35,35,2,0.25,4.99005849442683,1.00663523141239,2.13696162311418,0.0154805888724337,0.0155549516915448,0.0653497065955711,5.02624673103263,0.953996174060554,1.90005327713201,0.016384710887823,0.0160637365648819,0.0573880179905527,4.97782133067946,1.01058131865874,2.0748484675664,0.0265568635178535,0.026320056042039,0.107425229637654,4.98367813039634,1.00787845251887,2.15433731686713,0.0175440134894783,0.0184850840187169,0.072452915783931,"SRS"
37,2000,0.35,35,2,0.25,4.99593073520838,0.999657795528084,1.95742663918249,0.0161537479493049,0.0162916394847621,0.059236136374674,5.02201167732666,0.934404320142097,1.76089985572284,0.017007774936486,0.0166123619089077,0.0527142821441564,4.96306121851498,0.962361048579478,2.00956585392651,0.0269850794715613,0.0268281657725111,0.102812173147154,4.99699228281838,0.97952304502321,1.96430758169093,0.0182704057109654,0.0187579128299899,0.065068814449386,"SRS"
38,2000,0.35,35,2,0.25,4.97563344136542,0.998590077653337,1.99377127294126,0.0160081376128624,0.0163632245580621,0.0604519021142862,5.00137630620152,0.940139194992142,1.81843684352513,0.0167395673431595,0.0165391757499765,0.0546213773145532,4.9751527149292,1.04005452046186,1.98976438710897,0.027125405241801,0.0283008830299836,0.102251255521976,4.96415211850431,1.01858352218091,2.04132118266443,0.0179736258977485,0.0197028645303816,0.0683857485900042,"SRS"
39,2000,0.35,35,2,0.25,4.99904068910567,0.994383465134881,1.91671418608023,0.0163177714965128,0.016478817656476,0.0581157616883883,5.03412440575327,0.93734000564987,1.71648953014907,0.0172154383022387,0.0169050941472725,0.0514218942396259,5.00605936796312,0.969111890337887,1.87367178392919,0.02788188955228,0.0281030299581432,0.0957030550565058,4.99028550687692,1.00569822401948,1.93248124863452,0.0185176826977684,0.0198846544501035,0.0644254815084443,"SRS"
40,2000,0.35,35,2,0.25,4.99794494847395,0.990740658109549,1.96897681420589,0.0161063955661076,0.0163467501121716,0.0596407887511597,5.02521665022715,0.931126750941366,1.79015885576967,0.0168676111687774,0.0166293776789517,0.0536981466189562,4.99225279954226,0.987726386816216,2.01685141297571,0.026905076143078,0.0271899956389037,0.103792689982024,4.99008414931797,0.983648076027225,2.01710227781522,0.018198454328009,0.0191237688318504,0.0676919754800046,"SRS"
41,2000,0.35,35,2,0.25,4.98609677218046,0.989696552725217,1.93145136629262,0.0162581185204389,0.0167985125389647,0.0583418747976433,5.00953656827458,0.928300392514102,1.73687590663081,0.0171228162557951,0.0170940338708322,0.0518818666681176,4.96775338260648,1.01607180610624,1.87171084532003,0.0279260394587583,0.0278382043235887,0.0955132385552925,4.99220129795512,0.996517226489096,1.93175642100864,0.0182906923793428,0.0195336244932034,0.0634773633597801,"SRS"
42,2000,0.35,35,2,0.25,5.01025226172611,1.00257973395631,2.02158158185412,0.0158959905941636,0.0162235365082551,0.0615194188474058,5.02887459377599,0.95136081008147,1.88771133420281,0.016433620170822,0.0162368758818058,0.0570356318571627,5.00090267256113,0.980665169969674,2.021684841307,0.0268832654077189,0.0260479035035806,0.104151184069087,5.00729919767349,1.00223910689883,2.10718528557389,0.017645264859888,0.0181353729971378,0.0703956236576754,"SRS"
43,2000,0.35,35,2,0.25,4.97762000498706,1.01451765822202,2.03644048495297,0.015852408088165,0.0161855612115423,0.0619333838594806,5.0054693504119,0.961471683024715,1.84873764821628,0.0166119629454021,0.0165797563237401,0.0556657641464799,4.99821925649994,1.03160417167188,1.9612301852985,0.0273202977359481,0.0287528802904553,0.100306162899209,4.96550436207491,1.02237972146581,2.10158209432973,0.0177624470026622,0.0192687053413834,0.070444534096059,"SRS"
44,2000,0.35,35,2,0.25,4.99038474866656,1.00048071439166,1.83066704814679,0.0166967208374586,0.0167807250638975,0.0552693217928786,5.02846796826623,0.940229216070821,1.66873107548488,0.0174598104357467,0.017085501592195,0.0498833578327109,4.96009922673762,0.985611137964273,1.82500394548354,0.0282669049150165,0.0281200100859037,0.09285805160423,4.9872402424736,0.988890702289988,1.8787703990144,0.0188450807457897,0.0196697024895891,0.0625507837897704,"SRS"
45,2000,0.35,35,2,0.25,5.00185940788935,0.986550438017335,2.07719686726352,0.0156929649375197,0.0161921490171524,0.0632267715117205,5.03625958953496,0.937064686073496,1.89188348419506,0.0164156959638961,0.0163984165576408,0.0570105363292761,5.00126014168817,1.02866399805204,2.04295870959735,0.0268514089953309,0.0279939101872675,0.104848767054053,5.00693476721328,0.994957499132843,2.10779038036114,0.0175123391574728,0.0190464972457979,0.0699837944032941,"SRS"
46,2000,0.35,35,2,0.25,4.99216657094394,0.997226855896592,2.12864489889474,0.0155038973326105,0.0160248998340878,0.064877512783342,5.02228084120331,0.92810338932546,1.87998011442814,0.016464595725748,0.0164033993225043,0.0565834678263451,5.00416479344811,1.00626081981793,2.05780558725897,0.0266598473645141,0.0275476686071841,0.105639456349712,4.9905453740576,0.994976060437109,2.11667770086111,0.0176158187553595,0.0192956286910117,0.0707274557061782,"SRS"
47,2000,0.35,35,2,0.25,4.98576894969713,1.00170215561323,2.01222333375651,0.0159455802757349,0.0160771062273723,0.061199876952477,5.0125379108244,0.939595076360289,1.80957592388704,0.0167872925566545,0.0164282273007012,0.0544399518780501,4.97574264389766,0.96693597958878,2.10670197185587,0.02634353746683,0.0260914379579727,0.108485600623091,4.97342774829945,0.99266985403922,2.06149652135024,0.0180373387976238,0.0189443614030638,0.070146517461195,"SRS"
48,2000,0.35,35,2,0.25,5.01361731849884,1.00900305221198,1.92629824609666,0.0162772822814888,0.0164474562832731,0.0583797834739497,5.03517495835698,0.953642280854255,1.78320460592832,0.0168984975324564,0.0165142314679737,0.0536060011018032,5.04603050178799,1.02181811386907,1.92101654635069,0.0275464182911048,0.0272677304313458,0.0984236928204497,5.0114676927695,1.01305047408836,1.96815411838603,0.0180621407657572,0.0188689464246224,0.0649394649211801,"SRS"
49,2000,0.35,35,2,0.25,5.01364557161134,0.993680445967586,1.91844395383808,0.0163056885328283,0.0168800018909169,0.0579293865605434,5.04172111452233,0.928957585790258,1.73320498958485,0.0171312345883403,0.0171907740042721,0.0517892506769721,5.02568754352106,1.0067825561412,1.90526582229254,0.0276803209302857,0.0282354795552595,0.0973545058085724,5.00578134781048,0.98821509065745,1.95404639140591,0.0182877479066576,0.0194899868927087,0.0645461009049546,"SRS"
50,2000,0.35,35,2,0.25,4.99412017366575,0.999129454099407,2.12069074777124,0.0155356427258077,0.0159826882069531,0.06468887160685,5.02124173195214,0.943900958783655,1.97342311401873,0.0160810599795233,0.0160195755633822,0.0597582297791958,4.98322236916492,0.99915934144345,2.06771752812195,0.0266103902792842,0.029327427018067,0.106128814573514,4.98496374074611,1.02669377771799,2.18482620782528,0.0174983063313009,0.019323318195226,0.0736062907873754,"SRS"
1,2000,0.35,35,2,0.25,5.01982934038581,0.999037678652191,2.03338796136739,0.0158588832948722,0.0157289379700069,0.0617753692327022,5.04585227784063,0.950777830311157,1.85898657361544,0.0165634941726431,0.0159108671985675,0.0559085283776281,5.01605045614988,1.02179484736736,2.02555645670119,0.0268519267585478,0.0270115709351065,0.104045898758659,5.02170894287006,1.01728530857175,2.10014287433535,0.0178319036190399,0.0189899057584931,0.0706574593773247,"SRS"
2,2000,0.35,35,2,0.25,5.01358219640986,1.01508586374368,1.99774940293058,0.0160029817437141,0.0159423624438924,0.0607166868526392,5.03934002670962,0.959457840022047,1.83651932455455,0.0166694297277759,0.0161115717578458,0.0553241688445335,4.98635181557857,1.04851478859512,2.0537721177267,0.026690096184105,0.0265894327974658,0.106001528399506,5.00724090903465,1.0271856631128,2.07953266819021,0.0180746360928469,0.0194191344027298,0.0704181565735944,"SRS"
3,2000,0.35,35,2,0.25,4.99182019468038,0.987402991317138,1.87119270730876,0.0165214537330295,0.0164818515721367,0.0567191533021497,5.02213790436763,0.939849842760832,1.74626584096186,0.0170794738513429,0.0165232424115123,0.0525391400221409,4.98606416348445,1.0003399494967,1.93174127356913,0.0275048243391585,0.0273408735037839,0.0997297358401461,4.98275074435511,0.995259431341946,1.92762144418266,0.018376633782943,0.0188763679747051,0.0641816845626511,"SRS"
4,2000,0.35,35,2,0.25,4.98497408714073,1.00877571113962,1.91119482815583,0.0163501486774635,0.0166409703108057,0.0578592807662336,5.02175597551983,0.941358634361443,1.75431484067869,0.0170381430513654,0.0166489658314327,0.0526236229873259,5.01117129944173,1.0379539134402,1.87447882528902,0.027906586954396,0.0286593570284941,0.0962927740983066,4.99594923837369,1.02022169311858,1.95063744118813,0.0183030740708882,0.0196911921967909,0.0644683872641341,"SRS"
5,2000,0.35,35,2,0.25,5.00704412796032,0.999425229534317,1.98863026467281,0.016030085267758,0.0158822328823329,0.0602641534007759,5.04119437981133,0.942704723100857,1.80657694832329,0.0167926883699369,0.0161818371509819,0.0542152347096197,5.00112898175369,1.043657216061,2.12042507843846,0.0262921400973153,0.0256405338544714,0.109507518802787,4.99694250202615,1.02755487475698,2.08075311906212,0.0179974150520716,0.0188712328701777,0.0701705717723164,"SRS"
6,2000,0.35,35,2,0.25,4.99169151820589,0.988924223783736,2.02805745292547,0.0158777547918852,0.0156653158642256,0.0617367669375206,5.01586164458682,0.936424601578691,1.83648097480365,0.0166623221115631,0.0158647707798254,0.0552961248215682,4.96155086456482,0.992325501894942,2.04724527991374,0.0267245002678903,0.0267899375240769,0.105851264412805,4.98594828624227,1.00085301097711,2.06148812831095,0.0179985144045268,0.0186185871836505,0.0691739045039548,"SRS"
7,2000,0.35,35,2,0.25,4.99210427929809,1.0119666834057,1.96716721723788,0.0161295807224557,0.0162054451406894,0.0595617751362873,5.02153604590322,0.945490943980261,1.78365460056277,0.0169127892551998,0.0163724238858747,0.0534592899294998,5.00325763735938,1.04271971560064,2.12049944946758,0.0262926073616065,0.026206664240775,0.109292131713423,5.00458234558579,1.02579437965755,2.02970795374213,0.0183377818832174,0.0197619075398906,0.069041813910459,"SRS"
8,2000,0.35,35,2,0.25,4.99592080704722,1.02041758181988,1.92049765903844,0.0163099072034081,0.0166305738242342,0.0582628542091659,5.02321503256665,0.968297863452688,1.78856331962362,0.0168807236925189,0.0166316811316627,0.0538342656685477,4.98108387696935,0.99274017241321,1.93981656281499,0.0274224898135948,0.0290483776068635,0.0996192162529747,4.97930372375494,1.03478854226683,1.98207410251639,0.0184250942530559,0.019693630266195,0.0663817742221404,"SRS"
9,2000,0.35,35,2,0.25,5.01385132262025,0.997010453483113,2.02577052671068,0.0158900246930198,0.0159379681654968,0.0615836874136232,5.05094682825327,0.958198314464515,1.85075483325122,0.0165964392425713,0.0163244537607498,0.0557173194500969,5.01647049629335,1.005705535447,1.99397861953499,0.027069493628,0.0268706091626576,0.102582246718372,5.01929222800093,1.00435058088767,2.07053688216328,0.0178808955952493,0.01889402100364,0.0693087556459464,"SRS"
10,2000,0.35,35,2,0.25,4.99983022130345,1.02896464236713,1.95497149857943,0.0161678111927236,0.01616581752886,0.0593546267729206,5.02035842394391,0.974053776423166,1.81354996167354,0.0167671109200879,0.0162131685356414,0.0546274471750063,4.97385602439099,1.05884188426527,1.86449959974795,0.0280121396496722,0.0282711128033705,0.0954899362871238,4.97923472042576,1.04341990367944,2.0133170767102,0.0181302984810466,0.0194512847708139,0.0670671792538566,"SRS"
11,2000,0.35,35,2,0.25,5.01430348023363,0.99777389126323,1.98535911498641,0.0160448354392972,0.0162222057951706,0.0601413858046376,5.03841951651037,0.954953260566429,1.80121397243112,0.0168200213718438,0.016689561838194,0.054024834525176,5.05074822331734,0.992105661631593,2.05870472599036,0.0266399693162651,0.0268044282469977,0.105364007560948,5.00913750001856,0.991215114184181,1.98889871433277,0.0179896723534648,0.0188770787924526,0.0657190590914241,"SRS"
12,2000,0.35,35,2,0.25,4.97439507104289,1.01475726728434,2.02076177037878,0.0159148550791298,0.0162331911384258,0.0612104670040479,5.02072278527807,0.942759393971002,1.79743957035074,0.0168350970067666,0.0165280141794934,0.0538264774840133,5.00000867924692,1.02770034797606,2.07542799794442,0.0265527415980872,0.0266227918751211,0.106568149912254,4.98062651375602,1.01927487435382,2.03311946772912,0.0180588198748122,0.0193654619166204,0.0677593674956538,"SRS"
13,2000,0.35,35,2,0.25,5.01440594431049,0.997690866540106,1.99718652645753,0.0160042986798702,0.0158270370915451,0.0607057597987066,5.05218414225355,0.933540118602381,1.77569224007454,0.0169464270707477,0.0162656311269522,0.0533304739047138,5.00460664138322,0.995362520792544,2.02845768835273,0.0268857835719884,0.0261824842222245,0.104241383293817,5.0037137731501,0.991132390252157,2.01803057811215,0.0181018045310972,0.0182146673392184,0.0674022594781436,"SRS"
14,2000,0.35,35,2,0.25,5.00886980861324,0.987125783282468,2.0227629220582,0.0158948488491091,0.0159594593280525,0.0614196183690004,5.02235495036435,0.928073520208097,1.89140589119244,0.0164192534881715,0.015907840937631,0.0570824284428497,5.00403439664184,1.00123484962121,1.92130067222953,0.0275649396000977,0.0271707138671945,0.0982247527857882,5.00214520777928,0.984589977101225,2.08563823591113,0.0176708943663881,0.0184477589891528,0.0692596024237392,"SRS"
15,2000,0.35,35,2,0.25,4.98673204471052,1.01317847077644,1.99341948512206,0.0160182964350582,0.0161696139574402,0.060569835644294,5.02002473689356,0.95061072616738,1.79367058162956,0.0168560357824369,0.0165615029619222,0.0539192507117338,4.9636221158864,0.990900101759361,1.91491317805618,0.0276184408614533,0.0273006783684801,0.0980114333198108,4.97825271446986,0.999950479807372,2.02647461366864,0.0181638221588903,0.019015953536716,0.068253173017957,"SRS"
16,2000,0.35,35,2,0.25,4.99780160738301,0.96838077577154,1.98873655704393,0.0160260818571629,0.0164485136214409,0.0604535916946708,5.02436907762787,0.916193751661842,1.84053183172606,0.0166367329071892,0.0165499180192705,0.0554664958046158,4.97949135701026,0.951791637401488,1.92077466307419,0.0275503854212387,0.0286211380445182,0.0981916112092071,4.99810885625206,0.980291947558233,2.02447589143162,0.0179546605368621,0.0192392251703325,0.067073001931508,"SRS"
17,2000,0.35,35,2,0.25,5.01859210442165,1.01412123228113,2.0297202264988,0.0158711094075011,0.0159680464867766,0.0614604103848962,5.05645953331831,0.946195040581967,1.80181610145665,0.0168132849975055,0.0162905385842834,0.0539098943522588,5.00169702652606,1.01177566336758,1.88950346421562,0.0277847124094581,0.027938380614106,0.0964514270882931,5.01000021448134,0.990479606421585,2.02102033256232,0.0180425372756595,0.0189663006242204,0.0667543695634573,"SRS"
18,2000,0.35,35,2,0.25,4.97084091757027,1.00900268933173,2.01021420775884,0.0159515881529721,0.0160885025346505,0.0612017479090632,4.99960281963453,0.941044587781557,1.80779096341054,0.0167922486529717,0.0162598943063988,0.0544361635496846,4.95464691486026,1.04178534624824,1.98178464882346,0.0271737656379632,0.0267683955168636,0.101740990368176,4.96755607614383,1.01863230436756,2.06873870474031,0.0179081111592428,0.0188840577407147,0.0692172886300519,"SRS"
19,2000,0.35,35,2,0.25,5.00036016401676,1.04015912387737,2.04612397779809,0.0158274388165355,0.0159937536887683,0.0621957168170037,5.02762414150693,0.97134301402724,1.85537942716067,0.0165946945365146,0.0162406897531716,0.0558622148139376,5.0022446403338,1.03367360941115,2.09754715394884,0.0264218463618989,0.0261057017447922,0.108515301931993,4.99778286561046,1.039613817022,2.10661877093362,0.0178314612927744,0.018878947528541,0.0709715086949809,"SRS"
20,2000,0.35,35,2,0.25,5.00846536212076,1.01293627898093,2.01260173282812,0.0159358754703997,0.0161737385053944,0.0610871421415948,5.03382765983102,0.955562508274324,1.81012381911844,0.0167769792113122,0.016460429924674,0.0543330339594805,4.99734421658905,1.00726465239751,1.95521126100684,0.0273285235528548,0.028203928772262,0.100045283162172,5.00405789913572,1.01702928998986,2.05545422147032,0.0181293708374622,0.0193343339116646,0.0690663269789606,"SRS"
21,2000,0.35,35,2,0.25,4.99059111349076,1.00535944379706,2.05749474826819,0.0157768381896431,0.0152738115822986,0.0627493744252205,5.02233397097095,0.956786640051715,1.85465246879759,0.0165878632295579,0.0156975502409407,0.0559477209774901,4.96859687929411,1.01988269370488,2.11663539688024,0.026314654450043,0.0251505427765879,0.109967540596566,4.98062027604004,1.00642671272213,2.13298054635921,0.0178321229730512,0.0178380102232356,0.0724672127194128,"SRS"
22,2000,0.35,35,2,0.25,5.00143461686661,1.0077482240849,1.97595378298157,0.0160816350787186,0.0159632152917032,0.05988388781853,5.02623082548666,0.958196354175893,1.83428187919061,0.0166718124602242,0.0160384321754174,0.055150353176296,5.00791382180826,1.00114820052568,2.04971529335973,0.0266925782484149,0.0266348570507707,0.105130111226704,4.98783651657844,1.01477469312927,2.07017353685066,0.0179106103319854,0.0181718939033856,0.0693977968196925,"SRS"
23,2000,0.35,35,2,0.25,5.00658412611476,1.00000581262653,1.92963767194833,0.0162667524641312,0.0165221444285719,0.0583858883340397,5.0431132745721,0.942168545158198,1.75939141417002,0.0170079875984809,0.0168271786387726,0.0527342291462307,5.00812600016345,1.00396301349898,2.00926734082268,0.0269571248663809,0.0265916390557256,0.103024828775152,4.99884694597727,1.00469133936022,1.97129465742552,0.0182782356949024,0.0191008095929237,0.0656218164368882,"SRS"
24,2000,0.35,35,2,0.25,5.00283140975434,0.978618348883845,2.09101631199465,0.0156373300279771,0.0155764576168266,0.0638474827474143,5.03345834941751,0.914696055493831,1.88685208926678,0.0164349495385829,0.0157862767289668,0.0570179476066291,4.99560194897493,0.951011989563423,2.09292410951676,0.0264236241416035,0.0262445485066139,0.108566291233221,5.003372116761,0.984478435884453,2.09728714337775,0.0177532389238269,0.0183914854908474,0.0703903060960125,"SRS"
25,2000,0.35,35,2,0.25,5.00297813052039,1.00916721750149,2.01273042746906,0.0159552164352664,0.0159832856734798,0.0611623856553992,5.02660562929704,0.950596609601433,1.83773812043763,0.0166762611735186,0.0162396376605524,0.0553278900783191,4.99675397443659,0.973151742182664,2.03106933746231,0.026826907118104,0.0271321380160368,0.104467897878194,4.99665764168945,1.00637419738773,2.06012233297147,0.0179918460435104,0.0187814763815011,0.068930646987732,"SRS"
26,2000,0.35,35,2,0.25,4.98144092270966,1.00662484967194,2.06305030055894,0.0157472090989779,0.015723699644916,0.0628386426769271,5.00437730434122,0.938262357029501,1.87317800694756,0.0165007637101378,0.0158283911845094,0.0565028674292876,5.0014681517276,1.02468671383154,1.87232557861933,0.0279116403087567,0.027444835747792,0.0956077318329447,4.98544672160046,1.0159801156586,2.09670611200033,0.017741068650666,0.0189601571115421,0.0698399800132536,"SRS"
27,2000,0.35,35,2,0.25,4.98556265172016,1.01953608402079,2.05525799793613,0.0157778296832941,0.0161114019288809,0.0624169964332101,5.0148921286767,0.951565444431529,1.82420491940372,0.0167174652251473,0.0165039420846368,0.0547366826654024,4.92529319068877,1.00865243921502,2.15521533304846,0.0260853986919383,0.0264199786314903,0.110856228402783,4.98464918316189,1.02389494573971,2.09116751747913,0.018022996156976,0.0190947367313732,0.0703883299131849,"SRS"
28,2000,0.35,35,2,0.25,5.01750279225175,1.00250089746698,2.07382769023938,0.015702121620624,0.0154721620562417,0.0633295179320787,5.04555193031179,0.951421348048888,1.94652003596562,0.0161933103239757,0.0154276361728923,0.0590547340318947,5.06429558310873,0.992003681768812,1.99184353407084,0.0270520736892131,0.0265833078452654,0.102315167253141,5.01581970977059,1.00584646044729,2.15000992508882,0.0175119463145135,0.017997628301138,0.0721402030127217,"SRS"
29,2000,0.35,35,2,0.25,5.00221272607485,0.969523245015737,2.09296070196483,0.0156362043713352,0.016022101886194,0.0635123877721155,5.02924700005125,0.913180348473705,1.91367047241794,0.0163327653964109,0.0162252209105131,0.0575646583422875,5.00125045225455,0.982914676198521,2.18502376744007,0.0259017563595879,0.0275154725772102,0.112571259261516,4.99222103230465,0.98265158717321,2.17118303378451,0.0175021115457325,0.0189865214821001,0.0726998131301731,"SRS"
30,2000,0.35,35,2,0.25,5.01896360191578,0.980837551785203,2.01446919990146,0.0159212340916046,0.0160081444643839,0.0612420941681257,5.03981870651818,0.914887031640893,1.81417482702791,0.0167509197228465,0.0162478082020578,0.0545632240323312,5.01099226318668,1.00427499266284,2.01939982546697,0.026934275891641,0.0274642138042627,0.103664879330403,5.00802422734966,0.984826483930488,2.04830385200584,0.017941503616204,0.0194273613691348,0.068592928946101,"SRS"
31,2000,0.35,35,2,0.25,5.00674310852616,1.01880764877604,1.99343170935111,0.0160117366702964,0.0162846742130973,0.0608396619578683,5.04932152208858,0.945374880469013,1.76518270234133,0.0169847401457941,0.0165405431316822,0.0531431658683707,5.04167928403138,0.97953552663497,2.07272814040345,0.026533187374915,0.0261857601301278,0.106594965152043,5.01064759744413,1.02012474697117,1.97796783967241,0.0181640001255763,0.019237327789087,0.0659275679672931,"SRS"
32,2000,0.35,35,2,0.25,4.99829252093124,1.03119981288176,1.9827931766458,0.0160727474008272,0.0160051918874253,0.0604535517254503,5.02910367459607,0.968292456875807,1.80964803711454,0.0168027466423154,0.016108410045822,0.0546277368399782,4.9721406293218,1.07040355945087,2.03490518607993,0.0268966453270558,0.0272307533448267,0.105244286336523,4.99498009291168,1.04848841996614,2.05542591771233,0.0181454561763715,0.0193826671227604,0.0695958684347664,"SRS"
33,2000,0.35,35,2,0.25,4.98822829855633,1.0239127455195,2.01674168189033,0.0159275917746505,0.0161196266794023,0.0613872283855606,5.01947075949379,0.96043274478723,1.80794478091995,0.0167930544965111,0.0163958982508137,0.0543838852930569,4.99270553920038,1.02244999051822,1.87478919491438,0.0278932018104428,0.0290601188267623,0.0958003963277831,5.00145017221153,1.03772604900599,2.00755479222375,0.0181299771708613,0.0194687976162533,0.0664492508484455,"SRS"
34,2000,0.35,35,2,0.25,4.99825244786255,1.00156628098851,1.98581940920605,0.0160361284778093,0.0163015783547303,0.060305794889192,5.02649122076204,0.948897643549587,1.7943294990147,0.0168444880132293,0.0167319868163361,0.0539199731994423,5.01791508506059,1.01966779638408,2.11925950323792,0.0262553164390495,0.0269095216018036,0.109289355368405,5.00180872806221,1.01556995799578,2.00778975788629,0.0179882987337856,0.0194683266502452,0.0668780782755449,"SRS"
35,2000,0.35,35,2,0.25,5.01481614944025,1.01942038972769,1.8312882454764,0.016693781166579,0.0168476179227172,0.0551329311440727,5.04456617835777,0.945788520614878,1.68353094504498,0.017389982396583,0.0167928398202027,0.0502427037637413,5.00878164165387,0.991964951189569,1.77509559423936,0.0287151534184653,0.0299046457089908,0.0901264548268345,5.01077498743528,1.03583964285999,1.87016812038313,0.01870772587715,0.0198621118707357,0.0614772164827408,"SRS"
36,2000,0.35,35,2,0.25,5.00888562579599,1.02021197949667,1.97127785421989,0.0161010850791141,0.0159603896275649,0.0596522170249826,5.04347139116692,0.952564998550719,1.78840591958748,0.0168773292458525,0.0160777631396995,0.0535911608427626,4.99201185942915,1.03947088717569,1.96412075555781,0.0272870144002099,0.0269614867391092,0.100850969876333,5.00083196475004,1.02477992148717,2.02023565705084,0.0182853309465915,0.0188661663761523,0.0679009612723333,"SRS"
37,2000,0.35,35,2,0.25,5.041158236136,1.03054796452258,2.10097081002097,0.0156094991025739,0.0153500678992403,0.0639599496993461,5.07705223202133,0.978537023660629,1.85349520961245,0.0165869509021223,0.0159561451223402,0.055701067520257,5.05011846509243,1.03334626771933,2.03436479225234,0.0268193671196351,0.0259239731199731,0.104570991096997,5.04500622909682,1.01890425711917,2.10498171786754,0.0177985566641441,0.0184171546600341,0.0704316945325438,"SRS"
38,2000,0.35,35,2,0.25,4.99969200968585,0.972332054716788,1.93227381986724,0.016273953044674,0.0163314809610643,0.0583747622271029,5.05139162745836,0.902558641483135,1.73240051421956,0.0171442134757988,0.0165445945655066,0.0517179228581191,5.01933543967019,1.01716877688312,2.01073499216771,0.0269512834554693,0.0271351659292187,0.102723460360208,5.00416475918549,0.988689848824247,1.94721525974863,0.018325209811436,0.0193982624313485,0.0644149371994219,"SRS"
39,2000,0.35,35,2,0.25,4.99211989932603,1.01839135793673,2.09203406649051,0.0156468640332676,0.0155878295329777,0.0637077504291201,5.02065266518371,0.959916341418254,1.88336381968859,0.0164611068045139,0.0159197996752958,0.0567549548391197,4.96984958770225,1.00500035818295,2.05501598963755,0.0266866861608882,0.0259138328543854,0.1058050400474,4.98501859988367,1.01367309763239,2.11012140469186,0.0178216540558498,0.0179358196217832,0.0708626892549171,"SRS"
40,2000,0.35,35,2,0.25,4.9577311454065,0.997336790861009,2.06163659084269,0.0157757315762155,0.0163377458042152,0.0625509190065151,4.98564225887023,0.930507834471151,1.87671983109497,0.0165074188101687,0.0163502208157275,0.0564126472159878,4.97503616530361,0.95893203497925,2.07661952668432,0.0265451360189664,0.0265557279414868,0.106313222544854,4.95607383722437,0.996818691040866,2.11692411568563,0.0175568492267878,0.0185495432985651,0.07018908041277,"SRS"
41,2000,0.35,35,2,0.25,4.99765509136834,1.00283040210033,2.04663897187356,0.015805826393522,0.0160003614151164,0.0622288808243724,5.02822582210941,0.939571666181588,1.84541494066929,0.0166173251954188,0.0163126014843011,0.0555194346389799,5.00017411718864,1.02028397815282,2.17680716681311,0.0259246254342108,0.0262602957336539,0.112472903645509,5.00350334303398,1.00338510035338,2.05675824608895,0.0179954649714928,0.0188259263853225,0.0690798719631499,"SRS"
42,2000,0.35,35,2,0.25,5.00639024545228,0.987912133520215,2.07293576253759,0.0157042550822275,0.015985313018879,0.0629284348120706,5.02355873777156,0.927982565361188,1.90246488127352,0.0163741522927758,0.0161485951556318,0.057270835937044,4.99751830612878,0.938442984386021,1.94891228672823,0.0273356176395667,0.0289817763574996,0.0991865681459937,4.9988585229763,0.994569985868537,2.12390806488712,0.0176016216725144,0.0187122054340792,0.0706996184988586,"SRS"
43,2000,0.35,35,2,0.25,5.00658878633865,0.972832382819162,1.99078896120024,0.0160165658847853,0.0162469630581078,0.0602544263545179,5.02933519675713,0.921495985687208,1.81707261123482,0.0167446260190924,0.0165154108923893,0.0544780371454169,4.99951402131224,0.943653021169678,1.98917621511925,0.0270775631991944,0.0271258347707942,0.101709952826557,5.00454646521895,0.97535396482007,2.03329732264121,0.0178955072902605,0.0181837267891312,0.0674101245521658,"SRS"
44,2000,0.35,35,2,0.25,5.01709026636949,1.0048312794885,2.14949812901023,0.0154272734657167,0.0158008906994104,0.0654620377102561,5.05731944037548,0.935670661545917,1.93138249003962,0.0162481601613245,0.0159084940793888,0.0581950782368537,4.98280113861293,0.996772113928834,2.0911916176754,0.0264602006146897,0.0270137172843113,0.107314348747918,5.00086471712932,0.994642195120881,2.16228453076618,0.017539017037864,0.0187785319930157,0.0722406162269433,"SRS"
45,2000,0.35,35,2,0.25,4.98969421104899,1.00541374261846,2.01082947181881,0.015937997534148,0.016590849691908,0.0613637548063299,5.0194703251397,0.947540479954894,1.81818453446819,0.0167341414175429,0.017041727801214,0.0549015330626247,4.98792921119271,1.00655440199566,2.07386478119814,0.0265599368493187,0.0271431890374282,0.106561483413224,4.98497916481145,1.00781565477519,2.07890241548265,0.0177043390715271,0.019164002707323,0.0697370167535724,"SRS"
46,2000,0.35,35,2,0.25,5.00591230020553,0.993562489218431,1.927568251054,0.0162702643646278,0.0167923642532486,0.0581476160524059,5.03705117552201,0.91751993587839,1.74339761337436,0.0170827930387669,0.0168952269976242,0.0520575157243539,5.01976986740736,0.978617254775414,1.89537922256675,0.0277521271037774,0.0279725698730613,0.0967739187572114,5.01077867654203,0.993340672886518,1.95572491752301,0.0183089881781677,0.0195329985944784,0.0647432216354112,"SRS"
47,2000,0.35,35,2,0.25,5.01347367359929,0.985511185833107,1.94301513501739,0.0162028489969591,0.0165336599102002,0.0587231415320655,5.05128080784979,0.919838205180819,1.75077656283045,0.0170439870627097,0.0167993225166786,0.0523477536576563,5.03957012147107,0.971496214041275,1.95196033253934,0.0273429034485798,0.0281779317541446,0.0997268768214333,5.01546237296809,0.990490048802042,1.9387483707598,0.018391751611481,0.0195777655089591,0.0642683270599538,"SRS"
48,2000,0.35,35,2,0.25,4.99575559717453,1.004493763009,1.9503374652282,0.0161858026008394,0.0166282469680489,0.0590967517258612,5.02391822064998,0.940163140130695,1.77242429597065,0.016952821476901,0.0168898194381243,0.0531992717118382,4.99629674978914,1.00148670007686,1.95684216605619,0.0273097937689884,0.0275847255468947,0.100061591631239,4.99798445660649,1.00761305747033,2.02123939360028,0.0181824447956678,0.0197343231346637,0.067765330887496,"SRS"
49,2000,0.35,35,2,0.25,4.9968443802509,0.997190837019136,1.98063864923218,0.0160587869840744,0.016385841138655,0.0601254832518856,5.02516025513429,0.943432470182161,1.81602368674047,0.0167485683157137,0.0165283956845121,0.0546183698753921,4.99572688382977,1.00195290902041,1.99152920291377,0.0270802885135275,0.0271275396473267,0.102319909419015,4.9837969793187,0.998856041992969,2.02061094332351,0.0179162618414864,0.0189686778259834,0.0669343739238064,"SRS"
50,2000,0.35,35,2,0.25,4.96361537333068,0.969788628125634,2.00124885237488,0.0159810105176207,0.0160478262862956,0.0607599027387252,4.99804227405152,0.905629836273413,1.82244748233716,0.0167208100647243,0.0161117557275319,0.054789288588324,4.95425647748568,0.930665304061206,1.9065099490165,0.0276680943616815,0.0279709943980505,0.097737090342885,4.95628540235267,0.967051428205023,2.02019273758975,0.0179749967416264,0.0187824591363279,0.0668371301875081,"SRS"
1,2000,0.35,35,2,0.25,4.98796165827457,0.987977065164317,2.01749744853712,0.0159168752482768,0.0161598811068924,0.0612344412852809,5.01371315515917,0.94136240792515,1.84357982362635,0.0166273045501303,0.016591343053142,0.0554464381108359,5.02131743029576,0.988886018566376,1.96144672899398,0.0272744384043452,0.0267242299505801,0.100428847455259,4.99624143385005,0.98994687100601,2.04963955295421,0.0178787098233858,0.0190931002192513,0.0683083645457113,"SRS"
2,2000,0.35,35,2,0.25,4.99596892677102,0.993897603276411,1.97740089515722,0.0160749867957068,0.0159855845396944,0.0599087133375815,5.02394507497424,0.949595295836019,1.81117207121327,0.0167733221702916,0.0163740567214364,0.0543750802889413,4.98599434213267,0.985457740994707,1.9554152682036,0.0273449039057827,0.0279391397170624,0.0998047929831415,4.99122677688958,0.997193382704175,2.01841797139698,0.0180149089844219,0.0186946425084234,0.0669015515112926,"SRS"
3,2000,0.35,35,2,0.25,4.99149244987928,0.983758340160239,1.98129039709179,0.016074748113057,0.0157737268707903,0.0601262735269766,5.01636061696702,0.933749645627666,1.80020611059181,0.0168410756814473,0.016013941202255,0.0540807600446046,4.99650996978236,0.977410362015049,2.04740336956563,0.0267733288935983,0.025055917145534,0.105528305617259,4.9852924415057,0.985356158829134,2.00982464573026,0.0181274189663457,0.0178227172871204,0.0669214125550323,"SRS"
4,2000,0.35,35,2,0.25,4.99177793621571,0.990304146503023,1.93654715940716,0.0162302699738581,0.0173467875132443,0.0588566838964198,5.02524311700853,0.916278532860589,1.77176040313594,0.0169462127082987,0.0173484800420842,0.0533366977522721,4.9761322123142,0.991940667522897,1.7907751882083,0.0285408175856944,0.0298518071900787,0.0918482104456405,4.974726921986,0.976356072700392,1.95396050695618,0.0182497097648987,0.0197888549812866,0.0646400172155593,"SRS"
5,2000,0.35,35,2,0.25,5.00196333161992,1.01124977170039,1.93087264636796,0.0162645856223514,0.0163986467030733,0.0583150377870774,5.03335334126328,0.938960908573137,1.73964269031533,0.0171068408216393,0.0166820153995256,0.0520049284640596,5.00076319782256,1.02185230918303,2.10859740971174,0.0263474937559994,0.0265447680260242,0.108589412540794,4.99090981922246,1.01813222257585,1.98852698824842,0.0183066818089128,0.0200401696056329,0.0664612949845481,"SRS"
6,2000,0.35,35,2,0.25,5.00669545236467,1.01319612709201,1.95309505931883,0.0161865304399701,0.0162298270000629,0.0589860335472066,5.0422847154142,0.951114960653385,1.77316475348704,0.0169563433827868,0.0165111716656427,0.0530437795795842,4.97707965254747,1.02925070798897,2.02234439438064,0.0269072969202574,0.0266776094388529,0.103867739152361,5.01197319533618,1.01054763792185,2.01072279916448,0.0183515981863215,0.0192146039963857,0.0673488006829147,"SRS"
7,2000,0.35,35,2,0.25,4.99496454810896,0.983334754607551,1.99625015897125,0.0160034537548422,0.0159156849837486,0.0606613224942576,5.02549385847325,0.926031659042218,1.81932656669226,0.0167375733612701,0.0161295161029669,0.0547498394467418,5.02130077651851,0.978481438428652,1.96678850766532,0.027253005048786,0.0259530662304006,0.1015201983121,4.99719376333141,0.973399887426617,2.00099726864988,0.0180100062534448,0.0186465882770555,0.0663579745488563,"SRS"
8,2000,0.35,35,2,0.25,5.00847195449593,1.00380793239666,2.04010330379192,0.01583173204669,0.0159392524279016,0.0619916751495901,5.03236169938802,0.948608520823681,1.85369324093987,0.0165849377281683,0.0161069151332511,0.055747299725586,5.00495917998639,0.992863311351963,1.89865497290545,0.0277246202076705,0.0290013733419997,0.0972300153324926,5.01130115491416,1.01163492340754,2.05962218902909,0.0178595759199747,0.0192976960876458,0.0682521128070989,"SRS"
9,2000,0.35,35,2,0.25,5.01356927466377,1.01203015169971,2.05311157977788,0.0157910046775103,0.0157219351371983,0.0624212534514542,5.0468593797364,0.957250676046349,1.85289460781326,0.0165924430228514,0.0160998140921085,0.0557690292273876,4.99726208008759,0.988207268626491,2.02914142814441,0.0268602432620402,0.0265347686806728,0.103894786655915,5.01127333737516,1.00694985649891,2.07951680785115,0.0178256296451174,0.0184120169401316,0.0691378153416133,"SRS"
10,2000,0.35,35,2,0.25,4.99380138348603,1.00326275458172,2.08294460274014,0.0156711170643224,0.0160176378870823,0.0632641489980942,5.03597340574376,0.926199047429046,1.85454302362847,0.0165745493105732,0.016261027928035,0.0556909027365733,5.01999219994993,0.964340734588135,2.10933389355299,0.0263142014254124,0.0263803462718671,0.108515991910775,4.99627727557785,0.98878666328325,2.08860899517422,0.0177986983737562,0.018706987986987,0.0698553107224249,"SRS"
11,2000,0.35,35,2,0.25,4.96553735769655,1.00651986213287,2.09061459026857,0.0156471904920738,0.0158979031541416,0.0636210197259938,5.0007569450216,0.939532337185574,1.87830311053702,0.0164761037815623,0.0161803167109964,0.0565528633360839,4.94022402663868,0.97413289235084,2.2490712822912,0.0255023513339363,0.0270867688773937,0.115846239499916,4.96935447257232,1.01267568400498,2.13862161923765,0.0177431507013469,0.0192838349273673,0.0722827505353398,"SRS"
12,2000,0.35,35,2,0.25,4.98882058609786,1.02751355545733,2.04629122892744,0.0158131036782671,0.0159953943085636,0.0623559068301207,5.01781654761549,0.965639323248542,1.87052863892937,0.0165162687895996,0.0161063130902205,0.0564658417947438,5.00433010779212,1.04644280461831,2.11984130122677,0.0262880153762435,0.0260535274366279,0.109359327484242,4.98984739648962,1.04286436595679,2.08978980421926,0.0177206991163802,0.0187185038298938,0.070045326427348,"SRS"
13,2000,0.35,35,2,0.25,4.98773625451674,1.0165641441767,1.93797583773386,0.0162353793507038,0.0165222599144562,0.0585971176543019,5.0187327760324,0.960351416126958,1.7597279917553,0.0170116144947253,0.0168341975851753,0.0526826054809138,5.00954676272881,1.05583164690692,1.88598696295097,0.0278146086686327,0.0283555074776745,0.096285520879407,4.98475955280014,1.03263332260245,1.93938573378383,0.0180983421474378,0.0195794182351658,0.0634878980556622,"SRS"
14,2000,0.35,35,2,0.25,5.02476007419697,0.995989708327977,2.06114337351562,0.0157469134204532,0.0157981705291561,0.062548135536154,5.05053846272132,0.923042946719769,1.84851160612413,0.0166007942474757,0.0159586497185541,0.055506565486798,5.00860628590767,1.00024454992781,2.14188474383202,0.0261394525050699,0.0258092817191921,0.11007486215279,5.01061308942545,0.998650324110157,2.09114232897272,0.0178723623053301,0.0188157939272545,0.0703197006909657,"SRS"
15,2000,0.35,35,2,0.25,5.00367811602697,1.01921170767445,2.0047697080775,0.0159715937081117,0.0158972341374079,0.0610657012701171,5.03208791300215,0.949715062961174,1.8031097143271,0.0168118009034154,0.0161355494428949,0.0543088678068179,5.01275224476681,1.00381507405167,1.93294078265918,0.0274763781653778,0.0273993266149853,0.0991281034583011,5.00459110448349,1.0055700454923,2.00643655808883,0.018041939044413,0.0186654219659087,0.0668034569638323,"SRS"
16,2000,0.35,35,2,0.25,5.01107930891739,0.994507962355358,2.19406745212503,0.0152881139755207,0.0151717494752445,0.0672296325874916,5.0410683437115,0.944360028077268,1.99699626021527,0.0159940572411507,0.0154470738601891,0.0606160845387385,5.01026515942949,0.997145900689283,2.002928413475,0.0270215121106193,0.0280424655703775,0.103453329627225,5.01495195162101,1.02052512945978,2.22424254173756,0.0174062008861932,0.0182401402804428,0.0749504550999763,"SRS"
17,2000,0.35,35,2,0.25,5.00478479762751,1.03301703329297,2.00915458693952,0.0159509013494907,0.0161857313813688,0.0612022195942939,5.03875752892633,0.95121885362819,1.76844007235163,0.0169680812252497,0.0165004309661872,0.0531626059333492,5.00789492969598,0.982482952134914,2.00541294340299,0.0269753920436883,0.0273152750028915,0.103332758537132,5.00612196074125,1.03520850181845,2.0453308511432,0.0181568536673191,0.0192884420959607,0.0692939796845367,"SRS"
18,2000,0.35,35,2,0.25,5.01853469810343,1.00047898541248,2.04556975405155,0.0158073945508943,0.0161387227377188,0.061985465406883,5.04800714976205,0.949006755591323,1.86210540355942,0.0165440174293942,0.0163785162328031,0.0558833516207254,5.02301230340767,1.02927382251646,2.14648028819216,0.0261236819261607,0.0261074625757968,0.110765178890426,5.00947741005476,1.01825162217542,2.12545208134567,0.0176656024899399,0.0188135506285084,0.0711268788982922,"SRS"
19,2000,0.35,35,2,0.25,4.9805936116929,1.00053844792028,2.09067307899827,0.0156488304324306,0.0155889023026795,0.0636725654158607,5.02800429886189,0.94795331865119,1.84908353131129,0.0166025115047232,0.0161401894684953,0.0556100765018211,5.01469567713401,1.00428661536928,2.20633848426249,0.0257545468963261,0.0254272547674784,0.113981708894249,4.99725977601724,1.00498330850015,2.09588725067052,0.0179157616563065,0.0184822150845357,0.070630828224548,"SRS"
20,2000,0.35,35,2,0.25,4.98385870285817,1.04098449788363,1.94878722596134,0.0161991597322838,0.0165750598492624,0.0592959545458923,5.02531902656366,0.970746292871459,1.74210712385088,0.0170995311362154,0.0168354941875653,0.0523701700854647,4.96539684819063,1.03297936860319,2.00811449625773,0.0269825500729731,0.0273177963578012,0.103424933492624,4.97988142040117,1.03882872955491,1.99043568619197,0.018486399532154,0.0198831864189077,0.06748921717959,"SRS"
21,2000,0.35,35,2,0.25,5.01646980972583,0.984800883635504,2.00473893973433,0.0159736355589645,0.0161948260476233,0.0607122106694146,5.04170978698881,0.921362877185443,1.85126881728146,0.0166009359397733,0.0162429776209875,0.0556388600566473,5.03173251800975,0.976357281000465,2.10763627018446,0.0263098750096479,0.0271293497929252,0.108389837150998,5.00969218901923,0.990753906039294,2.07845023043095,0.0178238451903624,0.0188733671369489,0.0693949221380522,"SRS"
22,2000,0.35,35,2,0.25,5.00914528007003,0.985597768597746,1.86264350762145,0.016548614919687,0.0164827983691971,0.0560282168858739,5.03011790290566,0.945986215272755,1.74817765750753,0.0170667116373363,0.0166190912172775,0.0522498192232902,5.00181853283662,1.02013809033277,1.89066389617133,0.0278149778118893,0.0283554240647129,0.0960989848966882,4.99889843430301,0.992644168814602,1.90319955251178,0.0183036067844458,0.0192348356767425,0.0621151943656684,"SRS"
23,2000,0.35,35,2,0.25,5.01268232598105,1.01180294814449,1.98925957477662,0.0160360634470515,0.0159542016623364,0.0601897977601527,5.0524856150653,0.947798926617222,1.78636364189827,0.0168884870624376,0.0163199061680503,0.0534806972040816,5.01610810644737,1.02869482120603,1.94779873895419,0.0274126153006404,0.0276891678964019,0.0995839986665034,4.99885209834394,1.01082012119745,2.04838852687985,0.0180235893374587,0.0187667605324279,0.0684778942241944,"SRS"
24,2000,0.35,35,2,0.25,4.98805686222422,0.992922998470925,2.05760036156988,0.0157641538285135,0.0158172590559385,0.0625437154885757,5.0166332470501,0.942856966484265,1.85954120345294,0.0165556151640193,0.0162185459921279,0.0559362722849515,5.00264124385733,1.04369550825152,2.05888850120548,0.0266639161712417,0.0267909506507094,0.10598377198971,4.98583454380586,1.01243931335643,2.08608193783859,0.0177372595617612,0.0185340115594344,0.0694876999083211,"SRS"
25,2000,0.35,35,2,0.25,4.98738824468723,0.987460624463616,1.94879744060574,0.0161983682780612,0.015779556629519,0.0592049284198362,5.01996062446763,0.930724128672139,1.78627462236913,0.0168912398012142,0.0159413071216777,0.0537870937535808,4.99718766219676,0.988871227121752,2.11547757654488,0.0263123905932901,0.0251140633993509,0.108869838502033,4.9986793222501,0.985647388591648,2.00228588174979,0.0181217409714861,0.0184784998727392,0.0669239387423533,"SRS"
26,2000,0.35,35,2,0.25,5.00348733316217,1.00447094736253,2.01503289466636,0.0159244200169783,0.0162858553643422,0.0610987089246484,5.03524299391868,0.959206688128284,1.82942270319201,0.0166873769534592,0.0167619905882887,0.0549166783554321,4.99209985761495,1.00987450764429,1.98631854270782,0.0271247383109322,0.0274206896019763,0.10171491023225,4.99759858923753,1.00004198119021,2.03621106359542,0.0179771522999545,0.0192914766145252,0.0675760063126761,"SRS"
27,2000,0.35,35,2,0.25,5.0174884140252,1.00710669373769,2.00547189359969,0.015959726848113,0.0162763864720012,0.0607043994314326,5.04344036933076,0.955439130926919,1.84127252188947,0.0166345656130847,0.0164630708073301,0.0552626029843304,4.99500767288713,1.01221613710738,2.01715905760375,0.0269203464394187,0.0266864844678773,0.103296063579281,5.01545838300295,1.01467170916246,2.06292698232641,0.0179344838676872,0.0190276001674085,0.0686316075689169,"SRS"
28,2000,0.35,35,2,0.25,4.991642113041,0.987407181479936,1.99234107985574,0.016011955655986,0.016406226672296,0.0605524807486125,5.01886815145682,0.930888098091919,1.81879583177701,0.0167349225019816,0.0166449328266921,0.0547522392094407,5.00373219757067,1.00889314846545,1.93201227222298,0.0274896434698309,0.0287421441804058,0.0985420206941693,4.98464678451391,1.00731423306049,2.04798114428676,0.017909048956492,0.0192567960955375,0.068070322715127,"SRS"
29,2000,0.35,35,2,0.25,4.9908709486764,0.98387389931792,2.03933337613871,0.0158424066870808,0.0158345913617172,0.0620257517659322,5.01632049145067,0.919863581770465,1.83958265554495,0.016656860763704,0.0160163717843488,0.0553501871057479,4.97850255991181,1.01348974920124,2.14235905052007,0.0261461573803799,0.0269017093500858,0.110110636469004,4.97812729127585,0.991261076134914,2.04727216069341,0.0179425196666996,0.0189757842257857,0.0683089687896925,"SRS"
30,2000,0.35,35,2,0.25,4.97698852258039,1.01031358611437,2.00310731720326,0.0159767621924977,0.0161943805300391,0.0608182079522211,5.00643753355527,0.938331702042461,1.79456900181098,0.0168499796352484,0.0164095132211071,0.0538784220385709,4.9565422012609,0.993467648469519,1.98853581138732,0.0270955610625944,0.0282628081119027,0.102182994460012,4.96703332490438,1.01084859694546,2.00046229582136,0.0181205094623166,0.0192045119100183,0.0665999095207973,"SRS"
31,2000,0.35,35,2,0.25,4.96959028439319,1.00356965631951,2.10298212951101,0.0155988106238994,0.0159099503304928,0.0640107015515531,5.01076530936899,0.946133249585691,1.88007454956783,0.0164655618723513,0.0163384546573057,0.0565803038543348,4.94884661427536,0.99313627799904,2.15043191839094,0.0261029192801021,0.0265732214773073,0.110812572661951,4.95817232818525,1.00138178433665,2.1362458462507,0.0176338519545502,0.0186636502081714,0.0715535306825985,"SRS"
32,2000,0.35,35,2,0.25,4.97855532040092,1.04252604004935,2.07412301166536,0.0157189771251439,0.0157570426996491,0.0632150783179776,5.02100413870121,0.974925423895042,1.84569112164255,0.0166253718266095,0.0160483806675577,0.0555784492553161,4.98563445907277,1.05510056258934,2.11452661712974,0.0263071313832691,0.0269308801443406,0.109317482345252,4.97411054251605,1.05414673647731,2.08113212100349,0.0178921859713914,0.019095221714877,0.0698561872809478,"SRS"
33,2000,0.35,35,2,0.25,5.03762500923784,1.00640243982477,2.0602572405793,0.0157457831525996,0.0159730251830199,0.0624708221388229,5.05519416004531,0.942877663116736,1.89528323625302,0.0163970327148771,0.0159090123841061,0.0569894626301177,5.08842010205951,0.985261367825303,2.0261892531486,0.0268178431728392,0.0281794255504381,0.103633145812859,5.03988614589365,1.01540314073844,2.09624523704806,0.017637529917922,0.018670021284933,0.0696383440445443,"SRS"
34,2000,0.35,35,2,0.25,5.01080332539231,0.989772638872019,2.03080846714423,0.015870045123798,0.0158597633281486,0.0616783650104139,5.04583595409982,0.922141012090856,1.81211565917019,0.0167699285842403,0.0161926581187812,0.0543993159410358,5.02952112028395,0.979348137098885,2.1150550043914,0.0262781662028463,0.0267482044741621,0.109232969632039,5.00883421829877,1.01178444265894,2.06188747827993,0.0178947776841043,0.0186387446978425,0.0692864669163898,"SRS"
35,2000,0.35,35,2,0.25,5.01933485391116,0.986113665701998,1.98767514402463,0.0160264547544273,0.0160889122829578,0.0602885983054323,5.04094035380981,0.928554656872311,1.8103753623032,0.0167716214083096,0.0162789629658064,0.0543933100914187,4.96603521519083,0.996153833232852,1.99766587090323,0.0270621343972278,0.0273496068526987,0.102551548341063,5.01219492459856,1.00274932149401,2.01569177744852,0.0182097050083777,0.0192516687112006,0.0673237088445847,"SRS"
36,2000,0.35,35,2,0.25,4.99989163138339,1.01574854117748,2.06432023116067,0.015742494007615,0.0159961277005311,0.0628648267000068,5.02839505335841,0.954014150767436,1.8803097522181,0.0164690275186485,0.0161201085988035,0.0566986669155576,5.0175625268376,1.01118250556298,1.90295258888624,0.0276857805296629,0.0277771641972812,0.0970727999661759,4.99876696217312,1.0146537260272,2.05466204043051,0.0178221876532822,0.0185472565997074,0.0681376140364507,"SRS"
37,2000,0.35,35,2,0.25,4.98255378437013,0.982990930260926,1.931447939714,0.0162579662748006,0.0164495192387747,0.0584866704433847,5.00910757143106,0.930069527051746,1.77245002646929,0.0169493409800958,0.0167070828935168,0.0532036054110633,4.98745557228863,0.988855576485911,1.95657360072174,0.027347039527033,0.0273847239650883,0.100117995287426,4.97152540612842,0.988500354137014,1.96881790706588,0.0182019889530422,0.0190726559028362,0.0654025253407792,"SRS"
38,2000,0.35,35,2,0.25,4.99629203399732,0.976287597423392,2.07990698133941,0.0156806323509401,0.0156366495746805,0.0632602474346687,5.02437139496079,0.925254294153461,1.88703155202773,0.0164366968183095,0.0159719992303852,0.0568422428168541,4.99044833027712,0.966443296247215,2.12313033292013,0.0262489706339832,0.0263056493841696,0.1089254711642,5.00346981187731,0.9764522938392,2.09550337818221,0.0178136287042972,0.0189660670090142,0.0699964261340117,"SRS"
39,2000,0.35,35,2,0.25,5.00715681845989,0.993834274055806,1.92329947992117,0.016315788814521,0.0164628396331288,0.0581560392118877,5.03302323397368,0.935884875794386,1.72017546375275,0.0172210008056108,0.0168724601372966,0.0513966831552616,4.99876063236445,0.971500856261117,1.96949749608662,0.0272631477528798,0.0274077420545996,0.100609792002002,5.00737088769181,0.989597195938933,1.92603102900996,0.0184151475456302,0.0191538450522388,0.0635034456177253,"SRS"
40,2000,0.35,35,2,0.25,4.97999601339355,1.01594574296141,2.04791753853488,0.0158058255225439,0.0161732082892005,0.0620493391012771,5.01219373583942,0.95378656045934,1.84314731804014,0.0166329205940642,0.0163906558254092,0.0552509948350516,5.01399180368739,1.00164595452243,2.03846590665067,0.0267677857108557,0.0270892337731094,0.104331478554085,4.97749892000323,1.01247727693322,2.10947444486567,0.0178880165801532,0.0189954258298482,0.0713170701492987,"SRS"
41,2000,0.35,35,2,0.25,5.04096788049075,0.991835138810745,1.90407605422556,0.016366414407059,0.0164611554796746,0.0574192465296518,5.07865109684208,0.935045915526521,1.71441030689738,0.0172207387231554,0.0167920864239489,0.0511263255178243,5.02917574177866,0.978556918859969,1.93935258840925,0.0274692249756074,0.0271085324795977,0.0987613537470573,5.04442358689117,0.991338458599449,1.92432407796532,0.018480322517594,0.0193169559183851,0.0639218565158274,"SRS"
42,2000,0.35,35,2,0.25,5.00261508611552,0.983334397455294,2.01342449318209,0.0159329626777153,0.0159465273497158,0.0610695448950386,5.03676988549801,0.918255050558163,1.79692269959827,0.0168352698195722,0.0163045384522719,0.053883344270907,5.00966213546163,0.964170945424541,2.04411553613631,0.0267275271692682,0.0277422151989589,0.104846094239169,5.00428719105277,0.996460358140721,2.05862242495056,0.0179816896603201,0.0188205060368352,0.0692685737093687,"SRS"
43,2000,0.35,35,2,0.25,4.99068300836311,0.98316714508515,1.95825012388215,0.0161458768076615,0.0162600422241988,0.0593471401447746,5.01716338887864,0.911027625858399,1.78761312444099,0.0168752107812433,0.0163273214245609,0.053683473657156,5.00624467360935,1.00858664439926,1.87715976562334,0.0278682834588209,0.0283259916253021,0.095580236251167,4.9897143757044,0.99392130340439,1.98966799646989,0.0180643170954795,0.0197310840129691,0.0658254311463589,"SRS"
44,2000,0.35,35,2,0.25,4.99750103519597,0.999868930012994,2.07004151783377,0.0157207670640369,0.0159796457240002,0.0629563196828712,5.02670667046414,0.945541811116464,1.86910186722151,0.0165166661947241,0.0163635161690278,0.0562584385725454,4.96524222593562,0.986092314494126,2.03982058099115,0.0267872161543768,0.0271779341004871,0.104792935620849,4.99370020707552,1.00172953934413,2.10866579604148,0.0178608412575194,0.0187564648615105,0.0708333892913146,"SRS"
45,2000,0.35,35,2,0.25,4.99901742127594,0.997096800586096,1.97698249779932,0.0160959654677639,0.0161941679035026,0.0598807503690087,5.03917928924138,0.929206095806351,1.76795574553174,0.0169863332608586,0.016474688545212,0.0529381680149206,4.99059141369533,1.00275527488447,1.90216554283688,0.0277527562162566,0.0282412690757776,0.0967153366397916,5.0027490926135,1.00138823889163,1.9756138924014,0.0183345873465415,0.0189889914261323,0.0653555669270931,"SRS"
46,2000,0.35,35,2,0.25,5.00852244672376,1.00433415453321,2.01172049849718,0.0159339258742414,0.0165747253498082,0.0611923028438951,5.04130266994472,0.943224181636149,1.79479397901461,0.0168410718567492,0.0170565287876462,0.0539402485341359,4.99177328290316,0.985714451284115,2.03231472636874,0.0268090622084815,0.0268131357218894,0.104881069047683,5.00863001765716,0.996147021233774,2.03144383612756,0.0180089522305256,0.0193489877016678,0.0679951757667759,"SRS"
47,2000,0.35,35,2,0.25,4.99431841882304,0.994624314944015,1.93905009455035,0.0162227968842956,0.0165560673903466,0.0587448270490678,5.02609160756593,0.940624427755535,1.78128930351801,0.0169045950329993,0.0167758340579913,0.0534767986611798,5.00907031451251,0.995287305449391,1.83321342876525,0.0281961566764892,0.0291408178838696,0.0932122865969286,4.98819813589268,1.00209309234098,1.94632322613174,0.0181387837267225,0.019440124847208,0.0640899480026068,"SRS"
48,2000,0.35,35,2,0.25,5.03173271799917,1.00317578869698,2.07207958774029,0.0157136147736159,0.0159730459465028,0.0628814448262481,5.06689423601638,0.947777606857244,1.86101266321911,0.016550260098398,0.0163904689370473,0.0558759211546408,5.01412993355792,1.01674656588938,1.9511726000704,0.0273744564492796,0.0273829646686217,0.0999988898749418,5.02408930724924,1.0041960078697,2.09329797741292,0.0179705171938259,0.0187258627346151,0.0703226572057573,"SRS"
49,2000,0.35,35,2,0.25,5.00199258190095,0.973415822243699,2.04866978410443,0.0157902860825093,0.0160217644284595,0.0623019471645282,5.02905210232628,0.918140260974044,1.87605575262218,0.0164779115020418,0.0162290727940696,0.0565311174207435,4.98913542090663,1.02520205508262,2.05209658030115,0.0266999860431822,0.027093790740571,0.105601448361905,4.99769242652245,0.99777730607581,2.06456201926132,0.0179066353197532,0.0193373887313593,0.0687369210779758,"SRS"
50,2000,0.35,35,2,0.25,5.00430964645446,1.0178005267903,2.0069102453752,0.0159612134782949,0.0156407157133912,0.0611886996418115,5.0408441753699,0.950591770528051,1.78456177876244,0.0168957360514508,0.0160327295794364,0.0537606486271055,4.9756855698787,1.00875569439042,2.08255665530476,0.0264967379676832,0.0262716963076346,0.107475631823042,4.98802848103196,1.0253214169797,2.04199509458039,0.0181952390961572,0.0189427182622841,0.0694440481895847,"SRS"
1,2000,0.35,35,2,0.25,4.98283187885283,1.02008255644586,1.99330585480863,0.0160150652264943,0.0162755111228495,0.0606654450231883,5.00568731176508,0.954568291093706,1.81216308682967,0.0167725174927669,0.0164179372600346,0.0545995234656698,4.96998103125545,1.02739152721747,1.9647938628955,0.0272913676122847,0.027803076066527,0.101347655309078,4.96825401955022,1.02526523809032,2.04124650205351,0.0181410481207404,0.0194059834052425,0.0685761064507724,"SRS"
2,2000,0.35,35,2,0.25,4.98599522877671,0.989112071511851,1.922856848672,0.0162918578538584,0.0166251213660315,0.0581018433715706,4.99397197225593,0.946811889628364,1.79645690648621,0.0168420153080012,0.0167411092410595,0.0538955127053771,4.97510179936766,0.967235946422454,1.83402953853538,0.0281916202389166,0.0284758145834469,0.093536832009189,4.9770740375593,0.990441372794811,2.01242443784527,0.0181844112079243,0.0190364711745269,0.0671933420028861,"SRS"
3,2000,0.35,35,2,0.25,4.99809305099494,0.994480561981812,1.9026611199071,0.0163823190558673,0.016685668025736,0.0576890699967416,5.02499245888638,0.952438826063813,1.74378561624827,0.0170908280592224,0.0171172467537402,0.0523612439223564,4.97716493276855,0.958757341120891,1.99538980196661,0.0270391893345395,0.0276031025029066,0.102451173139089,5.00892111844576,0.97891534479222,1.93928435611231,0.0183648293172692,0.0197270114930632,0.0643049251675996,"SRS"
4,2000,0.35,35,2,0.25,5.00405072124031,1.02515116733473,1.92504836690724,0.0162868927675118,0.0165730909819748,0.0583454056801449,5.03741676523226,0.962305789560435,1.71625791189233,0.0172194070419111,0.0170140578294041,0.0513890238883388,5.00844962432945,1.01567011533382,1.95086397202795,0.0273658634542949,0.027047920064149,0.100294771071128,5.01675704492978,1.02033710627062,1.9306929619952,0.0183578985442117,0.0193801196275946,0.063907075817092,"SRS"
5,2000,0.35,35,2,0.25,4.98772277267489,0.971281074533591,2.00409243030517,0.0159722525952764,0.0158067128196467,0.0607787205866741,5.03104443783791,0.901451014232661,1.77735291507673,0.0169255889595644,0.0160486098478379,0.0532239530954355,5.020165486619,0.993549953748817,1.87921354873539,0.0278589929902601,0.0279911096385565,0.0959456735013716,5.00515757827647,0.97558361708745,2.00128304446326,0.0179638385294738,0.0188119186392031,0.06601404299673,"SRS"
6,2000,0.35,35,2,0.25,5.00332614036004,0.995682574916012,1.99427988350575,0.0160092328384605,0.0158179681590869,0.0605591214282213,5.03872155338534,0.929028542440388,1.7573769538397,0.0170211299009965,0.0163326802459971,0.0526653621125287,5.02396665311641,1.00820136142598,1.92003618759732,0.0275714150082563,0.0266725704343498,0.0986693958617149,4.98550755420883,0.996360619243001,1.99670082603927,0.0181266520623317,0.0186803205843542,0.0665281523786044,"SRS"
7,2000,0.35,35,2,0.25,4.98941941620073,0.988421642732333,2.08245166452774,0.0156690988543435,0.0162060769594316,0.0635255238572873,5.01565831929137,0.911140716029131,1.84134087009798,0.0166369107247994,0.016448579241538,0.0554492282637369,5.00440539040421,0.965968017666395,1.95601679201304,0.027290208049329,0.0288394560637117,0.100339359543542,5.00039947860472,0.977088999418391,2.06813691286226,0.0179382034062082,0.0193052733757279,0.069576023981333,"SRS"
8,2000,0.35,35,2,0.25,5.01298961768982,0.991094252536692,2.04853151025031,0.0157887125519538,0.0164523417955964,0.0621885112973682,5.04478275453734,0.938306675593716,1.85051785507572,0.0165876919278403,0.0168176564691836,0.0555927500168499,4.99551951314672,0.984343629354841,1.98089766189049,0.0271507764347833,0.0281384751791495,0.101198301453377,5.00752617869173,0.987701464561311,2.09608719271348,0.0179062473136436,0.0194652182133035,0.0700565764177136,"SRS"
9,2000,0.35,35,2,0.25,4.99571476749533,0.994524892264604,2.06403048703016,0.0157444198251252,0.015551910432601,0.0629357400127428,5.02752790938712,0.931883604348946,1.86355375406034,0.0165409706623482,0.0157293371190456,0.0562086893075094,5.05206641339732,1.00507152795704,2.13378143871916,0.0261682791726209,0.0264943747524253,0.110022339271758,4.99688968733128,0.994357690449622,2.07415961397985,0.0177805472647304,0.01864252154357,0.0692390815216799,"SRS"
10,2000,0.35,35,2,0.25,4.99339125894558,1.02133571125941,1.992100924664,0.016016283844427,0.0167036067055988,0.0605063319109766,5.02022030359716,0.952356421820487,1.79205883562566,0.0168611008766751,0.0169512286020162,0.053838335444923,4.97195590092687,0.994964269847479,1.93735881222473,0.0274875658687042,0.0297657814502094,0.0991268072433058,4.98908776214021,1.02870213423944,2.01166360142609,0.0182738356949242,0.0199993221972504,0.0671964449515405,"SRS"
11,2000,0.35,35,2,0.25,4.99131149242542,1.02629928184689,2.03037073632046,0.015887855579247,0.0158987771238016,0.0616643413405716,5.01948974370245,0.980904763947469,1.81907347617674,0.01675894585328,0.0164608646171551,0.0546210811070598,4.99846789822526,1.0454527157197,2.13382441695324,0.0261880215272848,0.025799872216397,0.109974912956266,4.99388991232241,1.0402532587245,2.08533450306782,0.0180559980098496,0.0190746348424813,0.0704351518352178,"SRS"
12,2000,0.35,35,2,0.25,5.01219805516552,1.00524145894333,2.04785770038526,0.015811370529202,0.0159236461048352,0.0621194937708247,5.04064791794081,0.949642130275826,1.84022717184585,0.0166537365026635,0.0163081817989028,0.0552116771969274,5.02402162740329,1.01056543255316,2.0165618471025,0.0269183753677567,0.027064169428386,0.103060411522317,5.01172713071703,1.0094155588333,2.05637528437891,0.017846142184349,0.0184587142028093,0.0681186906377676,"SRS"
13,2000,0.35,35,2,0.25,5.01908555608282,1.03088319580774,1.90452450221168,0.0163797672302183,0.016733102269642,0.0575353373346815,5.04580106917028,0.972699059152812,1.73131133926172,0.0171569542860373,0.0170453564470988,0.0517914720128188,5.06289101832639,0.987487591333759,1.8539152100199,0.0280955942507706,0.0275773049051334,0.0940351725933406,5.01963261101071,1.01147729499265,1.92454911466248,0.0183907836826502,0.0191196591730707,0.0632833969563767,"SRS"
14,2000,0.35,35,2,0.25,5.01925745282715,0.996459275713001,1.92149711475366,0.0162981954000352,0.0161295959870677,0.0582101605674097,5.05316885998057,0.928578629971962,1.74615988100788,0.0170723940746461,0.0163887672367171,0.0523967393066101,5.02664581369758,0.977212992151036,1.89452432186354,0.0277434627163148,0.0280069528777307,0.0967683801104229,5.01142722274928,0.999617310747777,1.95729057955125,0.0181937910554884,0.018857965705436,0.0647794082603763,"SRS"
15,2000,0.35,35,2,0.25,5.00545910922889,1.00766370300744,1.98647409187058,0.0160473945045666,0.0158940599735817,0.06023579857946,5.03694070216307,0.960143924979441,1.82678463101157,0.0167084072823525,0.0160844589862405,0.0549000034103573,5.00713849903654,0.992338624100216,1.90133964472749,0.0277228391007165,0.0269192313375505,0.0971052791497646,5.00015596252264,1.00508738113694,2.02817128707674,0.0180241725501791,0.0184621686755058,0.067057968675999,"SRS"
16,2000,0.35,35,2,0.25,4.97600181677084,1.00322759795107,1.90473917691927,0.0163785860888143,0.0164560509683882,0.0575710887842909,5.01244714465583,0.946872224979018,1.72616972027249,0.0171758152682234,0.0167590746893769,0.0516339672524257,4.97726418584132,1.00354555939785,1.7820772983289,0.0286060253537676,0.0288164468381588,0.0908518723168665,4.97910321103732,0.988094716811234,1.90441878230339,0.018600113542718,0.0199041282112892,0.0628754055766404,"SRS"
17,2000,0.35,35,2,0.25,5.00252078924562,0.989484650268878,1.9971187963853,0.0159916645491189,0.0161731592351806,0.0606968057978129,5.0306079344923,0.925678331222425,1.77669427643206,0.0169264464366581,0.0166346547148554,0.053342021582657,5.03490689972538,0.97828968054008,1.95403505332112,0.0273095153783786,0.0277885877146796,0.0999801585320688,5.01202348820833,0.974234608580098,1.99127553778967,0.0179700598299397,0.0189389703950157,0.0658609415869306,"SRS"
18,2000,0.35,35,2,0.25,5.01809722054496,0.988922142136757,1.99800564766471,0.0159874983717579,0.0161454223174343,0.0604678032660474,5.04315054369231,0.925380195577022,1.83322591752038,0.0166695944179296,0.0161527415579323,0.0550014493413169,5.03534609228243,1.02186318254366,2.10802298023171,0.0263596879009703,0.0273415035845188,0.108471783063563,5.01602404465727,0.992110381379211,2.04363148669787,0.0178977806915098,0.019324857573358,0.0679487067780735,"SRS"
19,2000,0.35,35,2,0.25,5.02293310069077,1.01128793727385,2.05698530882662,0.015764655087634,0.0160099045213643,0.0625832031198364,5.06157179347442,0.95654623926237,1.84267226315064,0.016626157098694,0.0164341868923182,0.0554160658048815,5.01136055936233,1.02595004185003,2.06991674456962,0.026598335386311,0.0271795293410816,0.106390566302777,5.00730253642466,1.01376007508991,2.07951962657417,0.0179735163060189,0.0190337641059032,0.0700286592714255,"SRS"
20,2000,0.35,35,2,0.25,4.98395537388439,0.987836818436192,2.08700924465053,0.0156556243491293,0.0159447750476895,0.0633131877225173,5.0247586228457,0.928720831884227,1.86658449562398,0.0165236591400258,0.0162786725803206,0.0559973517682321,4.96802643003046,0.978686896532503,1.94256030724392,0.027410089018728,0.0277247340871513,0.0988501083367516,4.97612132119753,0.978996404583628,2.08861120838465,0.0177024428584889,0.0186417285005142,0.0693330458383621,"SRS"
21,2000,0.35,35,2,0.25,4.98963245970666,0.995541957654165,1.98252140423915,0.0160576477316671,0.0158315299744887,0.0602481845734356,5.02710857836288,0.937016881582278,1.76854536218487,0.0169703487811426,0.0162956346810116,0.0531236908922581,4.97713493851328,1.03757410702149,2.04701913631701,0.0267480143432268,0.026289853594452,0.105729710275415,4.98137465564519,1.00292387805448,2.04221994812913,0.0184586987917345,0.0189060330671025,0.0701193882038288,"SRS"
22,2000,0.35,35,2,0.25,4.99583131659931,0.99588117785456,1.96702660760376,0.016117290887275,0.0162730095647387,0.0596960224080831,5.03154310585902,0.951926905700958,1.77519654378271,0.0169372488155559,0.0167341345329975,0.0532810944743802,4.98752751419639,0.986906902579855,2.04083561713931,0.0267498855543484,0.0280272780152084,0.105499977721789,4.98114623156239,0.996638684254274,2.01100688918253,0.018155623046444,0.0191618096896321,0.0675963870704451,"SRS"
23,2000,0.35,35,2,0.25,5.02220076255487,1.01265312335408,1.93769717667876,0.0162453857162421,0.016093996643278,0.0586793926294694,5.05811487714449,0.947865279187221,1.75022521445853,0.0170628433375322,0.0162523796899082,0.0524298838363949,5.02128011578806,1.01500060029861,1.94814837700215,0.0273707350346939,0.0272857573277525,0.0992148598771885,5.02388106072206,1.03044213993574,1.95180384324576,0.0184616186196743,0.0191333806658992,0.0649758914341955,"SRS"
24,2000,0.35,35,2,0.25,5.02936914357819,1.00614258599094,2.05232720062975,0.0157784518733534,0.0158218530950315,0.0625162351655264,5.06041591518373,0.94619026254479,1.82850955397971,0.016687184323852,0.0162875382041538,0.0550365656535202,5.04824456181806,0.986706891125987,1.90340488867194,0.0277297235217094,0.0275670867264405,0.0978779580861548,5.03573959027115,1.00908155290362,2.06054357191446,0.0178632232088029,0.0186201437270683,0.0686767718066908,"SRS"
25,2000,0.35,35,2,0.25,4.99527130623745,0.987424600985566,1.97534225894145,0.0160838337346398,0.0163707620565086,0.0597980648870078,5.02397356056134,0.926355345244256,1.78202952837343,0.0169076360390873,0.0167211280410129,0.0533992873173831,5.02602385692382,0.95822500170886,1.94928854625167,0.0273499927484142,0.0273073354752164,0.0993772811392878,4.99664888294221,0.98277638250848,1.97834628917094,0.0180362024852622,0.0189535601773648,0.0651734211071429,"SRS"
26,2000,0.35,35,2,0.25,5.01137878615534,0.983018915203987,1.93637492261282,0.0162324764096661,0.0164682990233239,0.0584827546346229,5.04071351712414,0.926339465853309,1.74511324171573,0.0170735390458924,0.0168387070911623,0.0521401966666778,5.02999605879625,0.994214653285884,1.87798194553809,0.0278460409343131,0.0294195480340765,0.0953716243047705,5.01409438954558,0.993365159296383,1.9355371482897,0.0182782631431002,0.0197226534351765,0.0636714030193955,"SRS"
27,2000,0.35,35,2,0.25,5.00817379432473,1.01660547962507,2.05466701083299,0.0157763814587737,0.0159373693020344,0.0627320052024716,5.03827200822091,0.949970868934091,1.8042175974985,0.0168020216759227,0.0164170719102889,0.0543416934203623,5.01045484536668,1.03756134354922,1.98970068101082,0.0270957263036,0.0285007553675484,0.102128625920332,5.01132894566332,1.02468396482992,2.06475112689237,0.0180724657913446,0.0194598882104985,0.0696534403282306,"SRS"
28,2000,0.35,35,2,0.25,5.02126325334138,1.00506261763837,1.96968262943505,0.0161036175130479,0.0159673835149613,0.0595515712117955,5.05211492673238,0.947807737845916,1.78328507192426,0.0168995264840082,0.0161847990555075,0.0533767145282158,5.04583550899321,1.0015478332893,1.97734830244864,0.0271803694603772,0.0266084970678317,0.101056959026594,5.01613876759535,1.00373555915798,1.97434475485216,0.0181958027089105,0.018306610766056,0.0652307048971492,"SRS"
29,2000,0.35,35,2,0.25,4.98129441163488,1.00384719277221,1.92181899120016,0.0162999397791968,0.0164489866935633,0.0579474130452882,5.00996941108192,0.949337836589058,1.77236856711614,0.0169526379142923,0.0164596481395984,0.0529855817956577,4.98733707582682,0.981649233452873,1.92646312259899,0.0275259631798538,0.0270033360676268,0.0980452595354527,4.98043684146449,0.99139146082306,1.97873686590547,0.018272819965623,0.0191758918892929,0.0656861823002831,"SRS"
30,2000,0.35,35,2,0.25,4.99259828773271,0.987178489866529,2.004621145535,0.0159641911096779,0.0163239714233066,0.0608292717795336,5.02022356982376,0.91952134391352,1.80275492722201,0.016806500401392,0.0166329744076592,0.0541205253890808,5.01865148336606,1.00383700355606,1.88842192898993,0.0278268006508723,0.028062788226956,0.0964697572365292,4.9997171655384,0.987866894306141,1.99968542741705,0.0179842619030069,0.019434003787221,0.0658814131216232,"SRS"
31,2000,0.35,35,2,0.25,4.99762190223116,1.01902684422258,1.86233117835768,0.0165685631416624,0.0166686365305502,0.0563079299693941,5.02162965445924,0.961989141900133,1.70318637588084,0.0173048579165334,0.0168811815728298,0.0509952083916699,5.01264557925681,1.04886966087293,1.81474312406892,0.0284284905260778,0.0283514722210101,0.0925940634833396,4.9949541093639,1.02900638107337,1.86944663954935,0.0186811120165091,0.0199081357990402,0.0614378177275016,"SRS"
32,2000,0.35,35,2,0.25,5.0104145857975,1.01352180398723,2.10658012933258,0.0155838630912824,0.0158382656468133,0.0641540550404631,5.03937618500877,0.966290697593854,1.89830399661877,0.0163906711542538,0.0162286569397818,0.057183215252528,5.0316429113166,1.00621472814143,2.06599640861243,0.0266118026189733,0.0263079263594222,0.105683652430383,4.99914320858836,1.01138386369871,2.13194518380107,0.0175730110199021,0.0187381824922919,0.0713524282701239,"SRS"
33,2000,0.35,35,2,0.25,5.00696908932301,1.00984616541347,1.92250866558203,0.0162963099710571,0.0167015330706502,0.0581089551046425,5.03604868402615,0.954968855686446,1.77866216824781,0.0169201413906227,0.0168451744644035,0.0533401096722058,4.98063951296508,1.01420075336499,1.90343560943817,0.0276743074535516,0.0293445549241593,0.0974063583576736,4.997748018322,1.02459848304346,1.99004681994055,0.0182543062873027,0.019710059439736,0.0662949038682346,"SRS"
34,2000,0.35,35,2,0.25,4.99862333021264,0.979056384587884,1.89729995637272,0.0164051081965078,0.0166139647770849,0.057365758539888,5.03103941695048,0.923428379626145,1.71587286214744,0.0172280267471324,0.0168708759757363,0.0513173344372439,4.98791853197725,0.97242693370914,1.78311301644315,0.0285692707815357,0.0299274533959682,0.090623105663444,4.99262344008321,0.989445663051459,1.9328961269901,0.0184880907021965,0.0202391618817243,0.06412458212743,"SRS"
35,2000,0.35,35,2,0.25,4.9869967541558,1.02518677230152,2.07833903595842,0.0156908984716679,0.0159088111573521,0.0632737318034017,5.02436406443526,0.964661357747577,1.86962101192124,0.016515016935495,0.0162420921538461,0.0563086635357953,4.98302124068014,1.00928376892138,2.18163133750395,0.0259069746361419,0.0262305431322595,0.11299650158545,4.98885151775216,1.03828806100256,2.10460429361655,0.0177698511891487,0.0186683014635103,0.0708323545799106,"SRS"
36,2000,0.35,35,2,0.25,4.9943844891245,1.03037028316374,2.08695639009559,0.015669054324993,0.0154360615393698,0.063590275141832,5.02470424975374,0.973136461402414,1.88997315163836,0.0164359026614411,0.0157093747819135,0.0570125059409505,4.9871351875736,1.01450487802041,2.03433332918489,0.0268352994741729,0.0265655381539075,0.104904608717653,4.99790597139167,1.02252064454607,2.11011746747696,0.0178838876064953,0.0188693469710517,0.0709224669670533,"SRS"
37,2000,0.35,35,2,0.25,5.01908744037223,0.989831465713195,1.95005409245544,0.016181269320913,0.0162984556297959,0.0591738382358247,5.05688699986424,0.918750160226689,1.74523640688092,0.017073444875518,0.0166011810261427,0.0523724510395686,5.01371596154774,0.995347069857466,1.90108707746728,0.0276995122982858,0.0280211552873611,0.0976754936710772,5.01496056470914,1.00822379359781,1.97152020213764,0.0183337357756956,0.0192884290396992,0.0656864207534648,"SRS"
38,2000,0.35,35,2,0.25,5.03665907956042,1.00809949810424,1.98361629932395,0.0160651522326965,0.0161984448006456,0.0601389786962928,5.06282018698847,0.954486810638314,1.80241374543725,0.016833978308236,0.0164564466024414,0.0541045214144708,5.02690513710019,0.993085552369222,2.01567953353418,0.0269245619235103,0.0273913329542265,0.103615295536673,5.03965110067463,1.0095651392529,1.98716317541984,0.0182176271126828,0.019119700737563,0.0657840606797928,"SRS"
39,2000,0.35,35,2,0.25,5.01394597924814,0.979892353919836,1.92899913329474,0.0163131958931473,0.0164895106499583,0.0582301956086497,5.0476566031109,0.916656871757418,1.77777630048237,0.0169597481615017,0.0165582260193125,0.0532280114907613,4.99007430650691,0.999175625602816,1.93999028832885,0.027473337422052,0.0274904828931526,0.0993799006975097,4.99200474113793,0.981361439941598,1.97883127319144,0.0182357808170293,0.0192475168794307,0.065502888800389,"SRS"
40,2000,0.35,35,2,0.25,5.00937162609619,0.994117360931394,1.96888231344911,0.0161019384581769,0.0167836221902674,0.0594446897241033,5.02806805856992,0.929216150706494,1.78477266422734,0.0168938143942882,0.0169922272330347,0.0533648750692978,5.01665225075025,0.998337679855812,2.06457956413251,0.0265852547142859,0.0281649662093075,0.105672001629468,5.0079220834413,1.00257661861559,2.01314252000206,0.0181672979006434,0.0195692049635306,0.0673259918640036,"SRS"
41,2000,0.35,35,2,0.25,5.01995940385964,1.00162278639101,1.99436267279895,0.0160027098221509,0.01628298875578,0.060313488068767,5.04661873596918,0.943475290759916,1.82943190502084,0.0166871509170153,0.0163732204974685,0.0548382761139239,5.0283345773792,0.991931559542408,2.07486667804775,0.0265392640448051,0.0274042118328212,0.106575619063423,5.02966295089724,1.00914617315792,2.0460007587982,0.0178895066394557,0.0192924734022949,0.0681449661540839,"SRS"
42,2000,0.35,35,2,0.25,4.98799605049576,1.0065892158451,1.88005906894564,0.0164747556714403,0.0167922927655867,0.05688019428347,5.01079847324706,0.944920163683872,1.73436033639932,0.0171328478532057,0.0168640902868235,0.0520334403567046,5.02845392511438,0.967311067327568,2.05916822109064,0.0266151996809737,0.0270703840199327,0.105602782700668,4.99776150331454,1.01773005138664,1.9278595745868,0.0184149522466434,0.0191146328126363,0.0641475068964289,"SRS"
43,2000,0.35,35,2,0.25,5.00637978374891,1.00718777567168,1.98427985211505,0.0160444426818656,0.0162323245614365,0.0600864572612504,5.03043558486702,0.939183767478456,1.79491187698022,0.0168431050534866,0.0164734844150721,0.053828534185319,5.01539393645186,1.00691798129941,1.886388450018,0.0278141409546085,0.0274171344802905,0.095980385025717,5.00569865567054,0.998146795773713,2.01881496239718,0.0180565125810598,0.01873360874675,0.0668589691212371,"SRS"
44,2000,0.35,35,2,0.25,4.98498255088343,0.994487912666607,2.04468752539404,0.015830681879557,0.0158461443017083,0.0622845160510565,5.01198029583485,0.937852187773525,1.86106722492179,0.0165679978972094,0.0160579948959151,0.056137498833985,5.00126377073202,1.03087084442658,2.04952645004971,0.0267018348227595,0.0271160262722681,0.106219355600695,4.98350571034273,1.00782052571262,2.1132294407549,0.0178499799614215,0.0192571232989047,0.071344518488241,"SRS"
45,2000,0.35,35,2,0.25,5.02414982858219,1.01530932333003,2.03524901019579,0.0158384148052293,0.0166463115325529,0.0617778860695716,5.05942051256435,0.952670152842483,1.8568253016094,0.0165576902464491,0.0169506101377159,0.0558485697542944,5.03290141722166,1.04191352771664,2.10502399139911,0.0263680302542765,0.0275452891418987,0.108488199300434,5.02793119704103,1.01545257423174,2.06334271676215,0.0177791130876823,0.0195540291653537,0.0686000488170369,"SRS"
46,2000,0.35,35,2,0.25,5.02738860615189,0.982933358382637,1.95920463771035,0.0161410687697785,0.0162268923558278,0.0594801683579562,5.05787558027326,0.918688314418103,1.78365978512571,0.0168911359523434,0.0164412287269701,0.0536468101531921,5.00853528785624,0.994246796813551,1.88591792129472,0.0278858083791397,0.028184254674862,0.096504440490457,5.01643647073231,0.993559602232521,1.98533567543174,0.0181310565515369,0.0200730015729692,0.0659403767974744,"SRS"
47,2000,0.35,35,2,0.25,5.00094902523403,0.986109556862018,2.0457713579624,0.0158092406036564,0.0159029425203317,0.0623100379176987,5.0168118483829,0.942261164291822,1.86330412334606,0.0165448436029189,0.0162436151981279,0.056195484661788,4.95493540339496,0.989311986266241,1.89523253537131,0.0277948835485728,0.0272586771851037,0.097534232065419,4.98631160481374,0.987161375955779,2.08350545007931,0.0179238178137989,0.0185642359099201,0.0698403225462583,"SRS"
48,2000,0.35,35,2,0.25,5.01169876262779,1.00986549781159,2.07271760226901,0.0157081006956341,0.0158037849691816,0.063199535034855,5.04353782177545,0.942293500996762,1.85440404155532,0.0165777183417933,0.0160162946302552,0.0558920174582201,5.02360109310881,1.0385806678929,2.1585434620527,0.026051174245345,0.0257485593325863,0.111750977637496,5.0202548237678,1.01323004421275,2.14277018822672,0.0177518243011166,0.0184952302380535,0.0730054951889296,"SRS"
49,2000,0.35,35,2,0.25,5.00216257839348,0.990428070165934,1.93525712212004,0.0162417340332781,0.016247073730337,0.0584895321629273,5.02768232528646,0.939764741812563,1.76505297464875,0.0169835111459477,0.0165540864305172,0.0528354990697637,5.00786254893126,0.978375347028669,2.11206460453838,0.026304022279092,0.0262281378377467,0.108667542662356,4.99560866600406,0.98833537317273,1.94506497112947,0.018250519125759,0.0190371723531208,0.064311852786884,"SRS"
50,2000,0.35,35,2,0.25,4.98647513382771,1.00966007522996,2.11783602040784,0.015548894888965,0.0151416336830742,0.0647901544311971,5.0195094874786,0.952327738439326,1.93498712083404,0.0162404505922664,0.0152316085401342,0.0586318431403351,4.9716118636169,1.00332447324708,2.08352325116596,0.0264963880987139,0.0270350959627934,0.107323587551502,4.98458339656382,1.02626119487618,2.17041581043473,0.0176054244383503,0.0180209572141114,0.0734899770028624,"SRS"
1,2000,0.35,35,2,0.25,4.98710201864864,0.998368083252924,1.96447166394175,0.0161232701187687,0.0163276377915781,0.0595233408371745,5.00845401249713,0.933460748462826,1.75978948741462,0.017011378312005,0.0167151226352974,0.0527174656080906,5.00172304869881,0.999451683600601,2.11884540008216,0.0262587344335306,0.0273605520594807,0.108646437575649,4.99370818525399,0.997291683605043,1.99969944414477,0.0180945839968536,0.0191984990160937,0.0666703695650662,"SRS"
2,2000,0.35,35,2,0.25,5.02305220659167,0.999211694631691,2.00772548693149,0.0159458063440079,0.0162143737789763,0.0610252540320205,5.04717780004445,0.933390926377869,1.82717621292235,0.0166919801785754,0.0163914611787137,0.055002736477793,5.03819161672275,1.01429797863498,1.90444013043633,0.0276787719597434,0.026912613290465,0.0977927858643867,5.0133689775934,0.982114133807234,2.02841432175866,0.0179276197784146,0.0193732217492685,0.0674175409878472,"SRS"
3,2000,0.35,35,2,0.25,5.00189932884245,1.00237623746269,2.04190653354953,0.0158292563688563,0.0160622640890657,0.0618564154390803,5.03019915096168,0.956525856810647,1.86438400396134,0.0165400339564158,0.0163464715266487,0.0559635070097431,4.95660607874688,0.995302047552059,2.09685663610449,0.0264367536141994,0.0266228060946794,0.107398723457783,4.99788735371965,1.00110217576891,2.11936664565153,0.0180090675001266,0.0186173250979227,0.0716300877982899,"SRS"
4,2000,0.35,35,2,0.25,4.99618331114879,1.01559665906371,1.9056510753545,0.0163723464594156,0.0164061575464054,0.0577108428921512,5.03071606957797,0.938924162171177,1.69444947773644,0.0173321757370247,0.0166821877705895,0.0506954975755797,5.00652408248251,0.997849428659864,1.85438573524426,0.0280425577103978,0.0284297365880184,0.0943211543343986,4.98891870773612,1.01577363765248,1.90618564563003,0.0185943632663867,0.0198502164287075,0.0630919995310279,"SRS"
5,2000,0.35,35,2,0.25,5.0017841156886,0.992366271214268,1.90824400740005,0.01635444270445,0.0161576810544394,0.0576538796745616,5.02262286106882,0.94448980537352,1.75515618540664,0.0170319879482304,0.0164430821686187,0.052567039607985,5.02036901778614,1.00660803011489,1.74148197689327,0.0289164423707672,0.0283658091838143,0.0885153607218842,5.00644895218714,0.994630421018472,1.92950015002131,0.0181816019665991,0.0186226087660156,0.0629259507711325,"SRS"
6,2000,0.35,35,2,0.25,4.97911802768029,1.0056381372043,1.96412712600182,0.0161274934712608,0.0166466237779336,0.0595105289400035,4.99913928938465,0.95342698448805,1.82239786135707,0.0167228453118636,0.0167605377691713,0.0548066449559565,4.96956552164432,1.04553234774398,1.9678560707384,0.0272657549259248,0.0281993444315562,0.100607844172346,4.95878477307656,1.02824655147109,2.06070552077207,0.0179142431236498,0.0200165893570101,0.0687138779290075,"SRS"
7,2000,0.35,35,2,0.25,4.98358411639002,1.01857914785346,2.04158669532868,0.0158289123079767,0.0161043463516523,0.0621910139450663,5.01443506585784,0.941799542219448,1.82409494961925,0.0167156357906474,0.0162704030087674,0.0549314336489264,4.9919612340288,1.0005866461904,2.03434427203609,0.0268013155992013,0.0271443626667455,0.104680983775102,4.98016771159904,1.01236793374133,2.05306987321484,0.0178252767288871,0.0191769705854858,0.0683582363592199,"SRS"
8,2000,0.35,35,2,0.25,5.0293681556376,1.0006826054693,1.87413356873367,0.0164923447422945,0.0170056860878565,0.0564454882837845,5.06178396275277,0.948711186160627,1.72440338965458,0.0171733211547163,0.0172739762415043,0.051498715970603,5.00611794782184,0.961595669054785,1.83433844533889,0.0281740798523475,0.0292876426975673,0.0930522871111547,5.01883206875976,0.994663716205528,1.89627727061362,0.0187059176780492,0.0199909989223104,0.0624922219416009,"SRS"
9,2000,0.35,35,2,0.25,4.99073163557702,1.0190047023074,2.06806060866152,0.0157287924579367,0.015807050406816,0.0629684119947084,5.01628074235964,0.964890527047748,1.90058850469508,0.0163838173422793,0.0159810612789573,0.0573583753861945,4.9655564582508,1.04426226626377,1.99170721430602,0.0270925443040157,0.0275431979241973,0.10256900925847,4.98489277154153,1.03872421272333,2.13784949768338,0.0177956506514278,0.0190034921873886,0.0724132251251241,"SRS"
10,2000,0.35,35,2,0.25,4.95630073295859,0.988700473261497,2.01286506250811,0.0159390015677997,0.0161689947338618,0.0612331337103174,4.97941370082404,0.925722487515424,1.85365729625475,0.0165873782010352,0.0161504053087612,0.055897685901217,4.94090782229757,0.938397365621018,1.97393717052649,0.027185658750746,0.0279401074299432,0.101258313611982,4.95332376602603,0.973411831584301,2.04813192024468,0.0178918890069808,0.0187295083348557,0.0681908083759447,"SRS"
11,2000,0.35,35,2,0.25,5.00292984947241,1.01139464813103,2.13111529027447,0.0154957116127372,0.0156291538105642,0.0651329977753742,5.03499948294743,0.946845129066434,1.91680910277629,0.0163114489756501,0.0157704404000535,0.0579235562961455,4.97638863532385,0.997494743669796,2.06295868421575,0.0266207764375756,0.0271651728995279,0.106780933033527,5.00415893041985,1.02245292375271,2.15136128915794,0.0177485419759412,0.0183956310374954,0.0724464321924812,"SRS"
12,2000,0.35,35,2,0.25,5.02419008620208,1.01775270852685,2.08236466177258,0.0156721502284791,0.0155922864790938,0.0633240340020981,5.06329323289335,0.972025411733609,1.87427928584812,0.0164910274472314,0.0159841740057392,0.0563576129346523,5.05155302188128,1.04828430017769,2.17848576609991,0.0259440973791208,0.0257824954341542,0.112958693155122,5.03206810288347,1.02093038631676,2.11273588110636,0.0176202116047533,0.0184180463787538,0.0702063318640016,"SRS"
13,2000,0.35,35,2,0.25,4.97230633388878,0.988844591726607,1.94270266311444,0.0162179587171185,0.016373122153719,0.0588799680878859,4.99597936774256,0.930368789197942,1.79770355681309,0.0168383663055805,0.0164636936223883,0.0540630799509702,4.95200215321689,1.0015224580709,1.87778486849849,0.0278760643161904,0.028712970479669,0.0958989312531984,4.96935804047255,1.00669471444451,1.98418599472058,0.0181126606212449,0.0190883984957859,0.0655480064955714,"SRS"
14,2000,0.35,35,2,0.25,4.98542114531227,1.00377531224648,2.09181540328269,0.0156442333004928,0.0155907564995738,0.0635656395374966,5.0220836499859,0.940789884464625,1.85976867430916,0.016558559561228,0.0159230555335856,0.0558438764376173,4.98369547017793,0.99109682136587,2.25475836012565,0.0254778773850205,0.0253410034895127,0.116543957160681,4.97694067244005,1.01166122629564,2.1478814956465,0.0176958675257523,0.0181948101976627,0.0729467915074628,"SRS"
15,2000,0.35,35,2,0.25,5.02596908541388,0.987709108981449,1.99184484878795,0.0160452961971901,0.0161950640051735,0.0602723504190955,5.06538478824563,0.928939018141272,1.80666749579301,0.0168109987154057,0.0164063436032313,0.0541213258771371,5.05734159311637,0.985926435736413,1.92740928162867,0.0275837303140585,0.0276381676973717,0.0983432541718421,5.02120554235892,0.998903724759766,2.02053471030124,0.0179394806650573,0.0187139702427647,0.0665739100719747,"SRS"
16,2000,0.35,35,2,0.25,4.96308697833768,1.01553203581358,2.0042019109882,0.0159757517164772,0.016231785490657,0.060948735835558,4.99715128679797,0.951601047716194,1.80962500182467,0.0167815677881101,0.0165681400344554,0.0544547299774156,4.96573690259741,0.992160309258999,2.01669414236383,0.026939782512034,0.0275231721674386,0.103702015906864,4.96741687025786,1.00825387317235,2.02326016759709,0.0180849474920082,0.0193315032039278,0.067372754197697,"SRS"
17,2000,0.35,35,2,0.25,4.99611535050967,0.979852105394323,2.05127391605841,0.0157828488980522,0.0160352420870657,0.0622586529179431,5.02340165234912,0.934163618683772,1.89269695607019,0.0164124282956963,0.0161842363016817,0.0569630627201096,5.00729080483,1.00292707208646,2.08650891498306,0.0264546333099212,0.0281597012984964,0.106914007301972,4.984204767023,1.00666832591553,2.11995873051747,0.0176463789249012,0.0194124411660779,0.0710597819673578,"SRS"
18,2000,0.35,35,2,0.25,5.01247318405967,0.990752058027172,1.92114916573978,0.0163005704885229,0.0165888168640757,0.0581031774424938,5.0359392361203,0.925689105862153,1.74364333772973,0.0170856440808506,0.0167828411016248,0.0522031813691642,5.00771608799146,0.992246158415787,1.96788522168942,0.0272269715937104,0.0276211851833142,0.100602671859411,5.00042390285249,0.994712056213238,1.930032411502,0.0183364334519698,0.0193502835405823,0.0635308104277716,"SRS"
19,2000,0.35,35,2,0.25,5.01179474948157,0.988515570363669,2.00368664788555,0.0159661896524198,0.0159648595207582,0.0608968360510683,5.04859252682749,0.923953143493864,1.80859911699901,0.0167803502375706,0.0161144504141007,0.0543633610701895,5.00093776398607,1.01436948740534,2.13122858339651,0.0262728441468565,0.0258400303272065,0.110159843047967,4.99916310195565,0.996756244173433,2.03922416680003,0.0178780792314574,0.0186964526835257,0.0678720215522357,"SRS"
20,2000,0.35,35,2,0.25,4.99121192482883,1.02576954317063,1.98231128256187,0.0160656463525655,0.0157538113249416,0.0600830846908977,5.03022689249579,0.95670236298538,1.76681787793002,0.0169827563589853,0.016056463308414,0.0529418398237312,5.00323346987631,1.00209419020032,1.88026010354465,0.0279203196392277,0.0272621597447874,0.0963337139879085,4.99583177576077,1.02215270868851,1.98701041659453,0.0181280719898958,0.0186009086717136,0.0657344246897421,"SRS"
21,2000,0.35,35,2,0.25,4.98693795720435,0.98961545001752,2.02082689305349,0.0159043277831528,0.0163656511094124,0.0611792672336682,5.00888538467647,0.94469930941377,1.87889609803477,0.0164748038674309,0.0165867478541229,0.0564813373102784,4.9759808714195,1.01424844353287,1.87192253320596,0.0279019962184208,0.0298915718061957,0.0954887817866688,4.98412173127641,1.01398737705128,2.09308733607231,0.0176979125886456,0.0193434848672023,0.0693041758647085,"SRS"
22,2000,0.35,35,2,0.25,5.0047856637134,1.01060743126103,1.92889301257298,0.0162719182120554,0.016474711194092,0.0585725574008345,5.02278780479587,0.953864524505895,1.75958993437454,0.0170195069374706,0.016616250783939,0.0528924274327744,4.98249512272336,0.995955913885774,2.16675271465102,0.025998734976051,0.0263619652561089,0.112143154044488,4.98638319129779,1.02385644327882,2.00220721612117,0.0182625446168149,0.0195214725873227,0.0675163055291719,"SRS"
23,2000,0.35,35,2,0.25,4.99832321124362,0.973490935347409,1.97216505516209,0.0161044746448767,0.0167145501061918,0.0597221382971237,5.03388035816216,0.908091696198257,1.79777627208062,0.0168370910709035,0.0168057999598825,0.0539233957195047,4.97912486285889,0.966475792322661,2.13200783577171,0.0262063041325572,0.026597886266408,0.109536326937882,4.99919513920795,0.975283219726401,2.01146523403796,0.0180861873696686,0.0195582309231721,0.066939605582948,"SRS"
24,2000,0.35,35,2,0.25,4.99151946136056,0.978287429930554,2.11006713278218,0.0155676884636752,0.0159218460626637,0.06422192219738,5.02632170518828,0.912876022053875,1.87293711090041,0.0164938372190681,0.0162963461428549,0.0563264396561071,5.01678957948171,0.958501463333149,2.08234342701154,0.026509666906644,0.0276634688856695,0.106793445689886,5.00233509525696,0.998719867965092,2.08556537113136,0.0177767476113551,0.0195482998076653,0.0692933576258523,"SRS"
25,2000,0.35,35,2,0.25,4.96081226343957,1.02667733878463,2.0414668620427,0.0158345219379156,0.0161283716812512,0.0621613378139984,4.99729946380922,0.97284340466814,1.80769098735989,0.0167938623812241,0.0167028761418374,0.054331103424666,4.9699873696255,1.00155272080093,2.17579411364144,0.0259260018255964,0.0265597413099861,0.112354426488222,4.96524186095953,1.02544585284906,2.06076688310685,0.0180060233172821,0.0190581366316767,0.0697360712734076,"SRS"
26,2000,0.35,35,2,0.25,4.973890232898,1.00008720154391,2.07381143679168,0.0157089290996078,0.0157389004791265,0.0632476909056554,5.00583569905369,0.947411470641766,1.84927226985849,0.0166055206935258,0.0161820365432873,0.0557210709195541,4.93677805678677,1.00744281447482,1.99504705386893,0.0270784244130601,0.0271575387481619,0.102247660185223,4.97633416542862,0.988855235414003,2.04521575585249,0.0179158013787073,0.0188031125564723,0.0681281732358411,"SRS"
27,2000,0.35,35,2,0.25,4.99056159071616,1.00533668605971,2.03921475554196,0.0158419457547552,0.0161452536604786,0.0619474058812565,5.02216455498358,0.938032646220573,1.8452660598767,0.0166241433329167,0.0163252255537462,0.0555128404151329,5.0143489258646,0.961170950199405,2.0944025655481,0.0264245938331352,0.0267536753162588,0.107066460211464,4.98668317692905,1.00218529885944,2.09877201307016,0.0177915023794367,0.0187468204403208,0.0705407625276471,"SRS"
28,2000,0.35,35,2,0.25,4.98919522532091,0.967959588101789,1.95331126732633,0.0161967124408137,0.0161755211582753,0.0590261008815568,5.03047478118684,0.894178707829233,1.75392166816153,0.0170543008133555,0.01639220076898,0.0524412283238421,5.00912257911244,0.967648413012073,1.79115272329078,0.0286521782218927,0.0278321652402647,0.0906370596891719,4.99249678052221,0.966095301638858,1.96383243477439,0.0181932238273741,0.019087517649224,0.0645623172428821,"SRS"
29,2000,0.35,35,2,0.25,5.01385500040916,0.965088283264931,2.06754601485485,0.0157303924318351,0.0158616613236518,0.0628551102271799,5.0518313611099,0.902475685941184,1.87141521957197,0.0165012124602722,0.0161591402080736,0.0563419570438465,5.01323457913616,0.978706158002403,1.98802219870063,0.0270902217800228,0.0269228618428648,0.102277171863518,5.0152314302188,0.960895886534835,2.07944456011869,0.0176002731270435,0.0184656130621508,0.0687011130045012,"SRS"
30,2000,0.35,35,2,0.25,4.99235358004409,1.00585255920446,2.02628958945502,0.0158956397551025,0.0160438714229446,0.0613149120820272,5.01559560068509,0.952402331761794,1.87401273555942,0.016507656530922,0.0160941331454862,0.0562648446854159,4.98848183215333,1.03376976887133,1.97714316512015,0.0272886572815469,0.0271143149991761,0.10071529314282,4.97568409465682,1.01286956173131,2.1258076626616,0.0178791309547004,0.018861441691446,0.071486804754173,"SRS"
31,2000,0.35,35,2,0.25,5.01104382590172,0.992912420610162,1.96356082754569,0.0161337112310524,0.0163416940459697,0.0597060644422726,5.04344633698586,0.928424162902794,1.76611974240232,0.0169844459900574,0.0165713766885403,0.053083012038055,4.99668944634485,1.00140876148751,1.95242068908318,0.0273451957924773,0.0273408904672469,0.0999951033841438,5.01048457621587,0.994076021832172,1.98049528832611,0.0182487291400165,0.0190870829223532,0.0660254262925325,"SRS"
32,2000,0.35,35,2,0.25,5.02720061391547,0.996666462720146,2.00846539673876,0.0159468067517675,0.0160679416787682,0.0610044192129917,5.05133999388769,0.944848586454872,1.82796971255596,0.0166940414703707,0.0163769724068151,0.0549646123186667,4.99684203612345,1.00384396102047,2.1424002074185,0.0261332145042361,0.0259289847445734,0.110475640657164,5.01991355253727,1.00087067661624,2.06981461050185,0.0179598043924649,0.0188306669973447,0.0697441203177405,"SRS"
33,2000,0.35,35,2,0.25,5.00668554260333,1.01318172271231,2.13943866490721,0.0154842929195193,0.0159905284803849,0.0651431819173662,5.05279960941416,0.948387260810713,1.91577927878252,0.0163198031967458,0.0163184176783866,0.0576914384758311,5.04359843413526,1.00185294908153,2.15967741173381,0.0260544290017017,0.0273883926336503,0.110844589241295,5.01672614100995,1.01434871867921,2.14890407611084,0.0175446949548056,0.0194685682322383,0.0717951961239163,"SRS"
34,2000,0.35,35,2,0.25,4.99350448382778,0.993863544540247,1.9341882977028,0.0162782790933472,0.0163756745679133,0.058274020977307,5.02828951717846,0.936556937449254,1.76976383281323,0.0169855671376713,0.0166023184087316,0.0528426539797999,4.99906613506604,1.02084098802327,1.95792766298782,0.0273650218909446,0.0276629182102012,0.0997015264218496,4.99307225980132,1.00243757065553,1.9900135458305,0.0182251499506415,0.0191280081515761,0.0656299690698389,"SRS"
35,2000,0.35,35,2,0.25,4.99912126573515,0.99839870293888,1.9921139040013,0.0160374472033174,0.0155312855552853,0.0603210774891374,5.0275840360841,0.943103623109022,1.79890346760021,0.016852094273985,0.015915983403518,0.0539095059599523,5.01609643101091,1.01840260809111,1.96691768345872,0.027253200919618,0.0267253746141969,0.100682172143163,5.0055384083257,1.00653483126239,2.02113934225248,0.0181099962352455,0.0186669617603446,0.0675019635466966,"SRS"
36,2000,0.35,35,2,0.25,5.00741446997141,1.0043769973494,2.01009196571152,0.01594767695165,0.0165050628733515,0.060805836213994,5.04642178708057,0.934905017390155,1.82106675034999,0.0167224980538332,0.0167002839110182,0.0545684070620333,5.00304410481154,1.01108154712025,1.9065632379497,0.0276562561401715,0.0284543329960834,0.0973106171110071,5.00613562489876,1.00214678946399,2.04204668498898,0.0179759923945445,0.0196098435623955,0.0679393012337915,"SRS"
37,2000,0.35,35,2,0.25,5.01876324757008,1.0096962558619,2.0625965435952,0.0157364483644321,0.0163856104332376,0.0628467630882889,5.04694817726951,0.954223211655412,1.83458659978155,0.0166583486831207,0.0168345474412386,0.0552090601000084,5.02572589443321,1.00625236246434,2.0982593254832,0.0263856234900646,0.0274204863511226,0.108365364301584,5.03554290984898,1.01785726196693,2.0973309437376,0.0177854191496796,0.0189268601728618,0.0707834965074353,"SRS"
38,2000,0.35,35,2,0.25,5.03782754641799,1.00094255178088,2.00998185206317,0.0159372709026611,0.0163886061894053,0.0607684312512658,5.07876621922638,0.935073741431391,1.80723351080969,0.0167772074687117,0.0167408637053666,0.0540873964575575,5.03635658058987,1.00255531364432,2.11333169836654,0.0263089322050312,0.0269896870403914,0.108476050168558,5.02766497314892,1.00286916720379,2.06235389130299,0.0180777960563292,0.0194121407864116,0.0693905825529847,"SRS"
39,2000,0.35,35,2,0.25,4.97734459180613,1.0098155281011,1.99893412047061,0.0160082628635191,0.0159708601651762,0.06056138333964,5.00247502489099,0.956060616201183,1.82876789011598,0.0167125157646601,0.0161539334663112,0.0549131371370036,4.96075638870983,1.01993452634156,1.86573899547205,0.0280836872974594,0.0281124124605225,0.0951908815044664,4.97459530620279,1.01478479265575,2.06003528310933,0.0180196227960641,0.0183804360346011,0.0687343374630117,"SRS"
40,2000,0.35,35,2,0.25,5.00797231290795,0.995748220403406,2.09723391718013,0.0156208259593834,0.015708474102365,0.0639189248572827,5.03372500867784,0.938586530453431,1.92739160448006,0.0162736842509921,0.0158360565631059,0.0582540169710713,5.04282998116244,0.994890921730541,2.10512503028928,0.0263794173949336,0.0264428507408097,0.108127457355284,5.00057987008402,0.9909408758211,2.15328892611226,0.0175130692759715,0.0186652443823974,0.0726392020739313,"SRS"
41,2000,0.35,35,2,0.25,5.01473891675638,1.0085830671261,2.07718275927891,0.0156975964285674,0.0156894670944738,0.0632567828062299,5.04558987258766,0.93693051565606,1.84839967152366,0.0166107198070758,0.0161186606481626,0.055655522181845,4.9895573912356,0.998287017618453,2.08912351668456,0.0264524011524525,0.0272134365984727,0.10760305762957,5.00641691652145,0.998321725604579,2.11028748402184,0.0177131822396789,0.0187283631941164,0.0706411011448398,"SRS"
42,2000,0.35,35,2,0.25,5.01714366558432,0.995001828339858,2.08827551284593,0.0156488659168066,0.0158034261070021,0.0636811741615892,5.05104047892015,0.93556407293392,1.91489774917211,0.0163164650561611,0.0158542352057269,0.0578716342894853,5.02071838881789,0.978851234509928,1.99474065665781,0.0270590136055734,0.0274596760522878,0.102341139777762,5.01259034287525,0.983160641626106,2.12897305893884,0.0175632489982724,0.018490575985645,0.0708833060933148,"SRS"
43,2000,0.35,35,2,0.25,4.98473104319094,1.00999383909929,2.02351178503625,0.0159047451772125,0.0158848906975256,0.0613644943734613,5.01638990119292,0.949365410356028,1.8071463938601,0.0168016522693537,0.0162426828596698,0.0541653325496651,4.97791637530248,1.02354033145793,1.98238044861904,0.0271583064118018,0.0278018476607928,0.101207183111141,4.96022890197248,1.00777232487592,2.07708862535187,0.01796681858774,0.0190424438284314,0.069618924499449,"SRS"
44,2000,0.35,35,2,0.25,4.99976991021075,0.998159654978744,1.91725049493678,0.0163152262504875,0.0165815898865436,0.0579507633197282,5.01415426565228,0.93249865008465,1.76335208775116,0.0169939419716305,0.0165591011031679,0.0528485635438647,5.00253125101761,1.01739165272045,1.87975259762237,0.0278562472424699,0.0275201380340768,0.0957992908462728,4.9882314963099,1.00716543482535,1.94912000319394,0.0181404116141852,0.0189808275821186,0.0638535255725267,"SRS"
45,2000,0.35,35,2,0.25,5.02961982485027,1.0099580032356,1.88396865536526,0.0164596336504415,0.0168215691322101,0.0568501281505076,5.06003089321914,0.949727145706148,1.73000696315996,0.017153049566973,0.0169817573554982,0.0517395019917249,5.01034762053687,0.98622013007608,1.94031149804844,0.0274252513281242,0.0286933285254566,0.0989454679624926,5.03254434188058,1.02413082028651,1.90510427706962,0.0186125765801621,0.0199460493635094,0.0632330276724125,"SRS"
46,2000,0.35,35,2,0.25,4.97616878923927,0.970032495081871,2.03853492469725,0.0158378998214877,0.0159085726807738,0.0619413823326887,5.00948200547863,0.905719123309088,1.8338778185866,0.0166676825880872,0.0162329878250288,0.0551320984396828,4.96828640902289,0.954662456916326,1.90616207276222,0.0276608646373393,0.0278055971635761,0.0974003875628935,4.9781701195668,0.960135494764582,2.0597971717687,0.0177921704252926,0.0184529028250317,0.0681776693186281,"SRS"
47,2000,0.35,35,2,0.25,5.01070597700743,0.999108853050402,1.92261287838706,0.0162904679591039,0.0169036939483343,0.0580247313620558,5.03441598714098,0.943969643715742,1.74514858257708,0.0170764200137435,0.0172005094077737,0.0521402473599834,5.02392455622942,0.996449304122765,1.9466834005601,0.0274104686156652,0.0283833265761909,0.099484572600111,5.01096475589137,1.00339973983061,1.9564281592687,0.0182968194463283,0.0199020966641628,0.0648773338552381,"SRS"
48,2000,0.35,35,2,0.25,4.99686073951103,1.01173290034464,2.10058746120293,0.0156052033628972,0.0159822957804117,0.0640819634496227,5.02999619810744,0.954694551776231,1.86626242141001,0.0165252461651911,0.0164162401644453,0.0562297834076223,4.98904807210771,1.00124950013218,1.93604649500749,0.0274519603753839,0.0278743022588971,0.0992175346870557,4.99782255828212,1.00728622387837,2.11320065145881,0.0177475529419689,0.0189288254510178,0.0706329599191334,"SRS"
49,2000,0.35,35,2,0.25,4.99704194071017,1.01207911225434,1.9751817164372,0.0160988206490339,0.0161013013809307,0.0599211616343026,5.02105991910581,0.955036074299788,1.78022641136162,0.0169368851629487,0.0163496087177107,0.0534277361396829,4.99954366389577,1.00848998134436,2.08938897212017,0.0264820182445711,0.0261904060996457,0.107645698227206,4.98872804022929,1.01576995056329,2.0344770965102,0.0181768012794276,0.0189968662458822,0.0684036469800195,"SRS"
50,2000,0.35,35,2,0.25,5.02319974559794,1.00244543977039,1.91285450992959,0.0163337910465798,0.016336322708416,0.0578051512011708,5.05000489530297,0.946778706642995,1.71816669868919,0.0172099525275075,0.0166500759077364,0.0513146200239786,5.03181744262357,1.02059505763368,1.85127550739433,0.0280629045414943,0.0275875075955421,0.0943430179866942,5.01723382631366,0.998557921676168,1.92024719913307,0.018572343025822,0.0193101383707135,0.0635204262778405,"SRS"
1,2000,0.35,35,2,0.25,5.00288857697388,0.97698101545886,2.05513452056353,0.0157702659315517,0.0155723516751449,0.0625928701812652,5.03865031826165,0.917863862743292,1.86395711868146,0.0165368716114356,0.0158516360859822,0.0562168350899709,5.02756810600614,0.982147878943436,1.85788879998414,0.0280322893123768,0.0274895078889971,0.0945815967675525,5.00214147111467,0.97850379720229,2.10987060653786,0.0176234748900026,0.0181687575986534,0.0703177042568048,"SRS"
2,2000,0.35,35,2,0.25,5.00226360734471,1.02496964420923,2.00702673240379,0.0159652382315272,0.0158116519225878,0.0608189396090763,5.0276951896344,0.964355645722012,1.82410259991426,0.0167222555742515,0.0159649641609585,0.0547365040269382,4.9998098451908,1.02493680377694,1.97737018680734,0.0272207040855132,0.0265010212926412,0.100733058229543,5.00325938387395,1.0263163708839,2.03240406865309,0.0182771800156245,0.0184489043015499,0.0680963704728337,"SRS"
3,2000,0.35,35,2,0.25,4.98026384364709,0.967853193183001,1.91209641245574,0.0163428130014728,0.0164990486215378,0.057864590484602,5.00195933852362,0.912024497052823,1.76089365083119,0.0170121506077898,0.0165705938908374,0.0528246390504583,4.99037710004897,0.966056302677932,1.84454293376603,0.0281189188690297,0.0297008207653441,0.0940964535361446,4.97596620844417,0.96854912653448,1.93134475757338,0.0182685065474315,0.0196459317340141,0.0635292243762599,"SRS"
4,2000,0.35,35,2,0.25,4.97292617307303,0.975173371373772,2.07437303972495,0.0156994742828014,0.0160910477954644,0.0630757469899957,4.99889853142624,0.91049112983997,1.87028135007648,0.0165080236687771,0.0162757144880412,0.0562711830620919,4.96501692583314,1.00126776359302,2.07710474232008,0.0265283318922627,0.0273484171080435,0.106434489493815,4.9670834610146,0.980407208477425,2.11278870790598,0.0178362633534268,0.0191158178215047,0.0711843651980442,"SRS"
5,2000,0.35,35,2,0.25,4.97229011811198,1.03406243628158,2.08263062483894,0.0156839045290672,0.0158125142981874,0.0635096638653676,4.99464903433847,0.975984103744558,1.88362246766661,0.0164668020470732,0.0160275607270771,0.0568100415428707,4.95140911265694,0.986728901566874,2.15171602737245,0.026136274992966,0.0262327185964485,0.111287513829835,4.9534853513124,1.02521255225575,2.14712501256093,0.0178002898820606,0.0186548874699992,0.0728778929584015,"SRS"
6,2000,0.35,35,2,0.25,4.99850377398402,0.994073561575166,1.98208853153792,0.0160532390884449,0.0161166321876097,0.0601539108591374,5.0350674879811,0.950771847327557,1.80227211392777,0.0168098821565426,0.0164980529929772,0.0541380951961736,5.00859394626122,0.987840238114033,1.88360114913913,0.0278262675275442,0.0275943192619356,0.0959481815296947,5.00026808357992,1.00999892682801,1.99749574777292,0.0179831025010272,0.0182323999580585,0.0658594421334803,"SRS"
7,2000,0.35,35,2,0.25,4.99910098873964,0.998769412823079,1.9643527135542,0.0161310548187706,0.0165957675628642,0.0595011899062246,5.0277065891047,0.937088696024864,1.79301633734855,0.016861591227444,0.0167656071106708,0.0538050863764809,4.98705587690586,0.976854331383963,1.95930778364401,0.0272760626998774,0.0300280909720745,0.100103068940865,4.98077381418889,1.00605122440504,2.01589668085592,0.0181146092755789,0.0198554966272312,0.0671407313864682,"SRS"
8,2000,0.35,35,2,0.25,4.95522203293593,0.994665839628451,1.9813667410231,0.0160606337894058,0.0165565970911112,0.0602616289964586,4.98392709469351,0.933399547321157,1.78550986079292,0.0168919200760679,0.0168771797577288,0.0537023745117525,4.93878121852032,1.00298312299476,1.96676574768962,0.0272546226498984,0.0282026356851622,0.101308670637037,4.944322778263,1.00863958850769,1.99645244637942,0.0180517236371848,0.0194846773460799,0.0663080685987699,"SRS"
9,2000,0.35,35,2,0.25,5.01342210278331,0.990427593801244,1.876551843347,0.0164990862123611,0.0163061383456686,0.0566603054448224,5.03915154696911,0.928985392174211,1.71903604382568,0.0172149754435121,0.0165245233555197,0.0514398505916306,4.97434812409272,1.0177942117503,1.95834760825564,0.0273668105874489,0.0271124824814677,0.100422088868867,4.9988052104557,1.00176879771396,1.90820011670105,0.0186202251066624,0.019092558700873,0.0632257814170589,"SRS"
10,2000,0.35,35,2,0.25,5.01749947937205,0.989748989468456,1.93794216325905,0.0162590100369246,0.0158757617847273,0.0585376450927042,5.04647392651043,0.936793840425025,1.80058653565911,0.0168415838749832,0.0159428551895497,0.0539892872848816,4.98750985175067,0.979644348460962,2.03850139116366,0.0267761153043598,0.025917751461722,0.104395616979494,5.00837354696632,0.984052358151124,1.99901017165956,0.0182029527277289,0.0181695815380063,0.066523044157705,"SRS"
11,2000,0.35,35,2,0.25,5.01767269357342,1.00836227445014,2.02720056774366,0.0158730564481367,0.0162539580634122,0.0616082259396867,5.03987704112706,0.967494654937941,1.89223230289463,0.016411487054001,0.0164170668891082,0.0570856071468852,5.020142596948,0.980476805354947,2.08321292145027,0.0264858153670989,0.0271212856617466,0.106986723720582,5.01602699304831,1.02870585215207,2.09579344876501,0.0177102164721257,0.0187510015736654,0.0699135095764247,"SRS"
12,2000,0.35,35,2,0.25,4.97294908099211,0.990525604911367,1.92174985237948,0.0163077929092758,0.0161945973491169,0.0582015653990963,5.00093638262128,0.929598545514346,1.76428265188745,0.0169949913276063,0.0163477705075708,0.0529660352387768,4.98054427486426,0.995594500500225,1.87368066226311,0.0279025952032945,0.0279731860609095,0.0956636744029617,4.97298209263258,0.994802845562218,1.95653645689771,0.0182409828036815,0.0190461394302905,0.0646397467773452,"SRS"
13,2000,0.35,35,2,0.25,5.01401955277566,0.995802687148361,2.03187843182829,0.0158742885625889,0.0159193088860864,0.061749277502344,5.04607374647676,0.936300455520131,1.87779894709321,0.01648376023537,0.0159512574248763,0.0566093376832747,5.00684060700398,0.982851081251242,1.92128206054116,0.0275463774445905,0.0275897316514332,0.0989071318640814,5.01480817831535,1.00762848763187,2.08506741512991,0.0178446833850638,0.0187633609636113,0.0694144261489314,"SRS"
14,2000,0.35,35,2,0.25,5.00444759071255,0.986595381230517,2.10171791417565,0.0155944659397976,0.0160325183237382,0.0640014377053598,5.04300453198985,0.914904030057044,1.87937915416713,0.0164608178631325,0.0163703859966191,0.0565926413757968,4.99310130234643,0.9966152356359,1.9936966209912,0.0270606834112997,0.0274747290938748,0.10285704925501,5.00081948121981,0.977663825290642,2.0747648835213,0.0177685322923555,0.0192685955737981,0.068844873744363,"SRS"
15,2000,0.35,35,2,0.25,4.99383217399416,1.00599553234075,2.02148996889955,0.0159051363098448,0.0158849133974039,0.0614379685083699,5.03241868525388,0.945860165599126,1.81763249251892,0.0167422263325575,0.0161447088158432,0.0546398773253536,4.97165542446118,1.00205381808431,2.10564838378699,0.0263800909894384,0.0262744199386403,0.108666353674156,4.99197874398214,1.00952195394989,2.0795545155698,0.0179113024721298,0.0183853560837182,0.0695401698028783,"SRS"
16,2000,0.35,35,2,0.25,5.0089293222459,1.0290256685449,2.11470417891967,0.0155576177301876,0.0158826255280936,0.0644879640720957,5.05035811980194,0.965137102987381,1.85645185823153,0.0165744481882571,0.0163238921795886,0.0558509547736103,4.98376830905759,0.974116649935711,2.02445692610832,0.0268593709287089,0.0273410532980085,0.103636474704847,5.00658819899333,1.01853098719503,2.0987929683741,0.0178081699121007,0.0186753429335532,0.0701403517415889,"SRS"
17,2000,0.35,35,2,0.25,4.96487290269895,0.97496084759139,2.03998504047887,0.0158360515144841,0.0156965103391455,0.0619337182366482,4.99130106202998,0.923369313196894,1.83701028372521,0.016663334832904,0.0160914687370148,0.0551719754410204,4.94772085693406,1.00162282299519,1.99524170889459,0.0270798086099171,0.0275262604279642,0.10213866521901,4.96248007586023,0.994536017781356,2.07718720047457,0.0178449526797136,0.0189318883798227,0.0693647980383181,"SRS"
18,2000,0.35,35,2,0.25,5.00612915282618,0.997085296057165,1.90357023846004,0.0164017421715307,0.0167315379348794,0.057342947722075,5.02869612995995,0.94178066979153,1.77306090063568,0.0169769116539495,0.0166890039625736,0.053026992139032,4.983142978959,1.0023171449802,1.8908841487049,0.0280245870121318,0.0284785411525996,0.0959004790395267,4.97995433325968,1.01729062518041,1.97672363815067,0.0184731661689243,0.0199918831391927,0.0655984236854668,"SRS"
19,2000,0.35,35,2,0.25,5.00052060981046,0.982294101544976,1.98331042045703,0.0160585362548843,0.0157807081918181,0.0604098674595276,5.0293322151149,0.929650207579184,1.78337895568232,0.0169076101391662,0.0162347894834347,0.053701143564945,4.99709530984716,0.994928356066636,1.8789012355662,0.0278795164857955,0.0267730043410117,0.0963023367570627,5.00552551869966,0.992357793537664,2.00061590024272,0.0182294061617944,0.0185798997859273,0.0669137812423255,"SRS"
20,2000,0.35,35,2,0.25,5.00209732661729,0.985204104138415,2.07235738656885,0.0157117527768443,0.0157046610412067,0.0629733251647592,5.03484955023677,0.930930933138903,1.85989316932098,0.0165547134229421,0.0160996151701963,0.0559007107721456,5.02837517946825,1.00438973698783,2.03900146759497,0.0267704809833155,0.0268350073899632,0.104388499896381,5.00381885108833,1.00148257921207,2.06803945483521,0.0177428262410598,0.0182098872859029,0.0685415677474039,"SRS"
21,2000,0.35,35,2,0.25,5.00679221049129,0.983036945442176,1.97942281969421,0.0160850256868271,0.0167078952316288,0.0599665368172494,5.04581594214847,0.927168000179062,1.81904884074987,0.0167438061105564,0.0168537656576676,0.0546160708803786,4.98116456670432,0.947213031680529,2.00590251028254,0.0269737167841158,0.0275112161132339,0.10279484940708,5.00029707053373,0.987571191395688,2.0022640800282,0.0181392158417347,0.0192090531394617,0.0663383897626122,"SRS"
22,2000,0.35,35,2,0.25,4.99841240617081,1.04295713705477,2.02219608914379,0.0159066684236733,0.0161940514631877,0.0615417720792238,5.0287835736459,0.987354405686505,1.85647147070776,0.0165754402727427,0.0164150904298328,0.0560097655569721,5.02758843515034,1.01508081584612,2.00013064594164,0.0270147892021092,0.0273599998642077,0.102645611485962,4.99670687733578,1.04687195077623,2.07418138177376,0.0178121083971028,0.0192385833317863,0.0692801359654262,"SRS"
23,2000,0.35,35,2,0.25,4.99534676830937,0.996126115577044,2.01793850212107,0.0159172491550126,0.016044603753142,0.0614334973940657,5.01892103717188,0.935273893642826,1.82474162415383,0.0167166293694752,0.0162710354905806,0.0549468438997381,5.0311206754708,0.997036957483764,1.98703010948812,0.0271122983411071,0.0274643176048343,0.101617475840609,5.00862683330776,0.998431287727566,2.04345202008944,0.0178548323009429,0.0185626625845372,0.0678281763403211,"SRS"
24,2000,0.35,35,2,0.25,4.97723148262694,0.99072611459145,2.02385570903621,0.0159000906772992,0.0156094717807832,0.0616556642692762,5.00044129237481,0.944178506457149,1.84501224556945,0.0166280075553471,0.0159118828810072,0.0556510783000998,4.97289250686953,0.992253035014023,1.97816029311322,0.027177042362916,0.026762228196637,0.101565129512146,4.97125663149954,0.990899269293755,2.05744630692454,0.0178078257744128,0.0187026137101945,0.0683957642333935,"SRS"
25,2000,0.35,35,2,0.25,4.98413143772074,1.01199190597599,1.99716142115047,0.0159976051570841,0.016214734701241,0.060482802123533,5.01630774788865,0.949044821965624,1.79946573358168,0.0168264489510262,0.0164303679602182,0.0539193804437271,5.01260807701901,1.03465279272969,2.0575025585238,0.0266528841848257,0.026568827774565,0.105613866199784,4.98082459236835,1.01902073961131,2.07024836824714,0.0179174441964498,0.0185702847743245,0.069557031618254,"SRS"
26,2000,0.35,35,2,0.25,5.00199678269184,1.01282873873097,2.02657357280023,0.0158770273791027,0.016340674329699,0.0613741238370669,5.04000181889746,0.949896761104187,1.79521344633108,0.0168386204556187,0.0167598410595198,0.0536921299838999,4.98245345210569,1.0139023845662,1.87866137054823,0.0278477178935241,0.0291331482570337,0.0955131107928969,4.99344496823464,1.02905273352868,2.04014084186789,0.0181424237711484,0.0197274233955048,0.0682743225995362,"SRS"
27,2000,0.35,35,2,0.25,5.0000763090429,1.0175799730673,2.16007802223963,0.0153927563604072,0.0157506073933523,0.0660564301102576,5.01967166447921,0.959686741723384,1.97817029554156,0.0160643493826495,0.015870790200497,0.0599418379769556,4.97223196041343,1.02241642298101,2.1247950237797,0.0262693934187199,0.0271242174870131,0.109896372644967,5.00119797527076,1.03585515391001,2.22920571326039,0.0174183310765819,0.018425634626131,0.0755731043758746,"SRS"
28,2000,0.35,35,2,0.25,4.99722908519264,1.00099351222776,1.89060216179525,0.0164339097894534,0.0167449307712792,0.0571689372758573,5.03390333712201,0.936939743459918,1.71562486243301,0.0172231143262169,0.0168900096945927,0.0513545820196919,4.9868506720628,1.01143263503094,1.79430034964223,0.0285201991967231,0.0292171930699427,0.0912325563049143,5.00177820442964,1.00107395581474,1.91213518070987,0.0185848968892849,0.0198385488963073,0.0634014103365772,"SRS"
29,2000,0.35,35,2,0.25,5.00731500811587,1.01088477518614,1.93430781932983,0.0162439688332276,0.0165853690760153,0.0585868769680786,5.04920870635688,0.957933961101333,1.74184138747148,0.0170899444192379,0.0169955521383264,0.0521612182430875,5.02154112595273,1.02239839278417,2.03539561752647,0.0267806313948529,0.0270461693499721,0.104292196118348,4.98040868571003,1.00349013738344,1.96301550255129,0.0182083947332759,0.0192291556667959,0.0649969259078244,"SRS"
30,2000,0.35,35,2,0.25,4.98218053344035,1.02136203683203,2.03067514306949,0.0158705833764295,0.0166668081961949,0.0616749001027226,5.01818455822453,0.949174694337018,1.8305614650885,0.016684384862794,0.0168250389551289,0.0550311227549408,4.98638913820652,1.05132270986089,1.90825847188195,0.0276907944187641,0.0296977656994263,0.0972228432939942,4.9819083641193,1.02788507475944,2.03672388902317,0.0179655640935732,0.019963141781672,0.0677228222159874,"SRS"
31,2000,0.35,35,2,0.25,4.9769169337429,0.991790269157933,1.93299305942515,0.0162595355653601,0.0166125325441078,0.0585907705468492,5.0088587804664,0.944579643410223,1.76620527239027,0.0169900984432935,0.0169200325141082,0.0530143805631577,4.91282101058346,0.977281457658019,2.03099338088547,0.0269466642216588,0.0267569055710232,0.105521106167308,4.95521426881749,0.99226921573447,2.02016790291264,0.0181583693613862,0.0192627761502053,0.0675787856565031,"SRS"
32,2000,0.35,35,2,0.25,5.0125201095658,0.992408996825548,2.04897795317729,0.015792658809944,0.0158750483225008,0.0624157620163956,5.03157651603513,0.940302850251358,1.85766536451601,0.0165625983485607,0.0162440265924357,0.0560189614098696,5.05974969785552,0.99084063836183,1.93447126341404,0.0274388907194123,0.0284203600485672,0.0988791519686434,5.02493581240341,1.00379383505029,2.08131328245374,0.0176304279514163,0.0188199029452681,0.0692832006184818,"SRS"
33,2000,0.35,35,2,0.25,4.9797908835682,0.987482132345005,2.0060605027842,0.0159617460463823,0.0161119721168993,0.0610547506617687,5.00913782572401,0.930723689774994,1.85895670672504,0.0165585727789122,0.0162221378047748,0.0561429649626138,4.93975425435314,0.994748983231405,2.03983685016227,0.0267874286607067,0.0264420549333687,0.104729710635484,4.97364629928286,0.996528529338226,2.04230949548809,0.0179610839740601,0.0192969639113033,0.0681219057437225,"SRS"
34,2000,0.35,35,2,0.25,5.01687786731751,1.0030199111201,1.9738520061854,0.0160890663384585,0.016092564189237,0.0598351844287502,5.04825447140527,0.947374919904309,1.78762907218058,0.0168783270447951,0.0165232499565701,0.0536533078497667,5.00705067944107,1.02309956856693,1.90638377066126,0.0276556796243268,0.0291170689437432,0.0976436616851742,5.01322406733725,1.02457112912375,2.02231687802811,0.0180409872261556,0.0192409941615002,0.0671640918958078,"SRS"
35,2000,0.35,35,2,0.25,5.00430744453169,0.987358846746674,1.90846537061133,0.0163526399535911,0.0164579016179317,0.0577726279675028,5.0355901274435,0.923154112623968,1.73440728487434,0.0171299259202126,0.0166128414903832,0.0519715315166498,5.02745468441013,1.02475509568144,1.78195135485534,0.0286110131083977,0.0280877266185429,0.0908828092333422,5.00251190584797,0.991006149435124,1.9351697134167,0.0182788136962592,0.0192590082342791,0.0636629173147091,"SRS"
36,2000,0.35,35,2,0.25,4.97904027594265,0.997933634544445,1.93851486468351,0.0162428008658342,0.0162078994649259,0.0585746079093804,5.00353521483785,0.935072854501385,1.74538429147857,0.0170982083234669,0.0164313517461887,0.052159533421567,4.93958899197302,1.02438537375269,2.06001391198206,0.0266701698485129,0.0259165479386372,0.105835561471866,4.97534615710627,1.00574124853356,1.96496513428917,0.0184705428391023,0.0192832041148825,0.0655781783901683,"SRS"
37,2000,0.35,35,2,0.25,4.98829971005815,1.00351424996022,2.00912951668884,0.0159503607161577,0.0160974592261391,0.0609606923296558,5.0213194415216,0.932878592133361,1.81994916898472,0.016734515680913,0.0161848649146449,0.0546649536372729,4.99338071929864,1.05247916380218,1.91987843818223,0.0275796535780198,0.028358881234984,0.098185826977131,4.98428469373279,1.0135365584029,2.04467125431155,0.0179972397900403,0.0191721472280419,0.0679091159973007,"SRS"
38,2000,0.35,35,2,0.25,4.97443581115786,0.979974513291944,1.9574121848355,0.0161556452276803,0.0163220502287116,0.0592672736081134,5.00781566611399,0.917460569014199,1.76949739385393,0.0169637506181305,0.0166110290648947,0.0530147240380243,4.94056784859593,1.03323942847207,1.99864365944716,0.0270901331942236,0.0273121056173425,0.102347671559944,4.96890185595212,0.989603706083154,1.99380213189245,0.0183564487907577,0.0193406451429248,0.0665967738924512,"SRS"
39,2000,0.35,35,2,0.25,5.03123260943389,0.990382480485975,2.02493886154721,0.0158907896262477,0.0157328160813513,0.0615153312373016,5.05865827121839,0.940502476597664,1.87191884046946,0.0165050609887029,0.0158669377536676,0.0564087019190388,5.01072585059757,1.00316220972091,2.0717822919939,0.0265962071461766,0.0260654607706934,0.106364759294571,5.01844596543998,0.994758141638631,2.06385160655486,0.0178665472155016,0.0185985300162111,0.0687535599861172,"SRS"
40,2000,0.35,35,2,0.25,4.98315532229108,0.974668346972528,1.95560555994291,0.0161577231391755,0.0162767202777905,0.059305276696728,5.00897854549402,0.920499331304357,1.80126477138644,0.0168151673449222,0.0164351965060323,0.0541656143935594,4.98609753451934,0.993140472133254,1.96169209312827,0.0272742855894779,0.0277327333804018,0.100501422748437,4.96992899529119,0.976060323286939,2.02788182388731,0.0180329949764058,0.0191478435847281,0.0676793883216942,"SRS"
41,2000,0.35,35,2,0.25,4.99326366924918,1.00298036702382,1.98394366004876,0.0160462957645412,0.0165113450906723,0.0601760591986952,5.03517209032248,0.934131062611601,1.77933694821929,0.0169135815819833,0.0167899100312728,0.0533841203725686,4.96461871979102,1.02845017031232,2.0579049254924,0.0266586698210461,0.0277367906981867,0.106071869593803,4.98528433970015,1.00779534428208,2.00800284787152,0.0182281550653404,0.0201997936791068,0.0675117023299924,"SRS"
42,2000,0.35,35,2,0.25,5.00560383002756,1.00275726668417,1.98161192788199,0.0160633108958791,0.0157406651966654,0.0600905734800408,5.04123816077546,0.953651130361023,1.79640180673656,0.016843390269921,0.016060692576436,0.0539105820451694,5.03553241539117,1.01057531461225,2.06814314736818,0.0265955574632541,0.026275511560019,0.10631876980987,5.00628931819982,1.01749313177658,2.05363925962204,0.0180223289136,0.0187285858773431,0.0690872704803713,"SRS"
43,2000,0.35,35,2,0.25,5.01120533337774,1.00548827798603,2.07097579109336,0.0157174755408866,0.0159273863222802,0.0630785185235909,5.03680799405131,0.95160575656693,1.87230817460721,0.0165064445150917,0.0161914703924535,0.056396256924493,5.01945651455358,0.97241490233026,2.1270682113706,0.0262174787370324,0.0263495835824406,0.109314802222462,4.99539557118825,1.00608066127841,2.11906854668931,0.0176487572522652,0.0185124537880145,0.0708347066125392,"SRS"
44,2000,0.35,35,2,0.25,5.01440718392627,1.00153516715867,2.00095695706299,0.0160055288053149,0.0164033726595567,0.060636720162339,5.03493066841426,0.948907968816419,1.82796006492329,0.0167287226220351,0.0166337480040101,0.0548892353577036,5.00430061438223,0.970827288845469,1.94926495732153,0.0275104516360496,0.0270911407258941,0.10005330778164,5.01011310348609,0.998851857370728,2.02940013098415,0.018061127776175,0.0191055217843519,0.0673618654563406,"SRS"
45,2000,0.35,35,2,0.25,4.96887719646682,0.996647023716422,1.99944578849247,0.0159900384015886,0.0164494060757805,0.0606054420041059,4.99179699159048,0.941715022099733,1.82802191272897,0.0167010564357156,0.0166085843432342,0.0548828460994041,4.98311749053061,0.983224218960673,1.98393047764715,0.0271118049575469,0.0281794833743801,0.101202198874331,4.96302452535299,1.00682153689082,2.02557376245987,0.0179241230354124,0.0191190652746686,0.0669203308733443,"SRS"
46,2000,0.35,35,2,0.25,5.00509327205636,0.988150371614955,2.09007183427751,0.0156411172210584,0.0158594340378939,0.0636421483933111,5.03609558211347,0.927688597485466,1.90609005352405,0.0163540398026272,0.0158630453387613,0.0574659567541781,5.0390279264044,0.973939731975935,2.07031029872577,0.026590566207912,0.0264369824317928,0.107054678003227,5.0074976269353,0.985219085400688,2.1173662745222,0.0175934253843959,0.0181608107403008,0.0705185940139017,"SRS"
47,2000,0.35,35,2,0.25,5.00713768121409,1.01371429922791,1.99206135529379,0.0160242942951666,0.01561797964909,0.0603423017093696,5.03998335567412,0.95853425923507,1.81618824509863,0.0167533421046291,0.0159274124871364,0.0545174564715948,5.01870527677823,0.989194426756949,1.94520065548533,0.0273891921298035,0.0266712191623246,0.0993966967990913,5.00232961992521,1.01160226398572,2.05285304023859,0.0181127473338775,0.0185526103620855,0.0687892529335845,"SRS"
48,2000,0.35,35,2,0.25,4.98976819571859,0.979661543560683,1.91090261166387,0.0163646979725348,0.0164745583250829,0.057902242648598,5.00997608177163,0.918400917139752,1.74803433232254,0.0170842772910763,0.0166353029341683,0.0524640030187642,4.96076389160223,0.986607071842337,1.89195496646547,0.0278505225832667,0.0279701546199437,0.0970955202524211,4.9885640556909,0.988638539513424,1.98269075871433,0.0182516605686945,0.0196281630911681,0.066247845731445,"SRS"
49,2000,0.35,35,2,0.25,5.02935172113944,0.985484533227541,2.08564790756897,0.0156501961581771,0.0158488912441918,0.0635215836458635,5.06362749048087,0.936273522852589,1.89066806330531,0.0164129671330773,0.0162698236557062,0.0570091057009613,5.01342004877772,0.999697915590282,2.08245073522366,0.0264843598611231,0.0265784556981669,0.106884301193117,5.0250902141376,0.990737872721915,2.10191970459029,0.0176060174341261,0.0187813464426544,0.0698895698575718,"SRS"
50,2000,0.35,35,2,0.25,4.99114963165692,0.977257273328965,2.02837287071933,0.0158906287438762,0.0160157891199847,0.0614017779623302,5.02172249906596,0.92607272447512,1.83663833027138,0.0166721856346358,0.0163792512261824,0.0550471250896803,4.97495064261104,0.956580397836459,1.94838969703096,0.0273782251100274,0.0274428260706447,0.0994948679910436,4.97797171144417,0.979807336363874,2.03508336593674,0.01804417608405,0.0188622073066958,0.0677169366460553,"SRS"
1,2000,0.35,35,2,0.25,4.99136151113857,1.01456199135565,2.0299606751932,0.015877544683857,0.015834576574638,0.0616084801480618,5.02371754068301,0.961772960790662,1.84050584915412,0.0166461177622676,0.0160653620367278,0.055293782308417,4.99366613102308,1.02261473546691,2.08257021066331,0.0265049164971962,0.026524379514883,0.106862855868625,4.9903836424269,1.02279726869103,2.06335472180702,0.0179201420145255,0.0188064931971422,0.0690257684028679,"SRS"
2,2000,0.35,35,2,0.25,5.00264958697291,1.00471206874682,2.03119869620319,0.0158693686705584,0.0160867329185431,0.0617886967796434,5.03329352896884,0.947511555499782,1.84039783622325,0.0166444216571171,0.0163993780416445,0.0554222392104834,5.03394424624069,0.999056159538007,2.06325587799445,0.0266281815923857,0.0275668390363582,0.106548950235366,4.98733606202667,1.00667297321216,2.07033314706452,0.0177227207162525,0.0193646600837843,0.0689530613692456,"SRS"
3,2000,0.35,35,2,0.25,4.97209793396186,0.990650256789186,2.06380827640765,0.0157479723991025,0.0158000384179772,0.06280276748197,4.98884384432381,0.951675530361936,1.93065616786465,0.016264893593635,0.015916408329785,0.0583590879039446,4.96325191623917,0.979885012106812,1.87952193035302,0.0278615922741126,0.0287441767022152,0.0961280808834644,4.97016456015856,0.992161206174508,2.09910260719356,0.0176818811255751,0.018922758018245,0.0695904432075994,"SRS"
4,2000,0.35,35,2,0.25,5.00950863124692,0.987330279488219,1.88444435466082,0.0164569874245456,0.0166687786271054,0.0569469199267524,5.04532667552443,0.926687112224102,1.72403771082107,0.0171791609189883,0.0168094021154973,0.0516109268558809,5.04911815351478,1.00569918299866,1.95316950201046,0.0273557186828639,0.0274402970030608,0.100045972899784,5.00942099429639,0.998689264909635,1.89491919719132,0.0183195025299667,0.0197435591392947,0.0622139929845233,"SRS"
5,2000,0.35,35,2,0.25,5.00879857192203,1.00043951187151,1.93567928440084,0.0162646732248432,0.0161620493064341,0.0587016542407141,5.03252365702537,0.949708334261355,1.73544605726511,0.0171608291592451,0.0166440307359932,0.0520112040390096,5.02120087616407,0.995773713191441,1.93681564055529,0.0275204428321999,0.0269762942101892,0.099462299006643,5.00767587712649,0.984777260707972,1.91909291656168,0.0185334111026914,0.0191351971893052,0.0636993897754968,"SRS"
6,2000,0.35,35,2,0.25,4.99268630764528,0.995248554947595,2.08008807406786,0.0157077193569971,0.0157363467659864,0.0633274321332312,5.02447934353543,0.937801410652343,1.86433157834023,0.0165622432288116,0.0161194506952955,0.0561316956321998,5.03041451826801,0.990971363678943,2.28760359778863,0.0253174451807595,0.0260338872925748,0.118364181948812,4.98580076986278,1.00212816914598,2.14604610867724,0.0176682911423154,0.0189879161926049,0.0730446112651952,"SRS"
7,2000,0.35,35,2,0.25,4.98607348519275,1.00836615638962,2.00908024248138,0.0159522059584732,0.0163533409993367,0.0610715562114882,5.01079202758926,0.949304406158093,1.82344192526272,0.0167197174804248,0.0166024934594854,0.0548672337488513,4.98024780411532,1.00621119198848,2.08767675642526,0.0265028699678534,0.0264508829743381,0.107754791702759,4.97675819628835,1.01868991003147,2.05811982103858,0.0181486550515818,0.018664805398393,0.0698338429220774,"SRS"
8,2000,0.35,35,2,0.25,5.0066288421194,0.984220934398427,2.00887490248647,0.0159502342861971,0.0157290139379701,0.0610230484372116,5.03378575487603,0.930740783829992,1.81825296463551,0.0167397512473017,0.0160832420106614,0.0546657641417834,5.04276470562912,1.01948651190817,1.96241041945545,0.027276684925932,0.0268702995650148,0.100350679832917,5.00457024733397,0.973309511199793,2.0057588866833,0.0178974094329961,0.0186420669287122,0.0661760804612097,"SRS"
9,2000,0.35,35,2,0.25,5.0283839816452,1.01276926894005,1.96129047052076,0.0161342628134402,0.0165125872082671,0.0594169548960887,5.06238797446707,0.947650913150546,1.75988203444252,0.0170053982390278,0.0167776151242055,0.0527103321797788,5.05038214523103,0.962671481754016,1.90527835544406,0.0277206049932522,0.0270643678404296,0.0971761049581898,5.03425684616108,1.00742579194575,1.9934167795628,0.01826878753541,0.0192185161608943,0.0664766657945943,"SRS"
10,2000,0.35,35,2,0.25,5.01205752412987,0.965668814889395,2.02687626434355,0.0158727911903631,0.015844554983804,0.0613743573689554,5.04405030546503,0.897329338539811,1.81388364573426,0.016751907691236,0.0160945421054298,0.054300134397698,4.9910808340091,0.978248443219116,2.00114422429416,0.027064719366743,0.0265573182558004,0.102670117204942,5.00004928731369,0.961964430558982,2.03342311477392,0.0180835390952429,0.0183699087016711,0.0679296039616284,"SRS"
11,2000,0.35,35,2,0.25,4.99972536315468,1.02305915757244,1.9358341641896,0.0162439153174904,0.0164130355730386,0.0586345361586077,5.02736519543963,0.966793281161182,1.76578466389209,0.0169846577589653,0.0166171041879136,0.0529544933670194,4.99709342997486,1.05152248179233,2.0013701891974,0.027028329039834,0.0273569011387401,0.102654911710054,4.99324617883293,1.04259567036091,1.99977244289036,0.0182275509949146,0.0194839420985854,0.0671512769779456,"SRS"
12,2000,0.35,35,2,0.25,4.98306478081663,0.983372594522142,2.09954841491385,0.0156156496881273,0.0155275316926263,0.0639440782182663,5.01224025911818,0.931283578748044,1.92756634511714,0.0162708370653845,0.0157116608249135,0.0582119142497722,4.98891208336885,0.970223053930924,2.08995646342878,0.0264445740069607,0.0261109614047803,0.10742709485698,4.98362628813499,0.975653988718466,2.15930334289778,0.0174792490029678,0.018571661008021,0.0728082986519122,"SRS"
13,2000,0.35,35,2,0.25,5.01154828508698,0.983313051803914,1.97093483861317,0.0161013453277502,0.0163730696536648,0.05979390663728,5.04791571014648,0.925552927142917,1.78728629974036,0.0168894452698447,0.0166447200851275,0.0536557556772468,5.01111744379222,1.01795673185353,2.05994661020804,0.0267189179852998,0.0274972268545543,0.106054564069139,5.00976850994801,0.988237508991357,1.99434413138726,0.0181403835990238,0.0194202857125943,0.0666372615837047,"SRS"
14,2000,0.35,35,2,0.25,4.99002340675935,0.998625975596153,1.9935399765062,0.0160250321475567,0.0162995222858435,0.0605798004066072,5.02291215343646,0.939830104360964,1.81025522120635,0.0167958195103553,0.0165392549597475,0.0544546221970285,5.00685001286094,0.975045487639502,1.86840680661213,0.0280740994607083,0.0282552588638341,0.0956336561922343,4.99400854960149,0.991721309404656,1.99441405753628,0.0181153872900906,0.019065630360543,0.0661664180102299,"SRS"
15,2000,0.35,35,2,0.25,4.96610851077075,0.996860900981173,1.92305176919867,0.0163119411449414,0.0166778046950842,0.0581372454374525,5.00926766141678,0.948507339905553,1.75051610788044,0.0170612737342415,0.0170338167434724,0.0524099611546835,4.97824253886457,1.01704932038845,1.8483223354863,0.0281314551257278,0.0287541644237739,0.0939398712875435,4.962242269627,1.00633010530785,1.93606055626112,0.0183285108782828,0.0193818049694352,0.0636940986918474,"SRS"
16,2000,0.35,35,2,0.25,5.01184928306322,0.992933074550663,2.05413412531912,0.0157801809164549,0.0158374417000366,0.0624236556666616,5.03604771294826,0.92672216044744,1.87456674475329,0.0164948670676027,0.0160138911294517,0.0564678768941815,4.98492601984406,0.996332117111728,2.07982622513092,0.0265397206999029,0.026365998465441,0.10707452724008,4.99547864821219,0.986124787472864,2.09572311301898,0.0177023321873591,0.018542070453804,0.0699526697733494,"SRS"
17,2000,0.35,35,2,0.25,5.03560274360278,0.995477229189002,1.92577752268364,0.0162765155950804,0.0164813408587707,0.0583102282480411,5.06915891912255,0.939281982388964,1.74029922646645,0.0170960737991971,0.0167953280937517,0.0521239016197844,5.02350414012157,1.01833640508011,2.010045555074,0.0269526827627244,0.0274557592221539,0.103268052472963,5.02709764005418,1.01710991628336,1.94702421239777,0.0182848411385822,0.0193752725160093,0.0645641479039898,"SRS"
18,2000,0.35,35,2,0.25,5.00196697307693,1.00907319060866,2.02487082827415,0.0158935757475786,0.0155751285510256,0.0614566491162238,5.03754330084893,0.957182117903568,1.81325116057379,0.0167660324908794,0.0160300721525719,0.054412191111169,5.00294167066823,0.97594686204657,2.04589235428085,0.0267123316727829,0.0269653465596848,0.104576634956283,5.00384402913486,1.01385000417492,2.0628455003324,0.017999535907719,0.0185602673747215,0.0690328384586228,"SRS"
19,2000,0.35,35,2,0.25,4.99023971175127,0.971400927477086,2.01608760623483,0.0159158147129792,0.0160967223889886,0.0611624421451523,5.02479885263677,0.910757311761551,1.81100755170526,0.0167651019014886,0.016508091931405,0.0543433763076479,4.97283319545821,0.981536661525778,2.10983915028684,0.0263211958286764,0.0264183096415601,0.108629828964893,4.98503908446407,0.981007934424915,2.04130218151262,0.0179219435764109,0.0190123447332161,0.0681957205286631,"SRS"
20,2000,0.35,35,2,0.25,5.00802161854834,0.971305010663904,1.98070800234079,0.0160713528746626,0.0159605330794725,0.0600983464094894,5.04256818940949,0.91881106363399,1.81595740018704,0.0167554409608338,0.0162101422581462,0.0546109273048287,5.01079693027975,0.947004554103939,1.95842377326691,0.027312564669344,0.0276961499076742,0.100300184497911,5.00249092823879,0.982938621935416,2.00763650180029,0.0180718885808877,0.0190049143484395,0.0666250404954507,"SRS"
21,2000,0.35,35,2,0.25,5.00466297751651,0.99067226712969,2.07701800560946,0.0156860699697783,0.0160948828681787,0.063059545153387,5.03283053300212,0.928966843686367,1.87987511626569,0.0164635265004633,0.016332439033756,0.0565037420725301,5.02805752308079,1.02091930646197,2.13616067524244,0.0261649762139247,0.0257413211063311,0.10984523536227,4.99305100931785,0.995042527497442,2.11116361189845,0.0176227189374151,0.0187798782038413,0.0706433252059112,"SRS"
22,2000,0.35,35,2,0.25,4.99266151983362,0.989737525517767,1.98405924568743,0.0160449558017303,0.0164476488661196,0.0599841579098337,5.01694101427279,0.924137072678433,1.78893691678937,0.0168736126076324,0.0167939580559583,0.0535349865434294,4.98799772904881,0.974434736253647,2.05346228750053,0.0266747654926808,0.0263684661475384,0.105238450259064,4.99979732948889,0.982585704552691,2.02199409006462,0.0180449336639117,0.0190250663339194,0.0671824167973116,"SRS"
23,2000,0.35,35,2,0.25,5.00186808936162,0.979144899103894,2.03632340137014,0.0158410968060112,0.016058691091963,0.0619933911192887,5.03199559519169,0.921743831825197,1.84268699914143,0.0166256733846109,0.01633168578089,0.0555283557300894,4.99247941737246,1.00222494889884,2.29187776345122,0.0253531644594334,0.025206195396711,0.118168819338287,4.99642154176145,0.987915729434748,2.07858182885628,0.017764853849986,0.0193620768884857,0.0700158878045183,"SRS"
24,2000,0.35,35,2,0.25,5.02003687296652,1.00488334096061,1.97341537768593,0.0160836437613407,0.016451792169391,0.0598130200229031,5.05271933333243,0.945580444796147,1.77755940861689,0.0169210920520451,0.0168221761727071,0.0532920033080086,5.03430491338015,1.02386714187629,1.98224623151138,0.0271328172803767,0.0279840724763731,0.101231020058086,5.02449290307685,1.01784625029836,1.9836494588959,0.0183346241115438,0.0201654509324418,0.0663746051331232,"SRS"
25,2000,0.35,35,2,0.25,4.99807832303293,0.994326943640094,1.88612124829949,0.0164508685518557,0.0164872876446327,0.0571862330966122,5.02442451988539,0.927852940496217,1.71289809824171,0.0172374964341632,0.0167519992063728,0.0514287923208185,4.98547676998766,0.997857537318554,1.79393340912805,0.0285258415482197,0.0284422554943131,0.0913653497445302,4.98180403569785,0.995372107656618,1.91078754099136,0.0185418591174008,0.019546752601256,0.0633242199928579,"SRS"
26,2000,0.35,35,2,0.25,4.98418554477353,1.02543541115738,1.89117413300735,0.0164326886363862,0.0169480553342019,0.0571721204766524,5.00452040013201,0.959993467092237,1.69009955407496,0.0173528623187021,0.0172840831475668,0.0504662244769521,4.96405174128076,1.01274102946999,1.82023597114326,0.0283549293572849,0.0294940860732532,0.0930315215351416,4.99981057637084,1.02972381810298,1.87258863442807,0.0187030080125618,0.0196950180449321,0.0619851710622089,"SRS"
27,2000,0.35,35,2,0.25,4.98446850048584,1.00113186413644,2.05071403295402,0.0158123252609494,0.0156912452429295,0.0625872116661339,5.03203987236693,0.936827582246246,1.79079183633936,0.0168960096697538,0.0163188643458738,0.053855533749158,4.99314324893657,1.03690799432087,2.07380775074474,0.0266249764992332,0.0248993528765732,0.107083394882631,4.98011191936964,1.00317241421543,2.03647088457804,0.0180042785749409,0.0187731229973533,0.068046141334378,"SRS"
28,2000,0.35,35,2,0.25,5.00340206096735,1.00197788172422,1.95964813658683,0.0161491969049622,0.0162165130012397,0.0593087148647146,5.03555462531196,0.935264004486575,1.79268463340657,0.016856908539968,0.0162831877585604,0.0537751485123341,5.02874572540478,0.984032542308732,2.07027014222142,0.0265523170292184,0.0271975766669649,0.106708676813477,5.00071739527314,1.00389546027044,1.97248156074606,0.0182079290601416,0.0194773267993634,0.0652596030700723,"SRS"
29,2000,0.35,35,2,0.25,5.01300967812121,1.0047257924666,1.98740284208299,0.0160366606787126,0.0161227554130402,0.0604076412830361,5.03907533509975,0.944925087515383,1.8260316707438,0.0167056625394045,0.0162684746493218,0.0550165001714609,4.99966124945935,0.991461694731198,1.9963599083749,0.0270534894384728,0.0270912015668526,0.102951023579778,5.01039170692256,1.00189578914329,1.99937632339803,0.0181715351246784,0.0194548367208655,0.0665763133575148,"SRS"
30,2000,0.35,35,2,0.25,4.99131891185483,1.03177271077937,2.04211440964589,0.0158296522078711,0.0159823038315675,0.06209444426091,5.01522894498943,0.984691935049285,1.827476817402,0.0167075659903872,0.0164785963297228,0.0549095708649351,4.96448825074613,1.05743578001127,1.9992919047736,0.0270587557998287,0.0268438878586536,0.102828634891279,4.99213300653537,1.03458118254854,2.07108664356259,0.0179575359805677,0.018955964952122,0.0693104881170303,"SRS"
31,2000,0.35,35,2,0.25,4.99571548926419,0.989182788870499,2.05584776669465,0.0157720533703716,0.0161450254331644,0.0625118285065158,5.01897657071452,0.925644106575682,1.88510739595436,0.0164504186062412,0.0162456728585143,0.0568209321674961,4.98620232361045,1.0457519686052,2.09260911013026,0.0264850328987394,0.0268741462555482,0.107693194637678,4.97711305997547,1.00895201491294,2.11565365489561,0.0178142711105704,0.0194387591769837,0.0711521057298665,"SRS"
32,2000,0.35,35,2,0.25,4.99842950977377,0.983723069489584,2.05119930799647,0.0157820045598473,0.0159812317740142,0.06233795106063,5.02274961422488,0.938234321206551,1.87798551847298,0.0164723379049966,0.0162273456747782,0.0565332130100568,4.98018082828056,1.01322457067142,2.01393254834795,0.026937828879545,0.026673264045944,0.103765754703267,4.99462590636247,0.994884553564629,2.07600956888971,0.0177602748100808,0.0183502583968035,0.0688847173501474,"SRS"
33,2000,0.35,35,2,0.25,4.97841491765156,1.01502513910181,1.99805366218772,0.0159933076151255,0.0165640337222945,0.0606400784927227,5.01251770711515,0.948737939680023,1.78651416078088,0.016884173928059,0.0169734007711703,0.0535906056678236,4.98730627035169,0.996235668735559,2.00147954665358,0.0270093417541275,0.0282766530969901,0.102301878789766,4.96555426975355,1.0181770105449,2.03317201973825,0.01819358867447,0.019950365618366,0.0681251213232986,"SRS"
34,2000,0.35,35,2,0.25,4.98359818607223,0.987533229193025,1.9034984988867,0.0163734495125135,0.0165165402192094,0.0574893759724844,5.01960658122696,0.93567978776037,1.74296543099512,0.0170886584445073,0.0167163169593292,0.0521473457871746,4.9678017471475,0.962819301025774,2.02230864811718,0.0268687407797022,0.0275275081493448,0.103682941205431,4.98026388753189,0.981625348674495,1.97094879082863,0.0182795102115218,0.0187993490827346,0.0656763020077013,"SRS"
35,2000,0.35,35,2,0.25,4.98920546533158,0.982102320949754,1.99186681084025,0.0160142186851168,0.0160258005695819,0.0604896161340619,5.02100186606137,0.928860027807823,1.79350309264963,0.0168507237485901,0.016365932777877,0.0538491945204448,4.97476229298487,0.965894154346338,2.03154317295301,0.0268192443529618,0.0262646250139259,0.104596270411858,4.9793446147256,0.990577566457336,2.04701906805601,0.0180693837956185,0.0186707775685722,0.0688448308508329,"SRS"
36,2000,0.35,35,2,0.25,4.98175015126611,0.991578251747908,1.96840986618404,0.0161079490837873,0.0166024035218122,0.0597312254207526,4.99653028064329,0.939651098684963,1.81430157185199,0.0167577792944816,0.0167852192685356,0.0545813046315597,4.98068952728413,1.00094084541888,2.00303178832871,0.0269882333962353,0.0286614847124357,0.103050940685778,4.96532047062046,1.00951543481409,2.02180341410997,0.01800338528161,0.0197462359586555,0.0672165014992715,"SRS"
37,2000,0.35,35,2,0.25,5.0096326935442,1.01493138477884,1.97345889198782,0.0160985254537675,0.016251641609528,0.0597588299500149,5.05348095782203,0.941489865161731,1.76756523202905,0.0169735993853645,0.0165560738257526,0.0529333690136849,5.00291066902265,1.03245270350267,2.04432928243084,0.0267456335083146,0.0273724666398803,0.104995000739518,5.00773812016366,1.02649884015042,2.01322865358704,0.0182175343761583,0.0193257494737626,0.0671286627761319,"SRS"
38,2000,0.35,35,2,0.25,5.0201966356278,1.00259207329104,2.0113456431928,0.0159379160326187,0.0161958907870047,0.0611004451631112,5.04494922435084,0.953272539925052,1.83244037294689,0.0166752547913128,0.0163906650843357,0.0551023824932431,5.05315275036228,1.01621936408986,1.99481524410108,0.0270462911577125,0.0265601849290206,0.102209712632005,5.01393655965881,0.997911992685457,2.06121117718647,0.0179896291112865,0.0190208636346354,0.0690393152116611,"SRS"
39,2000,0.35,35,2,0.25,4.97517932472026,1.00924151216185,1.91617369364508,0.0163405159145437,0.0163344201251441,0.0580663795593008,4.99851183560751,0.95517276770254,1.74447278723969,0.0171064748326276,0.0166044463933398,0.0523213995574767,4.99897697775222,0.993902974079376,1.8916053961257,0.0277941511410006,0.0275680311823513,0.0969569242176539,4.96519525886984,1.00619975380984,1.95143901912851,0.0183127642104272,0.0187039716746828,0.0647054206111885,"SRS"
40,2000,0.35,35,2,0.25,4.99038342937492,1.00760811413734,2.04381881224261,0.015823261457025,0.0159829788693792,0.0621359442566253,5.01479066697608,0.956008547174943,1.84895667382833,0.0166115521553608,0.0165013525865752,0.0556584652678916,5.01547494920339,1.02411209553735,1.97048952622972,0.027224532819144,0.0280084808018695,0.100718746674334,4.99997242388271,1.02236494888386,2.07453743441114,0.0178295201907687,0.0195531563608609,0.0698189542730994,"SRS"
41,2000,0.35,35,2,0.25,4.98775451757099,1.00060354345932,2.00694470915998,0.0159645081844886,0.015940604752313,0.0608923378773829,5.02533441778694,0.945803888019128,1.81220212895623,0.0167695625219446,0.0162769980322099,0.0544028115995553,4.99355995303123,0.952450386346029,1.90787263592698,0.0277530196393013,0.0277721189993047,0.0974216824211789,4.98103819349538,0.997411454866256,1.98888526032611,0.0181057179675759,0.018763444330915,0.0656536017314751,"SRS"
42,2000,0.35,35,2,0.25,5.01115971566551,1.00228928708787,2.06903481546374,0.015719726254122,0.0157176188166639,0.0630030417308527,5.04028905510204,0.952129363023188,1.86170284502275,0.0165458543360896,0.0160913645180951,0.0560521717197366,5.01907250916254,1.01746103647222,2.0302565483294,0.0268329727469094,0.0269827517046781,0.104485389983765,5.01820232051959,0.999778068224693,2.09438689665155,0.0176990051648939,0.0184496982975407,0.069772170407105,"SRS"
43,2000,0.35,35,2,0.25,4.99940288241324,1.00253367339877,1.92033346716309,0.0163048661874986,0.0165901638575254,0.0581728778147584,5.03751233831454,0.932143426086026,1.73324341036127,0.0171351579677762,0.0169039853323484,0.051954965994926,5.00214438277543,0.991875203607914,1.87348676776553,0.0278874205465428,0.029048680911541,0.0956924977049146,4.99977485192217,1.02166501835284,1.93498553154593,0.0183901228941414,0.0200496981116754,0.0642402004800623,"SRS"
44,2000,0.35,35,2,0.25,5.02325826849833,0.992746424857905,1.97328978086391,0.0160871602424227,0.0161541870215074,0.0597158624365789,5.05802453040651,0.939981455838373,1.82066843457608,0.0167227936652444,0.0162944271762628,0.054639146941833,4.99921583270591,1.00400545643887,1.92659430924106,0.0275123428129742,0.0280986564646826,0.0984557778597204,5.01775439401492,1.01034882551013,2.03263088218058,0.0181761619588443,0.0192584051471039,0.0679834461728395,"SRS"
45,2000,0.35,35,2,0.25,4.98309741339594,0.992298894635882,2.05565628150175,0.0157787357733679,0.0158832471904977,0.0624792746514581,5.00552084536659,0.953459609923381,1.88461102215629,0.0164559890149622,0.0163262424282663,0.0567782889403865,4.98665303875189,0.978229412663904,2.04399144496438,0.0267472510008572,0.0272182466318168,0.104887803509517,4.9788056121917,0.985604693272956,2.1187066200997,0.0177774938540764,0.0189060183928494,0.0713344047395846,"SRS"
46,2000,0.35,35,2,0.25,4.98676970358184,0.982996262782736,1.96001800094465,0.0161538096392622,0.0160859636922804,0.0594340777793644,5.02536886256036,0.92879423039785,1.73955077156295,0.017114263709962,0.0166636828912973,0.0520851613745368,4.99589720184907,0.972362141652178,1.96916228898618,0.0272177769186519,0.0269536344760216,0.101370053577831,4.98585905395348,0.983331447293444,1.97393609838515,0.0182933698238433,0.0187215192934466,0.0659324349197806,"SRS"
47,2000,0.35,35,2,0.25,4.99873654949845,0.994304578715503,1.99986103066602,0.015982637641118,0.0161007885462632,0.0608217714434216,5.02653298993007,0.933747899752953,1.79627336458585,0.0168378966237537,0.0164157001839136,0.0540191320109903,5.00936833523574,0.962755049034488,2.06611007447455,0.0265736047864314,0.0275137699003966,0.106620659338534,5.00805632338496,0.996566275450497,2.0422491478707,0.0179646151189956,0.0192601969919692,0.0686072248628656,"SRS"
48,2000,0.35,35,2,0.25,4.998232040249,0.980759910951051,2.0269119758319,0.0158768681844656,0.0160670192481292,0.0616850854715795,5.0245265668267,0.915194543650912,1.80956116870528,0.0167774488875134,0.0164182675966025,0.0544116701085461,5.02945563563691,0.984244084312113,2.06312958007724,0.0265858432912492,0.0278579613654789,0.106388392672556,5.00087318678162,0.996777423455781,2.03036988207669,0.0180316800719289,0.0196938800751078,0.0679472837492791,"SRS"
49,2000,0.35,35,2,0.25,5.00578927235931,1.00312826544359,1.90696988806186,0.016357751574674,0.0168383651558931,0.0576235831443736,5.04333640539941,0.941557686817665,1.71201412567837,0.0172356473602921,0.0171942204535787,0.0511386281960219,5.01221181679477,1.0200254491543,1.94438907428783,0.0273810420489565,0.0288695276720294,0.0990943086141044,4.99696076691129,1.00589907153706,1.92460276386228,0.0184957357095538,0.0201343593521408,0.0639206422431558,"SRS"
50,2000,0.35,35,2,0.25,4.99171816672597,1.03507057591502,1.97719316064581,0.0160816739413897,0.0162561460894456,0.0600938772665721,5.01597896342323,0.968360888539344,1.76427073593692,0.0169938765705586,0.0165947778778245,0.0529761939255291,4.95250658444856,1.03068865796643,1.96444674934654,0.0272727846510573,0.0279411454078746,0.101653032179769,4.99059829139141,1.03975113110011,1.99252237540153,0.0183487799317252,0.0196193091702455,0.0669183031253002,"SRS"
1,2000,0.35,35,2,0.25,5.00708478376815,1.00394966624879,2.06226481547897,0.0157498501729787,0.015941078897964,0.0625617231524875,5.02718626118495,0.946785595902305,1.84088956881382,0.0166487503078076,0.0163664066435409,0.0552082835165629,4.99481055424684,1.00547183797833,2.08334558385429,0.0265100055349616,0.0261282005871816,0.106720639829669,4.99951189610858,1.0085897217646,2.07537443959175,0.0179851973526679,0.0187734864966136,0.0695076998688267,"SRS"
2,2000,0.35,35,2,0.25,5.01178439921647,1.01230000181274,1.96512649250075,0.0161231435141482,0.0163989757651273,0.0594658039662614,5.04390909909695,0.964539966525483,1.78867194796578,0.016874114942797,0.0167688561292578,0.0536037273343082,5.02528996583532,0.996567961026885,1.98758834539506,0.0270938944670508,0.027483847730679,0.101655966836401,4.99736768966113,1.01355763207166,2.02376236705161,0.0182162540580538,0.0191216849719643,0.067796457531602,"SRS"
3,2000,0.35,35,2,0.25,4.98953390921482,1.00954299835885,2.10888808322534,0.0155748205540074,0.016051908215163,0.0643203472491252,5.02276335299202,0.951990877387292,1.89579291264096,0.016400263860545,0.0163675269078017,0.0571693213444354,5.01133613322464,1.01357096449551,2.00832162280953,0.0269681821945076,0.027415745294904,0.103065547525771,5.00233828730798,1.01795043151655,2.11765296283456,0.0176858770569594,0.0183514640410104,0.0706446866863692,"SRS"
4,2000,0.35,35,2,0.25,5.0077156770509,0.979860035255767,2.03225687804408,0.0158503856145131,0.0166443251676241,0.0617585045181156,5.04157427007885,0.912782777107655,1.82805759669921,0.0166870798944932,0.0168539015011844,0.0549237573021045,5.01606629377641,1.02234297788894,1.91161977508816,0.0276242372724146,0.0299565471750817,0.0977160394862135,4.99622295318421,0.984019923239928,2.02073489930397,0.0180372050793278,0.0202987490744442,0.0671270700053851,"SRS"
5,2000,0.35,35,2,0.25,5.00434832577138,1.01734364235372,1.89635824480329,0.016415207697996,0.0163127150665199,0.0572652365635848,5.03338793421781,0.964105762266211,1.7417092472696,0.0171037674453662,0.0165098293910121,0.0521295618109814,4.98806492872257,1.02831884634638,1.96410643798388,0.0272673949816363,0.0283512959135633,0.100495834074772,4.99050672912176,1.02412486415891,1.979492168809,0.0182940389583758,0.0196963151820421,0.0659796799766951,"SRS"
6,2000,0.35,35,2,0.25,4.99844893402368,0.96606225041229,2.08832077698697,0.0156406779847837,0.0162326944784236,0.0634502056946037,5.03057661319151,0.898924247035985,1.89947975604262,0.0163732130032351,0.016430185157146,0.0571911154993331,4.98431371218354,0.959926442506314,2.03464535608033,0.0268167521669798,0.0269422693262903,0.104447679619153,4.99329698261774,0.957366889435055,2.14294343545678,0.0174877552026194,0.0188707509128436,0.0713627922098447,"SRS"
7,2000,0.35,35,2,0.25,5.00355509775457,1.01090010639835,2.06962534403021,0.0157305110965781,0.0154027295253164,0.0631023798096129,5.03331316025074,0.961804676721409,1.86359010132026,0.016550808828696,0.0157796710496637,0.0561902602247024,4.98759913463528,0.983316959318471,2.0321511347413,0.0268642890260346,0.0259760705520811,0.104317971278991,5.00229775675261,1.0056319891994,2.10107963472816,0.0178733621392951,0.0180211945743674,0.0707175776723876,"SRS"
8,2000,0.35,35,2,0.25,4.98884071108437,0.994196699592932,2.00299019182737,0.0159788388676451,0.0160354870343132,0.060962313821936,5.02214168535372,0.943440653601219,1.79350158435209,0.0168590255055032,0.0165186714187458,0.0539437568300485,4.99152201821744,1.02566477208723,2.04017628967416,0.0267719037872623,0.0278384431991737,0.104941402105943,5.00041265753229,1.00099356462327,2.03623081369913,0.018176513676594,0.0196036563472175,0.0683497913699545,"SRS"
9,2000,0.35,35,2,0.25,4.98260267467075,0.958304280207146,1.93162232598413,0.0162523015499603,0.0166924986573506,0.0584999133522035,5.0133495579257,0.901937409467951,1.75132955017158,0.0170440043611629,0.0170505137849606,0.0524997693284081,4.96394978007623,0.956629941624208,1.91725992489124,0.0275700912729253,0.0292419184627286,0.0980942293316598,4.98544170737125,0.950728620489403,1.921052376446,0.0182810563898677,0.0197515873189943,0.0631821704483738,"SRS"
10,2000,0.35,35,2,0.25,4.99153158579441,0.998725350152411,1.97817968005835,0.0160756887057923,0.0160508462476048,0.0599339840023824,5.0252567106688,0.941342475483344,1.77838100305698,0.0169278995508974,0.0163710710296187,0.0532846120220881,5.00045440105062,1.02148416767152,1.89581213824534,0.0277501339646479,0.0268219393247344,0.0964290358179468,4.98599130404965,1.00900226416102,2.02552258037619,0.0180172061277268,0.018768676348703,0.0673255015728314,"SRS"
11,2000,0.35,35,2,0.25,4.96924809647629,0.993566887882885,1.8848196806492,0.0164656270077755,0.0166206634345889,0.0569594951516772,4.9931577273748,0.925526595808348,1.70762097338827,0.0172770738703606,0.016755656158814,0.0510699545972157,4.99320419065937,0.992676765857189,2.0247549789335,0.0269289859895761,0.0268365520489688,0.103616923879208,4.97169340999648,0.989792787266389,1.9032210513851,0.0184928547159131,0.0194365258764177,0.0628793227725766,"SRS"
12,2000,0.35,35,2,0.25,4.97915813379132,0.981730989407454,2.07794673114295,0.0157092319797438,0.0160710836008124,0.0634095667213117,5.00750368658015,0.930539572190864,1.90948802707218,0.0163610334469974,0.0162596802881469,0.057763316601964,4.98882220160653,0.979378420942353,2.0534944396201,0.0266613277223112,0.027772669461068,0.105898369758331,4.97539297687627,0.994865248444445,2.14679958610116,0.0175776933203803,0.0187452403336923,0.0725952138537908,"SRS"
13,2000,0.35,35,2,0.25,5.01319096180909,1.00807765402858,2.09594204469548,0.0156211449052161,0.0156260569221605,0.0639069026216284,5.04423252659576,0.950888320145159,1.89324241110825,0.0164094396347298,0.0158173669435252,0.0570964137415217,4.99454495287428,1.05930126264279,2.02503320782811,0.0268942439641471,0.0263014971112476,0.104334849422374,5.01118907103692,1.01161770535253,2.1411548137217,0.0177175154015572,0.0187329567115163,0.0723940099690687,"SRS"
14,2000,0.35,35,2,0.25,5.02024688516677,0.981593857860996,1.95537559975022,0.0161603208825394,0.0163983460489112,0.059247720611882,5.04678148197732,0.926426278512993,1.77671119372398,0.0169318727360363,0.0166926251504357,0.0533042143647069,5.0349466356582,0.929177959237325,1.9576347567683,0.0273065417080255,0.0270798020156942,0.100063500546957,5.03588858725272,0.972852875748656,1.96346914957681,0.0180863078144117,0.0188978594595318,0.0647709607872027,"SRS"
15,2000,0.35,35,2,0.25,4.99200498559208,0.983646776907062,2.06105069618142,0.0157524053192628,0.0158389305515139,0.0627597727927681,5.02613335227992,0.927271621278062,1.8492404825098,0.0166009899766449,0.0162025163851638,0.0556784213678932,4.99047453999104,0.996883929195494,2.04197401698495,0.0267812878322077,0.0267388911465804,0.104884743848857,4.9855862588079,0.988734615384437,2.08254521626721,0.0178592196231882,0.0185034657658101,0.0695677202754964,"SRS"
16,2000,0.35,35,2,0.25,4.99857646916943,0.999951253501781,2.12466753151178,0.0155145256369536,0.0160731190187476,0.0647954788059886,5.02548643230802,0.932837688663406,1.90964908205495,0.0163380897553914,0.0162876071270506,0.0575837348006322,5.03746137793151,1.00528318738681,2.055869937837,0.0266436671316547,0.0275265928591998,0.10534457394414,4.99893566040108,1.01802369418923,2.16464349217012,0.0174480954569876,0.0187950060902415,0.0725885236844671,"SRS"
17,2000,0.35,35,2,0.25,4.98078448975346,1.03280133018205,1.93402123053995,0.0162523414382663,0.0167104417313611,0.0586322792139412,5.01465513668741,0.975886261729278,1.78503227683001,0.0168924990055325,0.0168763975818671,0.0536752712710948,4.99657182853428,1.01214260722446,1.89620392764129,0.0277704508824077,0.0280469278250011,0.0970501145071229,4.96585846401688,1.04608930551453,1.96749586772637,0.0183035644160798,0.0200725912377894,0.0652041503557032,"SRS"
18,2000,0.35,35,2,0.25,5.00877630990176,0.99783486431401,2.02753415913809,0.0158749172615046,0.0160887229201915,0.0614404590809267,5.04415317507597,0.932534192358562,1.79386040376222,0.0168458337135944,0.0165633300711274,0.0536926289953124,5.00215593572197,1.06997439243967,2.2120402402287,0.0257640446703603,0.0258899746766096,0.114119922181065,5.00438555589482,1.01661239264205,2.07690877113329,0.0180354921451088,0.019172949752712,0.0699402122454381,"SRS"
19,2000,0.35,35,2,0.25,4.9812904433229,0.998796266573486,1.96993045892046,0.0161007512047731,0.0167640799714606,0.0598802076262352,5.01554684000171,0.922975535090223,1.77299395872218,0.016942590024983,0.0170179850639481,0.0533048359689008,4.96988491793932,0.989854909024121,2.0448864881138,0.0267180595005963,0.0282271585822946,0.105715448235097,4.98433118871302,0.987806487164002,1.97735422822774,0.0180688182465854,0.0200027064854702,0.0657712817877661,"SRS"
20,2000,0.35,35,2,0.25,4.98450645852604,1.01911834770408,2.0248017814264,0.0158960735735729,0.0161242526306853,0.0615244854733848,5.00755188380166,0.965269571284794,1.82360496364323,0.016726977467061,0.0164236007782427,0.0547903187261361,5.00929131051288,1.0059671131538,2.01470070314412,0.026932213376431,0.026485333920133,0.103422817936451,4.97991104391934,1.0025459723068,2.0399372033454,0.0179106217043881,0.0185002776606168,0.0677339770842757,"SRS"
21,2000,0.35,35,2,0.25,5.0005219898521,1.02044219700924,1.93292915809646,0.0162598210826691,0.0162864097976671,0.0584666911844508,5.03034564118158,0.96236341657114,1.79732335080685,0.0168392898027232,0.0163118675357309,0.0539710464391019,5.03021351564532,1.03577295310095,1.94471751365313,0.02740362447264,0.026958398020782,0.0995518534490731,4.98858686827532,1.03514351748848,1.99807352830968,0.0181312302191911,0.0189261244879476,0.0665400168134973,"SRS"
22,2000,0.35,35,2,0.25,5.02860173841056,1.01065508264069,2.06790404778039,0.0157477642862248,0.0157544622645711,0.0627653028343019,5.0661472338563,0.945032200545688,1.85259074768598,0.0166033341490852,0.0159988924346837,0.0556013787314032,5.02890679684974,1.00653539610822,2.01342237913269,0.0269791399182519,0.0259159471054597,0.103175825686147,5.02434325844674,1.00047782442429,2.07534426384275,0.0179555458131288,0.0182125792294975,0.0694283709470305,"SRS"
23,2000,0.35,35,2,0.25,4.98342025623492,1.00411857618481,2.01656248549777,0.0159266808283108,0.0163195939724447,0.0613644969781776,5.0128502257419,0.940698600881533,1.79333511193498,0.0168580197353218,0.0167977311431317,0.0539088639128816,4.97572315193993,1.02461861993229,1.97859155727844,0.0271844896502099,0.027182754628738,0.101747805765922,4.97234722403705,1.00384163555477,2.03928284228974,0.0179682363635763,0.0194904212790825,0.0681671723738581,"SRS"
24,2000,0.35,35,2,0.25,4.99425453310248,0.981416859019244,1.91870352607659,0.0163149813173177,0.0165629767775414,0.0580179913891468,5.02628205125813,0.915932097181598,1.74648744134295,0.0170738196266638,0.0167570030200688,0.0523032723799446,5.0360560589223,0.961091549148073,1.96832267017923,0.0272351248769471,0.0284454264546745,0.100528065416505,4.99040104855692,0.982833863121215,1.93059074390034,0.0183221006560729,0.0202409707490534,0.0636301463032161,"SRS"
25,2000,0.35,35,2,0.25,5.02519071006549,1.00811891908313,1.94993208454614,0.0161806617042071,0.0162632046851452,0.0591447883835584,5.06210588549328,0.948090490983581,1.78660795426708,0.0168812785083758,0.0163108838343966,0.0536859267609305,5.05522725949577,0.964141018338956,1.98534931515477,0.0271030073956582,0.0288842076302061,0.101243900570712,5.01801073597017,1.0221165667023,1.96817008973381,0.018180103165485,0.0193998289784442,0.0653054642738402,"SRS"
26,2000,0.35,35,2,0.25,5.01367595222799,1.01905245629039,2.02859406552716,0.0158723123005555,0.0163990101703089,0.0615759436789524,5.04441291144834,0.947859311287683,1.83122623881445,0.0166775706648507,0.0165608753082017,0.055028756463555,5.00946709990935,1.04746447971072,2.10068005445308,0.0263939624917253,0.0276718670807585,0.107838150930199,5.00207933056516,1.03193771711031,2.09390900349436,0.017826936162231,0.0198069337947629,0.0703635968987694,"SRS"
27,2000,0.35,35,2,0.25,5.00160779206402,0.998452099581551,1.97215335224328,0.0160942590151443,0.0159746749820626,0.0598332977798826,5.03132781689737,0.939085259223574,1.79319251717003,0.0168531549331484,0.0162530681629435,0.0538823833684592,5.01351177551993,0.964315216466147,1.95270413614578,0.027369079504347,0.0271946487326565,0.100029703160488,5.00497863802489,0.991996521935104,1.98486591069012,0.0181690125962777,0.0186653905307492,0.0659595191544417,"SRS"
28,2000,0.35,35,2,0.25,5.00090489940229,0.973479487121152,2.05985648194634,0.0157828508014042,0.0158270180872048,0.0626528030504506,5.04301576625023,0.915501543527147,1.84652194446763,0.0166302803434953,0.0161902333563749,0.0555320633506656,5.01233467043297,0.973471764151393,2.0398026090935,0.0268292401322241,0.0267402488694016,0.104863906646249,4.99572434591537,0.964528014447234,2.04772170615815,0.017825040443911,0.0188431994808422,0.0678736698583512,"SRS"
29,2000,0.35,35,2,0.25,5.02475920763796,1.01265443920024,2.14342715672336,0.0154483758450716,0.0156431305712232,0.0653892995084334,5.05008773999787,0.941891516379334,1.90829272633989,0.0163454954607778,0.0160124865754864,0.0575600421247261,5.03947838713559,1.02873669570183,2.20819315453177,0.0257460572175731,0.0247463378858784,0.114557454804311,5.03118260317699,1.00710937075466,2.1528215599217,0.0174307309100264,0.0187162652611717,0.0721874595230779,"SRS"
30,2000,0.35,35,2,0.25,4.99640322240683,0.987018239371322,2.06795779457023,0.0157266761189078,0.0156524808047369,0.0628522443643754,5.03513407230475,0.92043225205758,1.86985530424704,0.0165138082358529,0.0158680086019975,0.0562774720370019,4.96791626390948,0.943396152838232,2.09140042232243,0.0264602998160399,0.025043264287295,0.107909059341194,4.98842285651876,0.980384666134535,2.106140493058,0.0179593253488872,0.0183577172112887,0.0710601811443762,"SRS"
31,2000,0.35,35,2,0.25,4.97888766913236,1.01929795413378,2.06191004035814,0.015752306942918,0.0159180933930315,0.0627883768513587,5.02368190542042,0.95904132822691,1.82966834404855,0.0166921229456264,0.0163174776124019,0.0550192562820118,4.9565095013825,1.00852211586138,2.05023390664104,0.0267105653784071,0.0261925333253396,0.105376506267537,4.96253410496755,1.01511994524865,2.08364501562694,0.0178826223793122,0.0185031007972312,0.0701194389084665,"SRS"
32,2000,0.35,35,2,0.25,5.00283432381511,1.00018021655479,1.91903812017822,0.0163106799603936,0.0163016488633015,0.0579985969481481,5.04024288743357,0.945629386229964,1.71033790178849,0.0172475900059471,0.0168613639820345,0.0510678041919618,5.01436341401905,1.00806446701705,2.05358305878468,0.0266711715078228,0.0265500945301025,0.105125857064219,5.00676713903699,0.998974063910952,1.93678841665149,0.0184841761065221,0.0194479372085243,0.0644400498362293,"SRS"
33,2000,0.35,35,2,0.25,4.99609839615623,1.002178514882,2.03207854381173,0.0158596747376036,0.0158394365412684,0.0617617634194757,5.0191218957612,0.939104460765784,1.82433219940098,0.0167125772842072,0.0160830138355664,0.054826425316433,5.00649559090979,0.997315580526249,2.01951306416602,0.0268858247191827,0.0269963811162249,0.103319451325573,4.98483035876368,1.01164432293704,2.09316578478918,0.0178749404736243,0.0185107371508549,0.0703808940231479,"SRS"
34,2000,0.35,35,2,0.25,5.02546245241775,0.963114821337657,2.06706830653444,0.0157234488251489,0.0158845535931291,0.0628905363091158,5.04127528845898,0.9148659897366,1.88159358172108,0.01646312393845,0.0161827139964041,0.0566879804667829,5.02633125554204,0.956369129335582,2.11623098022803,0.0262661402054867,0.0261286004302906,0.109140493708877,5.02540225051829,0.957434516239895,2.07488812873046,0.01760861857353,0.0181288570810598,0.0684666209353069,"SRS"
35,2000,0.35,35,2,0.25,5.00996512963111,1.00167835662761,1.89730108995797,0.016399909563496,0.0164294810101975,0.0573607766537723,5.03783068065855,0.940755141948886,1.7205864060137,0.0171985030509578,0.0166839696817088,0.0514849886007463,5.02618787482966,0.987824277373486,1.73654926249545,0.0289654229819411,0.0287997675870022,0.0875007798007156,5.01724517409259,1.00369810072745,1.92176344950474,0.018453165359042,0.0192893314377774,0.0633966073721852,"SRS"
36,2000,0.35,35,2,0.25,4.98663290084661,1.00577509489126,1.96964309177347,0.0161268186703438,0.0160754779409076,0.0596744172056668,5.023249180909,0.955111170158691,1.78673261162119,0.0168996712040543,0.0164147077883709,0.0536071906193954,4.96452993123554,1.01634528579724,1.93639290984002,0.0274667143832731,0.02770151525192,0.0997568521751796,4.9811160523947,1.03120058616483,2.00149842771929,0.0182858764566616,0.0190963515780365,0.0667246511172464,"SRS"
37,2000,0.35,35,2,0.25,4.98642664374385,0.987553998427137,1.9920975602178,0.0160180822153763,0.0161303769505726,0.0605348899378627,5.01676137084171,0.928709466336267,1.79526989624805,0.01684665748008,0.0164069103014704,0.0539559730860023,4.95775003306966,0.990628483877519,2.06425500594696,0.0266670186596341,0.0283629510213027,0.106390974091086,4.98875695656224,1.01311446769523,2.03928490684377,0.0181629400525162,0.0194531669430447,0.0691339722073537,"SRS"
38,2000,0.35,35,2,0.25,4.99893467684343,1.00275485962451,2.06728958266196,0.0157228903867201,0.0161151909971147,0.0628694874394481,5.03674409260136,0.938198118526412,1.85256179930477,0.0165814846640502,0.016421705297181,0.0557224362051708,4.97510938975469,1.04809450489066,2.05006810137754,0.026710897198444,0.0274046168584697,0.105555643331956,5.0005116883408,1.01311521165389,2.12035670551468,0.0178619744081381,0.0195413634986416,0.0714193172490477,"SRS"
39,2000,0.35,35,2,0.25,4.98614210589861,0.985952568325187,2.03904605965213,0.0158390504963161,0.0158249274871581,0.0622375740648766,5.00830047517444,0.930935881885301,1.86260067920585,0.0165507405907337,0.015971741550203,0.0563038451537026,4.96217546450875,0.9182255695228,2.03538781912689,0.0267864740873522,0.0262113631326487,0.104715909419684,4.98102886448954,0.9664135718071,2.06988038230841,0.0178394692695329,0.0182290111916661,0.0692506957160559,"SRS"
40,2000,0.35,35,2,0.25,4.99733668751737,0.999457022929485,2.08049809192739,0.0156785850707004,0.0160469380409203,0.0633087471628619,5.02602443207754,0.952685447098572,1.92113387062705,0.0162928814809874,0.0162670332713726,0.0580002367911243,5.00546117718531,1.02062401571754,2.09002967859515,0.0264482957759886,0.0271799636283839,0.107524653514455,4.98685826719594,1.00126518107038,2.1476647798929,0.017577353872043,0.01858870732347,0.0719248259488248,"SRS"
41,2000,0.35,35,2,0.25,4.98337966330274,0.986180932029002,2.05976282842823,0.0157569626188843,0.0160187715089048,0.0624585709315506,4.99595465439508,0.941870940503741,1.91399016638956,0.0163320132985321,0.0161552894941051,0.0576193558053547,5.00642509387488,1.01642455372562,1.94638834928601,0.027379405404033,0.0284109477615375,0.0993707509686519,4.99980216478778,0.997219269926479,2.15256980180622,0.0174820714927205,0.0185885613147957,0.071631642525453,"SRS"
42,2000,0.35,35,2,0.25,5.00184958594587,1.03050519594034,1.94645987378617,0.0162064394722667,0.0161521801912611,0.0591839743109417,5.03023512953103,0.969031241884039,1.75227529295878,0.0170540028626703,0.0163968757407749,0.0526751827555839,5.02533585274777,1.03782673444936,1.99159827816782,0.027072398699976,0.0279656723787334,0.103123527274431,5.00005180196894,1.03371912879886,1.9824483568396,0.0182690217468908,0.0191486514442864,0.0663443170272471,"SRS"
43,2000,0.35,35,2,0.25,5.02013665271623,0.998940656560402,1.93165526075771,0.016256632563499,0.0168037512967832,0.0583901402022288,5.04511681211894,0.959895809407331,1.76653010791518,0.0169788151874837,0.0171322426198003,0.0528646472040274,4.99978330767416,0.997845820767977,1.95634233432961,0.0273056149918977,0.0281981097215283,0.100276226840759,5.0095757130752,1.00104990328396,1.96443040818708,0.0182298679025374,0.019414644555608,0.065043162050044,"SRS"
44,2000,0.35,35,2,0.25,5.01159233678603,0.983605610540711,1.9276307912207,0.0162927468018766,0.0164877847513815,0.0583078628872027,5.0473678545854,0.917759843337075,1.74555373236235,0.0170923775263296,0.0165912226529587,0.0522545883781803,5.00882273992766,0.95007899004804,2.0051578431452,0.0269750412586349,0.0275493507996119,0.102644542905282,5.00429211860775,0.982198834891406,1.94108148942513,0.0182470335113144,0.0195154467395823,0.0638880440156879,"SRS"
45,2000,0.35,35,2,0.25,4.99355954900462,1.01690589277085,2.0140245754575,0.0159343975087693,0.0160649297040357,0.0612915492413257,5.01059165588078,0.947238666405379,1.8213275406884,0.0167285194392215,0.0163207785555203,0.0548566059757675,4.956612083381,1.00414013374245,1.97150476708074,0.0272295212970559,0.0268647506150413,0.101250179283421,4.98417047868945,1.00062147818894,2.00975603063928,0.0181169014120874,0.0189934370573219,0.0665972936988304,"SRS"
46,2000,0.35,35,2,0.25,4.99899404802548,0.991420708911005,1.9260302559259,0.0162775932267955,0.0167013667295805,0.0582585215005774,5.02675626416756,0.942528853062184,1.79243141944617,0.0168559803512333,0.0167436774160536,0.0537789345882905,4.92375225196725,0.982158111601256,1.94593216862091,0.0274330586635337,0.0282935888687792,0.0999048120205121,4.98599965520105,0.997874246269868,1.99154489893198,0.0181091935566542,0.0194897169508998,0.0659427847596504,"SRS"
47,2000,0.35,35,2,0.25,5.00622569254822,1.0027102158968,1.97893605531881,0.0160666178763422,0.0163039608224107,0.0599943562247936,5.039673328973,0.949608226213785,1.82295548562331,0.0167149389107174,0.0165312142603116,0.0548055972646971,5.01014173599583,0.995797227135473,1.81623575654272,0.0283198613438964,0.0285779262374264,0.0923126439332129,5.01230388357399,0.99797105797566,1.97108374075193,0.0182330173571762,0.019289172740619,0.0648994753670571,"SRS"
48,2000,0.35,35,2,0.25,5.01386841318191,0.994937389210504,1.96822185358236,0.0161097823379547,0.0159944934350833,0.0596238626626941,5.04728118510206,0.933765773196093,1.75456434635128,0.017032839879461,0.0163883625433955,0.0525221073098936,5.03300148123727,1.00647267416249,2.00409878124628,0.0269950669039414,0.0261830464037646,0.102972286211081,5.01938448810692,0.998247316335275,1.96446954523907,0.0181156110589408,0.018945126524785,0.0650597838706431,"SRS"
49,2000,0.35,35,2,0.25,5.02371824669791,0.998927801794614,2.0055448735529,0.0159544964862698,0.0163826938282615,0.0607470421825869,5.06090300485114,0.939422884897416,1.80295378476356,0.0167986161254137,0.0168494385730035,0.054035025976488,5.01391198960149,0.969149200237067,1.83909537568955,0.0281459221757494,0.0291849814725492,0.0932957057115286,5.02724115391427,1.00118893092205,2.00803653731766,0.0181253744923161,0.0195401343001355,0.0661051131035125,"SRS"
50,2000,0.35,35,2,0.25,5.02141750820862,1.00689464809938,2.01019940771576,0.0159553430139578,0.0159471608631357,0.0612162235951707,5.05670609848377,0.945229810241367,1.79493309559734,0.0168583416552293,0.0164006994374887,0.0540187303615051,5.03912171931164,0.988748356338041,2.0572099404816,0.02665314235719,0.0264091641398799,0.105626969802107,5.03371944572025,1.00291839054867,2.00981433730409,0.0180638336030829,0.0190710149083344,0.066952034165202,"SRS"
1,2000,0.35,35,2,0.25,4.98198212401807,1.00383124541554,2.04714970319802,0.0158091581115434,0.0157995579922482,0.0623155602454505,5.01751982799147,0.931704519951717,1.84007636864357,0.0166439606877345,0.0159466187563879,0.0553990081152398,4.99207414155705,1.00743114192052,2.08013011349477,0.0265221500782756,0.0255445276807607,0.107499372503864,4.98329767817369,0.989771245001232,2.04864094967704,0.0178226811431997,0.0184944702683657,0.0679632910205073,"SRS"
2,2000,0.35,35,2,0.25,4.99179123729683,1.01463011455556,2.07346945076371,0.0157042383255569,0.0160467276991246,0.0631315915750347,5.01772168944631,0.941115211531476,1.86354111605292,0.0165392458348826,0.0161514168969071,0.0561263019681621,4.96265348140021,0.982509315657604,2.17021936006796,0.0259773338183947,0.026258219251394,0.112209712891258,4.97861398478933,1.00102240325592,2.12997650931933,0.0177892165134075,0.0186701901876162,0.0720119141081413,"SRS"
3,2000,0.35,35,2,0.25,4.99132868602696,0.981982473895213,2.10691492013786,0.0155827764550471,0.0156055552288399,0.064215762692972,5.03014105710455,0.926792345409813,1.89888031214322,0.0163846044796841,0.0158789236129751,0.0572454703010035,4.98107476082051,0.949650619309268,2.11578678021798,0.0262986387300163,0.0263752640528436,0.108986023465732,4.98425007009997,0.98606854156921,2.15567878563565,0.0176258731445708,0.0183987694361372,0.0727297186993078,"SRS"
4,2000,0.35,35,2,0.25,5.02590338946966,1.03163914318469,1.96463487303668,0.0161327799726837,0.0165878087915159,0.0596432486586065,5.05044319611663,0.976120630227869,1.80838830817659,0.0167953365036521,0.0167380962540083,0.0544191819516935,5.02069241258829,1.00359829100597,1.97239286409171,0.0271970663166768,0.028463763069518,0.100975811732158,5.01216009747015,1.040680397828,2.01034671404863,0.0180726119538543,0.0198256839089678,0.0668487344731828,"SRS"
5,2000,0.35,35,2,0.25,5.0365977084769,1.00173115942369,1.99154532243311,0.0160244221430946,0.0159205271399529,0.0607478437807857,5.07007816642719,0.942437246652261,1.78571408127718,0.0168969516783454,0.0162626649974743,0.0538126636026084,5.00927590722114,1.01362434145269,1.88020689980767,0.0279128020055153,0.0272072012141909,0.0970409974453301,5.03321157150607,1.01268589322879,2.00491249137038,0.0183673911885971,0.0191085034730583,0.0676185408655799,"SRS"
6,2000,0.35,35,2,0.25,5.01021375357797,1.02170596609118,1.90827456608371,0.0163622223726015,0.0164055338938264,0.0575084987934022,5.03551109971212,0.975948726357193,1.77287228302556,0.0169553445493054,0.0165569445380175,0.0530244901221174,5.00611613035199,1.05476288181303,1.93773839248381,0.0274691720192687,0.0281213503687521,0.0989930852005728,5.00140605920851,1.02538565925155,1.95349549970121,0.018339136063593,0.019611086318511,0.0645333206788765,"SRS"
7,2000,0.35,35,2,0.25,4.998737709395,0.993631133377964,2.02166180425408,0.0159097084394455,0.0160008166678002,0.0616173495813893,5.03075236570832,0.933505013111911,1.8385783396286,0.0166545935520469,0.0161657839077207,0.0554670969956157,4.99799271979312,1.0232900666356,2.02296055272857,0.0268782274437265,0.0273165937456751,0.104379314116952,4.99564816640745,1.01514553759218,2.06762595688615,0.0179759644645467,0.0192850127379869,0.0696686113234725,"SRS"
8,2000,0.35,35,2,0.25,4.99784217925315,1.01062755144243,2.23634963897027,0.0151301879137187,0.0157540372353995,0.0686533548667799,5.03322698557279,0.924340678607367,1.9510981733725,0.016163021542926,0.0160905753189225,0.0590697856533068,4.99355396570358,1.00092019230298,2.18973026307281,0.0258401292978395,0.0276769937964649,0.113596678731377,4.99462705347443,1.01880824644136,2.25758907995383,0.017299705665928,0.0187168643662898,0.0770512935200689,"SRS"
9,2000,0.35,35,2,0.25,5.02083205949173,0.999010384229476,1.96757697428428,0.016111858931518,0.016234719536932,0.0594628991545739,5.057505315349,0.939042830230203,1.75689005843722,0.0170200799487842,0.0166447134145605,0.0525071853746878,5.06022984359055,1.01556773280766,1.95096448510412,0.027350720963212,0.0264846533484888,0.0998883805900771,5.00855046249032,0.993800636190453,1.99375479427486,0.0180332717033007,0.018874891587706,0.0660217388714077,"SRS"
10,2000,0.35,35,2,0.25,5.03034830434588,0.984672466876479,1.94499637640903,0.0161966876978897,0.0162586321570295,0.0587072353068033,5.06386914673989,0.928490898130974,1.77874441273928,0.0169151300358251,0.016507442450268,0.0532087831615542,5.04754091271754,1.0124089683435,2.09378274241462,0.0264260335652951,0.0267621644328904,0.107672546864095,5.0201754164848,1.00427613481036,1.98824786850481,0.0181128238275481,0.019642464924499,0.0657764693530869,"SRS"
11,2000,0.35,35,2,0.25,4.97665839721804,1.00063590280082,1.94381805012568,0.0162109201662167,0.0161606486405926,0.058952634380478,5.00644068332045,0.945825446214451,1.74647722594119,0.0170748951613743,0.0166388162720946,0.052367386286076,4.9869296655979,0.996721841408542,2.06488503705167,0.0266001779217829,0.0262981166420241,0.106359403868624,4.96990458643417,1.00297269835594,1.97702875706863,0.0181420902861399,0.0191133277706351,0.0656124072958349,"SRS"
12,2000,0.35,35,2,0.25,5.00134495836674,0.997346308713141,1.99035726986856,0.0160196894351771,0.0166133891195225,0.0602829553827517,5.03575008136462,0.927923753250054,1.81763927108223,0.0167365450205073,0.0167057942951117,0.0545441808303703,5.00320337166691,1.02169729324886,2.18709269046764,0.0258544132133702,0.0270266387935375,0.113099429198815,4.99892355240981,1.00724402394051,2.04219452030394,0.0180454495688533,0.0198264577449988,0.06824860614813,"SRS"
13,2000,0.35,35,2,0.25,4.98776856431103,1.02298484870456,2.04153725700995,0.0158345775667359,0.0158819066488999,0.0622390126369066,5.0190315296093,0.952828784556753,1.84592267957933,0.0166245245667804,0.0159353220748109,0.0556719356110289,4.96345330954513,1.01415618745619,2.14929396801988,0.026129093860062,0.0260758842509556,0.11081915013863,4.97772830921436,1.02236774425864,2.072708819219,0.0178787689443373,0.0189004732460413,0.06932724261184,"SRS"
14,2000,0.35,35,2,0.25,4.97946907945521,0.995191966682179,1.98875364028897,0.016028466441852,0.0161546944774762,0.0602884210174732,5.01323504002284,0.932665959549051,1.79866318129339,0.0168278406787144,0.0164061241514405,0.0539611775315634,4.92651759669918,1.02822599696806,2.04092701324356,0.0267720335520303,0.0275112527807854,0.105544798725964,4.96613998652738,1.01823080713862,2.05285509762891,0.0181574287018576,0.0191334312643223,0.0691760748390282,"SRS"
15,2000,0.35,35,2,0.25,4.99477709517421,0.989939829871954,2.00692464506668,0.0159580088675889,0.0161142252655774,0.0608692395135664,5.02400248705505,0.923629769016781,1.7811094288674,0.0169126769552101,0.016533754389295,0.0533707931322874,5.01363348755745,1.03893036864661,2.01247401815821,0.0269444680307928,0.0271627182308663,0.10331424356274,4.9893491380828,0.987886841273835,2.03554226603007,0.0179946017732765,0.0191121898249855,0.0677604412509002,"SRS"
16,2000,0.35,35,2,0.25,4.99918492354526,1.00321331329495,1.94791529859177,0.0161914129924975,0.0165155199427042,0.0589124723798654,5.03532465469388,0.950936694433356,1.76072461628281,0.017002087569114,0.0169311103525124,0.0526835086023476,4.96838560303004,0.992350569065775,1.92960124680308,0.0275518464920152,0.0283293223280719,0.0987196262017987,4.98121273954675,1.01093559374213,1.9727623636005,0.0182688577942127,0.0198942240492031,0.0652668167008957,"SRS"
17,2000,0.35,35,2,0.25,4.98884190835505,1.0132420356416,2.04272083533772,0.0158195229678304,0.0162619312496976,0.0620649699073739,5.0238731647465,0.967636312954398,1.872342262429,0.0165027258248333,0.0165564546289594,0.0563862031622486,4.98081484599349,1.02664370981631,2.09774941798045,0.0264012447099075,0.0265488860319805,0.108146006225983,4.98292551180887,1.01074582089146,2.12590493885485,0.0178145881518975,0.0188237713537457,0.0718968495599924,"SRS"
18,2000,0.35,35,2,0.25,4.9791997821543,0.978159906731671,2.1363964277018,0.0154787201374215,0.0156997654400876,0.0651613444635138,5.01736181501676,0.925950971693913,1.92044648712326,0.0162946446307802,0.016127264697831,0.0579606075393638,5.03099812877745,1.01202708469117,2.11105873266501,0.0263112902685804,0.0263265796392942,0.109096873741819,4.98760127916481,0.984932670466906,2.18458433205446,0.0173140975011014,0.0186643822898064,0.0731747656314933,"SRS"
19,2000,0.35,35,2,0.25,4.99775082162064,1.00063490172507,2.00682401640006,0.0159582997010257,0.0162207729830385,0.0608550506579199,5.01870686166128,0.959207497131032,1.84341653354358,0.0166297762424053,0.0164955574353607,0.0554145692922276,5.00810729450319,0.982358559698901,2.06675172132739,0.026581212498212,0.0273599650483518,0.106180087076054,4.99448000965059,1.00141584653237,2.07003623331038,0.0178014171656386,0.0185764676839118,0.0691025029920655,"SRS"
20,2000,0.35,35,2,0.25,5.0119111281878,0.990054142127252,1.96137970868728,0.0161303088103218,0.0165633828849397,0.0594236841707833,5.0419135147193,0.927680219546845,1.77423322073974,0.0169347250106325,0.0168221509372893,0.0531912814340741,5.01705700067862,0.977121124702299,1.93755098765591,0.0274417501329948,0.0286495600422706,0.098964510887988,5.01707215153224,0.998480968476402,1.98983079319691,0.0180550139468962,0.0194158769330284,0.0657622715374695,"SRS"
21,2000,0.35,35,2,0.25,4.98822557602335,0.994204545812455,2.02020709683348,0.0159076744180967,0.0161452808032908,0.0614126919507143,5.01241194194165,0.931184099125793,1.85409593928557,0.0165819164317231,0.0162034361342165,0.0558590102304615,5.00032281495009,1.0199093601841,2.0103374624353,0.0269476411479527,0.0278575505068985,0.103520824731068,4.99113068037389,1.00946974818165,2.05340289963778,0.0177959292066136,0.019726522966809,0.0683407362720432,"SRS"
22,2000,0.35,35,2,0.25,4.99800854580497,1.01948990808596,2.01652660257303,0.0159396612812711,0.0162688968104322,0.0611785735370575,5.03647326751673,0.962112889382911,1.81253616609291,0.0167780640166413,0.0166883927499444,0.0544035897001372,4.97908868244909,1.04509069837894,2.0185914810755,0.0269236402676153,0.0270046225558667,0.103881651784003,5.00018147612629,1.0131208012789,2.05950624186373,0.0180412045019314,0.0188141512567382,0.0689908705757505,"SRS"
23,2000,0.35,35,2,0.25,4.99899186446168,0.998008085910398,1.9450951407557,0.0162036381502426,0.016276241515297,0.058947616083905,5.02704053070994,0.92577377452482,1.75360603989398,0.0170364898124077,0.0165142756374317,0.0525846454819967,4.96806715949229,0.993407517245068,1.79018401187268,0.0285309263628532,0.0289856345627292,0.0910726118889846,5.00478992768518,0.996034017269674,1.93379867797242,0.0183575794212711,0.019577221229868,0.0636736358783312,"SRS"
24,2000,0.35,35,2,0.25,5.0148253680947,1.02829247673265,1.99711567174916,0.0159946036127207,0.0161201045869936,0.0605674608616343,5.0501624468017,0.963438389495131,1.77452576232376,0.0169385292272603,0.0165711919731069,0.0531578173472963,4.99375707189359,1.01873410619776,1.91132720420506,0.0276240707972008,0.0282219163837082,0.0973594255358357,5.01479006495704,1.03021548744131,2.00723272706199,0.0182061002174938,0.0195097728291932,0.066785207021396,"SRS"
25,2000,0.35,35,2,0.25,5.02219361640717,1.02331002415031,2.11691846757958,0.0155404780257181,0.0160596969781777,0.0644240211418859,5.04481379537592,0.966293417336481,1.91055594209572,0.0163336815353289,0.0164036123763012,0.0575449793656815,5.00965651240399,0.993989925354518,2.09902637057686,0.0263695105297264,0.0271579780386986,0.107745775168206,5.00737229322118,1.02114217754874,2.17178574988103,0.0177915891817155,0.0189927770419912,0.0738136052901907,"SRS"
26,2000,0.35,35,2,0.25,4.98392567611177,0.984005842456067,1.9548514636905,0.0161664928842306,0.0162404683240143,0.0591101101025298,5.01168925483685,0.931520751826569,1.77834713981259,0.016925940297116,0.0165210177938548,0.0532427631973994,5.01575202473266,0.99475000694313,2.01604850327194,0.0269188282159155,0.0267268644366351,0.103042237085345,4.99907089738414,0.983733477588828,1.97625305265262,0.0179883404968976,0.0187653643811857,0.0649591731762773,"SRS"
27,2000,0.35,35,2,0.25,4.99146243821478,1.02361311631624,1.94227634068098,0.016225494198466,0.0161245211754723,0.0587462588817837,5.02734314239189,0.962269026873976,1.73432323363359,0.0171409151005992,0.0164582188907242,0.0518364967412904,5.01299879349414,1.00774767773643,1.91825705984493,0.0275950666205263,0.0272476372610526,0.097601703060799,4.99538669924572,1.01329107532221,1.95479375126448,0.018468486794131,0.0190087064449215,0.0650075993169475,"SRS"
28,2000,0.35,35,2,0.25,5.00333630144238,0.998585636770051,2.01929768860439,0.0159066432153567,0.016345838269296,0.061443116559142,5.03725910943805,0.935482133120953,1.84936303016637,0.0166013525581793,0.0164690313789956,0.0557695943378638,5.03617631720681,0.980522787432536,1.91910611766409,0.0275658843009613,0.0277593578242758,0.0979089571153148,4.99579873027202,0.993329759272243,2.04381373043026,0.0177120706795404,0.0190179830484983,0.0675990950367642,"SRS"
29,2000,0.35,35,2,0.25,5.00696333613549,0.983320533431665,1.88423051988837,0.0164654845278604,0.0167767716438468,0.0568785602569072,5.04370722545242,0.922517856348372,1.74083461457601,0.0171004968481473,0.016842659094908,0.0521189393110924,4.98671318228754,1.01232100152143,1.83409025600512,0.0282009864382232,0.0284399049701704,0.0939700507084403,4.99828120926416,0.98543362759754,1.94406537524372,0.0184357401034343,0.0195563434052636,0.064311200789393,"SRS"
30,2000,0.35,35,2,0.25,5.02344228177516,0.991873697004674,1.94962024207262,0.0161831366018514,0.0159816548957561,0.0589221095752679,5.05556460644195,0.935357437525872,1.74875552925835,0.0170587301052072,0.0163671950201037,0.0522645011007239,5.00567253942273,0.999897069930765,1.9570127948178,0.0273173546315438,0.0263868222639753,0.100241167533863,5.02301522469065,0.987204638557416,1.94769097317791,0.0183086319105017,0.0186543235000775,0.064433876157157,"SRS"
31,2000,0.35,35,2,0.25,5.01454173017469,0.996893013202566,2.04200617525764,0.0158243723732061,0.0156807569006291,0.0620487722432831,5.04887436588919,0.938393345230462,1.81875441485673,0.0167392060176857,0.0160456213035182,0.0545829484299112,5.00466544622654,0.960113076149972,1.98380108737376,0.0271234378017939,0.0265133763815488,0.101581811161486,5.00524913258575,0.988238022926586,2.05001214404663,0.0178122675786548,0.0182676522636292,0.0679390490516443,"SRS"
32,2000,0.35,35,2,0.25,4.99625950669757,1.00853501725169,1.96889256805818,0.0161207176855225,0.0159064802695377,0.0595880074940711,5.02554854732076,0.963981237649373,1.79700880664019,0.0168493494702283,0.0162439560503111,0.0538742391218383,4.98860191987519,0.993197393020161,2.05346442201832,0.0266781132168152,0.0274214584662713,0.105008392725415,4.99079837850935,1.01430579548508,2.03252886202547,0.0183027483803138,0.0190933768112707,0.0684950582768109,"SRS"
33,2000,0.35,35,2,0.25,4.99784504274982,1.02697850583808,2.07657404579288,0.0157024217982863,0.0159698857151084,0.0633443220347798,5.02472201378134,0.967410253226346,1.90355572823627,0.0163742920306306,0.0161058221459076,0.0575615077374685,4.96846008573305,1.06506207363971,2.09095488000989,0.0264869951326962,0.0264940196116707,0.108469663148478,4.99330460699707,1.04154100347143,2.12798685542293,0.0178674106000081,0.0194974501362046,0.0720892793366212,"SRS"
34,2000,0.35,35,2,0.25,4.9876878305751,1.02303604312429,2.02305884127561,0.0159072845438417,0.0157845006185249,0.0615765770250048,5.02899355770189,0.959124843843924,1.80208338055141,0.0168182404053814,0.0161414236086727,0.0541830405215109,4.98562705627953,1.02786454929624,2.02639351146938,0.026875461016703,0.0264941153183881,0.104640217210718,4.98510211203072,1.02271237869489,2.03847505146608,0.0180167210560788,0.0186566655386811,0.0681902358614279,"SRS"
35,2000,0.35,35,2,0.25,4.99278476508985,0.971805555486345,1.95464282124154,0.0161533338232591,0.0170989949627842,0.0592026109422966,5.01876114639601,0.898248766446012,1.77973344990462,0.0169057485443459,0.0172260347238972,0.0533904310414526,4.98985579345812,0.96810745945479,2.02800928902253,0.0268244374165672,0.0280583940300877,0.104227841042621,4.98246420313638,0.960114860655119,2.01788875149928,0.0180733405485963,0.0199224080215088,0.0674127633887088,"SRS"
36,2000,0.35,35,2,0.25,4.99810792667752,1.00179854717441,2.00148808489746,0.0159923769758503,0.0162697162683768,0.0607507164340887,5.02303290783772,0.944026268443826,1.82004429541865,0.0167483827854122,0.0165231127155522,0.0547111260226553,4.97033837333227,1.02213807586011,2.07317679504646,0.0266704625015834,0.0265604595851963,0.106872641007797,4.99125053764183,1.0164412729208,2.05479921903107,0.018090501884014,0.0194415196062921,0.0688493461338994,"SRS"
37,2000,0.35,35,2,0.25,5.00570157344412,1.02006616393667,1.97493854824607,0.0160894285523994,0.0163643475442624,0.059773496740179,5.03632929130536,0.964525734997454,1.77612291303425,0.0169384074734313,0.0167686162764529,0.0531615177271016,5.02455662532509,1.01030888057269,2.10260841528587,0.0264095390038206,0.0273521959415818,0.10811143915408,5.0051873840476,1.02387053410207,2.0014188605319,0.0182430129558293,0.019955955430601,0.0669919173916228,"SRS"
38,2000,0.35,35,2,0.25,4.97464717707733,1.00951251197705,1.97885118729815,0.0160710362657043,0.0164483810996068,0.0598250937713411,5.01450759418635,0.944192778353001,1.77181811779787,0.0169528564134475,0.0167590455140978,0.0529753851824814,4.97133062429283,0.989036818949858,2.06647457191489,0.0266146037810071,0.0280126503333761,0.106280511701548,4.97553667344294,1.01560127163242,2.04513807003598,0.018173296487568,0.0196666927946105,0.0686629713979811,"SRS"
39,2000,0.35,35,2,0.25,5.01613989824192,0.98741845213721,2.04614362657121,0.0158042518109628,0.0157867849223055,0.0622041659083027,5.0631338784674,0.922508691946335,1.80768060844179,0.0167792372024838,0.0162600391162764,0.0542701478549637,5.035701640577,1.01716638507746,2.08205426399551,0.0264847379506412,0.0265026691848552,0.107277768730179,5.01181490827619,0.992225551909069,2.06244897753921,0.0178413713131097,0.0189606821886101,0.0688689615762643,"SRS"
40,2000,0.35,35,2,0.25,4.987990071156,0.996828607474036,2.05901002322165,0.0157609939752165,0.0159133415888095,0.0625385997992766,5.01795125883545,0.933692781633907,1.84677899777001,0.016614592830694,0.0161546210551011,0.0554715284101092,4.98873200753762,0.983674618144365,2.1733118162445,0.0259566318545279,0.0260553013370271,0.111893382562129,4.98015903738797,0.987141352106785,2.09983969473715,0.0177931375566847,0.0185852685820609,0.0705245866110719,"SRS"
41,2000,0.35,35,2,0.25,5.00724668306263,0.992194893538996,1.91023154568578,0.0163474462293856,0.0162114814610636,0.0576968992479172,5.02103465834545,0.942222311167371,1.76545927339941,0.0169865774550645,0.0162786490638241,0.0528798411775945,5.0277705441645,0.981246254277474,1.79923861824939,0.0284486653740883,0.0279528278852426,0.0914571634366986,5.01070672988661,0.986625678753027,1.95249916755614,0.0181146822647343,0.0179777557596281,0.0641650161589344,"SRS"
42,2000,0.35,35,2,0.25,4.98023435737057,0.989375607301606,2.06915212272307,0.0157276389913614,0.0155000706088962,0.0629191089513444,5.01325150461876,0.929908460939402,1.89504003966768,0.0164059695017846,0.0156090776327086,0.0571372404377405,4.98798158745903,1.0315067458649,2.06433093040627,0.0266426375586926,0.0257593871534341,0.106411646824717,4.97807845988357,0.99930007170905,2.11332408221741,0.0177952878054172,0.0187786500471776,0.0707805298672938,"SRS"
43,2000,0.35,35,2,0.25,5.01404183200878,1.00246201492059,1.94399087945919,0.016211907679919,0.0158091196105531,0.0589635387499567,5.04158634462552,0.947676520100211,1.78417427230468,0.0169005067302815,0.0159433300902784,0.053626679257213,5.04154557855189,1.04840992057511,1.99282387690582,0.0270898267117879,0.0261399403033523,0.102618824223461,5.01773696377034,1.01495398004695,1.99740468217674,0.0179985550322638,0.0187216584441537,0.0662887219195012,"SRS"
44,2000,0.35,35,2,0.25,4.99948561664091,0.984046446571464,2.0109177094534,0.0159375218376758,0.0159993377866944,0.061123857611378,5.03716857133524,0.913992658999568,1.8056652643379,0.01679068062519,0.0161209034914094,0.0542638258370431,4.9925318990249,1.00761739674252,2.12218113432534,0.0262825263677708,0.0264682137447901,0.109718554035802,5.00137099630314,0.987269935192751,2.02779031442597,0.0180074628316003,0.0192183997635359,0.0674799311582339,"SRS"
45,2000,0.35,35,2,0.25,4.9982672955934,0.989332880000109,1.87210016211866,0.0165093614136139,0.0168638050956743,0.0566551832261654,5.01942164024905,0.920170364728905,1.71681078412391,0.0172170397431297,0.0169039899806161,0.0514740530089724,4.98368492157843,1.02671084069868,1.94631952713521,0.027395999262239,0.0278675201421144,0.0994524178950815,4.98368943020405,1.00484069063327,1.91156379425866,0.0184706479209733,0.0198184927203446,0.063369791983007,"SRS"
46,2000,0.35,35,2,0.25,4.98423145535991,1.01388017273114,2.03325182386349,0.0158663649875365,0.0155756075934639,0.0617635556551702,5.01764848885801,0.961815690190479,1.85616060339757,0.0165778916335028,0.015780516898042,0.0558475211843404,4.98289801921077,1.03402376524254,1.94180431717275,0.0274289549561485,0.0275107727133582,0.0991955917916861,4.98871636703333,1.03882656104219,2.08547637805813,0.0180587650335929,0.0183429362823968,0.0700905211565356,"SRS"
47,2000,0.35,35,2,0.25,4.97896573300346,0.989836876280813,2.06967267403305,0.0157203234440561,0.0161222052331163,0.0629071795822627,5.01289601366072,0.921339971868829,1.85822672590804,0.0165614522885462,0.0162465275093917,0.0558324347543452,4.93791348625048,1.00091516775483,2.0459103305869,0.0267639366746417,0.0280233326212324,0.105594174763417,4.96298387308158,0.997097724016884,2.12085826778477,0.0178711800311714,0.0190247263536499,0.0713174953447839,"SRS"
48,2000,0.35,35,2,0.25,5.03668033336201,1.03754384416404,2.05142235946919,0.0157909259037837,0.0157663636877168,0.0622191042989582,5.07884686017062,0.97754623105733,1.82489794804991,0.0167086115864973,0.0161983635794626,0.0547104317869991,5.06112367392045,1.03955402131575,1.97558119968118,0.0271954233163123,0.0273201693573037,0.100943565386302,5.04879757950721,1.03247797662693,2.05092509984119,0.0179693551700277,0.0187747398851615,0.068264423056843,"SRS"
49,2000,0.35,35,2,0.25,4.99267816881237,1.00898437039841,2.06258163022971,0.0157432385792066,0.0164071305817093,0.0627714657481914,5.03295628694599,0.953575096389729,1.86456358424488,0.0165331983078062,0.0167794980601671,0.0561524846406921,5.00316466538824,1.02274274232889,2.05372465730299,0.0266686001237682,0.0279316274208559,0.105387378088187,4.9953060090021,1.01678534084311,2.13211154107635,0.017716670157773,0.0192257858624023,0.0716840971929329,"SRS"
50,2000,0.35,35,2,0.25,4.98695526166612,0.998854269148385,2.06327578255242,0.0157464568327516,0.0159510385166188,0.0625683051709512,5.02012075088687,0.948196688534197,1.8694818462063,0.0165155123437802,0.016204261489157,0.0561128638197363,5.00009566731153,1.00048658634593,2.09111748200612,0.0264498113231426,0.0272098684830819,0.107292261496812,4.98561861810118,1.01099816619729,2.10067169152028,0.0177556502347245,0.0189340347127948,0.0703805068773506,"SRS"
1,2000,0.35,35,2,0.25,4.98981126239213,0.99876573914219,2.04434778995846,0.0158173838125528,0.0158988224146866,0.0619716271454798,5.02750659261262,0.944712630768197,1.83394981573238,0.016668506610604,0.0164375669748986,0.0550191098838499,4.95477714453245,1.04174919694895,2.14928416228654,0.0261384564143963,0.0253456747658927,0.110865766118274,4.980591598509,0.999235943840498,2.07578609339972,0.01799322503776,0.0193276166027426,0.0700515283648728,"SRS"
2,2000,0.35,35,2,0.25,4.99558844500148,1.00695474529171,1.97997331774343,0.0160693060140296,0.0161559464497142,0.0600244640416949,5.02318133113495,0.941685619081111,1.78341308305321,0.0169061066097066,0.0163870581572817,0.0534826210766911,5.05058162235772,1.01653704472184,2.00204433788274,0.0270205276755229,0.0263368889443978,0.102741682227708,5.00350943911825,1.01136103109835,1.98397106081071,0.0180896963171925,0.0191534153670459,0.065486522888441,"SRS"
3,2000,0.35,35,2,0.25,5.00082744878091,1.05091286397417,2.04560100467611,0.0158306552975295,0.0157397337229238,0.0622782584431219,5.03875969123019,0.990815914736576,1.81451123596628,0.0167736583020802,0.0161729683217698,0.0545529365086082,5.00468607441362,1.08880318241711,2.08570114285474,0.0264938811217209,0.0274243331899459,0.107522970408564,5.00764417674017,1.07501955693223,2.06509875646593,0.0181594385277327,0.0195356017375926,0.0698965077330954,"SRS"
4,2000,0.35,35,2,0.25,4.9911420096891,1.01707985262047,2.00480891735096,0.0159686823032799,0.0163708537409005,0.0609583306171121,5.01254723938019,0.96654068023755,1.82755336759835,0.0167047434399682,0.0166290491849906,0.0550197087711804,5.00943328170023,1.01659150988634,1.96439648361892,0.0272479621875019,0.0284229682696962,0.100767033544204,4.99143563549357,1.01895387114132,2.03217788720955,0.0181549555143026,0.0195030311970996,0.0682789846276405,"SRS"
5,2000,0.35,35,2,0.25,5.021611397884,1.00427356189381,2.04139018407045,0.0158228663481769,0.0164596400071548,0.0620093704490703,5.04942196226493,0.933008362655688,1.85079913132223,0.0165934336567749,0.0166231805929791,0.0556665393729826,4.99169086318581,1.06188659426275,2.00196994337652,0.0270270045280573,0.0284576826239898,0.103584048848834,5.01137638257879,1.00899020560764,2.07662859993172,0.0180342563191301,0.0201441644279277,0.0697961663752106,"SRS"
6,2000,0.35,35,2,0.25,5.02166516861771,0.989519938929157,1.95584328374949,0.0161531398000994,0.0167453724312403,0.0590303934559231,5.05858147664865,0.928773320841487,1.76658163979021,0.016968026146474,0.0170585582002786,0.0527757828959464,5.06491001921002,0.981792296473341,2.03351392374313,0.0267723650773198,0.0283615072543352,0.103952727223134,5.02375008898288,0.990260321798429,1.98430022976664,0.0181640460582385,0.0194365353645546,0.066092313957956,"SRS"
7,2000,0.35,35,2,0.25,5.01257788630066,0.998788846193928,1.87398276825091,0.0165017565367449,0.0165892346896471,0.0565361445924749,5.03570057608749,0.941667026083464,1.73235618951394,0.0171426680435155,0.0166905267767688,0.0518369321695802,5.01587943179134,0.983173997837818,1.98230735195652,0.0271481502522672,0.0274509239783564,0.101454407524422,5.01538556815952,1.00420903708665,1.89367794062361,0.018414850148923,0.0194044071702472,0.0622747416871757,"SRS"
8,2000,0.35,35,2,0.25,5.03300166081997,0.965456870365385,1.97864282082794,0.016068333764181,0.016222494231346,0.0598060722750857,5.0516994104868,0.909698818204377,1.82931611784079,0.0166935491075606,0.0164957486450716,0.054893135796798,5.01059187566407,0.941332064390495,1.96058316087322,0.0272987013799305,0.0268983975767647,0.100205913730853,5.01981779970459,0.950564512042031,2.04177697048446,0.0178052950278193,0.018946377660889,0.0675147047670952,"SRS"
9,2000,0.35,35,2,0.25,4.98814812742671,1.00845734318101,2.00701398671997,0.0159594761510546,0.015859104609413,0.0610401382906451,5.02380737772028,0.946187564967833,1.78238395356361,0.0169061686551821,0.0162103981693718,0.0535176659706542,4.978432730142,1.05389189717316,2.01069549567834,0.0269783151209188,0.0267825378555613,0.103523089386073,4.99109503130029,1.03627451467771,2.04525308568419,0.0181077583736644,0.0187762944645158,0.0688950090681812,"SRS"
10,2000,0.35,35,2,0.25,4.98451847589246,0.997701252788346,2.06930771147859,0.0157210752020271,0.01590848476354,0.0629447885149743,5.00793801590128,0.949852512607181,1.91276296364543,0.0163306316652612,0.016044890534093,0.0577378017947656,4.97253399762897,1.00171892794357,1.98187950460961,0.0271532005242433,0.0267089160924653,0.101610599001807,4.98899697051288,0.998011152253435,2.14062297935561,0.0178066268439319,0.0188571232915262,0.0721227356014513,"SRS"
11,2000,0.35,35,2,0.25,5.02112447781799,1.00331623764397,1.97906774324541,0.0160618309353368,0.016417932751436,0.0600456261676891,5.05535739679665,0.929853920964555,1.77675450504662,0.0169252240936653,0.016588257619314,0.0532978652328428,5.01588842847246,1.00680161675835,1.95669547906137,0.0273290738166225,0.0273702877822773,0.100193943529632,5.0187344448207,1.00446379337439,2.00574344488783,0.0181841463123389,0.0196375291394683,0.066971526288299,"SRS"
12,2000,0.35,35,2,0.25,5.00658156236255,1.01080968448591,1.95015706674836,0.0161986848552673,0.0166462093674531,0.0588728452983164,5.0317007052753,0.9430716736972,1.80163551354433,0.0168307158773714,0.0165858338173802,0.0539607331519694,5.00575292752515,1.04367716447581,1.93390943034952,0.0275106449131121,0.0276283810996257,0.0987646241351926,4.99897479934454,1.00788330106911,2.01057875373268,0.0183008354890278,0.0195721927778704,0.0669772640912695,"SRS"
13,2000,0.35,35,2,0.25,4.99757653212588,0.988834402566222,1.94074980990838,0.0162348394094358,0.016247650931824,0.0586817305948039,4.9967067165966,0.943272402254017,1.82021685427646,0.0167700349658239,0.0163330931603529,0.0546746069683456,5.00657627224337,0.965554838728504,1.93186269169883,0.0274681244802915,0.0274448496919245,0.098402311866082,4.99095230433529,0.993298966880354,2.01465115034093,0.0179248341589947,0.0185768336053142,0.0665862171474595,"SRS"
14,2000,0.35,35,2,0.25,5.00049219477851,1.01268098427799,1.95048523378479,0.0161816350379271,0.0165131493573356,0.0590219420682797,5.0286757693479,0.946639908807387,1.78491505963785,0.0168925844698095,0.0165711294680651,0.0535190675408945,5.00935708602124,1.01307885626112,1.93457978375311,0.0274485866862692,0.0287039184434158,0.0988490216584468,4.99265334969466,1.00913946297218,2.00186999037665,0.0180942723371236,0.0194647598620986,0.0662014424477635,"SRS"
15,2000,0.35,35,2,0.25,5.02082982706638,0.980014447944333,2.05164486409334,0.0157778635653191,0.0160205612790706,0.062275667830816,5.04156364893869,0.918607771988363,1.84707227738202,0.0166058097329764,0.0163060711503883,0.0554703847205213,5.03064895324912,0.991608957848014,2.12332432580889,0.0262670056367474,0.0263023347574911,0.108745179595831,5.0160643742572,0.989433996071362,2.09073906446371,0.0179053049436524,0.0188552450512032,0.070210532959227,"SRS"
16,2000,0.35,35,2,0.25,5.01223464192765,0.963621522633889,1.9726863722174,0.0160917815603489,0.0160726973601937,0.059691279399298,5.0407312885695,0.89828137922902,1.80964507541445,0.0167766634547048,0.016156622286921,0.0542905812346413,5.01625883244802,0.958633455327775,2.05100092728501,0.0266687245253434,0.0272434074463189,0.105048594706433,5.01563756719952,0.974619218663884,2.02993523405679,0.0179249432043922,0.0188463195304232,0.0673399601917422,"SRS"
17,2000,0.35,35,2,0.25,5.01433241389469,1.02245970176979,2.02900290682531,0.0158715754284318,0.0162634138485724,0.0616485202857243,5.03886516638342,0.967602242403312,1.84952928708788,0.0166018970807077,0.0165698726525442,0.055680218674542,5.06424624888509,0.992031843243701,2.01180967744449,0.026929801354853,0.0275605729659704,0.103252167066229,5.01636539364903,1.00962039286465,2.07311829026232,0.0178588942972963,0.0190523003516341,0.0694366028458669,"SRS"
18,2000,0.35,35,2,0.25,4.99728541922364,1.02380380576275,2.04134270600209,0.0158302864349585,0.0161930661750085,0.0620928600792585,5.01671072083632,0.970886486544504,1.87156614752162,0.0165131853573993,0.0164415622115151,0.056421445913754,4.98136536264552,1.02257259141316,2.04220572475135,0.0267487559612718,0.0279957520771211,0.105381456427295,4.98378232919664,1.02600959595167,2.08974886878723,0.0178131831496522,0.0190114286564634,0.0698573884307563,"SRS"
19,2000,0.35,35,2,0.25,4.99494954296397,0.991551143246238,1.98477909862803,0.0160466387814197,0.0158301175015662,0.06019279347168,5.02584371604782,0.933073367687275,1.80592376067195,0.0167958903294781,0.0160264582829531,0.054235145534351,4.9740617374197,0.989965392831395,2.04649630638755,0.0267187222487899,0.0271425156045511,0.105282580489512,4.9941501742439,1.01058893998517,2.03055819224926,0.0181115784778663,0.0189476095576176,0.0680428676596624,"SRS"
20,2000,0.35,35,2,0.25,5.0161500786703,0.994755533186995,1.99203071039143,0.0160128630967644,0.0158096792717588,0.0603790557256549,5.05398671428948,0.939435352961852,1.77910217079265,0.0169153417156398,0.0162921825865601,0.0533028129759641,5.01887941991196,1.00493645425634,1.98444617548436,0.027125359293081,0.0265219102171577,0.101588012889863,5.02171144363567,0.98877904670435,2.02183243137533,0.0180568843191113,0.0185252413244092,0.0673405667919217,"SRS"
21,2000,0.35,35,2,0.25,4.99020547082474,1.01070106209551,2.04326355508473,0.0158209128512725,0.0162674840762373,0.0620299671199575,5.01312842374826,0.959928033316489,1.86071557289224,0.0165574858949122,0.0166041484994446,0.0559774152370194,4.9734788302218,1.00483201531779,2.13342929791966,0.0261916423724735,0.0269670144903896,0.110234226310384,4.98313081185712,1.00627859622721,2.12075137807182,0.0177423616165447,0.0189529788531731,0.0713087589665587,"SRS"
22,2000,0.35,35,2,0.25,5.00082652331026,1.02225369939262,1.98129209551937,0.0160668808128026,0.0160890080769161,0.0599395204633684,5.03278730425953,0.957514106788595,1.79410220034617,0.0168554933150652,0.0163269605279351,0.0537487854406912,4.98217175525972,1.00648073157496,1.91330487351559,0.0276348193128603,0.0265871659172237,0.0979619373662363,4.98621426705824,1.00970166151906,2.02132975320052,0.01813087837008,0.0193904321177834,0.067328108188705,"SRS"
23,2000,0.35,35,2,0.25,4.98161616347588,0.978902127948059,1.91889983932895,0.0163136600492981,0.0162638888965151,0.0581631814175319,5.01952769430506,0.918916181732878,1.72314424654709,0.0171855471703503,0.0166247694561422,0.0516194361404877,4.97120284328837,0.984675874451434,1.84229802568652,0.028145201187993,0.0277187898000635,0.0939282591528827,4.98135123038223,0.968528075609574,1.90630548097489,0.0184750898128438,0.0194141197025987,0.0629446267203723,"SRS"
24,2000,0.35,35,2,0.25,4.99014683440877,1.00987995670789,2.02727605313076,0.0158823366519581,0.0160810844591665,0.0614264665755227,5.02323620928154,0.94981978758172,1.8234211099672,0.0167184000499521,0.016398683249483,0.0546623453616735,5.00339457873209,0.973556087421686,2.19802556040916,0.0257935649450366,0.0262331423877019,0.112921370841084,4.99991879465637,0.997305765968548,2.0538030727479,0.0178102088974795,0.0185149545811774,0.0684834896157834,"SRS"
25,2000,0.35,35,2,0.25,4.99866548965207,0.987620654062298,2.00091378437339,0.0159763708584192,0.0162245619685688,0.0607228184646259,5.0281933474629,0.922812440756957,1.79933755504381,0.0168206590564778,0.0165161867764659,0.054008730728447,4.96591486648857,1.04574835610881,1.95133653259257,0.027402266588339,0.027666439295789,0.100418771227171,4.99221449108068,0.991273139423291,2.03613294310393,0.0180357367560188,0.0192696464265644,0.0680212235013459,"SRS"
26,2000,0.35,35,2,0.25,4.9921652634957,1.0141373012041,1.93865948055834,0.0162322755172181,0.0163800915854342,0.0587917292667169,5.02232091509914,0.945106104023336,1.74156441649758,0.0170984629526116,0.0166783450583118,0.0522185352635335,5.01754748339388,0.983537420462268,1.88733106632731,0.0277917217577575,0.0275732869453246,0.0962757007433127,5.00405436238119,1.00360347845492,1.95464935898626,0.0182503162291991,0.0188443330055329,0.0646743404454182,"SRS"
27,2000,0.35,35,2,0.25,5.02155837824557,0.994003220431325,1.9393293002551,0.0162379909236749,0.0163035889535059,0.0586057915871329,5.04910625027153,0.944063436726538,1.75043051424784,0.0170692265763492,0.0166544671877454,0.0523384657453936,5.00510585382947,0.955031095130077,1.85936322469657,0.0280586393233065,0.0285909191259331,0.0946173063021546,5.01642232914535,0.98690190478142,1.95148388019219,0.0182864704602909,0.0190857533003104,0.0642462766130337,"SRS"
28,2000,0.35,35,2,0.25,5.00282222781568,0.990857758017529,2.01120555124327,0.0159417351353197,0.0158840618110686,0.0612239118222542,5.0385528855885,0.936660382217453,1.79372140624297,0.0168518583776296,0.0162201656970219,0.053918588384985,4.99843913708774,1.00168884976894,2.04335082348362,0.0267507975718335,0.0267678849048281,0.10557093382065,4.99789323029425,1.00587760600254,2.04135909252505,0.0180040772978488,0.0187490309402362,0.0683120733936975,"SRS"
29,2000,0.35,35,2,0.25,5.0286109107625,0.969693008302617,2.03053583058641,0.0158635136527899,0.0158159405338881,0.0613683362429964,5.05713930426315,0.920906005947305,1.8302123513614,0.0166870465104574,0.0161467606146187,0.054729243036078,5.03116174197749,1.003963630407,2.08798043425396,0.026518967533377,0.0266786884140607,0.106601787809627,5.01843588025122,0.981504304099003,2.05707945055804,0.0178235996127994,0.0183428058519107,0.0681535260994409,"SRS"
30,2000,0.35,35,2,0.25,4.99501841596536,0.984001511594118,2.01306775972142,0.015931803319462,0.0158378929951278,0.0610169042437535,5.02122609933382,0.933860174837427,1.83028361763737,0.016685670619387,0.0160985388194414,0.0549234224065604,4.96671416467347,0.974866318326704,2.14940965893967,0.0260934115295153,0.0257145381485661,0.110995090296841,4.98429130668407,0.982746848874534,2.07056146808752,0.0180425502204278,0.0184673621996916,0.0698061034695109,"SRS"
31,2000,0.35,35,2,0.25,5.0088044948218,1.02035683857215,1.83131149082438,0.0166902383292809,0.0168151137663757,0.0552086229253646,5.0461797489943,0.964145884089459,1.6723239030601,0.0174400785915327,0.0170945178046327,0.0499293246192924,4.99559199069629,1.02865984082452,1.77754183529431,0.028700488042672,0.029232478428163,0.0904031503760832,4.99458136648268,1.02730923328386,1.82978093772348,0.0188388463898942,0.0199026709009153,0.0599666024551291,"SRS"
32,2000,0.35,35,2,0.25,4.9914148245408,1.01455343021148,2.08535766601998,0.0156670944041949,0.0158075977782138,0.0635014664714472,5.02893177785297,0.942314296524507,1.83334319386583,0.0166748214997673,0.0162236012745383,0.0550950208018651,4.9782796351658,1.05864220625858,2.30670425057423,0.0252632036428078,0.0245803064208236,0.120017877304206,4.98239926377092,1.02824474765441,2.14036985695364,0.017802197797666,0.0187739500588796,0.0729543946473329,"SRS"
33,2000,0.35,35,2,0.25,4.99642058889844,1.00325077359842,2.10453270466418,0.0155946553189915,0.0155488238963877,0.0643655656920314,5.019615222154,0.946084994407464,1.92730774346762,0.0162726867696197,0.0157227434067262,0.0584373726628508,4.96291579760358,0.986935474086116,2.20941954839452,0.0257693053634791,0.026033901103095,0.114682094927682,4.9779267404491,1.00461234951377,2.20501105736762,0.0175495910401894,0.01907687957445,0.0756868200593738,"SRS"
34,2000,0.35,35,2,0.25,4.99964304548469,0.98293870555873,1.92168419868345,0.0162953797854616,0.0166477662413175,0.0581116479965204,5.03563211452315,0.933409338949686,1.73970026627883,0.0171020091414777,0.0169900751644363,0.0520569618745075,5.01063532999998,1.00447966722306,2.01964044952807,0.0270014461745436,0.0271996706960024,0.103090389498205,4.99197010212976,0.989970850988696,1.9818500714871,0.0183208784680346,0.0194348868726899,0.0661816463292234,"SRS"
35,2000,0.35,35,2,0.25,5.00166377526625,0.986534630553345,1.96294810611454,0.0161318106835985,0.0165861340734033,0.0592678093666087,5.03314598026139,0.938467370907831,1.81555324792036,0.0167491863621462,0.0167342678559378,0.0543775587439105,4.9832059030098,0.99004806803231,1.97420673221149,0.0271910849925034,0.0279899230986621,0.100541997403577,4.98320384317805,1.00378215225767,2.01203010385913,0.0182167820366751,0.0194213077223074,0.0667838656377963,"SRS"
36,2000,0.35,35,2,0.25,5.00102366326481,1.00731177602974,2.02176314733347,0.0159009464221365,0.0160822580782213,0.0613788571426667,5.03023898392084,0.941338502467382,1.79544452824805,0.016843535692078,0.0164351464303751,0.0538374710816001,4.97705876328377,1.02869098735251,2.08863259907145,0.0264695636799143,0.0269806561961692,0.107202880588197,4.98914629269018,1.00867000078273,2.05589449116436,0.0179675697977758,0.0194188704570003,0.0686885708159049,"SRS"
37,2000,0.35,35,2,0.25,5.01166210196462,0.982169166832892,2.04940413781384,0.0157872735302682,0.0158309192767478,0.0621732550949925,5.04201230632645,0.919512013367125,1.83636101804828,0.0166504854875249,0.0161824115234557,0.0551301181206291,5.01170267818993,1.02697337187308,2.00792399692291,0.0269685525728845,0.027702610186001,0.102756638651241,5.00669855862464,0.990290653401492,2.09733770169049,0.0177944647211969,0.0192625798588366,0.0704654314643743,"SRS"
38,2000,0.35,35,2,0.25,4.98173255651229,0.997871026528971,2.08923613488277,0.0156477876861219,0.0156957104546024,0.0637458707973325,5.00413443895637,0.945232817297153,1.89647220366167,0.0163997583476716,0.0160143609262995,0.0572859521231329,4.97376564300532,0.995015316465155,2.01004820209848,0.026968087750061,0.0266479250100151,0.103282625856754,4.98241646759354,1.00012463859622,2.1068663104605,0.0177159891326332,0.0185862891078254,0.0704907516919007,"SRS"
39,2000,0.35,35,2,0.25,5.00461283405753,1.00579226758739,2.09202654352386,0.0156426785976828,0.015988515381548,0.0635710163791483,5.03803519375725,0.943077402029242,1.90800236960194,0.0163495755202182,0.0160916769167554,0.0574656705529484,4.98168800502968,0.985399942137409,2.12779078623312,0.0262358889397938,0.0261306877639195,0.109789431598346,4.99232470093847,0.999166322470397,2.1649562996189,0.0177078168857969,0.0185340801515649,0.0729880606647956,"SRS"
40,2000,0.35,35,2,0.25,4.9895522562961,1.01168352281174,2.01189349534831,0.0159421447158947,0.016125400529816,0.0610646934517269,5.03488711380263,0.943698023525896,1.78935100118704,0.01687566515634,0.0164978027253257,0.0536739167102377,5.01015995558792,1.01281779009222,1.98633569982454,0.0271100459331485,0.0275744390765656,0.101772678289976,4.99789380578839,1.0192109028068,2.01015592734282,0.0179395100251542,0.0194441152693105,0.0664419208028852,"SRS"
41,2000,0.35,35,2,0.25,4.99315590352997,0.985982596188965,1.97122193282167,0.0160962205938496,0.0163830260101802,0.0596443844299797,5.02742525906117,0.930551401516439,1.78657939494291,0.0168807095545608,0.0166173612912602,0.0534984897035536,4.98139482315122,0.97673754520812,2.02934217171648,0.0268418722039604,0.0258013987555047,0.104205793182165,4.98531679076539,0.981530562969404,2.04121910433974,0.0180805127403404,0.0188879255162558,0.0684952928362999,"SRS"
42,2000,0.35,35,2,0.25,4.99372966481376,1.00916635090793,2.05973650972693,0.0157729376334262,0.015659865886953,0.0627364636342013,5.01928550921075,0.953442518356912,1.8320973758578,0.0166921061158636,0.016050486134648,0.0551128599201529,4.96671399341419,1.01432262406954,1.93899985842715,0.0275896518795843,0.0269937921821825,0.0997525656554943,4.98754945399291,1.02045011644654,2.10838901730233,0.0179072352494798,0.0188059292262948,0.070706604417191,"SRS"
43,2000,0.35,35,2,0.25,5.01916488687852,0.983538310993348,1.97667104568027,0.0160725099496243,0.0161017475320396,0.0598977565481821,5.0506159569383,0.93552705134161,1.80528075948363,0.0167937878612167,0.0163946492328187,0.0541791463413897,5.03966618936993,0.99009476663877,2.073901638347,0.0265623106894833,0.0260158829857083,0.106900739865103,5.02512822777335,0.990931700337987,2.00795062817258,0.0180801498544122,0.0190401829022634,0.0667155029679182,"SRS"
44,2000,0.35,35,2,0.25,4.99586593192996,0.988277848876059,1.97948218787124,0.0160684828203282,0.0160736605628838,0.0601648820002858,5.0123421327835,0.928637819395922,1.79045745622948,0.0168703649973139,0.0163561893468199,0.0538521443031655,5.05465782991387,0.952098048695861,2.03275652912579,0.0267860579485763,0.0268988328787072,0.104711703130853,4.99760803180141,0.972031620736759,1.97698180788933,0.018003392476486,0.0191480946240637,0.0652430835312354,"SRS"
45,2000,0.35,35,2,0.25,4.9841534047644,0.996567836404343,2.03938522611229,0.0158316212790427,0.0161688639034498,0.062057401234886,5.01745747961154,0.935195174462342,1.83520616897561,0.0166615618326639,0.0164994383533569,0.0552497118423005,4.94723375125947,0.97971493542052,2.01050440669048,0.0270034312834579,0.0271896935723264,0.103081702117267,4.97580139430138,0.989152324523108,2.04916160870426,0.018011417263016,0.0191801943011174,0.0686175055232799,"SRS"
46,2000,0.35,35,2,0.25,4.98629295340736,0.997641296304774,1.97728002161941,0.0160794449202699,0.0160361350000578,0.0599203495067476,5.02480069993948,0.947673391075035,1.8021872183989,0.0168206301366177,0.0163289994899906,0.0540939220132782,4.96489754928989,0.981890348978905,2.01972696036321,0.0269081383544665,0.0268175191695783,0.103125526668065,4.98837319449673,1.00573172009992,2.01603217020067,0.018020547904809,0.0185506454169085,0.0668979498044547,"SRS"
47,2000,0.35,35,2,0.25,4.98287801345625,1.01804639860699,1.92044885806103,0.0163127221877027,0.0163677396363348,0.0580747329017832,5.0172322719286,0.958275857357668,1.7734988202769,0.0169491532540159,0.0164418252179372,0.0531974070283841,4.99760973706811,0.987909876443191,1.95151908844531,0.0273516511558425,0.0267582706429871,0.0997395872365562,4.99213408748228,1.01091701306344,1.96908595928486,0.0181690446017654,0.0185876606694081,0.0651904586728954,"SRS"
48,2000,0.35,35,2,0.25,5.02033205701859,1.01082017217621,1.94402708678681,0.0162058055959173,0.0163431446138107,0.0588553733936694,5.04315083625336,0.954864678373536,1.79405983734031,0.0168497009452593,0.0163635981395797,0.0538519771119844,5.03211975072484,1.00620726961882,2.11082685017893,0.0263075491111386,0.0264848117480954,0.108182186280448,5.00874469844846,1.01891932748856,2.01936636976221,0.018060259726251,0.0189289849039139,0.0673984482030803,"SRS"
49,2000,0.35,35,2,0.25,4.9783296394069,1.02097522267054,2.0308472281015,0.0159144327340789,0.0159287683339212,0.061635573311459,5.01923125595024,0.955546341151103,1.85091963167015,0.0166273427217838,0.0159475794181695,0.0556474232954474,4.99910349198029,1.00139536631942,1.96205282994257,0.0274424092213926,0.0272087619279864,0.0999735781412414,4.97319528680351,1.01685537885478,2.07387680572655,0.017984053422365,0.0186755828161174,0.0690648872002268,"SRS"
50,2000,0.35,35,2,0.25,4.99933280571189,0.986688544016926,2.02906113690175,0.0158705367557157,0.0160906025113794,0.0616058808334943,5.02813274031876,0.923530479388761,1.85097927861905,0.016592059866828,0.0162269892077344,0.0556867814715201,5.01668581306688,0.992538927745017,2.0300844392948,0.0268289351193956,0.0267443971364546,0.103842146106926,5.00030217356892,0.987403415328955,2.08691663788929,0.0177416090960224,0.0188023681103918,0.0698981619965068,"SRS"
1,2000,0.35,35,2,0.25,4.98273122746684,0.994166720096449,2.07647845122728,0.0156927380888532,0.0159659494311736,0.0631902735668528,5.01009684740249,0.918831142899951,1.85099057468661,0.0165899909905028,0.0163424186739571,0.0557145432496986,4.97611357863636,1.00381420128912,2.21571819106772,0.0257268523328861,0.025506299371927,0.114473376035282,4.97588869113337,1.00161045496924,2.12812624679643,0.0178181401385881,0.019024764922333,0.0722875472270721,"SRS"
2,2000,0.35,35,2,0.25,4.98841863217388,1.0161286294111,2.04167468489436,0.0158292984881876,0.0156115002065371,0.0620178753351393,5.03012098093456,0.953956965988715,1.80188262298771,0.0168187679511516,0.0159935516055141,0.0540066357361033,4.98611755699255,1.02010459745966,2.10703294972199,0.0263588724426741,0.0251866573269478,0.108507539072774,4.98710946948688,1.01904397694779,2.06848792047806,0.0180151558813962,0.0184127050924485,0.0694144682553681,"SRS"
3,2000,0.35,35,2,0.25,4.97176749479899,0.970110007593368,2.02763646657459,0.0158782112057772,0.0162290705953327,0.0614896213787928,5.00922708283696,0.902964087205606,1.81868473614753,0.016734249672465,0.0165709335753165,0.0545419354967927,4.98604532803795,0.974269578737884,1.93548987325184,0.0274916156705541,0.0271825513844057,0.0985787103236566,4.96297761386671,0.973277023141541,2.03253539235854,0.0178554787901488,0.0191053082435284,0.0668326255524998,"SRS"
4,2000,0.35,35,2,0.25,4.9999756197728,1.03104087171633,2.0177974649723,0.0159257368828179,0.0160499409934459,0.0611765558231733,5.02070317100445,0.969362896737482,1.84038680991098,0.0166538279599847,0.0161496914161911,0.0552688965910513,5.00070527277715,1.05892564349328,2.19621329041775,0.0258786152977726,0.0260231370399564,0.113148921900285,4.9852808665725,1.05858970943516,2.10558562541513,0.0179553610455642,0.0188865316813681,0.0710490467169698,"SRS"
5,2000,0.35,35,2,0.25,5.02795347644445,1.00997225254611,1.99563047186202,0.0160168704069082,0.0161646495299003,0.0606327514143826,5.04858609718571,0.946180921715619,1.82135565287565,0.016739430983991,0.016387908055282,0.0548280434402115,5.03920855034543,1.01481136533866,1.99494875298366,0.027071051651289,0.0269535272832251,0.102664699328209,5.03100524918545,1.01578084141455,2.0403814876959,0.0180715459486676,0.0189139302312336,0.0684799338391806,"SRS"
6,2000,0.35,35,2,0.25,4.98798956879898,1.00214415295581,2.02108593230739,0.015908324012166,0.0158535961992371,0.061563438883207,5.02295343478711,0.948004079311105,1.83096426510949,0.016685433631389,0.0162148181940485,0.0551910690995996,4.99399453866405,1.0040294651653,1.9926978958657,0.0270637869993853,0.027353733721246,0.102466364693485,4.97942488488498,1.00527315950953,2.01124901804483,0.0179510394444078,0.0187215783436621,0.0665612555396785,"SRS"
7,2000,0.35,35,2,0.25,4.99206346453166,0.989167214085611,1.91917812310366,0.0163127901403568,0.0164582798022953,0.0580242953275535,5.03131406918189,0.930289785681657,1.76361224986564,0.016989179169608,0.0165531744277952,0.0528498645208172,4.96830348008978,0.984079475679848,1.99185529010675,0.0270653627913778,0.0279765827698172,0.101840842386043,4.9908602555858,0.993709919799331,1.95693312807331,0.0182612866606949,0.0193705149498998,0.0647355833657389,"SRS"
8,2000,0.35,35,2,0.25,5.01159683635805,1.02392729330385,1.93163115394638,0.0162689609129763,0.0165931110176627,0.0583221937665128,5.04926310529929,0.967614672998925,1.74588624315597,0.0170802087988457,0.0170119075833186,0.0521806672822584,4.99265943523725,1.04243667990481,1.87226772241591,0.0279233713150733,0.027946137965098,0.0957641839074531,5.00659756936592,1.0343156145729,1.94748416925829,0.0184664300161992,0.0193716293036181,0.0646120602867098,"SRS"
9,2000,0.35,35,2,0.25,5.00069816459304,0.994131755414386,2.02824635471014,0.015878826155904,0.0157855811312486,0.0614868323944777,5.02103399263013,0.935529563648877,1.8574340282819,0.0165704253170349,0.0159714525290882,0.055842517487025,4.95872028949492,0.989713621511039,1.95547339013041,0.0273348914353068,0.0273782584429834,0.100043107304555,4.99020602947223,0.997269212462696,2.07669519332487,0.0179010814185903,0.0184537919863206,0.0692172745938008,"SRS"
10,2000,0.35,35,2,0.25,5.00520670914692,0.99857600065711,2.00284958790573,0.0159749770970635,0.0160360357108724,0.06078399330253,5.0465230473113,0.936329468852975,1.80162667828132,0.0168111663246914,0.0163190113675835,0.0540789499637638,5.00196232763174,1.01941761224323,1.88319398897628,0.0278509433727049,0.0273149151273187,0.0962578841539497,5.00603189668155,1.00383724021795,2.00756858947941,0.0181096151253746,0.0186402885636809,0.0668108660117421,"SRS"
11,2000,0.35,35,2,0.25,5.01859285570901,0.993875963033498,2.14563629817053,0.0154397999943036,0.0156933021119367,0.0656034589187195,5.04927554676058,0.937644870159109,1.93835196186578,0.0162186876497851,0.0158967904602012,0.0586245177197695,5.02355510559447,0.988521861933123,2.04404163306243,0.0267312746211958,0.0268239732854753,0.105540299085271,5.02253967199177,1.0024781544191,2.17972110948975,0.0173977451605987,0.0182702376201539,0.0731263342949047,"SRS"
12,2000,0.35,35,2,0.25,4.98145704693637,1.01026038122091,1.90891769785305,0.016360501078256,0.0167407321861267,0.0576627679854777,5.00734548822025,0.946825990254199,1.71099214477078,0.0172580648344797,0.0170383561276643,0.0510966443984132,4.97499213022781,1.01982193932236,1.90587618273347,0.0276861992911223,0.028508370018052,0.0970188254924912,4.98004573914896,1.01790530126904,1.92014999904685,0.0184735313642695,0.0197783903286176,0.0634059083571926,"SRS"
13,2000,0.35,35,2,0.25,5.01936177722096,0.987546142980075,2.01686645964668,0.015917553974038,0.015753519785312,0.0612161365522328,5.03300712914113,0.927000140972427,1.84075496825879,0.0166357301119886,0.0159719577067567,0.0553506599261413,5.02090082594847,0.986940340927052,1.85058311020551,0.0280614193812819,0.0279678715905272,0.0941249584217776,5.01532810177289,0.994699461122021,2.0340960968757,0.0179331847696124,0.0190188779118563,0.0674183562153463,"SRS"
14,2000,0.35,35,2,0.25,4.96870474889929,1.00355696059215,2.02609412284266,0.0158875017584212,0.0163258652270049,0.0616915484132109,5.00934077170121,0.941386372061026,1.84563643740428,0.0166170653424845,0.0163780436596954,0.0556563729675254,4.97727639605495,1.00272393282088,2.05152241953103,0.026690526373613,0.0270155840789841,0.105779132328351,4.96240001698959,1.00668625330685,2.08226882981102,0.0179119075468009,0.019591711991109,0.0701548003818875,"SRS"
15,2000,0.35,35,2,0.25,5.00476121699395,1.00121059438626,2.05861066049308,0.0157622464658228,0.016029006362607,0.062586714239203,5.03240364944831,0.942688788913282,1.87681005437049,0.0164825739630681,0.0162975796055469,0.0565316451801538,5.03167433875875,1.014970587197,1.97504123288603,0.0271820856769048,0.0280530279666304,0.100906709406071,5.02274049824994,1.00139850255491,2.08167310735621,0.0177445424970179,0.0189694446530847,0.069311429417193,"SRS"
16,2000,0.35,35,2,0.25,5.01358513494414,0.994890007745012,1.9633788513839,0.0161277850030503,0.0163658966066724,0.0593883925602301,5.03566598110822,0.928151900922642,1.80839181299349,0.0167830621321146,0.0163200090338572,0.0542611193093975,5.02409145475353,0.985595744875442,1.98157764801693,0.0271342765941901,0.0271995063264799,0.101419965703991,5.00021337294933,0.986980242569436,2.01431487064855,0.0179551564631198,0.0186326634022622,0.0666766384018516,"SRS"
17,2000,0.35,35,2,0.25,5.01380602876593,0.99992627631394,1.97296735367609,0.0160914770842279,0.0163999422895607,0.0599276349090128,5.03797094763562,0.941047683811554,1.81178656159583,0.0167711435444616,0.0165993657187244,0.0545554302581998,5.01645447826603,1.01165977333564,1.9949180213643,0.027061035757515,0.0279306435498905,0.102835947534348,5.01404823707911,1.00513652896595,2.02444617608407,0.0179910890109302,0.0191609690040204,0.0675667536497675,"SRS"
18,2000,0.35,35,2,0.25,4.98459190497996,1.00473647254837,1.98083952771059,0.0160719587408562,0.0164769887150029,0.0599565815305373,5.01629203089836,0.952898164641846,1.80523503658012,0.0168078849841842,0.016722705351223,0.0541140236903633,4.95242201243541,1.01788989551287,1.98855723659732,0.0271227886342021,0.0284181975167456,0.102057429064561,4.9763067627344,1.03152008783504,2.01933231643863,0.018174522056208,0.0197139519360501,0.0673676838279537,"SRS"
19,2000,0.35,35,2,0.25,4.98640349225652,0.984216352434774,2.07523552440559,0.0157008813366255,0.0157575056496173,0.0632666366787331,5.01205308353849,0.923960631330586,1.86823156204807,0.016522290799791,0.0159921979310466,0.0563280000996144,4.96191698256864,0.970333319778519,2.03486866230013,0.0267909642484131,0.027799715482595,0.10446213472404,4.99220924554606,0.994799588420441,2.08141531697964,0.0178270296426001,0.0194265915963529,0.0698888668530882,"SRS"
20,2000,0.35,35,2,0.25,4.98940231701173,0.994658809937864,2.13349274752637,0.0154934331705129,0.0157181420520218,0.0652096864619944,5.02249144712093,0.917767101533365,1.89306469594636,0.0164152010312212,0.0159363153518302,0.0571666823919405,5.00081370132328,1.01449201798308,2.20266706955787,0.025776324011058,0.0264232587479406,0.114047688917091,4.99916825314332,0.990205654102708,2.11504814174569,0.0176129235756646,0.0189444447973928,0.0706365507312502,"SRS"
21,2000,0.35,35,2,0.25,5.00130222311322,0.998886826275042,1.95689245700162,0.0161639310871071,0.016080380682623,0.059510546452356,5.02322524047532,0.94744946138215,1.78107663626138,0.0169174107448805,0.0163851178437778,0.0536113385112568,4.99735028407314,1.01973592719239,2.02479384520841,0.026885451053059,0.0260404241218906,0.104467483277597,5.00276613226977,1.00427858923231,1.96901904875127,0.0181545523893355,0.0184116078668626,0.06517027440051,"SRS"
22,2000,0.35,35,2,0.25,4.98235167474914,0.990443366074595,2.04130384102339,0.0158342279181811,0.0156503929285432,0.0621032289617877,5.00426735571758,0.93496750108682,1.88064694126482,0.0164758100343905,0.0157271091051764,0.0567507897134036,4.94285495091937,0.983968932194101,2.11145853151118,0.0263495445845597,0.0256705911622583,0.109123013800778,4.96589681244151,0.995023849830514,2.12664121961566,0.0178876116662522,0.0185787657170932,0.0719104072839983,"SRS"
23,2000,0.35,35,2,0.25,5.01232573773702,1.00739800753705,1.99974347873728,0.0159850156385204,0.0158872230636309,0.0607357710515956,5.03024939373082,0.950611522131934,1.82570505908012,0.016708602063213,0.0160591754329699,0.0549287902240232,4.99056199128737,0.999583454639692,1.92892177062517,0.0275173314581397,0.0262096140014681,0.0991179661369443,5.00088574994761,1.0005019824173,2.03595485182113,0.0180321506092489,0.0188585635099278,0.0680189811467459,"SRS"
24,2000,0.35,35,2,0.25,4.98727962165828,0.990603983395809,2.02201261282025,0.0159011729811389,0.0156807509724462,0.0616007293073697,5.00755704120389,0.925054521418113,1.84883829815548,0.0166053561565623,0.0158105996420086,0.0558187427419962,4.98725858606292,0.971488309644739,2.07727114741757,0.0265170429273001,0.0267006348441737,0.106940288621536,4.97387992777507,0.991411826525603,2.11652009240504,0.017836325242404,0.0185351664698619,0.0716962830199237,"SRS"
25,2000,0.35,35,2,0.25,4.99433790312229,1.01558726289532,2.03993183481968,0.0158396971732084,0.015858920049801,0.0620344135032033,5.02105861497267,0.965905198073858,1.86121183708144,0.016558632355301,0.0161151433393708,0.0560587908638045,5.03494483945553,1.01969912872487,2.03102308465977,0.0268751421359157,0.0270458637199498,0.104080368683876,5.00235188932154,1.01852109028292,2.08759776995355,0.0177817293011053,0.0185663832058385,0.0695874965770505,"SRS"
26,2000,0.35,35,2,0.25,5.00629977011563,1.02930267495309,1.87372547433149,0.0165064791728576,0.0171939016963364,0.0567781403934241,5.04313026236315,0.95294855582521,1.67488866883336,0.0174304718365479,0.0174678218132027,0.0501398143100535,4.98383606960738,1.03900208139112,1.95235294165206,0.0273606784136252,0.0296799067490181,0.1002444707427,5.00243623322404,1.04867745159523,1.91664193781971,0.0186380115453026,0.0207430165168329,0.0642787857576694,"SRS"
27,2000,0.35,35,2,0.25,5.00820970609163,0.998421579084113,2.05184087491125,0.0157867257916187,0.0162467225951347,0.0626067924910362,5.02720953387037,0.934123033384541,1.87367081012602,0.0164949473130677,0.0164307762683487,0.056637478502067,5.01934910788391,0.981525320038454,2.03342318331863,0.0267808919624084,0.0279292470552671,0.104154582378056,5.00435041403795,1.00237265514989,2.07037163320909,0.0177655500061945,0.0190321870686007,0.0689314468017094,"SRS"
28,2000,0.35,35,2,0.25,4.98132830102276,0.983898859603194,2.09193208139204,0.015634791128438,0.0160571115102621,0.0634977906979909,4.99946320157461,0.920666634051017,1.90121253891503,0.0163776553741991,0.0161657168189463,0.0571588691692627,4.94884707527735,1.03423159499471,2.18304936583558,0.0259166843516094,0.0275786759113348,0.112171955587415,4.97344902189967,1.01502560037369,2.14864593688149,0.0176755439092566,0.0194768250811214,0.0724697265977669,"SRS"
29,2000,0.35,35,2,0.25,4.98725024558333,0.99303735873088,1.94244127819406,0.0162163251648166,0.0166378096363256,0.0588492865138979,5.01883437664894,0.93067906802026,1.76636645981688,0.0169806163538368,0.0168037105087148,0.0529816883658002,4.99306008893344,1.03038583914272,2.04965412398475,0.0267277396751244,0.0266282539628696,0.104852081009175,4.96907551815656,1.00881836736602,2.01520810823215,0.0180663534176156,0.0196193793274296,0.0674657907705369,"SRS"
30,2000,0.35,35,2,0.25,4.98602997808641,1.00495123328488,1.94432549405984,0.0162191454273216,0.0166291235293314,0.0589988225349865,5.01669895727016,0.93712131967711,1.75604785872991,0.0170398740854758,0.0169035474266838,0.0527328978254632,4.97352869720218,1.02809720978776,2.00793771105427,0.0270122473982408,0.0274483643432569,0.103820157004213,4.97614702399388,1.0078454205142,1.98662172796308,0.0183420619327046,0.0199087364550012,0.0664229960855675,"SRS"
31,2000,0.35,35,2,0.25,5.00751724776385,0.986588463502344,1.95147479107923,0.0161870390947288,0.0161468744266216,0.0591055889739236,5.04344518567816,0.918362563229226,1.7356834566769,0.0171330380374791,0.0165743239399825,0.0519520851112796,5.02129390066334,0.986886404412857,1.90912966259173,0.0276259249096568,0.0280962655416911,0.0978519242032569,5.00933831176886,0.99455874304953,1.96292989453565,0.0181567157768374,0.0192019051850866,0.0648953390748492,"SRS"
32,2000,0.35,35,2,0.25,5.00630686013159,0.986750722727401,1.92653799684086,0.0162738563785064,0.0164889729103058,0.0582181462538345,5.0358611639877,0.926411457785198,1.77550373128554,0.0169301586440681,0.0165291499719969,0.0532138934280994,5.02261808236999,0.968826297465759,1.92724091464347,0.0275225539721969,0.027618691392723,0.0984972234176027,5.00893474032712,0.98553238789346,1.97228498943878,0.0181785630546748,0.0194834274348985,0.0652669824988249,"SRS"
33,2000,0.35,35,2,0.25,5.02393457316379,0.992521795691068,2.07025017142775,0.0157071640950835,0.0161558392446201,0.0628026265324145,5.05071534813792,0.93941354495772,1.88071863007702,0.0164569848680122,0.0164280691873159,0.056492818397375,5.03302666942508,1.01309965254136,1.99695426767448,0.0270594314646925,0.0273454848017145,0.102102991903829,5.01055160124701,0.993530988471683,2.13490971923151,0.0174839201698476,0.0189762297646691,0.0710805746981023,"SRS"
34,2000,0.35,35,2,0.25,5.00222763844586,0.99522124750031,1.99544792810732,0.016009782674868,0.0156399686081826,0.0605264796639795,5.02205575453375,0.950037291773031,1.80344374490196,0.0168144665639008,0.0160419650131597,0.0541297510716169,5.03305621487306,0.985754379626856,1.94831259227426,0.0273727132176843,0.026419248012973,0.0994513242937098,4.99541693042214,0.986455952399252,2.02896352611648,0.0180236169729623,0.0180541606094827,0.0676760169149001,"SRS"
35,2000,0.35,35,2,0.25,5.0016555866855,0.982737717503921,2.092572565845,0.0156255375646432,0.0162153611729036,0.0636851794289767,5.03717192986746,0.907364468616285,1.87824226587157,0.0164639569974167,0.0164372463173991,0.0565582326195788,5.03041286265347,0.989019715337333,2.14168698065398,0.0261144979116432,0.0264319064932968,0.110318111427885,5.00778620383776,0.987449954327861,2.13080003629727,0.017465248564128,0.0192696763120869,0.0711645161535567,"SRS"
36,2000,0.35,35,2,0.25,5.00289224220647,0.97842531219958,2.02026657013037,0.0159054502558128,0.0157577683452712,0.0615261966192934,5.01604484639367,0.928072862124797,1.88633577869384,0.0164418580209461,0.0157824693087954,0.0570491044284102,4.99966857948453,0.971908827697446,2.2197941186396,0.0256968449063968,0.0251973407029333,0.114594256126793,5.00136702525321,0.997618986169836,2.10744265261455,0.0177588719855288,0.0183983528233372,0.0710163642107631,"SRS"
37,2000,0.35,35,2,0.25,4.97700487473796,1.03115681198705,1.94522780042949,0.0162237304625039,0.0165190788804041,0.058931689684923,5.01149860750479,0.963845565558836,1.77635240799484,0.0169465759734774,0.0165785845246191,0.0533123036363653,5.00075631637961,1.01452491904257,1.956166765142,0.027318443827072,0.0280798730372743,0.10049459666512,4.98441505776374,1.03296388727498,1.95530023433375,0.0181867018880764,0.0195994627389957,0.0645712657841865,"SRS"
38,2000,0.35,35,2,0.25,5.0253537433032,1.01065553740786,1.97915061067808,0.0160653291855944,0.0161400520844239,0.0602592601191533,5.04933580000969,0.953846507949541,1.82397301700599,0.0167140423081686,0.0161849810766336,0.0550339405630867,5.04456355778306,1.00858516805173,1.90713431469656,0.0276654470784508,0.0273800434745546,0.0977545262970303,5.02956828265375,1.02041769761454,2.03847868798594,0.0180966700559866,0.0194128998511793,0.0685413920502325,"SRS"
39,2000,0.35,35,2,0.25,4.99773806546641,0.998561027028241,1.98036500672517,0.0160639996134291,0.0161295164122129,0.0601507707539814,5.0326476860078,0.939162724278968,1.78892021313253,0.0168753610951595,0.0163665525717582,0.0537550436961467,5.02247537225185,0.937438138751868,2.03265731792014,0.0267993888417707,0.0269797280671653,0.103968417838681,4.99236359744934,0.985174767658002,1.99555810684714,0.0181679649896778,0.0185918286381847,0.0665897418995889,"SRS"
40,2000,0.35,35,2,0.25,4.99595810566725,1.00281328416646,1.96713504655157,0.0161403773744171,0.0159055416949165,0.0595524202198655,5.02665847649833,0.938457494270271,1.80123359179184,0.0168403857879191,0.0159786895745011,0.0540418678905246,5.00702191581398,1.00248004981346,1.95111593167101,0.0274709933213752,0.0265338790531515,0.0995980921233176,4.99651418564978,0.988792236274513,1.97444782832973,0.0182155124642824,0.0189567295351165,0.0654830571911792,"SRS"
41,2000,0.35,35,2,0.25,5.03946025353136,0.988135138873704,1.87319133488623,0.0164958927955459,0.0172174765712727,0.0567985903701797,5.06900260208641,0.918567736763169,1.67773194789922,0.0174034090930213,0.0176241043895442,0.0502508360840596,5.04811785962074,0.967088122108972,1.96182948271512,0.0272403303320784,0.0284112329179515,0.100648165457583,5.03693305994438,0.985656735878265,1.87108127309797,0.0184797288683833,0.0201788862942974,0.0616212058218102,"SRS"
42,2000,0.35,35,2,0.25,5.03847254563309,0.981394039100307,1.97316098631474,0.0160839603792854,0.0159671005750436,0.0595921605202866,5.06849534823411,0.926003460278993,1.77856902366766,0.0169151947735774,0.0163713976113189,0.053178953053238,5.05635503158209,0.995047586440344,1.96946604521619,0.0272232098030062,0.0270758320240887,0.1007369503519,5.04068362992737,0.986518012408376,2.02324894470374,0.0180272266217488,0.0184581109754684,0.0671287011311276,"SRS"
43,2000,0.35,35,2,0.25,4.97877049801558,1.01219097668836,1.92525412298566,0.0162881329016569,0.0165824808227438,0.0580872398360537,5.00780709412297,0.956984452981492,1.76447129711129,0.0169923820094278,0.016785554819627,0.0527539872845133,4.90810260162269,0.952781577536909,1.92511352996071,0.0275341259442968,0.0279956325648952,0.0980228707829943,4.95989818939364,1.00180974057747,1.99572686360764,0.0185654187456721,0.0192618386291042,0.0675200138535844,"SRS"
44,2000,0.35,35,2,0.25,5.00068606645872,1.02276990872987,1.88271240942861,0.0164692516183102,0.0166358000340565,0.0568268598677676,5.02147022543882,0.962727463784181,1.72410266523926,0.0171896630073815,0.0167670962445375,0.0515635691045565,5.00276288404684,1.02520519457971,1.9207570410786,0.0276050027313572,0.0269221031567388,0.0980631630237192,4.98606770501391,1.02295313399728,1.93903598657393,0.0184062777522505,0.0193425966460514,0.0642693178452009,"SRS"
45,2000,0.35,35,2,0.25,5.00194721449374,0.998532370626422,2.18944969287685,0.0152854757034432,0.0160678315558338,0.06700680502139,5.02100984100945,0.932764305901042,1.97814566747492,0.0160557525942701,0.0162706049013112,0.0599222752056436,5.03241410587542,0.980232485666851,2.3657210375948,0.024871742871686,0.0256418868954983,0.123246211500637,4.9999942881164,0.999304546972486,2.26148691901107,0.0171603181220615,0.0183969619421751,0.0766327094164208,"SRS"
46,2000,0.35,35,2,0.25,5.01325815410322,1.02626825579385,1.94588316649279,0.0162052821278423,0.0161010361723888,0.059146329220017,5.05319017189048,0.965593440569041,1.75093151180842,0.017052807940587,0.0164196610994988,0.0526274912493161,5.03961753220067,1.02158053378741,2.05287580712513,0.0266638448163563,0.0267556653333848,0.105802869483938,5.0129561787366,1.0351221467159,1.96674811340139,0.0182099332522549,0.019266016568308,0.0654205325497846,"SRS"
47,2000,0.35,35,2,0.25,4.99822762930245,0.992065820626487,1.99771760490934,0.0160030393391882,0.0164485408271873,0.0606165181023585,5.02213619221048,0.933575749721804,1.82093982474703,0.0167414114661054,0.0166890925970852,0.0547248375726264,4.96221620657025,1.0025620326949,1.95034700716244,0.0273794096268738,0.0279865211418413,0.0998920592488145,4.98440864272774,0.998354764200551,2.01116528602852,0.0182199413404374,0.0192263977626984,0.0667778129480803,"SRS"
48,2000,0.35,35,2,0.25,4.98970134932936,1.02396915313042,1.97870195615646,0.0160782857510299,0.0163442530406776,0.0598996097619586,5.01732706769768,0.955869400381873,1.79385534897449,0.0168605927308896,0.0163970055780889,0.0537700705653127,5.00693300738804,1.04504039033634,1.81372211295726,0.0283672155435974,0.0282136232760077,0.0921902130058592,4.99599656909044,1.01924829194041,1.98914129094211,0.0181744155031298,0.0194297765382008,0.0657715058858303,"SRS"
49,2000,0.35,35,2,0.25,5.00821256647589,0.985771091825698,2.01511200510255,0.0159275997278652,0.0162136580215007,0.0610990712520489,5.03788632961713,0.926973139793454,1.85242714483461,0.0165874524021026,0.0162637290420377,0.0556806998108243,5.04176575585886,0.997594241876568,2.08241127565558,0.0265078713106428,0.0272865207822367,0.106933899865304,5.01151680830199,0.996671843047236,2.04872833404572,0.0177682776832393,0.0190076461432254,0.0677353153304722,"SRS"
50,2000,0.35,35,2,0.25,5.00400761278914,1.00958473346512,1.92404119618556,0.0162959862561693,0.0160746032175814,0.0582556917767345,5.03374904159277,0.946624795221457,1.71565085612714,0.017230368093583,0.0164198939155118,0.0513140897783606,5.00764340416583,0.979531854969339,1.86039813399242,0.0279968252634085,0.0264462227417396,0.0953457478135087,5.01430661815673,0.992119008012956,1.92006845521286,0.0183939385579939,0.0186593673342943,0.0633926758723027,"SRS"
1,2000,0.35,35,2,0.25,5.01531243147786,1.00775845038069,1.96341132840065,0.0161484191150081,0.0162022979025106,0.0594577923824783,5.04831433788148,0.936893247130821,1.76832798532019,0.0169867271605741,0.0164439199949561,0.0530018076578477,5.06632278299757,1.0272668790318,1.97460014098726,0.0272116745481761,0.0268067386309888,0.100827330288275,5.0202177161302,1.02205092575562,1.99429882142373,0.018096195107533,0.0193618091293265,0.0661088681592446,"SRS"
2,2000,0.35,35,2,0.25,4.98738988667884,1.03059065996435,1.97854838377376,0.0160918349867133,0.016105563335754,0.0598573662335241,5.02197468465774,0.96265589364972,1.74683781948797,0.0170946262501212,0.0165699928874509,0.0521959280523176,4.98687423037857,0.994331404582834,1.97379656757217,0.027294154778212,0.027440629079322,0.101006423367271,4.97344581176728,1.02477285239845,1.99207025832206,0.0183154508011647,0.0195268676267211,0.0664319748056804,"SRS"
3,2000,0.35,35,2,0.25,5.00382120094163,1.02354191690349,2.14951605074263,0.0154409494261303,0.0151853306726823,0.0656842357146626,5.04866901830985,0.967708099797124,1.89580935796045,0.0164029334018851,0.0156846732302414,0.0571650791369995,5.01336026137216,1.02233315311294,2.15704213351347,0.0260621149748376,0.0252801848222886,0.111131342987472,4.99835198887679,1.02073805950395,2.15000340116024,0.0177001535525439,0.0183273679053023,0.072712892832797,"SRS"
4,2000,0.35,35,2,0.25,4.99717685678344,1.01922161862514,1.91990660512575,0.0163085720781747,0.016541177681539,0.0582506143466437,5.02507358314775,0.951786542365972,1.723460737009,0.0171858553193729,0.0168702440294765,0.0516818555667328,5.0216782484756,1.03441996872299,1.90088448849249,0.0277073653895032,0.0274557425356331,0.0974888765040125,5.00434170506134,1.01349584636897,1.91285028167803,0.0184328452943005,0.0197512003321781,0.0633797431440713,"SRS"
5,2000,0.35,35,2,0.25,4.98515559621237,1.00536268493637,1.99451206932745,0.0160228910769468,0.0156923134446095,0.0606234932618086,5.0098619994345,0.942824664552655,1.83650472522883,0.0166740022733077,0.0156783727135204,0.0553319271700408,4.97941512439888,1.00817389172377,1.94302515229693,0.0274618039198653,0.0267341213226572,0.0995089075353017,4.97466675521946,1.01191434966866,2.04321493349569,0.0179071953589525,0.0179043888830883,0.0677709904151139,"SRS"
6,2000,0.35,35,2,0.25,4.9893116558366,0.98165004970392,1.9638328214656,0.0161343036904477,0.0161342480556974,0.0595467323656776,5.02383044409346,0.927171164891189,1.7834243649747,0.0169026635399079,0.0163584765154982,0.0535178500125988,5.00081615586732,1.00645011621353,1.79794143663941,0.0285001314089693,0.0290994173147775,0.0913921409356979,4.9924995160955,1.00616093444107,1.98657527253366,0.0181968276464736,0.019129065854488,0.065832092365294,"SRS"
7,2000,0.35,35,2,0.25,4.99146919592305,1.0375373221794,1.9855918676938,0.0160573826440902,0.0165741835128625,0.0601438577018528,5.03275959552256,0.9733120260216,1.76394838495962,0.0170002112529303,0.0169811841714527,0.0527714127034229,4.96575924157081,1.05772115070901,1.90183245239972,0.0277249947197474,0.0286836144296532,0.0968869905151975,4.9910801621048,1.0437764511667,1.99984968313327,0.0184639933346313,0.0197635255070755,0.0670005335903986,"SRS"
8,2000,0.35,35,2,0.25,4.99897716729547,1.00918021808049,1.96802349083364,0.0161106677493138,0.0161572692163902,0.0595103196793511,5.04105408299716,0.948756017097458,1.74605484125059,0.0170748515782976,0.016571991692,0.0521442254060884,5.02460938058588,1.00584863664494,2.13096761240456,0.0261959182489029,0.027219761463625,0.109349952038917,5.00429378908405,1.02429733696804,1.9934854560446,0.0182416500885419,0.0190920558320176,0.0663272145154526,"SRS"
9,2000,0.35,35,2,0.25,5.00246962774938,0.998400529666231,1.97628832546443,0.0160764890916805,0.0162479832128482,0.0599482990935989,5.03167239770584,0.942512214848494,1.79860859279775,0.0168270932736902,0.0164568393054554,0.0540093859598253,5.00515083802485,1.01349794429468,2.13388855296694,0.0261845463979002,0.0259940716731818,0.11018250164199,4.99232806568039,1.0088982575096,2.05902399365715,0.0178656628086625,0.0187668670662935,0.0688626089634219,"SRS"
10,2000,0.35,35,2,0.25,4.98635131908486,0.989184652354346,1.96693294340417,0.0161215725373624,0.0158233529207347,0.0598942440310598,5.00910401745422,0.930686858118471,1.78698966745158,0.0168889301243116,0.0161137843883972,0.0538572009698098,4.98383216206646,1.0222111788417,1.89464985643297,0.0277579682966616,0.0270185560717985,0.0973958216017398,4.97683243606184,1.00460734251061,2.01438350053817,0.0180930016058589,0.0187373511562783,0.067467575974759,"SRS"
11,2000,0.35,35,2,0.25,5.03550527507657,1.0029235093075,2.03332101505447,0.0158484636226018,0.0161342544333439,0.0617992600301868,5.07420054086657,0.934658370867276,1.82095534736842,0.0167200838545964,0.0163975247363912,0.0547290336694735,5.01835472450633,0.994252671940843,2.03172150079709,0.026809758384489,0.0272809417969287,0.104550196282772,5.02693243783006,0.999106385726906,2.06617824687459,0.0178917918055453,0.0189918462532426,0.0692949323066968,"SRS"
12,2000,0.35,35,2,0.25,4.99587793881561,1.00599842268418,2.06399292536193,0.0157489251444331,0.0160532750011761,0.062702892042477,5.01831572861282,0.949383045764977,1.86227917268104,0.0165514162494634,0.0163692636010763,0.0560021542428879,4.99314319276118,1.03812099338588,2.01831176450486,0.0269085530995427,0.0274805897228493,0.103353435156983,4.98624179756521,1.01137719479397,2.09988411412806,0.0177830118181188,0.0192013900501567,0.0702957221159828,"SRS"
13,2000,0.35,35,2,0.25,4.98645751823343,1.00227078831943,1.97413932437314,0.0160904999748005,0.0161424223176268,0.0598782444868512,5.01492489558488,0.930124983837567,1.79363672917445,0.0168548288552982,0.0161998460970818,0.0538597895390253,4.98254075196048,1.04233531326276,2.12691397478854,0.0262379894065649,0.0259766212455511,0.109943057566264,4.9745362427801,1.01132671776483,2.02642516545888,0.0182267584274883,0.0193278812414777,0.0682006952244073,"SRS"
14,2000,0.35,35,2,0.25,5.00927372853966,1.00504696079836,1.99306819010051,0.0160079693938038,0.016245471845787,0.0604754317852091,5.0356763635609,0.952442280238527,1.81822860174186,0.0167377555238385,0.0164900030286499,0.0546261398754391,4.97756481554447,1.05794926773908,1.95788810536207,0.0273174494084369,0.0273953101949025,0.100578034577047,4.98610256786248,1.0370189987324,2.07499099554136,0.0179388037730054,0.0193421138228819,0.0698604430359053,"SRS"
15,2000,0.35,35,2,0.25,4.97990822364975,0.977717516432451,1.96878882476277,0.0161057916446251,0.016171436344717,0.0595976662749662,5.0132269057322,0.937626599929034,1.81238212838604,0.0167651951311922,0.0164739004146711,0.0543882451704682,4.95723518638627,0.966582589614661,2.11059854974837,0.0263185148645977,0.0264932287589756,0.108366910084364,4.97947723685538,0.982143540971762,2.0294597650097,0.017959008738323,0.0186119766137195,0.0675160747294114,"SRS"
16,2000,0.35,35,2,0.25,5.00165285115847,0.969761724949016,1.96085680850615,0.0161510009995756,0.0166582699195229,0.0593358129915628,5.03809020256284,0.904285211188523,1.76529734924918,0.0169910499917398,0.016875531369722,0.0528408360531161,5.00571466064211,0.96521423413722,1.8757565873707,0.0278769374391576,0.0288188572459171,0.0958362665346916,5.00393338999563,0.974681708308701,1.9630902415811,0.018075090181383,0.0192904057350596,0.0644575863946685,"SRS"
17,2000,0.35,35,2,0.25,4.98195506661281,1.00797336184768,2.0857032436432,0.0156695725451925,0.015787329768903,0.0634912203111184,5.01755888321014,0.931757139026738,1.84803297089616,0.0166124129110012,0.0161467848966656,0.0555849820950868,5.01360575312079,1.01327000312191,2.19375811215862,0.0258797357160502,0.0257421169850264,0.112755284152312,4.98973040165982,1.01268809355801,2.08501860452641,0.0177563286505324,0.0188172500775372,0.0697459139045679,"SRS"
18,2000,0.35,35,2,0.25,5.00505024556015,0.977663063136666,1.96506690292321,0.016129143482795,0.0164217364083494,0.0593265018436734,5.02375514130919,0.917805306035897,1.8325284037216,0.016686895933944,0.0163299687947825,0.0549420345414419,5.03565378915102,0.994268246076721,2.03649493499149,0.026764958350775,0.0271758299078373,0.104371215531907,4.98841900293239,0.995829882722403,2.03021235089784,0.017760070109818,0.0187553565705699,0.0668123764367335,"SRS"
19,2000,0.35,35,2,0.25,5.02364330958851,0.976281125886472,1.89641902277417,0.0163999803411948,0.016271137243738,0.0572907957182909,5.0515844360004,0.929572515531319,1.75073227357722,0.0170489844428594,0.0163700868166155,0.0524314877806273,5.05482493429412,0.975998015964645,1.95491509494423,0.0273076638305635,0.0267476876664373,0.100087308623499,5.01934453050745,0.984801360312965,1.93093406325901,0.018128482662107,0.0187700673831248,0.0633184786999378,"SRS"
20,2000,0.35,35,2,0.25,5.00148699507502,0.975958158071651,2.00123109114251,0.0159792269468998,0.0159090756427859,0.0606775702220818,5.03577016898008,0.917779432912937,1.79076272215261,0.0168639506944918,0.0163306885978382,0.0536798736831605,5.02023068385577,1.01643250030869,2.0074516317176,0.0269585189494896,0.0280482682376588,0.102952259285928,4.99363091507981,0.996161896596517,2.01781523436739,0.0179650416501235,0.0196712565179522,0.0666340077435244,"SRS"
21,2000,0.35,35,2,0.25,5.00743203755907,1.01101237297225,2.03530529866058,0.0158526827555871,0.0159536956789184,0.0616583350869607,5.03187213679487,0.960600050783465,1.87408168778632,0.0164982867346947,0.0160881270615254,0.056303210565856,5.0174806597636,1.02489173551732,1.98232739004564,0.0271312174068239,0.0281156230236827,0.101207404872471,5.00022390342791,1.01770670089665,2.07431698263807,0.0178156907241719,0.0189381440396899,0.0689489518746204,"SRS"
22,2000,0.35,35,2,0.25,4.99574649539057,1.00192638221191,2.01095705181436,0.0159418311457803,0.0159448096847646,0.0611189403700969,5.02473829295922,0.940676099122518,1.84040708268524,0.0166408934148794,0.0160638136060589,0.0554380744859046,4.97350622448991,1.04394779739523,2.02843840042792,0.0268520443679879,0.0272357435400023,0.10403607468171,4.99792209025014,1.01693087667615,2.07106021450034,0.0180313254863041,0.0194023364628747,0.06973877523926,"SRS"
23,2000,0.35,35,2,0.25,4.99342402112469,1.01343055582602,2.03828391724696,0.0158444584082909,0.0158810146159316,0.0620924780815219,5.0193781718997,0.964775739349769,1.83271642047759,0.0166845569423589,0.0163118445837747,0.05520372383661,4.99193623828149,0.985096388125798,1.93246316893378,0.0275255149666926,0.0277460938199815,0.0993540818610017,5.00265471127871,1.02556471055903,2.0522892336621,0.0179578509849597,0.0183289481295519,0.0684162266520594,"SRS"
24,2000,0.35,35,2,0.25,5.01189844788848,0.99677060148116,1.91985369926483,0.016307316339161,0.0160894847025775,0.0580313882287307,5.03291666303775,0.940720045753112,1.75880219148764,0.0170162655639251,0.0162415591245449,0.052664609578828,5.00541749354073,0.964824380489575,1.90224654351731,0.0276893751265362,0.0265528777544285,0.0970697724863407,4.99174446875844,0.989753954207907,1.95320514638034,0.0181080329139229,0.0180283051250586,0.063988678287842,"SRS"
25,2000,0.35,35,2,0.25,5.00405273247936,0.990439792560092,1.93842122907623,0.016230561032541,0.0163034472281592,0.0587521419227187,5.04233070510838,0.929168028778382,1.76268082897398,0.0169914657145997,0.0165545563133084,0.0529018909350785,4.98099800787334,0.989124689234336,2.00815637754079,0.0269836243156617,0.0274015963972196,0.10299893540803,5.00374099138395,0.986011393646165,1.94559337187945,0.0184846152449524,0.0196030332873396,0.0645948343785238,"SRS"
26,2000,0.35,35,2,0.25,5.02319866032205,1.01678799974417,2.02518329684347,0.0158799885910019,0.016467079959451,0.0614196925046113,5.05467857914319,0.94526991065047,1.82381994040078,0.01670689924494,0.0166362850395184,0.0547351742224332,5.01821126167153,0.998427493953372,2.0345648952951,0.0267768547503377,0.028104307808918,0.104128404640714,5.02763560516893,1.01006749608226,2.01869916477272,0.0179095728713621,0.0194015476201855,0.0667611575150569,"SRS"
27,2000,0.35,35,2,0.25,5.01380487123186,0.988543106195032,2.11578828027053,0.0155517069589763,0.0156416039245522,0.0644788125330216,5.03379282840046,0.92022578847611,1.94328448171306,0.0162035462272613,0.0156827355868437,0.0587394600120756,5.01134768175081,0.984127403727592,2.00320974717536,0.027039602654225,0.0274747187999241,0.103044678209098,5.00771177681854,0.989904473148427,2.14422181310495,0.0176238903396816,0.0187051262422305,0.0714963180605262,"SRS"
28,2000,0.35,35,2,0.25,4.98561130368377,1.03088069301346,1.9196423400695,0.016324557030488,0.0163707476778247,0.0581027438318132,5.01120812263725,0.966389081985519,1.75037249193072,0.0170726544591636,0.0165883183907243,0.0524865852771415,5.00484482391934,1.04998147923459,1.84211239398382,0.0281667172058135,0.0293234030691674,0.0941734887352306,4.98884043938623,1.05733698865228,1.97265581192024,0.0184324349317219,0.0193921312487511,0.0661170888143563,"SRS"
29,2000,0.35,35,2,0.25,5.00719559750568,1.016289224621,1.99387331597658,0.0160264438716919,0.0161505209895601,0.0607478053678721,5.05270979401783,0.947708469756384,1.80565979117142,0.0167999998574577,0.0164182939425533,0.054449496796408,5.00127552200035,1.034727198826,1.97955965095585,0.0272288982213889,0.0269864357728617,0.102133220001958,5.00689387803856,1.01131518101715,2.03278516125215,0.0180344355401721,0.0191274517518882,0.0681517887656238,"SRS"
30,2000,0.35,35,2,0.25,4.97967234843851,1.00642553516881,1.98138909040725,0.0160598945686424,0.0165653338509341,0.0599768068355332,5.00714246845773,0.936333940397061,1.80328441293702,0.0168101086258561,0.0166262535450145,0.0540588776695202,5.04443558173553,1.01541858461506,1.88938353113186,0.0277646776861113,0.0286269155434993,0.0961644777317645,4.99142664507182,1.00795096704895,1.97772496477274,0.0180836148749224,0.0192655658959044,0.0648946230375947,"SRS"
31,2000,0.35,35,2,0.25,4.98519938915072,0.972964225267433,2.01727675127897,0.0159154118876349,0.0158763808833815,0.0613168829505703,5.00201457134488,0.913035926634417,1.8289487048043,0.016693808212844,0.0161655830325323,0.0550343021550393,4.97640963189746,0.969147096107686,1.90443815105412,0.0276679919540187,0.0277605299681244,0.0976043861802715,4.98131817553116,0.97879423850626,2.05228468569169,0.0180074025631254,0.0190346145519428,0.0686850290004339,"SRS"
32,2000,0.35,35,2,0.25,4.99804014380941,1.01065849442333,1.99055167942936,0.016024789387583,0.016131236674823,0.0604825365656131,5.02252792254067,0.958365799646282,1.8290629310104,0.0166945969418603,0.0163646388160925,0.05508805319703,4.93932339214057,1.06331271549034,2.0614638516186,0.0266477981580977,0.0278010918115583,0.106671802370691,4.9950616594297,1.04830312647009,2.07791685435192,0.0179707361634753,0.0200093749204417,0.0702357273018498,"SRS"
33,2000,0.35,35,2,0.25,4.97725101905878,0.980066873849838,2.00986045029247,0.0159481229874272,0.0159882039308444,0.0608854388896254,5.01018548569863,0.923143412318291,1.81288431335489,0.0167642229689635,0.0162048114681728,0.0543369264187146,5.01002180029625,0.974862432714014,2.10272266811027,0.0263904467443175,0.0251664437990844,0.107842532088914,4.96313413099366,0.97394376278765,2.03102176450453,0.0179032437677779,0.0180204592789404,0.0672324952830642,"SRS"
34,2000,0.35,35,2,0.25,5.00709728116986,1.0386965535119,1.858123060046,0.0165780022261951,0.0165327727399253,0.0562031649428719,5.04597694374936,0.973740604166222,1.66249901671153,0.0174965065728396,0.0168733321505588,0.0496814225167558,4.96174310576384,1.05882834757005,1.9197796202742,0.0276526345114634,0.0275719441294076,0.0982682213075666,5.00724226715062,1.05329368165616,1.92557562423634,0.0187799601853706,0.0196898421279548,0.0649927895836516,"SRS"
35,2000,0.35,35,2,0.25,4.99035221360734,1.0116047270475,1.97997811534119,0.0160712975753512,0.0159169591643226,0.0600416309007769,5.02046945694994,0.957563121563023,1.78602345314771,0.0168958035483808,0.0162620080795159,0.0535632296603289,4.98659771542048,1.0431411511676,1.98608007861999,0.0271280615040473,0.0275210248289185,0.101503075610526,4.99175189953825,1.03076136458087,2.01737559015592,0.0182366475144056,0.0191044365298207,0.0675276289181388,"SRS"
36,2000,0.35,35,2,0.25,5.00042523960282,1.00677503735284,1.94410835647931,0.0162103775151708,0.0162494596311326,0.0589794484421009,5.02499090747014,0.957523314360795,1.78042303161891,0.0169171534302104,0.0165088804962302,0.0535054857639046,5.0468892948041,1.02004522489004,2.09502372852864,0.0264109993271466,0.0272476589497572,0.108263609805685,4.99420113569676,1.03645255909347,1.98579869369059,0.0181474879404984,0.0196543661821795,0.066349690404317,"SRS"
37,2000,0.35,35,2,0.25,4.96867409788942,1.01459367360037,1.99139017534897,0.0160300773583512,0.0160443060789621,0.0604456112919783,4.98728388621368,0.964483020203594,1.86095478209239,0.0165641198239504,0.016058526587046,0.0561031033018058,4.94958381410112,1.04572691865006,1.81143186579555,0.0283998474054134,0.0288645077213648,0.0924129353326695,4.94756138434173,1.03112000559765,2.075180581622,0.0180793471235215,0.0194599144082625,0.0695217273672178,"SRS"
38,2000,0.35,35,2,0.25,4.96311915797078,0.998329655804109,2.06049632246557,0.0157560598765158,0.0159902175236169,0.0627571640529758,4.98802947525616,0.940028852452959,1.8964768201373,0.0164010823072973,0.0159839365241611,0.057259768567465,4.95270082340676,0.965268715570415,2.13833627028615,0.0261510279489345,0.0262148651604717,0.110693486853152,4.9569096025129,0.993788014098907,2.12624890243025,0.0176506592423062,0.0184787749023417,0.0713280522919081,"SRS"
39,2000,0.35,35,2,0.25,5.0056921562026,0.994474398381459,1.98744338402988,0.0160286002197525,0.0165067548369636,0.0602663972159124,5.03388183902082,0.930637545462429,1.78190629696945,0.0169012101054081,0.0168650700568695,0.0534347813477215,5.00544463289464,1.00700607066828,1.93253070597593,0.0274721622466801,0.0290448591688996,0.0991351020843652,5.00107179407209,1.00693072455296,1.99306471815534,0.0181416358414954,0.020446507999493,0.0662411723444788,"SRS"
40,2000,0.35,35,2,0.25,5.0261074145657,1.0276008318477,1.93341076379678,0.0162522813390674,0.0168906532228999,0.0583925847666661,5.05402185847256,0.963210168577765,1.73613465568219,0.0171276590058365,0.017190862746418,0.0518590779309533,5.03388629813525,1.02253304582025,1.90999270248082,0.0276558400193173,0.0292988840000661,0.0973542676920002,5.02237822698044,1.03189320949117,1.94172993776311,0.0183893859957761,0.0194441380918749,0.0640319712702621,"SRS"
41,2000,0.35,35,2,0.25,5.01521262835649,1.01452651879547,1.98684057536672,0.0160403746663051,0.0157768626142096,0.060355862350873,5.05416050602596,0.94913151597131,1.76662923237536,0.0169801222853735,0.0162102899864821,0.0530129497559871,4.99893577328713,1.0008735714061,2.01536755726031,0.0269320376023676,0.0259475401963048,0.10380122710934,5.00545680779361,1.01443102245655,2.00609754314898,0.018192794582039,0.0183441021733267,0.0671011055454778,"SRS"
42,2000,0.35,35,2,0.25,5.00655150074738,1.02497344314842,2.01912774299081,0.0159176687954241,0.0158725877019019,0.0612963612578845,5.03258939213853,0.964843048749274,1.81295110832713,0.0167712184668618,0.0161624686180767,0.0544270818233678,5.00982653907838,1.02243342660229,2.00243162005294,0.0270191083908486,0.0261862141002497,0.102665745872591,5.0020420265597,1.02183107408413,2.04142016600357,0.0179522855407539,0.0181884098673142,0.0678716469392559,"SRS"
43,2000,0.35,35,2,0.25,4.99292827299062,1.00104061077911,2.05547231267012,0.0157857404545394,0.0156307172600528,0.0623087199364554,5.0223123991329,0.948470228046537,1.84221449971549,0.0166478031040451,0.01597742614881,0.0552212471877956,4.98942650823435,1.0053441008737,1.97214971988001,0.0272202550500525,0.026794570607643,0.10078742411403,4.9944460382738,1.00115767783775,2.12842447453819,0.0179002118232482,0.0184941444048426,0.0718231171697401,"SRS"
44,2000,0.35,35,2,0.25,4.97600607048674,1.01129502868636,1.90644375395833,0.0163655365488458,0.0169039033867327,0.057581743434657,5.00424710407587,0.952898435044321,1.72855264806505,0.0171624771454411,0.0171565714444418,0.0516651374438486,4.99426505837167,0.967561178951782,1.83598999115189,0.0281604681257027,0.0291397367019539,0.0933146313145717,4.96903933618989,1.00066232626221,1.92838417094884,0.0182996066732044,0.0194154988776828,0.0632544052110455,"SRS"
45,2000,0.35,35,2,0.25,4.9891493706431,1.01969640214051,1.99641270752231,0.0160023045579118,0.0162206309027962,0.0606784782346919,5.01455577452563,0.966270351352774,1.81942578392876,0.0167381826859666,0.016462176542812,0.0547572220524373,5.02028797234319,1.015585433196,1.87921353513429,0.0278559419345762,0.0290411320152541,0.0959223610974364,4.99452938521064,1.02069726110011,2.03444368353248,0.01793170967306,0.0192392579224555,0.0675815605239704,"SRS"
46,2000,0.35,35,2,0.25,5.00178269545581,1.03283029672265,1.9523760225034,0.0161812092902113,0.0163443843858194,0.0593210261687915,5.01983495251025,0.994308485033047,1.82970990802628,0.0166978810058807,0.0165370622113637,0.0552138605235635,5.02486446891717,1.05290090924802,1.95163166580376,0.0273680934152123,0.0277631672175084,0.0995367572246192,4.99925192710452,1.0504886898669,1.99639288838841,0.018162794565151,0.0192188862864549,0.0664425698389791,"SRS"
47,2000,0.35,35,2,0.25,5.00147058151621,0.994983305341292,1.9726819697395,0.0160919637703025,0.0162837895923104,0.0598214393557804,5.03310261462538,0.932335083652521,1.76614210756871,0.0169781108354492,0.0166872366306604,0.0529538544304364,5.03396646712357,0.993130059104394,1.82874638175975,0.0282346627943567,0.0282361570928029,0.0932316568907461,5.02182217591361,0.990271688668359,1.95207930349486,0.0182511751777729,0.0191337228971795,0.0644055183199293,"SRS"
48,2000,0.35,35,2,0.25,4.97955760328884,1.02155393713319,2.04513452129594,0.0158184536987529,0.0158303617721652,0.0624176813753478,5.00587409822096,0.961207422547247,1.8435232034045,0.0166337080556987,0.0161252122033671,0.0556835298500057,4.95933000722129,1.0023515261436,2.03362203585639,0.0268321429982102,0.0261750497357195,0.104916791258092,4.96956389164133,1.02527747843555,2.10496552138782,0.0180093603497,0.0187558677116478,0.0715666468264346,"SRS"
49,2000,0.35,35,2,0.25,5.00168200929952,1.01110706211631,2.03960475556052,0.0158359992326172,0.0160395040748933,0.0619186382405977,5.04553023425702,0.952414281851183,1.7936290840164,0.0168515542665287,0.0165683125103521,0.0537198823624307,4.97451060520407,1.05235147818772,2.00480428975787,0.0269949986390756,0.0280535989957246,0.102994968343557,5.00849543818539,1.02198059491117,2.07106612660872,0.0180306923810045,0.0191361833801484,0.0689605457173074,"SRS"
50,2000,0.35,35,2,0.25,5.00640221043293,0.991466634112508,1.83077593652318,0.0166890637139809,0.0167747406974017,0.0551854078733283,5.03867686045494,0.941361418473078,1.65756019005644,0.0175156500347323,0.0171476957882643,0.0494254583546211,5.00983155583541,1.0014570951713,1.84478527716795,0.0281016167390667,0.0285048626806857,0.0944297251135476,4.99705155393992,1.00408433714832,1.84158716352162,0.0187294467368824,0.0194544323749978,0.0604662592769326,"SRS"
1,2000,0.35,35,2,0.25,4.98459645678016,0.994335471664902,1.92440660323149,0.0162880798977972,0.0164683313910311,0.0583122712982322,5.01396498917074,0.925137042591688,1.73623589822537,0.0171212462354813,0.0167097700541158,0.0520579123874817,5.00898377460522,1.01222097112512,1.85383202777596,0.0280483379540147,0.0290818702884737,0.0945539081737779,4.98963855789452,0.996487432601841,1.94347682583641,0.0182827575014115,0.0193961663756267,0.0644532089795131,"SRS"
2,2000,0.35,35,2,0.25,4.98968987650509,1.01246285551445,2.07382019686532,0.015713271091837,0.0159582642156457,0.0633535266084053,5.01573355823474,0.943245577345176,1.85343574541777,0.0165907375807236,0.0162140094646487,0.0559442226268829,4.97004636113793,1.00831055217851,1.92874821808772,0.0275066582748887,0.0288383690633525,0.0989811379376798,4.99688638297695,1.01830552527083,2.06073366047173,0.0178845918481716,0.0188599264375672,0.068856595346832,"SRS"
3,2000,0.35,35,2,0.25,4.98096240075137,1.01345549949282,1.93808104600467,0.0162440330085135,0.0159321061246363,0.0588181793456438,5.01305859318394,0.955321797622345,1.74048057670641,0.0171105296382678,0.0163707685836685,0.052252296538047,4.96295851201763,1.00427276284706,1.87045485551663,0.0279498188485231,0.0270030083176092,0.0960085686331515,4.97218768071483,1.01112904716012,1.95143158296435,0.0183602365979888,0.0188430195459405,0.0650269607505794,"SRS"
4,2000,0.35,35,2,0.25,5.00891366057776,1.01180719498913,2.09574773564805,0.0156154261046264,0.0165522618012899,0.0636268791445698,5.02438130290972,0.954717257420584,1.92522824435206,0.0162737199698085,0.0166459888348637,0.0579475151573741,5.02905988419068,1.01001863198458,2.13322112772235,0.0261685084244032,0.0273073150611367,0.109636890695866,5.00850967673657,1.00998745349467,2.14943503641109,0.017638220618051,0.0193519484493687,0.0719794329276895,"SRS"
5,2000,0.35,35,2,0.25,5.02762438039614,0.98175993559677,1.9341897959791,0.0162462735892249,0.0162011376139682,0.0587097459456493,5.05264977058651,0.934637741484424,1.75877466085789,0.0170141163779311,0.0165736459956062,0.0528337422397032,5.02037179822957,0.97571853322856,1.96716311447107,0.027231054568293,0.0270194627584238,0.100724522433661,5.01478628339574,0.980980011173039,1.94789879095716,0.018253088916974,0.0189618637092056,0.0646589765317498,"SRS"
6,2000,0.35,35,2,0.25,4.98475984663933,1.02564161526048,1.98462101428924,0.0160579891390339,0.0159317757203416,0.0599098908276158,5.00514827366317,0.968460151382718,1.82049205917022,0.0167454548543571,0.0161004845611012,0.0544969202455574,5.01035005847362,1.01901118812205,1.95847519381377,0.0273065159146492,0.0265933200646801,0.0996070260192607,4.98176803211745,1.0224314365298,2.02071804075036,0.018054623595234,0.0182608015220302,0.066917019239452,"SRS"
7,2000,0.35,35,2,0.25,5.00717087264733,0.999063425122498,2.02682103592504,0.0158801007844409,0.0159685336286271,0.0619408800383461,5.02583687295401,0.949665451588004,1.87207892029301,0.0165061405518267,0.0160524660566739,0.0566991753215201,5.029563110346,0.982956882043787,2.07731208827718,0.0265177477261263,0.0268275710632605,0.107299438469905,5.00733130314787,1.02078055361442,2.07205345728456,0.017740418966643,0.0184155431781937,0.0692271890112016,"SRS"
8,2000,0.35,35,2,0.25,5.01124172105208,1.01956992308272,2.07238336040365,0.0157211004676891,0.0154557446654665,0.0632881783547857,5.04645093197662,0.965010692121878,1.89461580603841,0.0164125478683174,0.0156503504753961,0.0573499049097734,5.01145866236427,1.03001598607386,1.99333427266575,0.0270884656026104,0.0263915945815915,0.102330464230292,5.008268711305,1.02335298480704,2.11576159035611,0.0178405471751025,0.0183880129054858,0.0714875135773585,"SRS"
9,2000,0.35,35,2,0.25,5.00923168872528,1.0238396016388,2.01000081490551,0.0159475653728025,0.0158553184515693,0.0609898999505489,5.03258349444529,0.961079123198503,1.84298392410386,0.0166316053350261,0.0158751824635056,0.0554173377055822,5.02721789304829,1.02921938120518,2.09457775598494,0.0264496229783531,0.0256588742962623,0.107881680933515,5.00606728142327,1.03617681783317,2.06133587205946,0.0179271834203252,0.0187735752552625,0.0688655893295598,"SRS"
10,2000,0.35,35,2,0.25,5.000437264549,0.976962445537681,2.04882298843659,0.0157900588871019,0.0161903724183611,0.0623336178425075,5.0290743721691,0.913927749997405,1.84829767019749,0.0165997874491067,0.0164182655052061,0.0556470934702125,4.96922467765196,0.97668766146307,2.15802891651277,0.026032100696467,0.027156097445154,0.111431725702942,4.997978702035,0.989640421768637,2.06421700954675,0.017782841499625,0.0192282386881448,0.0686999648738361,"SRS"
11,2000,0.35,35,2,0.25,5.00896467979386,1.01304837819337,2.02174275973474,0.0159060603133797,0.0161564508907459,0.0613821784745883,5.03586954291704,0.958571205272188,1.8586901007315,0.016565088461882,0.0163455488880702,0.0559507743072531,5.03234285147381,0.997476282902943,1.93265145351302,0.0274711065099528,0.0265651588247281,0.0993420506096852,5.01647956772793,1.00168634218131,2.05053698565712,0.0178910672273364,0.0185732248865763,0.068129484100151,"SRS"
12,2000,0.35,35,2,0.25,4.98375982130028,1.00398379079638,1.94345292223399,0.0162089034815589,0.0165781625178092,0.0587850211994436,5.01422975325793,0.941446755795373,1.75880188610997,0.0170139640617341,0.0168110857831794,0.0526388595758944,4.96625388927898,1.00733772271268,2.02411113453915,0.0268649653432836,0.0279993012299511,0.103934396927847,4.97835862091472,1.01054781737541,1.99657922347155,0.0182196153251053,0.0198054484500289,0.0666093163448654,"SRS"
13,2000,0.35,35,2,0.25,4.98411106785278,1.01152029506663,1.97554639193419,0.0160881675325178,0.0156929952000028,0.0599202993904532,5.0091026075983,0.961245136458217,1.82919729984179,0.016699102824955,0.0157425281323615,0.0550293562060144,4.92829129121169,1.02767384948516,1.86148340530635,0.0280122168426242,0.0277456088689803,0.0951472081278123,4.9776863455647,1.03173809291372,2.03592321132951,0.0182522057014631,0.0187615831677447,0.067987374030435,"SRS"
14,2000,0.35,35,2,0.25,4.98902917433109,0.988879044792775,1.99147792205771,0.0160209483234687,0.015695357774352,0.0605146610548437,5.02336500823883,0.935632079384829,1.8332534878245,0.0166738585547923,0.0158434001872795,0.0552411546200767,5.01227023114658,1.01351737861428,1.86692048108441,0.0279681374320414,0.0272187935168036,0.0950710535447766,4.99356632451433,0.99654003508867,2.01398640253855,0.0180134779192543,0.0186731020375168,0.0667776787110619,"SRS"
15,2000,0.35,35,2,0.25,4.99951610645979,0.983152317282164,1.91071086099554,0.0163410583241672,0.0165259793263626,0.0577178276192748,5.02440082598822,0.927696374059813,1.75038117466115,0.0170502498673976,0.0167516569550228,0.0523998044815536,5.04623585906538,0.982827334335167,1.92675924620773,0.0275082670923949,0.0276581805337259,0.0981143745409374,5.00513036908062,0.98544691436935,1.91223793195924,0.0182887388453719,0.0192980707975585,0.0627192595032011,"SRS"
16,2000,0.35,35,2,0.25,4.98880745641668,1.00836932152706,1.971404070508,0.0161107816706642,0.0166922398456168,0.0597242490336493,5.01936759921117,0.947404243249126,1.77464986678881,0.0169541078632075,0.0169843401867116,0.053184881893191,4.97101294912157,0.983566263326307,1.95921773054078,0.0273596546691352,0.0284191022447628,0.100308776723163,4.98374835282958,1.0086915754941,1.99362224577457,0.0181877259053377,0.01956661458281,0.0662435213431664,"SRS"
17,2000,0.35,35,2,0.25,4.98784491520938,1.00200902429525,1.91826832077738,0.016320546097479,0.0163157220306217,0.0580835047365195,5.00706661642495,0.932684637250068,1.74724773897114,0.0170781565536955,0.0164502584129201,0.052407978726594,4.9700376755913,1.0167786934436,1.78111015247796,0.0286203118169246,0.0288011527211879,0.0911571975072078,4.98393420289239,1.00022176890044,1.9567661942174,0.0185297054322463,0.0196044445316542,0.0652574288757491,"SRS"
18,2000,0.35,35,2,0.25,4.99891878646433,0.987491176245902,1.93103518963279,0.0162727064629509,0.0167588964546709,0.0583865474528117,5.03213682253429,0.921965248596355,1.7286800886981,0.0171716570404259,0.0169721626131827,0.0516499495102899,4.98674529291266,0.96602413331846,2.08458938875478,0.0265409476997404,0.0267819932388414,0.106859648612307,4.9955991204573,0.973791714166774,1.90572652936369,0.0183142103314402,0.0190820279147172,0.0623147625407307,"SRS"
19,2000,0.35,35,2,0.25,4.97353996136239,0.96816376714943,1.98985856636369,0.0160181598759422,0.0167086577289094,0.0602742261900753,5.00236889005974,0.889595853707067,1.78688927871884,0.0168759554317393,0.0168567854175401,0.0535394626383763,4.9852612640807,0.971426227254911,2.02766094029119,0.0268786604171718,0.0273837993818055,0.103879374486929,4.9809466322966,0.957123941491102,1.97296602257195,0.0180451598072619,0.019714063537029,0.0648740661227829,"SRS"
20,2000,0.35,35,2,0.25,4.98087833094755,1.01388617057463,2.15504346101964,0.0154138275237766,0.015672895952092,0.0656807025527407,5.00581561557749,0.947685207325897,1.93765989696777,0.0162296098216288,0.0159552415850201,0.0584584031394714,4.92599090108794,1.03532444655603,2.13506552689115,0.0261932823568235,0.0274798015826503,0.110108172272836,4.96759391526284,1.02296768022514,2.22063440254432,0.0175228443831422,0.0188994409458343,0.0751045751100935,"SRS"
21,2000,0.35,35,2,0.25,4.99795419979141,1.00751665672482,2.057896951918,0.0157705336613193,0.015686854383161,0.0626141649598527,5.03491025043196,0.941140503120706,1.83497988413011,0.0166684742501422,0.0161130380230846,0.055188531740875,5.00664748816049,0.991945915128305,2.04365893599578,0.0267408337035825,0.0269056221060417,0.105493343642394,5.00167650104619,1.00988357583756,2.05880454311867,0.0179005270737881,0.0187158148737773,0.0683353833381005,"SRS"
22,2000,0.35,35,2,0.25,4.99895620585436,0.983797945862028,1.91212813558931,0.0163408448332538,0.0161565598482342,0.0579660538155273,5.02459883043375,0.930086838601804,1.7791325284849,0.0169226658853468,0.0161411540967318,0.0534998550625024,5.00837264533344,0.952760877033169,1.91402171594133,0.0276176881519348,0.0270807645398203,0.0981554606064277,4.99931455524038,0.982881866028714,1.93352881326469,0.0182743086814923,0.0186835296835902,0.0638234435091317,"SRS"
23,2000,0.35,35,2,0.25,4.98811654256984,0.990403075773456,2.00992872642725,0.0159567909510233,0.0162513646126635,0.0611320681030467,5.02708810721913,0.943676378286104,1.80153788650908,0.0168335888036344,0.0167508606604164,0.0541527468384726,4.99417250847232,0.974798676974078,2.16364365443741,0.0260002782246187,0.0268417785503946,0.111259006656561,4.98238188170614,1.00079976447753,2.05509088140409,0.0179976748127406,0.0190947410613535,0.0691124895680753,"SRS"
24,2000,0.35,35,2,0.25,4.990936761222,0.996691584885963,2.0816514904977,0.0156751228182213,0.0159707042844549,0.063360081359031,5.01961819315895,0.939043258365814,1.87229013405108,0.0165009164092398,0.0163537736948143,0.0563768866656641,5.00234657987419,1.00256365876664,2.13562574436181,0.0262069727941098,0.0270819301340316,0.109960700039039,4.97387178712615,1.00046639823677,2.1390490170157,0.0175831463486106,0.0187941654908636,0.0717411447412141,"SRS"
25,2000,0.35,35,2,0.25,4.97482931481063,1.01462661280544,1.97815270060685,0.0160873219138937,0.0158256622604966,0.0600969604621275,5.01140370170093,0.952277823616922,1.79993395451269,0.0168337964381121,0.0159073561900266,0.0541201136195303,4.93816122691055,1.04929479093578,2.17018061321722,0.0260103769298591,0.0253595644007969,0.112528299420246,4.95773153198831,1.0334835089385,2.04981857192003,0.0182599727607392,0.0189194743218791,0.0697156648774672,"SRS"
26,2000,0.35,35,2,0.25,5.00021043526145,0.967254092142866,1.88633249575531,0.0164520250905838,0.0165243186021168,0.0570813378392579,5.03377629633357,0.91592036024599,1.71649952682842,0.0172270764853209,0.0168073370099573,0.0514020389160606,4.98654830685635,0.95783335015351,2.12119551850547,0.026290638898641,0.0268949388967603,0.109509092735198,5.00235939151798,0.97686951790981,1.91675273507326,0.0183472802899713,0.0190852147390332,0.0634983762715718,"SRS"
27,2000,0.35,35,2,0.25,4.9789139739294,0.995971077128113,2.13268142848235,0.0154966022965105,0.0156834859021985,0.0649233114457571,5.00793957984028,0.934679902542318,1.93356814920826,0.0162476903238945,0.0158782364229632,0.0583015269872133,4.93717223054907,0.946611962780675,2.24339042773689,0.0255553593144054,0.0262568223729409,0.115897719849324,4.96754308090383,0.981806061489302,2.1821634967328,0.0176294697738019,0.0185536248163403,0.0741477082383081,"SRS"
28,2000,0.35,35,2,0.25,5.01594495746794,0.997684673861022,2.04567576828413,0.0158074608817451,0.0159044374913635,0.0623182222201163,5.04658635848052,0.959209896814447,1.84446534941166,0.0166196933144626,0.016530428395798,0.0555875689070857,5.00334805742358,1.01349675485632,2.07891157918068,0.0265479699495856,0.0262570775451978,0.107172680343387,5.01352109908814,1.00403496386039,2.08994910845959,0.0178738093535896,0.0187373586592507,0.0702339200425423,"SRS"
29,2000,0.35,35,2,0.25,5.01401963010375,1.01403004945276,1.99681052139476,0.0160049322504091,0.0159653650485573,0.0605906886367958,5.03879673928093,0.955017074072957,1.82619682755849,0.0167143208915397,0.0160600108163353,0.0548830952925486,5.00024813421237,1.04278695741545,1.98614856127041,0.0271293642120145,0.0277205131918427,0.101839182038866,5.02891574930086,1.02951459113823,2.02305886018518,0.0179772978214378,0.0188207120993987,0.0669322816169912,"SRS"
30,2000,0.35,35,2,0.25,5.00583315481983,0.96801537671152,1.95885600239689,0.0161413400312511,0.0162502400476311,0.059513324337602,5.03859102023325,0.912866648388823,1.77243186896638,0.0169439810602935,0.0165630583044231,0.0532722171054765,5.0446155008021,0.925505515341633,1.92530876195963,0.0275083424478865,0.026991418131701,0.098862531114645,5.01069833326075,0.957781687185282,1.95167612966602,0.0181280221638076,0.0185687072350482,0.0643068030940914,"SRS"
31,2000,0.35,35,2,0.25,4.97899259332657,0.999578804272047,1.99412613381438,0.0160221922605853,0.0160011937973529,0.0607962021473693,5.00000357807844,0.932705569634275,1.7842459776726,0.0169059027446219,0.0162287495736648,0.0537329230510622,4.97335381794056,0.9998955705727,2.02708774564825,0.0268392126113653,0.0269410244562011,0.104103808739911,4.9684596601358,1.00558197499385,2.04115092189029,0.0180476047651666,0.0189723899983703,0.0685983366279935,"SRS"
32,2000,0.35,35,2,0.25,4.98644978220732,1.02002492396595,2.10851925507959,0.0155900976499818,0.0157484694494547,0.0643515229014878,5.00775330119062,0.958206162542954,1.89616660514916,0.0164092776486459,0.0160031657037161,0.0572189339333163,4.97356774677623,1.01628779179882,2.05953308461999,0.0266497869282299,0.0268438560329767,0.105695728632986,4.98739517626087,1.01555491263681,2.13657900236968,0.0178273316559723,0.0186072044215867,0.072336346696316,"SRS"
33,2000,0.35,35,2,0.25,5.01299903966499,1.00966530442778,2.07127051729222,0.0157123601136287,0.0158204679348233,0.0631516244847738,5.04786068825567,0.937084136040678,1.84746913776728,0.0166067330680548,0.0160795090882929,0.0556642006450096,5.0398145932297,0.973362526984674,2.12172661957216,0.0262673988082716,0.0265396464463829,0.109924206235428,5.0175743100016,1.00419402116314,2.1081077253946,0.0177868683700271,0.0185842987174633,0.0707709171022536,"SRS"
34,2000,0.35,35,2,0.25,4.99663388300889,1.01564044297487,2.00455727207967,0.0159744797227583,0.0161775739923529,0.060919772443425,5.02966986209344,0.969673930541832,1.81264310220556,0.0167764105010674,0.0166538167783628,0.0545203585118313,4.99348289211413,1.01191596042955,2.05566933612507,0.026766427824177,0.027921252126368,0.106171264538062,4.99683082783904,1.0324068861464,2.05630966736266,0.0179958912992121,0.0194149178291598,0.069344828496768,"SRS"
35,2000,0.35,35,2,0.25,5.00301274060724,0.997531435639381,1.9211287941195,0.0163127059802726,0.0161410918163678,0.0581357757091985,5.02887782383683,0.942312225940656,1.74727401318909,0.0170814381237019,0.0163465571524477,0.0523401482013161,5.03249776321176,0.990854203744999,1.84910375936834,0.0281146439169629,0.0271047322665955,0.0943567537664191,5.01049673942259,1.00161767581932,1.93944096845902,0.0182722711554926,0.0188995506659593,0.0638634255070954,"SRS"
36,2000,0.35,35,2,0.25,5.01071637857732,1.0067250435562,2.09334307899441,0.0156259976632235,0.0160058666621515,0.0636720336568074,5.04690798113573,0.944660187445572,1.88916341791204,0.0164232014226274,0.0162559074181843,0.0568674749245771,5.01719201716899,0.981262418931898,2.01207122440564,0.0269209437245568,0.0278229121670739,0.103009640313838,5.00781442969108,1.00987330721597,2.08356496692362,0.0176108935058026,0.0225671281856149,0.0688058475353385,"SRS"
37,2000,0.35,35,2,0.25,5.02299094515884,1.01661243601896,1.91881555994073,0.0163049256831075,0.0169427971028555,0.0582312817440024,5.04909532838903,0.93569668929496,1.7408285186518,0.0170939989616693,0.0168683458594666,0.0522784242933298,5.03309197720489,1.00838349334714,1.83188287389625,0.0282118250720535,0.0290754136662921,0.0933303730297973,5.01971118393578,1.01232284182825,1.93611265390049,0.0182820545407046,0.0198700371875647,0.0640674789639227,"SRS"
38,2000,0.35,35,2,0.25,5.01430112415235,1.00026902093458,2.05836472026885,0.0157525647734549,0.0165183315655117,0.0626745140236039,5.04213289541916,0.93499067902646,1.83420496860477,0.0166582196681495,0.016938918849647,0.0551860638895159,5.01707344434701,1.01178792094354,2.31131665877928,0.0251606375494454,0.0274143730795692,0.119731530308125,5.01039907834692,1.01622834387315,2.08806411399927,0.0176691126663863,0.0198587989077617,0.0698366078623629,"SRS"
39,2000,0.35,35,2,0.25,4.98659053124555,0.988802137848353,1.96220493202642,0.0161361391687221,0.0160970217485392,0.0594300819824992,5.01271486351437,0.933497394307922,1.81234135923263,0.0167688620755295,0.0161408222226437,0.0544327516788567,4.9739027678992,0.994991059725743,2.01278387176676,0.0269514496478041,0.0268239768126642,0.103873008042018,4.98631285822948,0.993348928125783,2.00571850097191,0.0179678025027876,0.0190951688641511,0.0667039179491401,"SRS"
40,2000,0.35,35,2,0.25,5.00282047647353,1.0044393497592,2.02299692919304,0.0158993844747307,0.0156236231896284,0.061416847164388,5.02815597363605,0.945523292786386,1.83075957333894,0.0166895256262078,0.0158097276340094,0.0550041207299465,5.01848590111253,0.988386935363156,1.90591538930598,0.0276654424327364,0.0267370233465515,0.0973617836374945,5.00397923291274,0.99444278561735,2.02022765533138,0.0179857851766861,0.018353137434842,0.0667541622585513,"SRS"
41,2000,0.35,35,2,0.25,4.98847977190545,1.01987726721451,1.90866339813762,0.0163553122053846,0.0167517283046262,0.0576696281997782,5.01701138638701,0.956414959808128,1.73213691924417,0.0171435209172791,0.0169341655771549,0.0517990720557334,5.02916705981062,1.03186797105735,1.81874649290058,0.0283142067964011,0.0278234105523495,0.0922269305594582,4.98793539617729,1.02493403772083,1.92528638597663,0.0183337478460743,0.0195646405383154,0.0634162639163616,"SRS"
42,2000,0.35,35,2,0.25,4.99972923156714,1.01300829080238,1.97297103176726,0.01609010484405,0.0165430368851484,0.0598103772972806,5.03579099824024,0.949821756151798,1.75167365730473,0.0170476222889793,0.0169875347204388,0.052445211541115,4.9591042886631,1.01186200462979,2.03556941169745,0.0268115786477719,0.0272564146578992,0.105216865380375,5.00264768091357,1.01439200620942,1.97194127210168,0.0183051211253339,0.0200654263298968,0.0657233326787579,"SRS"
43,2000,0.35,35,2,0.25,5.01944573240453,1.0260809642308,2.07463369272313,0.0156990880088518,0.0159142200507019,0.0632626364908444,5.05919989812464,0.95627579418259,1.84691552514567,0.0166083017537516,0.0162497180999324,0.0556503819746359,4.99534037388764,1.02691853435274,2.28951884318772,0.0253374837055269,0.0258025992831194,0.118758140130758,5.01376083740888,1.02107822753986,2.11273073941941,0.0178129729603855,0.0190116461494493,0.0715032759651729,"SRS"
44,2000,0.35,35,2,0.25,4.99959623023417,1.00365486956462,1.9733005064618,0.0160903354302651,0.0161276426497375,0.0598306234507544,5.03001482746195,0.943926333874331,1.75947508537396,0.0170107414982121,0.0165680442274405,0.052707646875749,5.01808331921239,0.972995128278804,1.84003860659866,0.0281319742409248,0.0277509028538096,0.09382783644312,5.00814954606695,0.998369690797282,1.97437973242036,0.0182106597813476,0.0188718374091736,0.0651666873542936,"SRS"
45,2000,0.35,35,2,0.25,4.99272607955874,1.03150868428209,2.04703573035153,0.0158177690339562,0.0155048875131496,0.0623477743387669,5.03580182487783,0.984566785952223,1.85203478401116,0.0165966544901513,0.0159448396054445,0.0558283743013025,5.00722366474375,1.05716133759252,2.05006980384956,0.0267648644602349,0.0261744063518619,0.105164569974736,4.99254539812278,1.05311960191484,2.10724880077861,0.0178982143111578,0.0185494263401937,0.0711228886815428,"SRS"
46,2000,0.35,35,2,0.25,5.00009642008582,1.01746316433574,2.08681465082777,0.0156704325471707,0.0159872368520435,0.0634792370036247,5.04134993663562,0.95071145562259,1.84775449152611,0.0166154159550334,0.0163997604381275,0.0555390377335425,5.00224802129328,1.00951278823634,2.11251501561326,0.0263064022641308,0.0272966597975089,0.10845912682214,5.00616079279025,1.02205947967745,2.1144822251287,0.0178323731029962,0.0193698688029127,0.0716550403464125,"SRS"
47,2000,0.35,35,2,0.25,5.01022556600525,0.97903125774996,2.0368662328438,0.0158353390004097,0.016355243791383,0.0618953087757335,5.03821811566349,0.918274789636989,1.88708010004536,0.0164324801886936,0.0163530082282084,0.0569046621808646,5.0249827239112,1.02078307095165,2.07296312906146,0.026561257122999,0.0272408265154832,0.106305960481928,5.01415560695338,1.00094692822901,2.09150878594347,0.0176552075460759,0.0192103847525649,0.0697042713879387,"SRS"
48,2000,0.35,35,2,0.25,4.97333844589024,1.01664624213011,2.01041168349732,0.0159537747856125,0.0157705320408247,0.0611204678588976,5.00137801983167,0.96532417896816,1.80546273157274,0.0168064899194887,0.0163115997177823,0.0542827744163775,4.94831397536871,1.02784268259567,2.02514211942384,0.0268840938767108,0.0263653621987198,0.10481016402695,4.96330452851739,1.01709831635391,2.05180018224625,0.0182184934045087,0.0188592461959824,0.0691386465035812,"SRS"
49,2000,0.35,35,2,0.25,5.02637457824691,0.997330307681657,1.96583358548892,0.016126521479359,0.0165349111135918,0.0596093875709056,5.05516965791667,0.921747748616997,1.78935778495273,0.0168783589589786,0.0165903593636529,0.0537449404386047,4.9814098009621,1.0033450568378,1.8612779185739,0.0280015041447756,0.0276545446004921,0.0955121080414864,5.0181991732335,0.981260315836797,2.01828841377611,0.0182952966939596,0.0192101488933821,0.0674009170492982,"SRS"
50,2000,0.35,35,2,0.25,4.9957839460631,1.00134720578226,2.02603709152662,0.0158808501169011,0.0161299883616077,0.0616160741029334,5.01568209259354,0.943251530278229,1.85414334062681,0.0165783919735905,0.0163303432761965,0.0558809074600248,4.96357718023288,0.986516797654549,2.04773146825035,0.0267046460776853,0.0281436142616199,0.105307605703264,4.98245573244043,1.00834587359162,2.08710424178783,0.0181082567549391,0.0203456755917357,0.0704893005546996,"SRS"
1,2000,0.35,35,2,0.25,4.9884934138447,0.996657125274762,2.05971212684593,0.0157532286238299,0.0161589226262554,0.0625769088671351,5.02507248189851,0.943632729514555,1.85083404536731,0.0165909265454781,0.016577350435061,0.0555953953110907,4.94453693654125,0.99620161555086,2.10290298041504,0.0263631368456614,0.0276609307627017,0.108112816748184,4.96315011702802,1.00617611728556,2.10429292324387,0.018039072822645,0.0193987444371194,0.0713933355347253,"SRS"
2,2000,0.35,35,2,0.25,5.00947394031036,0.998724115683426,2.06494349743921,0.0157363632600102,0.0158766886834854,0.0628635502377113,5.02595447789998,0.938250387991549,1.9094804936894,0.016343600573537,0.0158232412047805,0.0576582462678973,5.03267291491753,1.01614560906132,1.93724020878045,0.0274300259927043,0.0282773644257025,0.0991457597196767,5.01549924573662,1.01392949411574,2.10160671822239,0.0177536585685718,0.0191976472405565,0.0702420762646313,"SRS"
3,2000,0.35,35,2,0.25,5.01080018165649,1.00895075098551,2.08588159618416,0.0156660321257599,0.0158876451447928,0.0632553669750556,5.03777135112688,0.948669161530531,1.87034803590591,0.0165196485218197,0.0161865855214098,0.0561067335132686,4.9847238001954,0.984663922859557,2.04783848043833,0.026697333193275,0.0277087117642801,0.104997059704091,4.99860251131484,1.01031232019279,2.11341545911576,0.0178047421312976,0.019005066836918,0.0706264637581452,"SRS"
4,2000,0.35,35,2,0.25,4.98233827920713,1.0148474454949,2.16766741140143,0.0153734531204375,0.0153651658841158,0.066392491220203,5.02141701175154,0.958404044040635,1.91268229267161,0.0163317369014481,0.0159423806967212,0.057837532614899,4.9449300385161,1.01988748459058,2.27065954101786,0.025404317185716,0.0263070516991638,0.117652290160722,4.97134456269426,1.01622965605175,2.18647465243584,0.0175648325416884,0.0188207548654018,0.0745395272399797,"SRS"
5,2000,0.35,35,2,0.25,5.00167833122081,1.02012789727398,2.01555330182585,0.0159225831169631,0.0162582134391222,0.0613113485842658,5.02936777313134,0.948345639539501,1.79244636354224,0.0168566014870204,0.0166408809506522,0.0538812713837786,5.01820869949016,1.03864995582109,1.97174133954639,0.0272114117553555,0.0270338425655139,0.101734725796366,5.00187158812837,1.02134612911399,2.05207776323463,0.0181103263219408,0.0192329116765748,0.0691241303474027,"SRS"
6,2000,0.35,35,2,0.25,5.01221607387917,1.03611422149302,1.9425811119356,0.016226353491421,0.0166362722800795,0.0589080012197648,5.04964341180732,0.966506624915043,1.75310221097688,0.0170470939917227,0.0168648655825759,0.0526002050790561,5.02467089612708,1.02820082370614,1.9420379346691,0.0274396109910064,0.0277588505755022,0.0992896542782507,5.00958631887738,1.03258341597449,1.96718853299073,0.0182731655926713,0.0195065564721752,0.0654206067836015,"SRS"
7,2000,0.35,35,2,0.25,5.02524518927048,1.01376830732075,1.97444773704926,0.0160829529977218,0.0162159442839315,0.0598814573239958,5.05444558276724,0.960925775719416,1.78510650107436,0.0168886369382311,0.0166050751729021,0.0535746236818759,5.03167001842419,1.02898522406222,2.09507546150286,0.0264244183488256,0.0262227529014942,0.107631425695913,5.02222938008689,1.01992584818328,1.99128880901003,0.0181057324705504,0.0188867888506316,0.0660455056306872,"SRS"
8,2000,0.35,35,2,0.25,5.00003095853004,1.00353828578945,2.02539678978205,0.0158847572491384,0.0159509352197956,0.0615639768082453,5.01698200583093,0.949958159881666,1.85958354290245,0.016556901340395,0.0161692439175409,0.0560371463082576,5.00660265372403,1.04795792780085,2.05999377478742,0.0266608720734778,0.0279454409595689,0.105841922969028,4.99774370229625,1.01964317726907,2.06691107407323,0.0178642290788479,0.0192111337538546,0.0688039901461492,"SRS"
9,2000,0.35,35,2,0.25,4.98238715601281,1.01495527654794,2.05387187169703,0.0157786901214726,0.0162880929129449,0.0626333941931738,5.01286645053668,0.956324072753782,1.84327867889016,0.0166266939748845,0.0167288187135745,0.0555640847462467,4.97886353123681,1.04668518692903,2.05369057464445,0.0266785876170261,0.0280782480762476,0.105991827702291,4.97193682153552,1.0302991457875,2.09188151408779,0.017920277467717,0.0195775870195159,0.0702951669122616,"SRS"
10,2000,0.35,35,2,0.25,5.02779613006246,1.02104897191471,1.99531037711035,0.016001227820067,0.0161878476109318,0.0607298639355685,5.04723648290278,0.966024085309258,1.83867308174503,0.0166473579233518,0.0163545460965237,0.0554875390674413,5.03826892239137,1.02654577718619,1.91639597525047,0.0276111145834063,0.0279950789811388,0.0979174536379105,5.03648740297283,1.0197004018099,2.00070533805444,0.0180754287881983,0.0191602815626734,0.066495514093522,"SRS"
11,2000,0.35,35,2,0.25,4.9898980086218,0.999959474536174,2.07632559982535,0.0156907798218795,0.0160427216691189,0.0633450903542298,5.01460199184326,0.947991608313691,1.89797165095486,0.0163881425586676,0.0163291776774388,0.0573844322134102,4.96500531876893,0.984831059429176,2.03347838376989,0.0267978526115023,0.0273609303726667,0.104532707970954,4.97763843341617,0.991193907818651,2.11773411918481,0.0175968079522926,0.0189120956872684,0.070861248137327,"SRS"
12,2000,0.35,35,2,0.25,4.96749685894606,1.03432640118002,2.0663494435763,0.0157414984589102,0.0156951125678378,0.0629598075805277,5.00032221146164,0.983462503293519,1.87458538619614,0.0164992931886012,0.0159719474836595,0.0565235374283864,5.00607454523948,1.03058573547689,1.80870317426793,0.0283930258902754,0.0276779444539979,0.0919414031749012,4.97610161737298,1.02234768004858,2.09988437882395,0.017923125168759,0.0180823353809423,0.0701052236564154,"SRS"
13,2000,0.35,35,2,0.25,5.00764165026786,0.985100209715886,2.03622286379178,0.0158385727324032,0.0164995142461688,0.0618056761014979,5.03161719867248,0.916652356504932,1.85754414874439,0.0165587350841335,0.0166351461457412,0.0558855091180013,5.0109137686746,1.01782708562209,1.9420560360741,0.0274008625372202,0.0289136353759215,0.0993025970605128,5.00074189452338,0.991689681102418,2.07277911931383,0.017817149877605,0.0195587111563451,0.0689699400819467,"SRS"
14,2000,0.35,35,2,0.25,5.00337091646317,0.985812998921947,1.91686591786839,0.0163208170984791,0.0162220412632454,0.0581170777945673,5.02404685753966,0.928799756252103,1.77284595345243,0.0169494391886801,0.0163359554580831,0.053321383127133,4.99865426227018,0.992653585661728,1.92629092649141,0.0275595992451262,0.0266070482466759,0.0991132759736008,4.99706989947762,0.985666863928379,1.95174860669361,0.0182793421034617,0.0190803335418007,0.0646381808375548,"SRS"
15,2000,0.35,35,2,0.25,4.97645551133976,0.999593625793439,1.98872290908602,0.0160297384221282,0.0161928092314588,0.0603359107080053,5.00617057841576,0.940502234054601,1.7930525070083,0.0168557606713274,0.0164684389166042,0.0537983251743985,4.98110028426125,0.993297394191031,1.95351932577356,0.0273307325790959,0.0274056329166995,0.100362770498759,4.98337894029771,0.98795028701371,1.98406632106655,0.0182200184687263,0.0189650028981539,0.0658785388996618,"SRS"
16,2000,0.35,35,2,0.25,4.97767282731805,0.991735050237594,1.96448476761057,0.0161473121669053,0.0159173597215455,0.0594070759842588,4.9968129703697,0.938515036008674,1.76895838334101,0.0170020355640132,0.0162192294722782,0.0529216158796837,4.96216533871462,1.00189841445019,2.03391933716945,0.0268544520069396,0.0265522722243549,0.104215858245859,4.97321324521683,0.989752431169556,2.01081229639647,0.0181681338728899,0.0189554666524785,0.0668151280201161,"SRS"
17,2000,0.35,35,2,0.25,5.01802002023668,0.993583546147538,2.06488868979836,0.0157505279686827,0.0158884550699597,0.0625718296755094,5.0525821114299,0.920876672744626,1.83270065154048,0.0166885690433595,0.0162350629109057,0.0548953517158644,4.97862707775499,0.966161401766182,2.30860052573716,0.0252368892125376,0.0244792837988985,0.119429823950939,5.02391970236056,0.984941063127872,2.10869447736173,0.0179017570015599,0.0187480826986856,0.075870506611742,"SRS"
18,2000,0.35,35,2,0.25,4.99414575230435,0.985221773141128,2.04176272057123,0.0158207423411095,0.016013874017198,0.0618967777021428,5.01691777518549,0.928324212516951,1.85027140034029,0.0165941345592819,0.0162053504996056,0.0555303936785725,4.97700236827563,1.01264400316094,2.05719036215702,0.0266673085588767,0.0262336526239758,0.105728748638874,4.99004034469268,1.00038895677476,2.08971499937034,0.0176887801077523,0.0183010204666414,0.0693996499669279,"SRS"
19,2000,0.35,35,2,0.25,4.98796391168861,1.00215049252887,1.97898972323349,0.0160722471284422,0.0159190350355417,0.0599620588619612,5.02793567215914,0.953259851977583,1.76444166450005,0.0169937698073075,0.0164100059850989,0.0528140567809105,4.98612191026382,0.998639699845787,1.95481637200035,0.0273433673846134,0.0265667128224132,0.100031630920601,4.98842424730114,1.00862389674531,1.99905073217374,0.0182176101778089,0.018635689332457,0.0666875287240709,"SRS"
20,2000,0.35,35,2,0.25,4.99583837595086,1.0239590343168,1.9727096333893,0.016095404285733,0.0161895680368494,0.0598346325907926,5.02448187789597,0.95594647968999,1.80817154328472,0.0167875378025992,0.0162565292933738,0.0543649290459466,5.03635653212922,1.03494225675896,1.96160125621807,0.0272853738714041,0.0272488078842305,0.101124921353907,4.99703816074731,1.01917109943688,2.00444216152769,0.0180278172818307,0.0190840240222655,0.0666342976232667,"SRS"
21,2000,0.35,35,2,0.25,5.01507171871213,1.01914029008145,2.09123894769845,0.0156395860244703,0.015961664468901,0.0636745061853269,5.04694857101266,0.964339283528881,1.89514848012057,0.0164008545754407,0.0162596933164479,0.0571207883394305,5.00771025648452,1.016987608913,2.25795596505004,0.0255031348646191,0.0268639809077069,0.116210032832806,5.00601059826922,1.01432956765925,2.13186049439651,0.0177163921013371,0.0189815876538416,0.0715648528646664,"SRS"
22,2000,0.35,35,2,0.25,4.96380993617803,1.02361570431237,1.91559993620346,0.0163310822364186,0.0166106982721698,0.0579490797096565,4.99005408547435,0.975043275341025,1.73985333706842,0.0171117735610108,0.0169711298461563,0.0520861296334675,4.97407384911103,1.0531712081592,1.82478763607353,0.028276150020087,0.0287326234921392,0.0931241866875281,4.96225421649703,1.04268552106704,1.93622476878852,0.0184139414797744,0.0197096650925774,0.0640988625658707,"SRS"
23,2000,0.35,35,2,0.25,4.99190857974009,1.01648272545428,2.0058300921372,0.0159633125637549,0.0161185726066763,0.0610387855061727,5.01963098826354,0.950945600029156,1.80936515918603,0.016780847622685,0.0163492901125318,0.0544576391459245,5.01353125258029,1.02990015027253,2.13765065337461,0.0261806984205044,0.0259472054091699,0.110273033410418,4.98931093433726,1.01661971964683,2.0245004584844,0.0180340534708546,0.0192373916369493,0.0676670318038569,"SRS"
24,2000,0.35,35,2,0.25,4.98258477297341,0.99197529687815,1.97725454207636,0.0160764790718985,0.0163044521506965,0.0600879513102931,5.01108441019449,0.930465443431715,1.79977516169237,0.0168276514898674,0.0165486804855705,0.0541543199084715,4.97444773148036,0.98720551717394,1.97643161248927,0.0271788360311861,0.0272097196360371,0.101453265834545,4.96437337590017,0.9860785935491,2.01086143825323,0.0179825549362897,0.0190003863736134,0.0667000869780479,"SRS"
25,2000,0.35,35,2,0.25,4.98262115119799,0.97955746611541,1.99937820535532,0.0159958316776339,0.0163482163010031,0.0606263683897299,5.00702565479555,0.917476175590092,1.81849266674673,0.0167502472682716,0.0165365195508181,0.0546022648841262,5.01280651511772,0.951800717173617,1.97790717134227,0.0272275458987481,0.0275011434098167,0.101292744066504,4.98360702049251,0.972875313522811,2.01080305212434,0.0179667282450209,0.0190867189344947,0.0663968087051806,"SRS"
26,2000,0.35,35,2,0.25,5.0292170683604,0.991252681123653,2.06824782981698,0.0157147967420347,0.0161562748743397,0.0629307114438957,5.05970016988348,0.923621430126327,1.877123660282,0.0164723888117565,0.0163954540302014,0.0565705225280968,5.0515354024795,0.991309296013253,2.24852714406484,0.0255212917379684,0.0264466520567552,0.116231979901375,5.03859465375155,1.00107028934046,2.10671827113434,0.0175672047036219,0.0189673872787636,0.0703397067821859,"SRS"
27,2000,0.35,35,2,0.25,5.02265691257219,1.00433715425358,2.04138409288191,0.0158262288338327,0.0158444643603443,0.0618877806152868,5.06280953373391,0.949559414879057,1.8176922044995,0.0167387536564138,0.0163331634909507,0.0544760834436427,5.01888557437835,1.01417423746701,1.98195773545702,0.0271453482729672,0.0268218855802493,0.10176401627705,5.01659373808091,1.01579055980125,2.07365862172859,0.017788859310903,0.0186416533061855,0.0690624301313588,"SRS"
28,2000,0.35,35,2,0.25,4.98348910903522,1.02953714359347,2.01968859983519,0.0159172652558226,0.0158806273526431,0.0613701572839054,5.01047540735629,0.963890037017467,1.81022800462968,0.0167839288696927,0.0160719476044025,0.0543890620544958,4.99247160078777,1.02975017922559,2.00910423501436,0.0269679136353385,0.0272646960641917,0.103023770065348,4.9884974878805,1.02140542722446,2.01721950543202,0.0181341826017453,0.0191153428788036,0.0675598010076894,"SRS"
29,2000,0.35,35,2,0.25,5.01178654620417,1.03108325425345,2.01644224670139,0.0159253574229677,0.0161452390150086,0.0614331431344556,5.04203320725394,0.978991731020956,1.834180661578,0.0166705714876068,0.0164507187330948,0.0553324169509355,4.97564245266125,1.05071227805295,2.13134136716494,0.026301292557901,0.0265684562221553,0.11012813084284,5.0148136841658,1.04392913688247,2.06099562016894,0.0181613083000199,0.0195627275595767,0.069797054097742,"SRS"
30,2000,0.35,35,2,0.25,4.97320514018961,0.979812444321676,2.02967393606113,0.0158656386803382,0.016398362211514,0.0618333139741524,5.00773624535175,0.918212927134326,1.80415698945283,0.0167990390890158,0.016845675676131,0.0542625709321278,4.98838588812779,0.980507818768233,1.93377738797111,0.027463575747775,0.0286728275812866,0.0994181393207796,4.98501206525185,0.987160871913193,2.02042676945985,0.0180202960724221,0.0193695513049581,0.0673040302122121,"SRS"
31,2000,0.35,35,2,0.25,4.97559538656941,0.992628170157032,2.05158230179766,0.0157946753877763,0.0155268802559231,0.0624240444927063,4.99450039736219,0.937153431898563,1.89456920722365,0.0164154036582769,0.0156136979581917,0.0571809075712034,4.93012533244521,1.00241867797441,1.91621491337482,0.0276310746478928,0.026698219684566,0.0980685220578752,4.97192735100063,1.00378944927251,2.10405047648711,0.01769842143589,0.0179288124232986,0.0700210901827067,"SRS"
32,2000,0.35,35,2,0.25,4.98453270063715,1.00453766594346,1.94011534993135,0.0162238326355423,0.0164564822373452,0.0590077959819309,5.01739136595408,0.934491791458997,1.75201377599527,0.0170458113597954,0.0166865954262453,0.0526943928190244,5.00338118908412,1.00949095116596,1.92056060909506,0.0275647287101562,0.0285674550890043,0.0984673053872916,4.98310623649129,1.00991878911847,1.97228665061232,0.0181680141120514,0.0198977387094246,0.0657149434886599,"SRS"
33,2000,0.35,35,2,0.25,4.99324788362648,0.999588464428981,2.05463789614399,0.0157738446455395,0.0160098232276302,0.0624676517303524,5.02082691107799,0.946297131223135,1.84582975833002,0.0166154404961041,0.0164773207769858,0.0555053077910388,4.99345795578843,1.00653075029788,1.99467580531467,0.027084206536265,0.026929203676453,0.101962903237725,4.99180455209039,0.997603223784536,2.0641410531442,0.0179225233389825,0.0193128503431736,0.0684772466427783,"SRS"
34,2000,0.35,35,2,0.25,5.02139522468708,0.99921443569617,1.95394747505292,0.0161641686990632,0.0161623592754629,0.0592473320169091,5.05041950873752,0.943236790954249,1.77322553022118,0.0169432543910709,0.016449787653285,0.0532000951100469,4.9961481912781,1.01696025710173,1.92799086357986,0.0275250274347207,0.027744218904617,0.0985584453503688,5.00481730588897,1.00261956955121,1.97058622941349,0.0183004910560481,0.0191965595092751,0.0654621087004123,"SRS"
35,2000,0.35,35,2,0.25,4.98249965510299,0.995009001077172,2.06586985998509,0.015739970540879,0.0163030851189334,0.0626310125446245,5.01360095007776,0.923006282024776,1.83970059374661,0.0166514028883796,0.0166664203202191,0.0551509326215805,4.95812612863062,0.952698432460641,2.02844798242287,0.0268205979846533,0.0290413458931974,0.103833837482145,4.98846197957313,1.00075557561532,2.0846864134444,0.0177804731208465,0.0195410659601925,0.0697616059873226,"SRS"
36,2000,0.35,35,2,0.25,4.96312536188886,0.990286621901563,2.04404781570848,0.0158190637033694,0.0158854522498136,0.0623498221170413,4.98959311561093,0.940043850812708,1.8823216127744,0.016462940018038,0.0159753370199425,0.0569125274152521,4.9916232391541,0.976152317552507,2.08945198593283,0.0264662510346429,0.0265094697810374,0.107684562406632,4.96576346845658,1.00324614902579,2.1083995158998,0.0176721633015918,0.0184619603513486,0.0709107889441466,"SRS"
37,2000,0.35,35,2,0.25,4.9915538479727,0.995424196173921,1.95544638115331,0.0161612457976032,0.0166008685393361,0.0592484015265912,5.01980694666272,0.934924609809239,1.79604486587612,0.0168388104376386,0.0167746257174195,0.0539481534984677,5.00715536578276,0.991683706863716,1.84667422637619,0.0280886233718394,0.0283886702594771,0.0941193070623261,4.99918425989952,0.990586628933502,1.99219410643228,0.0181118926634466,0.0194710341835587,0.0659846999122885,"SRS"
38,2000,0.35,35,2,0.25,5.03264096635795,0.992456843990439,2.05838853298426,0.0157624816223298,0.0157978839691458,0.0627230976707647,5.06310152738143,0.927719476911975,1.8431491907307,0.0166312516328159,0.0160933995789328,0.0555205862762274,5.03579987893836,1.02054368760983,2.00598497988944,0.0269906820580648,0.0275974760329341,0.103085518871508,5.0348067309115,1.00094042353921,2.10308259569302,0.0178147933966187,0.0189352846815588,0.0706650190863261,"SRS"
39,2000,0.35,35,2,0.25,5.00195184936101,1.02729089640923,1.99010913814258,0.0160264489605157,0.0162320295944378,0.0603444080050426,5.02815562828218,0.968303285521694,1.8038007193167,0.0168076876515221,0.0166262949188641,0.0541516719106307,5.00458352403474,1.00478636182481,2.04431840289827,0.0267338950327836,0.0268536147357569,0.10481381237291,5.00216793961086,1.01509668830206,2.05669727839145,0.0180583742527997,0.0191159200138077,0.0688777442810584,"SRS"
40,2000,0.35,35,2,0.25,4.97504142107137,0.998518545848338,1.92247543945788,0.016306056261517,0.016052658425852,0.0583149940480438,4.99540331525297,0.940341902802336,1.74760672738163,0.0170771185642176,0.0163019056393163,0.0524852136060177,4.96068969408254,0.969687429490413,1.8574272666415,0.0280369813414481,0.0265992417287824,0.0951297277457479,4.9584999639419,0.996809892068803,1.95325818456401,0.0183982259417977,0.0185066431090213,0.0648808984774505,"SRS"
41,2000,0.35,35,2,0.25,5.00058270343416,1.02273323278115,2.0157668153609,0.0159325819614188,0.0156688637295485,0.0613208769747718,5.03796670089245,0.963271592031854,1.77869427021889,0.0169267696518382,0.0162030281564755,0.0534021061323144,5.02665390413985,1.0158748992402,2.05853401523561,0.0266478182169928,0.0259155584148991,0.106186822498508,4.99247603589297,1.01414009494738,2.01133998148981,0.0179739290974165,0.0180297689750469,0.0672191507057565,"SRS"
42,2000,0.35,35,2,0.25,4.988472623232,0.993714231665174,1.92890450891664,0.0162687934922944,0.0163866138836507,0.0585859620227088,5.01944422991836,0.933894431754297,1.76014193216559,0.0170064500724416,0.0166095013600023,0.0529442882844152,4.94925396383444,0.981241846329436,2.02045111137531,0.0268949637967253,0.0270188573091191,0.104470183899756,4.98066115145848,0.997093313632781,1.97573665933563,0.0182344748877403,0.0193517034266096,0.0660101536635469,"SRS"
43,2000,0.35,35,2,0.25,4.99337324000073,0.980958726930579,2.02427274879783,0.015889630574344,0.0162498968477589,0.0613096167563388,5.01187094413271,0.932010437985175,1.84635857258873,0.0166187431237254,0.0165119246290023,0.0554090126506378,5.00579539028975,0.966870977794038,2.11896132921229,0.0262446906397096,0.0273437950952844,0.10842180017889,4.99471771924242,0.981013589980471,2.07275007329493,0.0178192707502539,0.0195176688677872,0.0690147847021106,"SRS"
44,2000,0.35,35,2,0.25,4.98393730560301,1.01829139748009,1.93964906425982,0.0162370510026392,0.016372288717587,0.058874468175843,5.00796578751483,0.954563773528836,1.79063584175697,0.0168784909396977,0.0163094099566852,0.0538781065649132,4.94557174279275,1.06177578196195,1.86073914027145,0.0280434578780603,0.0282923002463504,0.095649750053533,4.96941645863905,1.02736049789451,2.00101471430124,0.0182624009908484,0.0193683413359415,0.0668700345834231,"SRS"
45,2000,0.35,35,2,0.25,5.01231470407904,1.00620211245158,2.04738005051026,0.0158021819314834,0.0161438635686382,0.0622929478413754,5.04573676010718,0.951432315409191,1.82458085157168,0.0167091043775542,0.0167057063391029,0.0548707174084809,4.97839126172727,0.989726570232922,2.09472064063738,0.0264460305205725,0.0266367559992847,0.107548045209587,5.02149768853067,0.99206195285778,2.04864274963695,0.0179979794994754,0.0190756504718308,0.0683219176651961,"SRS"
46,2000,0.35,35,2,0.25,5.00535039541184,0.997236987986116,2.10644992414719,0.0155879779607017,0.0157871128178394,0.0642441770562861,5.03414046441084,0.92735760161868,1.90611245314173,0.0163594238762319,0.0158983720299811,0.0575356857287259,4.9827641959914,1.01228608402401,1.98773616876645,0.0270957319078429,0.0281655494872064,0.102314662315381,5.0155155090302,1.00086425232747,2.11826324111039,0.017673346118636,0.0190975248148059,0.0705752781702244,"SRS"
47,2000,0.35,35,2,0.25,5.02514884614389,0.99980124900066,1.98126490567661,0.0160569400825251,0.0157421004450651,0.0600775782593039,5.05257483331444,0.940477739560376,1.78171772062712,0.0169055594376007,0.0160381210727881,0.0534185865143638,5.07951256640765,1.01917853829565,1.89190948534701,0.0277754724706185,0.0260842541362707,0.0968266924441162,5.03560416843195,0.999974553652666,2.00028698465687,0.0181365266932629,0.0179339015998863,0.0665136581274137,"SRS"
48,2000,0.35,35,2,0.25,5.0155282345736,0.976679212802505,2.02877699218627,0.0158697411730684,0.0162434515101924,0.0615344760825153,5.03679967777451,0.913570707967394,1.85522338937728,0.0165735264462421,0.0162560054181015,0.0557556398353506,4.98335549599962,0.972474398240091,2.06270571812803,0.0266271209735292,0.0268052506783073,0.105530283588989,4.99967364676031,0.981909206072853,2.09464238350236,0.0178514126287432,0.0189807585121773,0.0702633302678517,"SRS"
49,2000,0.35,35,2,0.25,4.98775537933394,0.990288975257108,2.09599568368227,0.0156264539905789,0.0154670870441643,0.0638023628433408,5.01228595244885,0.93479481910454,1.88604499725797,0.016445622072523,0.0158554741887116,0.0568168774410985,4.9853932323991,1.00220115185268,2.0185421920101,0.0269032408630248,0.0273980266740208,0.103326807626616,4.97821381126703,0.990470836294127,2.12878776883993,0.0176687417383574,0.0181823133939661,0.0708899127441835,"SRS"
50,2000,0.35,35,2,0.25,4.98804906214084,1.00526137543539,1.95778319659083,0.0161652908012862,0.0161618813386664,0.0594166446008886,5.01480347011241,0.939882102577627,1.76546275570456,0.0169990487324974,0.0164805366164768,0.0530169435557046,5.00052191864566,0.991192843991069,1.92721418608926,0.0275532807061224,0.0272885018998173,0.0989735649837384,4.98298143416756,1.01649431771109,1.99317853509955,0.0182985647989062,0.0190100779901233,0.0667063719923403,"SRS"
1,2000,0.35,35,2,0.25,5.0063342351357,1.00063787877708,1.89554316764109,0.0164348878458644,0.0165343839147662,0.0572370674272257,5.03908114731805,0.956363321883921,1.72534106946737,0.0171994253498555,0.0168937195900796,0.0515756948400426,5.03212470955671,0.988122034808627,1.89462349974701,0.0277606389542436,0.028026990937899,0.0969297197806706,5.0106010351896,1.0086185186829,1.94345381633745,0.0184987818863467,0.0197721159302411,0.0647268303523304,"SRS"
2,2000,0.35,35,2,0.25,5.01041918160761,1.01195934370561,2.07174181211283,0.0157255367511756,0.0158194679446945,0.0630215249944211,5.02701937422129,0.94962263528345,1.87819153369776,0.0164868596525999,0.0159821511736697,0.0565625259297069,5.01929184875148,1.01063846476961,2.13898523975481,0.0262021796306552,0.0273281447094159,0.110652587552662,5.00892847157173,1.02247878300127,2.12421541156973,0.0176456828327049,0.0190194057342483,0.0711930301298379,"SRS"
3,2000,0.35,35,2,0.25,5.00907405745375,0.988259038440749,1.82927781620385,0.0166911320842383,0.0171423727399179,0.0551177613239853,5.03936625966277,0.929475159042575,1.67012604410027,0.0174453962092653,0.0174434393179064,0.0498403582337331,5.03193933610945,0.980593245577403,1.85463585198972,0.0280574497187143,0.0295024966957385,0.0947636385065613,5.01380911596125,0.994286747861243,1.8348244586863,0.0187366541195833,0.0202727538817496,0.060116191811498,"SRS"
4,2000,0.35,35,2,0.25,5.00603396655445,1.00491259115802,1.9727157530509,0.0160966521857524,0.0159172055289124,0.0598768952277552,5.05216923566931,0.943778492502752,1.76763997571549,0.0169709587288781,0.0162939305216412,0.0530438882209738,4.96346529864192,0.997981988346078,1.94458525065538,0.0274155982963398,0.026832741643738,0.0998932690411622,5.00434644907292,0.993381352575827,1.97235882989454,0.0183777679964492,0.0188416000388708,0.0658323875214065,"SRS"
5,2000,0.35,35,2,0.25,5.02380023399332,1.00303627147987,2.00232281856577,0.0159705717867618,0.0160421160870079,0.0607710174636706,5.05054988214151,0.934983242612668,1.81635715557126,0.0167433822272724,0.0161699585720038,0.0545784875126314,5.03681658953418,1.00620916920461,2.01778086818812,0.0268986861911989,0.026612135677418,0.103573718139789,5.0245333748295,1.01703251203025,2.01051313764048,0.0180059800587324,0.0186668973970233,0.0665069769420581,"SRS"
6,2000,0.35,35,2,0.25,5.00045311093819,0.995971413186527,2.03823514745822,0.0158408700224687,0.0157100501530007,0.0618830207679908,5.03064360361038,0.938396235219751,1.83903720511273,0.0166493064404751,0.0159322184352085,0.0552427773302564,4.96507463238721,1.03148294409067,2.22771770592867,0.0256621979380717,0.0256790640163223,0.115161884295194,4.99273726432701,1.00645901546352,2.08075279542737,0.0179392960135287,0.0188914908540222,0.0698344761084979,"SRS"
7,2000,0.35,35,2,0.25,4.98897388581997,0.998584342181562,1.95367812081033,0.016184296501252,0.016060655728575,0.0590212444709285,5.00970886203314,0.951479904575279,1.81832171928366,0.0167573365371731,0.0161669889959313,0.054527361826198,5.01634377728098,1.0079581447724,1.91133167190764,0.0276413128441108,0.0270403563224268,0.0973073780780775,4.9944291052513,1.00784858590601,2.00941200424853,0.0180717250358435,0.0182748083186294,0.0665028570877781,"SRS"
8,2000,0.35,35,2,0.25,4.98744920231393,1.00941806410994,2.00671079085761,0.0159627940503628,0.0157971792795435,0.0609363613368072,5.01619223704299,0.93846494616722,1.81917286998588,0.0167393673371257,0.0158505586058523,0.0546983907597316,5.00157361605271,0.995731429549577,1.9156577383954,0.0276369735308736,0.027425538797077,0.0978889953799851,4.97883419141532,1.00858711906323,2.04830145745325,0.0180704368604921,0.0187509961318134,0.0685610538075085,"SRS"
9,2000,0.35,35,2,0.25,4.99342813719786,0.99374252811309,1.980037347211,0.0160665645621757,0.016506024940847,0.0600020575528093,5.02997216399228,0.928056420109062,1.78498854424593,0.0168908465797423,0.0167530607078791,0.0535052217276441,5.00691547248065,0.99549413950866,1.99685032986841,0.0270236714763111,0.0282054949129597,0.102379867226561,4.98561808836407,0.994900245926714,1.99704941756404,0.0181260904227011,0.0194576570924523,0.0662424930950639,"SRS"
10,2000,0.35,35,2,0.25,5.01369093881813,0.988408144715055,2.02432654500441,0.0158797812240496,0.016446265127305,0.0615056322276191,5.03809195753647,0.926866542933174,1.81406408808489,0.0167488591336866,0.0168696704246287,0.0544928086788229,4.97477597631561,0.969902399983584,2.10613103318713,0.0263546045666906,0.0279412888068201,0.10823463767537,4.99651481795901,0.988602677561142,2.10281101538475,0.0178493413459863,0.0194581007111686,0.0707440793975769,"SRS"
11,2000,0.35,35,2,0.25,4.97204782059297,0.989882366162209,1.99586213785982,0.0160169093216551,0.0163005570401272,0.0606451666468059,4.9954117961581,0.93077604197512,1.83702818311616,0.0166737401657387,0.0164367717150433,0.0553454910353845,4.99045106459016,0.997763219534788,1.92763680797523,0.0275246184100708,0.0282715087885977,0.0985426833967596,4.98058890915296,0.99012122973197,2.00777859834587,0.0180414778797372,0.0189405923630579,0.0664253041837437,"SRS"
12,2000,0.35,35,2,0.25,4.98114026473708,0.980614759291319,1.994990606511,0.0160123241342385,0.0161111872681644,0.0605165467708576,5.02235396672281,0.911579545930879,1.82861531195588,0.0166919427269709,0.0161253107307091,0.0549700318090316,5.00954432073058,0.976425850845436,1.92161803432119,0.0275889823937553,0.0281558585233353,0.0981490425713871,4.98718275861022,0.974152528263329,1.97894610983206,0.0180050747783804,0.0189441470755256,0.0649699910166053,"SRS"
13,2000,0.35,35,2,0.25,4.99376922311902,0.989645779084939,1.97650119567586,0.0160775857801617,0.0161333710636685,0.0598371822507987,5.01914302009547,0.925981734433258,1.79184509866505,0.0168590426011528,0.0163218962541477,0.053708096742595,4.98036765662264,0.979141104704349,2.0181037494352,0.0269113295974209,0.0270057941789166,0.103608599275982,5.00002324580733,0.987847582230145,2.01098100755013,0.0182743797227703,0.0193130014076327,0.0670688169878232,"SRS"
14,2000,0.35,35,2,0.25,4.98292568083183,1.00727891363608,2.05001507222972,0.0157884279816143,0.0166164305996377,0.0623321617829091,5.00660036027515,0.950785854767399,1.87547688021111,0.0164853038457977,0.0167298512065427,0.0564964869453579,4.96766352856732,1.027411167553,2.04542090957462,0.0267236154916228,0.0285364564934335,0.104989514548431,4.98672789182033,1.03625645227466,2.12477116520923,0.017725826981793,0.0200117661929284,0.0714669262226257,"SRS"
15,2000,0.35,35,2,0.25,4.98412311408878,0.995930723796521,2.00217959138635,0.0159908847727931,0.0158820955656421,0.0606383807308002,5.01797953667569,0.938231084539593,1.78886385743407,0.0168874059492946,0.0162650717589276,0.0535547114967902,4.95791937923725,1.00937369307426,1.97756437995629,0.0271799616404237,0.0280010122299288,0.101172417233884,4.98812056490728,0.9979665690356,1.98011636760173,0.0182200456749895,0.0189996545039602,0.0654065991419326,"SRS"
16,2000,0.35,35,2,0.25,4.99874459674371,0.998199356541306,1.93309018157054,0.0162475824955951,0.0168256075429705,0.0585026156479452,5.02215741626014,0.945639000429233,1.7781082262545,0.0169204202998754,0.017001296897982,0.0533336308839416,4.97534715191403,1.01351594312804,1.92417922485454,0.0275421001764351,0.0283710261420158,0.0988667527209315,4.97728993869883,1.00439171674773,1.98920867461251,0.0181190578586329,0.0195028558882877,0.0661277139039865,"SRS"
17,2000,0.35,35,2,0.25,4.98294315011156,1.02260854876008,1.97972677186764,0.0160765821223914,0.0158166363871553,0.0601683171929729,5.01749730679801,0.969441175107389,1.78051118045172,0.016921338677264,0.016279682640236,0.053521748095573,4.95924563869453,0.981868026481038,2.08888747833366,0.0264708954660636,0.0255171138290549,0.10821388786218,4.98421546379388,1.01560986929956,2.03397079839156,0.0183498157807627,0.0181584348602306,0.0691328426121095,"SRS"
18,2000,0.35,35,2,0.25,5.00088901908736,1.00808024631584,2.04966200919602,0.0158206258686568,0.0151598695139197,0.0624480806089709,5.03196344188981,0.954511754860153,1.87639842444952,0.0165051605826029,0.0152488476968249,0.0566543612261776,5.02496416906793,0.992693056983572,2.01161718450351,0.026966708473927,0.0259508308008584,0.102641087379959,5.0142364941944,1.0139789944479,2.08529938884014,0.0177544825722028,0.0175765981637198,0.0692669458269828,"SRS"
19,2000,0.35,35,2,0.25,4.98726829180647,1.02137040685147,1.95321910542725,0.0161750346530299,0.0163103145424698,0.0593271483741807,5.01896884691967,0.961285268130175,1.79677541893536,0.0168405579547999,0.0163823843327674,0.0541067820106446,5.02839515506489,1.04423888376308,1.99074109482867,0.0270849566491791,0.0277992346133897,0.102510705840102,4.98616222516236,1.02648012201323,2.00134275873805,0.0181811725779561,0.019342740259849,0.067028598410451,"SRS"
20,2000,0.35,35,2,0.25,4.9986806262904,1.00128869624552,2.07917132662848,0.015695819184925,0.0155384846376169,0.0634065225984188,5.02179731700871,0.937406659146141,1.8711813187502,0.0165161022577727,0.0156624285982441,0.0564370348035493,4.97981628401897,0.970288487440827,2.10398035959604,0.0263623336739633,0.0262079247906658,0.108380449035501,4.99179641356131,1.00566837712288,2.12434721079249,0.0177860368177631,0.0185431861356655,0.0715980231373784,"SRS"
21,2000,0.35,35,2,0.25,5.00612000878866,0.997111488730488,1.98293622050592,0.0160511724787965,0.0164005526340804,0.0602004064324205,5.03228121236338,0.934086406335066,1.78531393916623,0.0168893105442156,0.0166352154439273,0.0536031162095092,5.01047383444019,1.00661281001961,2.02468653060569,0.0268553846588722,0.0272064489067879,0.104018575395651,5.00437678274279,0.997925710330113,2.0297026982111,0.0182112548075032,0.0199510735014139,0.0683977563447572,"SRS"
22,2000,0.35,35,2,0.25,5.01501283128993,0.992134811851137,1.98761167094983,0.0160273501730128,0.0163927236744551,0.0602417130085628,5.05002164722965,0.933987909066826,1.81789991555574,0.0167338726261989,0.0165616125362969,0.0546227628395113,5.01396425075762,0.989548164626658,2.04985753091408,0.0266813091939048,0.0277695781431829,0.105283500053545,5.02477226351559,1.00805956122626,2.02918196506439,0.0179583173177104,0.0196210615165893,0.067800365333618,"SRS"
23,2000,0.35,35,2,0.25,5.01744667230135,0.984284307448414,1.99329802364608,0.0160055161198014,0.0161468086894647,0.0604956871548202,5.04855070315356,0.924292672447372,1.79832821303782,0.0168263957636995,0.0163513208480123,0.0539811863865648,4.98671169098867,0.993298937437004,1.96658810870363,0.0272654831883967,0.027882456579977,0.100874824906419,5.00111374908806,0.993682310418053,2.0300894776585,0.0181899285267709,0.020004080493479,0.0678823973050196,"SRS"
24,2000,0.35,35,2,0.25,5.00295225811451,0.970789324259423,1.93702830138909,0.0162310322174814,0.0161851767598456,0.0585452893791064,5.02366274945095,0.924282465396864,1.78287103164069,0.0168983243047687,0.0164816047970647,0.0534254186167527,5.02534125045243,0.976893422716156,1.85250391280572,0.0280498174131051,0.0277368111211371,0.0940204020882622,4.98323578038563,0.972382279296442,1.96575694727717,0.0181275146674747,0.0183501942353638,0.0647813596324885,"SRS"
25,2000,0.35,35,2,0.25,5.00989372705812,0.982511196979112,1.97302173831385,0.0160885994767521,0.0159157815916438,0.0596847867243396,5.03714264016693,0.935031447357471,1.79650505610379,0.0168366805234139,0.016254803121448,0.0538144617958157,5.00211377277291,0.964560994655449,2.1026228470591,0.0263590201244926,0.0261505479917104,0.107976353840995,5.00895608516721,0.970486591186117,2.00892024606337,0.0180665921555982,0.0181515146192587,0.0667025244824759,"SRS"
26,2000,0.35,35,2,0.25,4.98476670309548,0.991763187251562,1.93944393116316,0.0162261720103982,0.0163237546498425,0.0586928788327189,5.01939264657289,0.923174290268536,1.75115437061244,0.0170502159435306,0.0164884784991259,0.0524176021553422,5.00159051032719,0.996019801381912,1.88167443522891,0.0278352439727339,0.028173987811513,0.0959864635997852,4.99632952612054,0.986058779876076,1.94816288908591,0.0182143818126415,0.0193035324752842,0.0641645985429342,"SRS"
27,2000,0.35,35,2,0.25,5.015009426286,1.00236966515331,1.90989375284372,0.0163431186781492,0.0169638373832409,0.05755908100004,5.04887388224301,0.937733203420312,1.73934057761593,0.0171045405624404,0.0171213299970062,0.0519178920795119,5.00879804876446,1.00838216689699,1.96829253425739,0.0272232109501206,0.027839675274582,0.100420948003526,5.00927327200591,1.00892839201687,1.95468436646986,0.0184106921937723,0.0199031234457355,0.0651504196695865,"SRS"
28,2000,0.35,35,2,0.25,4.99784831527867,0.994042999525331,2.04557551476644,0.015816075975891,0.0155814444098551,0.0622651806966177,5.03207925925997,0.934765413607208,1.83309168137828,0.0166767141051008,0.0159555473838983,0.0551759643499226,4.99193946215772,0.987111464651244,2.07871162891896,0.0265530451050036,0.0265581663246156,0.1071629870826,4.9960668979948,1.00183525645636,2.06475756607454,0.0178932001511263,0.0187216166694438,0.0690311221816556,"SRS"
29,2000,0.35,35,2,0.25,4.96596235111363,1.04006180825708,2.02123499677236,0.015910044520993,0.0164444034325353,0.0613224618246521,5.01041554008046,0.977623404130251,1.79750888162056,0.0168368113529461,0.0168647902090605,0.0538822202898471,4.97765067678591,1.05469414797635,1.98731649137318,0.0271420239575703,0.0284011718155706,0.101942159022888,4.97249168939026,1.04385587920192,2.03406203667974,0.0180928233979601,0.0203438324784396,0.0680334378849562,"SRS"
30,2000,0.35,35,2,0.25,4.99768198872072,0.984908126667718,1.87209645792904,0.016520042373636,0.0168138694021287,0.0565620684879171,5.02493751587581,0.931944158935575,1.717758511697,0.0172238038050981,0.0170306689297245,0.0514267872729298,4.99521910161518,0.990008556584949,1.87852693789063,0.0278523063419521,0.0293438038986375,0.0958477840446838,4.99760165296942,0.989882470784729,1.90048351248596,0.0185781345055223,0.0204187677806206,0.0627932651343518,"SRS"
31,2000,0.35,35,2,0.25,5.00175684826916,0.977193483294562,2.05536318813162,0.0157608789571652,0.0166038466016633,0.0624886438301608,5.0245700942552,0.905100578934985,1.86866694114562,0.016506610168611,0.0167387526483151,0.0562757766107386,5.0131660899478,1.01007433173659,1.93282310868543,0.0274546909551053,0.0297637173533661,0.098544710113353,5.00249380140053,0.986154372426331,2.06438691602127,0.0178041047871729,0.0205114896753618,0.0685125758225957,"SRS"
32,2000,0.35,35,2,0.25,4.99485575014268,1.00436185162233,2.1027842833198,0.0156031185533247,0.0154153599435264,0.0640757416430608,5.01959044728415,0.953754076755831,1.87975428583171,0.0164759476900314,0.0158859955660391,0.0566343940364733,4.96283926574997,0.993869774636837,2.10078508693112,0.0264028920988395,0.0258693503132663,0.108052014674845,4.99280794290329,0.997087408600732,2.11902933224856,0.0177886449031313,0.0182287556090369,0.0713098968244218,"SRS"
33,2000,0.35,35,2,0.25,4.98941917668596,0.998810899862949,1.91384916297788,0.0163357448169093,0.0159907752606581,0.0578162017075936,5.00722071421232,0.940783693048899,1.75430570471946,0.0170407718506293,0.0160085050543703,0.0525079588963691,4.98180269638346,0.990481874695691,1.83012899975723,0.0282308223967932,0.0272743628287311,0.0928338413111968,4.97355015898219,1.00376191537652,1.93205971728225,0.0183821333321175,0.0184981670184585,0.0636499315789086,"SRS"
34,2000,0.35,35,2,0.25,4.97321533041378,0.994569463167609,2.04569113161148,0.0158096355953405,0.0164747469095075,0.0622786093800115,5.00625183235155,0.933640911827606,1.85003998415595,0.0165991650910138,0.016790224168951,0.0557476098075705,4.99804740122985,0.974504742931398,2.00443724076369,0.0269804633012796,0.0277244115972914,0.103308104053006,4.961832573408,0.99234754926956,2.07458628629849,0.0177314731159833,0.0188144186074543,0.0693905133898593,"SRS"
35,2000,0.35,35,2,0.25,4.98848295367075,1.00726934343986,2.09699765214019,0.0156222699117042,0.015909731321159,0.0639950117445067,5.01854516890719,0.9500723130745,1.9012981221681,0.0163785222489808,0.0161451679053315,0.0574216846424839,5.00978104701113,1.01744754805894,2.12955482474435,0.0262038755381462,0.0262133127053832,0.109875730420187,4.98731793949541,1.0176447542338,2.13425815972569,0.0176288747478165,0.0184214921688588,0.0717610466098526,"SRS"
36,2000,0.35,35,2,0.25,5.03085162069645,1.01434856575879,1.94788463382309,0.0161912655640823,0.0163723150264396,0.0587189562893013,5.06179815372723,0.934980037884894,1.75677975016727,0.0170217790852679,0.0164821832716621,0.0524434391338913,5.00560020172415,1.02927724200248,1.89654737648906,0.0277492177870639,0.027723213800804,0.0966801914115997,5.03476757892175,1.00514434423113,1.94374494937543,0.0182578398743802,0.0194753478971197,0.0636872063400444,"SRS"
37,2000,0.35,35,2,0.25,4.99486310262283,0.966490057992575,2.01255305662045,0.0159282060625405,0.0162978123158114,0.061222889009304,5.02135398925464,0.90948213983047,1.81069523451603,0.016766678493869,0.0166140804759071,0.0544614361006232,5.00445545659016,0.960536846629548,1.96592023954521,0.0272711578784274,0.0271292561807792,0.10077443243965,4.98974091558646,0.960454494239233,2.03618234660064,0.0179342329804598,0.0190571744174424,0.0677813278511138,"SRS"
38,2000,0.35,35,2,0.25,4.98140036762759,1.01824746290297,2.13354713865708,0.0154950067518922,0.0156954654694479,0.0649576058976359,5.01166239948591,0.944271093919175,1.89705836529044,0.0164000384505412,0.0159491990444793,0.057095375989155,4.98191538092163,0.998445287985441,2.26403308686015,0.0254415039976871,0.0253805579249848,0.116791787583681,4.98709794881104,1.01573743873578,2.17738440014975,0.0176100445963322,0.0186580631127156,0.0738036047909086,"SRS"
39,2000,0.35,35,2,0.25,5.01312238242682,1.00740538774821,2.09697916242535,0.0156181494255929,0.015751179321699,0.0639473970030983,5.04697031981418,0.953445465466438,1.87663755420213,0.0164835608498774,0.0160340673684393,0.0565471864602233,5.06458250352402,1.02678306475327,2.2189006076354,0.0256723854826354,0.027040471396231,0.114706344287597,5.01154779386899,1.01434346299985,2.14616799677906,0.017583349278285,0.0188214656103204,0.0724997896774523,"SRS"
40,2000,0.35,35,2,0.25,4.98853708679196,1.00705873829285,1.96130096150792,0.0161553912512842,0.0161927277750907,0.0594789904467148,5.01576886419174,0.941267687948672,1.7915074380173,0.0168797184518106,0.0163526476389249,0.0538272559540301,4.96184606874836,1.0311893481558,1.94498659517789,0.0274264598843497,0.0266869605246727,0.0997384386114654,4.97907012660554,0.998010876919657,2.00904918870619,0.0182916118882042,0.0190607299614896,0.0670831621069141,"SRS"
41,2000,0.35,35,2,0.25,5.00667193563894,0.998274869317837,1.9995193450321,0.0159893392649098,0.0161458151472198,0.0606413105236606,5.04239822227302,0.939720622551114,1.82062872915973,0.0167368865352291,0.0162791299127336,0.0546868911213675,5.00437986089045,1.01512296387066,2.05698361670166,0.0266768865844594,0.0273603357631334,0.10571253610432,5.01013718930201,1.0002568549226,2.06245213998275,0.0178436665221214,0.0190371382515589,0.0686200603456936,"SRS"
42,2000,0.35,35,2,0.25,4.97582648959278,1.00506725077435,1.9092683930858,0.0163551244467665,0.0168801712888571,0.0577070961301442,5.00911158316115,0.942707639247488,1.7245966944757,0.017183015515155,0.0171052279261437,0.051574971467881,4.96412013778364,0.980420988118766,1.98366274432627,0.0271356168152617,0.0275092618000317,0.101289634971042,4.96740878726766,1.00904229332163,1.94501004158491,0.0183313429330125,0.0194359046598844,0.0644820365244314,"SRS"
43,2000,0.35,35,2,0.25,4.9980995973368,1.00793061291813,2.12034557684879,0.0155433910831674,0.0156644296647918,0.0647124048203792,5.0339775930475,0.94571305057198,1.91186263573458,0.0163366986374182,0.0157982742434355,0.0577334124898195,5.04754070698312,1.02781472740988,2.17511109550242,0.0259935507505491,0.0273914294246923,0.112150853950566,4.99803705076173,1.01884426381959,2.14516220267569,0.0173910461556233,0.0190168919141117,0.0717007160251751,"SRS"
44,2000,0.35,35,2,0.25,4.98819750614816,1.01531787025345,1.92836787415468,0.0162810706039717,0.0161880920345791,0.0581848986923693,5.01853716804604,0.953468770936811,1.74165284584156,0.0171050009184016,0.0164169777704872,0.0520071738028644,4.99989120438731,1.03774669836663,1.89038556900813,0.0277932817056695,0.028038503465415,0.0962157265173854,4.98827560789087,1.02210350392811,2.00131247822771,0.0183446301845036,0.0193292643049608,0.0668625228171577,"SRS"
45,2000,0.35,35,2,0.25,5.00083009904209,0.995912365115428,1.99067019684706,0.016024224044143,0.0162670045203165,0.060443192565431,5.02633278882459,0.94955461426519,1.79385107184833,0.0168541197937107,0.0166832871053895,0.0538555289804325,4.98811056895281,1.04483991183709,2.00420654013851,0.0270593689515404,0.0283365981993237,0.102829355867523,4.99138119322067,1.01992564879233,2.02464903122637,0.0180345059917096,0.0196678964724792,0.0676210400412798,"SRS"
46,2000,0.35,35,2,0.25,5.00248307976069,1.02905835216032,1.87740687502471,0.0164920137223678,0.0164873119513783,0.0566202199716028,5.03217760172561,0.960578867099889,1.69559061586015,0.017326382481968,0.0167599239262046,0.0506096807690389,4.9920585648395,0.998347572614282,1.94438464335393,0.0274303839238428,0.0278586954187885,0.0992013854042983,4.99131363645794,1.02714478325135,1.91771171262456,0.0184809000901062,0.0192264736195814,0.0634582257334745,"SRS"
47,2000,0.35,35,2,0.25,5.01723832321905,0.990873039133158,2.00861225668781,0.0159432723996537,0.0163538765087027,0.0611306287378204,5.04102001866153,0.929564402132882,1.83269196694776,0.0166686588371036,0.0165355307084931,0.0552462349145108,5.03220869019059,0.957585294216407,2.05179929592716,0.0266786107619741,0.0266203790877644,0.10617120207559,5.01016509457324,0.989454440306224,2.05033589360727,0.0177683585463868,0.0184927541875569,0.0683483718034229,"SRS"
48,2000,0.35,35,2,0.25,5.01100890179421,1.01740355030577,2.00146532233823,0.0159799352018856,0.0160591551005665,0.0608647177796007,5.03851137119811,0.969957539746726,1.81239406113936,0.0167671054031981,0.0164364725519223,0.0545245328489027,5.01510188160571,1.0778664451451,2.04479111265145,0.026753824824728,0.0270241468317179,0.105269465881119,5.00452020723311,1.02870824812559,2.03519736280854,0.0178423100832711,0.0191608526696016,0.067635496375149,"SRS"
49,2000,0.35,35,2,0.25,5.0080120588198,0.997681198140594,1.87619807285068,0.0164878914935006,0.0168328554873482,0.0567934827031824,5.03748995971173,0.938667726988825,1.72607047127953,0.0171686935188525,0.0168369469099316,0.0517646959930017,4.95249021622528,1.01229490479275,1.8339218539054,0.028196926306372,0.0291144855758729,0.0935404760684147,4.99263838666121,1.02110019498701,1.90746299827733,0.0185516960402764,0.0202459569512537,0.0631043630138336,"SRS"
50,2000,0.35,35,2,0.25,5.00642709142726,1.01460715857833,1.93847962836853,0.0162285442033192,0.016577257572802,0.0587988115406528,5.03990261206237,0.95372156009331,1.75915634163778,0.0170091472281082,0.0168559429605996,0.0528061920393895,4.99234129114811,1.03764734612683,1.94433022861179,0.0274054137626096,0.0291363535498316,0.100352462258534,4.99913622450265,1.03174134558106,1.98452074579306,0.0182857214496319,0.019665271305706,0.0662294867264371,"SRS"
1,2000,0.35,35,2,0.25,4.98193579984634,1.02012778719689,1.97469846253574,0.0160900107095723,0.0163037912313017,0.0598674814430582,5.00986183552712,0.950670347023787,1.73812499518826,0.017118169480538,0.0167713298480879,0.0520104460462714,5.00570961027997,1.01667334536996,1.89767148560806,0.0277213314650662,0.0281759961341062,0.0969304040294442,4.99750499211721,1.01403507669906,1.94806387990084,0.0183145137586723,0.0195965636762913,0.0645736198003062,"SRS"
2,2000,0.35,35,2,0.25,4.97573176536012,0.99244497990178,2.04900454212276,0.0157940993134818,0.0161749794029971,0.0623211439997996,5.00605972901963,0.947527907597459,1.87090745313113,0.016504378201625,0.0165120416423385,0.0563613362640329,4.98898353336774,1.01627691709709,2.04653668539164,0.0267120225228367,0.0275680703492185,0.104895149744317,4.97335884624427,1.01039254110694,2.11230316689965,0.0177287033693917,0.0189209995763377,0.0710347801624334,"SRS"
3,2000,0.35,35,2,0.25,5.0165902274789,1.01392890250578,1.99370905496047,0.0160303374645054,0.0163411230498457,0.0607252933858056,5.04608042719561,0.956829139524166,1.81681763333869,0.0167662439404497,0.0165843872534525,0.0547988062925032,5.02049258872458,1.05611163140873,1.92320978550791,0.027636313766592,0.0282160001276881,0.0987607739573604,5.0057656131579,1.03280963520581,2.01490563747274,0.0181582233033929,0.0194403255576197,0.067497067766088,"SRS"
4,2000,0.35,35,2,0.25,4.98771711700992,1.01169408611963,1.97907551378071,0.0160716821607331,0.0162231827010266,0.0600477077871267,5.00848075117998,0.947214134929128,1.8041843165472,0.0168109834494397,0.0163982006565738,0.0542429717837396,4.98517342523526,0.99909776222208,1.87933453199616,0.0278617415879572,0.0280567320162593,0.0966519708777114,4.97875825082345,1.00998870547156,2.01702924023043,0.0182520951615855,0.0191511182963886,0.0678130999127803,"SRS"
5,2000,0.35,35,2,0.25,4.97077228561163,0.990687609339533,1.88419012760135,0.0164594841203769,0.0165822576911636,0.0570164659431483,5.00215403359495,0.937101465201781,1.72156671664113,0.017195355474588,0.0168602793959967,0.0515942065381056,4.94517980109567,1.0018948178827,1.82082688198753,0.0283166794164412,0.0289871999370108,0.0929435349409913,4.96660634658309,0.999421253687014,1.9095196926892,0.0185703818373222,0.0196321839574473,0.0634256034851852,"SRS"
6,2000,0.35,35,2,0.25,4.96969616171976,1.04570713902759,2.11779739686469,0.0155556577503922,0.0158908015311779,0.064468965923171,4.99461511069961,0.990073021081146,1.89210110449234,0.0164293194144306,0.0162708406905998,0.056941687372535,4.97203887435829,1.07221826443548,2.08709412464223,0.026487014915383,0.0273961915692064,0.10749920651298,4.96906114905748,1.05929849666953,2.17866595997749,0.0177977751607765,0.0187676027616439,0.0744205813073848,"SRS"
7,2000,0.35,35,2,0.25,5.01334006315772,1.0045405809103,2.01977438081619,0.0159057633950009,0.0158354806482685,0.061216418346842,5.0497530719373,0.937196838930264,1.77381270257551,0.0169399096718798,0.016329200874916,0.0530718245150837,5.00935561672929,1.03682219856814,2.02424294228332,0.0268760241504942,0.0260668931449501,0.103915524137779,5.00142276929383,1.01375144305667,2.04147761177271,0.0180001919257393,0.0190610429565717,0.0681595453252501,"SRS"
8,2000,0.35,35,2,0.25,4.98707293030584,0.966765093046301,1.93216767735061,0.0162501970388083,0.0165927138078088,0.0583734325476985,5.01189748463626,0.910713597783459,1.78365889484821,0.0168927069609344,0.0166982790007922,0.0534485155251812,4.99772746111975,0.947823984279484,1.9456508116168,0.0273635724593538,0.0282859805630939,0.0996188001125403,4.97566555636307,0.970788405782269,2.01483566099643,0.0181376136875829,0.0197451788906118,0.067286367995016,"SRS"
9,2000,0.35,35,2,0.25,5.00964765639337,0.988476163276124,1.90257094545416,0.0163813732620819,0.0159951621883603,0.057576997473331,5.03165863603481,0.934420830222191,1.73319759924252,0.0171410864180963,0.0162639696238105,0.0519332599945843,5.03568000980331,1.00138809774377,1.82206528937508,0.0282796999552487,0.0275521983505195,0.0927261707865311,5.01402863492773,0.987034474232436,1.90180150998702,0.0183103332180343,0.0189225531117356,0.0623892147887615,"SRS"
10,2000,0.35,35,2,0.25,5.02042238103683,0.962711873217585,1.97663323795973,0.0160653283684001,0.016387895299172,0.0597916963474947,5.04735141271687,0.908675486340174,1.83838742356902,0.0166398367878047,0.0163702715930047,0.0552092185994842,5.06111719845228,0.912773431251928,2.09432445166293,0.026371621004723,0.0276557370890539,0.10725756040758,5.0265766290235,0.974035596337773,2.01003452959006,0.0178985801579955,0.0186943270364738,0.0662779990910947,"SRS"
11,2000,0.35,35,2,0.25,4.97975871254718,1.02822476954634,2.02318005522504,0.0159066243438642,0.015853201230594,0.0617169136199346,5.01584514383305,0.962764385414981,1.79815959639518,0.0168391068976765,0.0162536005348901,0.0541862469569452,4.97013325307549,1.02642089459665,2.04836132924789,0.026723558141891,0.0273465553386698,0.105523138725535,4.994186886242,1.03827430223533,2.07795423576128,0.0181523018328272,0.0195706016998041,0.0705962415119891,"SRS"
12,2000,0.35,35,2,0.25,4.99402714346034,1.01215166742896,2.06822249838413,0.0157271675270123,0.0159995021779157,0.0629737178132436,5.0209421055811,0.944413603688562,1.87705026337949,0.0164824120730036,0.0160905219952406,0.0565800468582858,4.97430639691432,1.0177397688744,2.0190776131645,0.0269155816298514,0.0279125903460719,0.103483480645876,4.99099738686962,1.0236882535997,2.14656441351436,0.0177677415812991,0.0191902127265571,0.0727198508270591,"SRS"
13,2000,0.35,35,2,0.25,5.05531061699522,0.993406953127788,2.05607637590145,0.0157645010634811,0.016109281232985,0.0621542629078587,5.09087686080721,0.926628283963481,1.855601547308,0.0165652701653212,0.0162843853897073,0.0555495216922397,5.05599489197676,0.995034441361207,1.98913722835307,0.0271000555109368,0.0283638161147676,0.101339332473083,5.05823277305022,0.995018587709579,2.08055368403103,0.0179126094132743,0.0195076228718163,0.0693267311540067,"SRS"
14,2000,0.35,35,2,0.25,5.00666004887276,1.00791956393006,1.9035472290561,0.016377018035809,0.01659831211941,0.0576855107793515,5.03113603056296,0.935433808588361,1.71333978304065,0.0172339696474334,0.0168250286387466,0.0513387210337264,5.01350759733704,1.0245045554432,1.98369595475356,0.0271609164880445,0.0282540959370279,0.101202821188192,5.00325488349226,1.02660547471094,1.91963106490701,0.018481580433145,0.0201907294024243,0.0637049494363366,"SRS"
15,2000,0.35,35,2,0.25,4.98365347299603,0.995284148826597,2.06011830733015,0.0157511934020836,0.0162157318546939,0.0625884713409501,5.02745010504956,0.925770920445667,1.86392594396587,0.0165348585117663,0.0163828464611082,0.05605791013732,5.00400961157132,0.988113704685149,2.0440030291164,0.0267190250562695,0.0279233390838721,0.104938839558796,4.97559871849968,0.999028602471186,2.07338430762467,0.0176644883994761,0.0191936322873154,0.068563256116608,"SRS"
16,2000,0.35,35,2,0.25,4.95574070640351,0.983283921883876,1.99049091406886,0.0160291717715202,0.0161500548421386,0.0605169720528648,4.97902313974067,0.940886093751723,1.825770674582,0.0167140663695871,0.0165228304005226,0.0550082608455334,4.91564452188888,1.01924507881995,1.99111037188172,0.0271154690684828,0.0272474689109169,0.102343561508707,4.94040004092958,0.990827158314671,2.03778553127465,0.0179336843756317,0.0188628033861501,0.0678697469214304,"SRS"
17,2000,0.35,35,2,0.25,4.99718952419426,0.995104997041694,2.033411039335,0.015852600216424,0.016018917514503,0.0618704219217125,5.02557123752324,0.938198455607279,1.83658296897179,0.0166549185947848,0.0163745260072355,0.0552998234205865,4.96483219006951,0.996816538526069,1.95582179251617,0.027329703191705,0.0277440793643928,0.100355773536204,4.98950078570525,1.01115262889737,2.0436190931593,0.0180840015241148,0.0190507890472432,0.0683306810807487,"SRS"
18,2000,0.35,35,2,0.25,4.98864010312512,0.982353696877658,2.06300651909948,0.0157378652608316,0.0160633594352392,0.0628007627959786,5.02065758626287,0.924928416227936,1.86498251122111,0.0165271474769609,0.0164359747476874,0.0561879157168845,4.95846709331649,0.977678494713703,2.23194752585007,0.0256246529183689,0.0251864546560189,0.115011221513462,4.97330365614098,0.978460815971809,2.10653226881371,0.0177840272848258,0.0188109082926709,0.0710597480895002,"SRS"
19,2000,0.35,35,2,0.25,5.0179235615892,0.997619558495073,1.96932514714892,0.0161064798340529,0.0160310018046274,0.0596902860652171,5.052147790311,0.930774013793578,1.76233661952659,0.0169960009695148,0.0163557760920055,0.0528218526572018,5.0150099085762,0.969342338654285,2.00658147916434,0.0269845937101143,0.0267587519051514,0.102929940638508,5.00836007138533,0.982862588153449,2.00967302350363,0.0180720745422622,0.0188359789702264,0.0673224303236424,"SRS"
20,2000,0.35,35,2,0.25,5.00516286786366,1.00452639676436,1.97661535997742,0.016085946773019,0.0160756716682144,0.0599094261070237,5.04264688689384,0.941871832738969,1.77528947085897,0.0169410371856402,0.0164029011254061,0.0532144186851948,4.97869988370231,1.02081941598624,2.1639362029288,0.026021733454706,0.0265894233855528,0.111521494703454,5.00763471883132,1.01815815334282,2.00194607993821,0.0185172979122581,0.019761695761631,0.0679794140524022,"SRS"
21,2000,0.35,35,2,0.25,4.97134969995682,1.00980242833108,2.00324218484192,0.0159756587643189,0.0161732838638553,0.0608916490097303,5.00054979872568,0.945525090216977,1.81675665428865,0.0167499615469117,0.01635408709036,0.0546646894515725,4.99907857869984,0.995080392322785,1.98547372940967,0.0271185041259135,0.0272189891913463,0.102015687251334,4.96414356424731,1.01098821836224,2.04070340665099,0.0178805544910023,0.0189657465153435,0.0680562577572926,"SRS"
22,2000,0.35,35,2,0.25,4.99509345399872,1.00311740256144,1.96596946318793,0.0161234893060168,0.016538676156291,0.059488046481639,5.024698576273,0.964949094117221,1.81632399926473,0.0167512857001852,0.0167639283503162,0.0544874208382584,5.0194135136531,1.0505400092059,1.91032536922188,0.0276381447433781,0.0280846043841284,0.0976848870782752,4.99023407144286,1.01414436812975,2.02624756631645,0.0179662825097429,0.0191622473137799,0.0672774602464871,"SRS"
23,2000,0.35,35,2,0.25,5.03159345810232,0.980732792432365,2.0973642691125,0.0156129850189999,0.0158117940893499,0.0638169527019618,5.0629816930877,0.916801144407627,1.86724324041469,0.0165191643028954,0.016167061120579,0.0561394510828339,5.01340254146626,1.01114896553434,2.17467913370184,0.0259301356183676,0.0266947353072161,0.112206485443704,5.02473270586688,0.990310418267365,2.11792267855669,0.0180038705248101,0.0192335277632839,0.0717268011274291,"SRS"
24,2000,0.35,35,2,0.25,5.01874759318542,0.98751239297847,1.98158022456689,0.0160466385745684,0.01649702085831,0.0601805551302474,5.03864340878243,0.926256504346182,1.79063253372624,0.0168585788432093,0.0168819840342383,0.0538134825280842,5.00427276431571,0.976452464557529,1.86677994534108,0.027978261201597,0.0284534497583198,0.0954876489581075,5.00603544377403,0.994219051124507,2.0169698176029,0.0181391299546659,0.0193882675693049,0.0675385137294662,"SRS"
25,2000,0.35,35,2,0.25,4.97278348173395,0.990477284750448,1.9698086640629,0.0161045377933884,0.0160776824199735,0.059927200749358,4.98987461555458,0.941644902748093,1.80940007967637,0.0167844333349668,0.0162632978642006,0.0545456313412384,4.95215487199629,1.00946390188113,2.05647820065513,0.0266945432160872,0.0262513294744444,0.106167907839647,4.95139012990905,0.998125043260973,2.04315932687776,0.0180865187691964,0.0189442969098062,0.0688960092494409,"SRS"
26,2000,0.35,35,2,0.25,5.01870829926269,0.989217598050496,2.02546960065056,0.0159013901379993,0.0164252623486548,0.0617367213566384,5.05080746788445,0.922215500011633,1.82167722099609,0.0167448526667966,0.0166780395999699,0.054897313580998,5.03575404697289,0.976807326434333,2.07512930854916,0.0265662727282491,0.0260876114908078,0.106789170125068,5.02577032181141,0.977492334408145,2.01743255191334,0.017914682160134,0.0188802421204905,0.0668856307142487,"SRS"
27,2000,0.35,35,2,0.25,4.9967112290944,0.977650135504737,2.15305426153923,0.0154113972988904,0.0158121458735788,0.0656858979424674,5.02708172339674,0.912628622395314,1.92787147402097,0.0162580977451669,0.0161327466172491,0.058177872403877,5.01918645083061,0.973012811622858,2.3876284593452,0.0247606129408863,0.0255593394776283,0.123655503372329,4.99259928072445,0.981960847346389,2.23070707412256,0.0172495511472063,0.0185219689771265,0.0756618355864393,"SRS"
28,2000,0.35,35,2,0.25,4.99584117186642,0.995645911506745,1.99316411221904,0.0160097347875103,0.01627311416055,0.0603515088855911,5.03232738040197,0.935913665032486,1.80439782135981,0.0167983869497222,0.0165571556531399,0.0540869047761083,4.99176083173411,0.986419910964559,1.90974462123384,0.027635198897571,0.0281320395322332,0.0972472654560337,5.00235179572439,0.984216269352763,2.01431895917215,0.0180666247453217,0.0189533362699371,0.0667086949886559,"SRS"
29,2000,0.35,35,2,0.25,4.96996179076703,0.973681774315785,1.96940997773447,0.0161019591057559,0.0167000631494647,0.059671111634752,5.0100241907043,0.913615500092075,1.75679775615927,0.0170174321307805,0.0172138260803976,0.0526122001264152,4.98260589931877,0.98629203007184,1.85880136051121,0.0280478613109267,0.0282201473978342,0.0949948895382791,4.96464950081153,0.974350545377752,1.9830045199427,0.0180412831142987,0.0194665366657058,0.0653476159835981,"SRS"
30,2000,0.35,35,2,0.25,4.98910215832566,1.03371671564299,2.07878869614703,0.0156950447099441,0.0153638589320446,0.0632803300028245,5.02174944033466,0.980529251352075,1.86074724944197,0.0165586898772125,0.015762175924474,0.0560015748646063,4.95298702147128,1.04796221691919,2.07446452177861,0.0265691130970305,0.0266630931406999,0.107147564788314,4.97645537691169,1.04969631956015,2.14790348864942,0.0178995595800396,0.0185285034623542,0.0729381778376003,"SRS"
31,2000,0.35,35,2,0.25,5.00181618053844,1.00171871147605,1.99903440442471,0.0159955608386493,0.0160124313289464,0.0605681799954703,5.03685927949446,0.932769943135531,1.80600393342353,0.0167978435637071,0.0161701187749173,0.0541621176383812,5.01230730261696,1.01367985226642,2.02073927553331,0.0268767719436378,0.0266671099124956,0.103636894117738,4.9857767929304,1.00661247205766,2.03161863437707,0.0180453209271174,0.0190579642468799,0.0679292968265597,"SRS"
32,2000,0.35,35,2,0.25,5.01889606572178,0.994169049263064,1.94496053056133,0.0161976176244624,0.0164043356516669,0.0589871424229361,5.05234048332324,0.927502338974057,1.76939711127915,0.0169570496042674,0.0166329941927579,0.0531576520312674,4.96585522077692,1.03398054457784,2.09898421026755,0.0264099803920549,0.0266334479694705,0.107971742709743,5.01122784061283,1.00733071865219,1.97409562117824,0.0181875058378825,0.0191977717378136,0.0658271524047873,"SRS"
33,2000,0.35,35,2,0.25,4.96397319005814,1.01038079104467,1.97208289963459,0.0161192988948727,0.016439876456446,0.0597872769854665,4.99396909308871,0.947840005062691,1.78519777035996,0.0169157828181237,0.0165471058133484,0.0535354389325089,4.92852938599652,1.03140088659251,1.87082157480473,0.0279448402019872,0.0289348676835654,0.0955352133711022,4.95739615008039,1.0290342886516,2.0056958852813,0.0182518375517058,0.0195919353431113,0.0668870088421303,"SRS"
34,2000,0.35,35,2,0.25,5.01706158352842,0.984909521871938,2.04008958748208,0.0158227381653291,0.0158423946316575,0.0618991613353479,5.04405935527339,0.925187937295463,1.85607068499691,0.016564622241148,0.0160466105295134,0.0557827158556617,5.03687948640636,0.96067704301216,2.1978487215381,0.0257833850138674,0.0256121023974619,0.113516266830322,5.01073379641027,0.983717819195577,2.08850204372707,0.0176728371448289,0.0182963433837606,0.0696029098235358,"SRS"
35,2000,0.35,35,2,0.25,4.98772328667054,0.992319626324955,2.02879526590042,0.0158712564105521,0.0161756012576677,0.0617710938806588,5.0106538201764,0.939598935594333,1.82930667752465,0.0166900764949528,0.0165791425008674,0.0551047727771791,4.98088830660493,0.97503405684809,2.09362498176625,0.0264173474803511,0.0279013465393563,0.107477230486359,4.98787883217133,1.00211634773702,2.03949634224475,0.0178612072096976,0.0192017451536208,0.0677380126545832,"SRS"
36,2000,0.35,35,2,0.25,4.99570862815933,0.975880727619101,2.09563283440509,0.0156236230744124,0.0155179366532736,0.0641840079296813,5.02318205003335,0.926463605725691,1.8941508029951,0.0164084323877557,0.0159417627787498,0.057371179705036,4.99087898153775,0.976851438640138,2.1528359865767,0.0260923591807437,0.0247323512507469,0.112316532726336,4.99012186254166,0.963109544959759,2.1450434668302,0.0174820221115756,0.0179489842584373,0.0722196057012899,"SRS"
37,2000,0.35,35,2,0.25,5.00565450146528,0.991184187126933,1.94625505327216,0.0161972148026687,0.0162516391723285,0.0590280640614898,5.04112499801539,0.92692907323754,1.77307114104683,0.0169430434907164,0.0164833624076293,0.0532748485686001,4.9825512989904,1.00497001628015,1.93591718303353,0.0274529592393434,0.028725963276705,0.0990713837725347,5.01122933246248,0.997715658681048,1.97272958636157,0.0182353513915691,0.0196095212477301,0.0655018097408654,"SRS"
38,2000,0.35,35,2,0.25,4.97919631814313,0.987377717323219,1.91998142323363,0.0163103600765171,0.0170771405909966,0.0581428187553302,5.00278916664906,0.927933514178289,1.75852011212116,0.0170202977331945,0.0172401245534111,0.0527507033256033,5.00585733746446,1.01906159734013,1.87481093621054,0.0278942538854446,0.0289826994494642,0.095682255576153,4.9691765654476,0.998071597591117,1.95769749365859,0.0181718952338591,0.0197702695548984,0.0646749697207061,"SRS"
39,2000,0.35,35,2,0.25,5.00239114938938,1.00672393128052,2.02505490191859,0.0158836187865623,0.0161118052925123,0.0614481166136275,5.01587569484369,0.950230447095254,1.87330992653299,0.0164962185671778,0.0160623806895452,0.0563855858670047,5.00083362616957,1.00135221231169,2.05212280527262,0.0266771087891156,0.02735987241017,0.105535977184277,4.98934597461591,1.02265614421574,2.1051464676481,0.0178076666289398,0.0187953892172886,0.0707473424474331,"SRS"
40,2000,0.35,35,2,0.25,4.99307634324833,1.00027943302888,2.00326016538606,0.0159710663606906,0.0163856049482751,0.0608911844880692,5.02186660568488,0.942292049899235,1.83965576638202,0.0166426502005088,0.0165453932205654,0.0554342414071359,4.99309037051959,0.984570344463874,2.01077263704349,0.0269577004075112,0.0261136184345516,0.103794075089725,4.99464717668543,0.988315641363621,2.05731650796207,0.0179008209043071,0.0186576145578641,0.0687943954325329,"SRS"
41,2000,0.35,35,2,0.25,5.03299624003028,0.995172263711812,1.99790087749619,0.0159886814460956,0.015951935383166,0.060498300828787,5.05853071953801,0.939309719052146,1.81187089110203,0.0167663327469659,0.0161656773897445,0.0543034025516356,5.04988236606383,0.955202630458432,2.18740988067361,0.025836238733273,0.0260872212442552,0.11323440774584,5.03777051598045,1.00813888810085,2.06000887150952,0.0178524009085644,0.0184890352015377,0.0691929304509122,"SRS"
42,2000,0.35,35,2,0.25,5.01896912539254,0.961618740207373,1.92128177185049,0.0162896751611516,0.0165838121675181,0.0581019670157762,5.0403776842407,0.892924579861559,1.77173483811759,0.0169440141346596,0.0165576876894269,0.0531344566439844,5.03463378364221,0.991788900072756,1.84563396512969,0.0280839448495477,0.0285335506155743,0.0940548666878503,5.02266956715824,0.978318877425436,1.95906404634521,0.0181078853815779,0.0196016758451156,0.0643520927490893,"SRS"
43,2000,0.35,35,2,0.25,4.99879925631837,1.02006972456945,1.96358840424044,0.0161333480764269,0.0163983337325071,0.0596378534729208,5.03130458620614,0.959404906915339,1.78137754234801,0.0169144239052485,0.0166374101265987,0.0535614870133466,4.97289508111693,1.02166797892701,1.89751736778138,0.0277520408320282,0.0273307854846327,0.0968963730732038,4.9883079051924,1.02737576266346,2.01013201913962,0.0182819685508276,0.0193435537839888,0.0674425084645081,"SRS"
44,2000,0.35,35,2,0.25,4.98233790901784,1.0027606239855,1.98868199383598,0.0160304942917718,0.0164493921053374,0.0603173897137865,5.00996519600573,0.937478805113998,1.8081864121741,0.0167863887849167,0.0166334984284108,0.0542967472777645,5.00413916136303,0.989102572921964,1.8767877174499,0.027882391255534,0.029554863545473,0.0953867317715071,4.9805752647251,1.02390918670502,2.03200251797565,0.0180375040773777,0.0196146757130554,0.067503495452357,"SRS"
45,2000,0.35,35,2,0.25,5.00317244543241,1.01921465104186,2.06291174668767,0.0157434363196889,0.0159964290557544,0.0628990786616212,5.0407677310917,0.93869516338515,1.83164052954762,0.0166762671779251,0.016290015177024,0.0552049841065867,5.03643333079159,1.02817522798818,2.0461602735312,0.0267392338388102,0.0262101600704247,0.105514739652505,5.00617525561188,1.01528977584709,2.06701062720645,0.0178613975782337,0.0188944249404435,0.069376449091241,"SRS"
46,2000,0.35,35,2,0.25,5.00430637812185,1.00256497761759,1.9796481521828,0.0160695477983541,0.0157053179298433,0.060159330617424,5.03840967726817,0.944924593934542,1.77972827018223,0.0169179295910376,0.0160758830762527,0.0534567853026996,5.01897910439113,1.00736576880884,2.13623870121221,0.0261623850827341,0.0255461616532671,0.110676037660165,5.00465508842506,1.00212050137125,2.00633620987289,0.018112401298744,0.018234613046582,0.0670353561245507,"SRS"
47,2000,0.35,35,2,0.25,5.00735361669699,0.974013704500919,1.96684547120457,0.0161125032561625,0.0163026278211697,0.0594605095951061,5.03072684371981,0.913649618755673,1.79811043613543,0.0168323640164245,0.0163796071559444,0.0538672395973187,5.01206367259801,0.974551013992919,1.93539222762008,0.0274429783786342,0.0281718852794252,0.0987701750500269,5.0146630929535,0.970876336238843,2.00351887847281,0.0180254093519343,0.018788175889474,0.0662637654394096,"SRS"
48,2000,0.35,35,2,0.25,4.99616550709484,1.00331387017671,1.99019887588906,0.0160256026499108,0.0159449418786458,0.0605794791444038,5.02832002347897,0.951171478788092,1.79531367921923,0.0168466119757281,0.0163033551647059,0.0540487463327194,5.03724965269087,1.00353760604305,2.13912483236155,0.0261357068085397,0.0265119547579826,0.110542409233412,5.00784995621984,1.00145962369194,2.02689716712198,0.0179251672982831,0.0186501335897749,0.0678710612725759,"SRS"
49,2000,0.35,35,2,0.25,5.00372609275338,0.992819984730967,1.94325412548357,0.0162081781008231,0.0164283896932366,0.0588562461638153,5.03700619939007,0.933718610239552,1.75843074539001,0.0170142873921977,0.0167752785386645,0.0527081327729517,5.01742621180073,0.991597923397637,1.89771905478176,0.0277092988695114,0.0289131324570599,0.0968683754866778,4.99163377916492,0.996450736192716,1.95479491746317,0.0181774840920877,0.019477675496518,0.064378818750668,"SRS"
50,2000,0.35,35,2,0.25,5.00310800119527,1.00339818745609,1.95531074850693,0.0161636678046997,0.0163973554631355,0.05916482068345,5.03515230511602,0.944694558407792,1.75655580423373,0.017024986418727,0.0168236050610964,0.0525859500422084,5.02480848411791,0.995450500799554,2.03736150490513,0.026771806468459,0.026060023849035,0.104453965072205,5.01754325503134,0.992973382929587,1.98144680020948,0.0183206337983827,0.0190052042277512,0.0662213464120943,"SRS"
1,2000,0.35,35,2,0.25,5.01084724536731,0.977698903434612,2.06069449325226,0.0157464844269504,0.0158111962984109,0.0625499326676231,5.04072751672873,0.915951366357453,1.85558486316989,0.0165684060155818,0.0160564814598565,0.0557154150568781,4.99599381381246,0.97320241241336,2.03697561986575,0.0267683154893951,0.0270110686212945,0.104838155037818,5.00893595287177,0.983216781018312,2.08293597210181,0.0178212577375729,0.0184873091925779,0.0694732706613738,"SRS"
2,2000,0.35,35,2,0.25,5.00944285227178,0.995546939189112,1.96474470731513,0.0161416177516123,0.0161541983277285,0.059638203836536,5.05350713601957,0.93335817748112,1.76218453888047,0.0170065302893232,0.0163884838156127,0.052840077821518,5.02242444519257,0.993434719647395,1.98597136595653,0.0271274846273715,0.0271756816372771,0.101544462277741,5.01822459144885,0.988994601332978,1.9581241419562,0.0183606383337714,0.0192168615981432,0.065046717950356,"SRS"
3,2000,0.35,35,2,0.25,4.97678403831596,1.00658979424789,1.95373520338105,0.0161746458397811,0.0165494358661804,0.0592080645336799,5.01246290091534,0.932583190693191,1.73430660001538,0.0171356468307174,0.0169525951094304,0.0519078060315517,4.97772062649728,1.01180402857152,2.09640657790846,0.0264652471266572,0.0272680059374672,0.10769795059035,4.96733613971453,1.0133929934182,1.97300901618043,0.0184268692675714,0.0199320874895867,0.0663831358957286,"SRS"
4,2000,0.35,35,2,0.25,4.97866987931185,1.00433965793922,1.99052854195688,0.0160371697183448,0.0159942054032224,0.0604965754185785,5.00544547126332,0.95056200990057,1.81702755902431,0.0167605324272531,0.0161808453087319,0.0546980299534667,4.9818008192995,1.00921895189026,2.06941024935162,0.0266360095749888,0.0262989832503185,0.10654104124672,4.9625234574581,1.01449849493657,2.05431340054453,0.0179700126538737,0.0188533519436051,0.0689581846686172,"SRS"
5,2000,0.35,35,2,0.25,4.99301091630126,0.986743867404972,2.1087452509986,0.0155837405530272,0.0154870264205473,0.0644517051468731,5.0173084941574,0.937655584082588,1.92249420526809,0.016296491774486,0.0158459636984241,0.0582144744344254,4.96626299651728,0.989736845434882,2.07672642277713,0.0265555105633885,0.0257545069706935,0.107201803011285,4.98120208706369,0.977467564327234,2.13642817044643,0.0175324357101528,0.0181985646031689,0.0713160598295496,"SRS"
6,2000,0.35,35,2,0.25,5.00134156659266,0.996323772129974,1.98377354201336,0.0160454714613971,0.0163632013693299,0.0602843263183421,5.01352133612196,0.940547105202155,1.81349841089069,0.0167611334318617,0.0165950619039025,0.0545898057513394,5.00361361967142,0.984889444527163,2.03644264210141,0.0268005941635888,0.0264092745893757,0.104923342194295,4.9893704562374,0.990915235479741,2.01621959754872,0.0180377523734508,0.0187407188576976,0.0670197970869384,"SRS"
7,2000,0.35,35,2,0.25,5.01203098022023,0.992082469273562,2.04124268772803,0.0158246873094386,0.0157138568249314,0.0619855884478417,5.05183506733462,0.93171260955249,1.81725467837607,0.0167382990220651,0.0161671850763338,0.0545418838773642,5.02074188154938,1.00814331612129,2.02480395119269,0.0268727741318664,0.0260990823850179,0.104313832241132,5.0168088306259,0.981477089624645,2.0504737579897,0.0179401724151121,0.0186767922590798,0.0684648508413869,"SRS"
8,2000,0.35,35,2,0.25,4.969731471436,0.960301033619721,1.98028642212585,0.0160601062105053,0.0163540025046898,0.0600607867037352,4.99958274398296,0.90245416733633,1.8255798869742,0.016707116763466,0.0163546161628881,0.054891027921303,4.93341846377298,0.976034110501824,2.10386713426319,0.0263946437790163,0.0261563859375762,0.108537873291792,4.96049197884291,0.963726375774268,2.0543981672372,0.017820368582073,0.0191845770459833,0.0685749254334923,"SRS"
9,2000,0.35,35,2,0.25,5.02037339844247,0.977166830288439,2.01515284768494,0.0159264296711193,0.0157415356114487,0.0609655644000409,5.05048249403418,0.920665444329464,1.85113856006268,0.0165918833005264,0.0158728767852194,0.0555268086393423,5.01026068856926,0.974610522547709,1.96039501933558,0.0272741066744157,0.0273176564266179,0.100424033743376,5.02701133761681,0.992402158863597,2.07087236854775,0.0178155124698102,0.0185080242904809,0.0685806804446812,"SRS"
10,2000,0.35,35,2,0.25,5.03496338890509,0.999098978349139,2.07282363925801,0.0157010671930329,0.0157509339432657,0.0630921032803162,5.06784355009575,0.928022488692878,1.86072495433072,0.0165432613763418,0.015932704824921,0.0560291567826048,5.00586925607423,0.987447683186711,2.15836195115498,0.0260196918103723,0.0269590366059603,0.111075833636076,5.03453791508367,1.00558404325762,2.08614048859702,0.0178829172221511,0.0194895993436168,0.0699656040832445,"SRS"
11,2000,0.35,35,2,0.25,4.99714303349773,0.978968535308371,2.07103212527442,0.0157108368796764,0.0163646968602827,0.0628465294912032,5.02759635756702,0.925551771744223,1.83748257131759,0.016654477939128,0.0168093918813974,0.0550692252320912,5.01450191096131,0.998498807969328,1.97201790341553,0.0272011603775377,0.0287566341631349,0.100975654960159,5.00475340148717,0.989757693832944,2.04799120465239,0.017953158179368,0.0198799365663258,0.0681195575698833,"SRS"
12,2000,0.35,35,2,0.25,5.00194925180381,0.97659248940841,2.0671087952114,0.0157220484532407,0.0159755075697621,0.062712236332147,5.02878574533084,0.925033482026221,1.9047890342949,0.0163566213499103,0.0161310713674753,0.0573219157845233,4.99563469919856,0.967985800523161,1.9100644261139,0.0276258366333663,0.0283079493656561,0.0974015884929086,4.99789519238939,0.986775765364199,2.11095318815218,0.0177172803380567,0.0187341553621125,0.0700072379792166,"SRS"
13,2000,0.35,35,2,0.25,4.99968444110014,0.997913296100543,2.05759956984647,0.0157727589669859,0.0155165387850054,0.0625378803069424,5.02678806586247,0.942674035197731,1.89373297949865,0.0164169388500738,0.0156666242429646,0.0570951862525114,5.03774688811522,0.989144654037208,1.94391412416684,0.0274393416670593,0.0274620349027886,0.0989641385904006,4.99918046476555,0.998744664326037,2.09435330619397,0.0177193293842244,0.0185348372349097,0.0697065991020449,"SRS"
14,2000,0.35,35,2,0.25,5.01383984044632,0.990996672205506,2.01591885301478,0.0159150742052111,0.0165749986700954,0.0610498282437754,5.05482628079157,0.917112889851656,1.79755264016637,0.0168217697429374,0.0168471480679129,0.0538120961034317,5.02940726910387,0.980529146846202,1.91468419021806,0.0275733800942229,0.0285515964858516,0.097593455242448,5.01649832077443,0.997784617352635,2.00025740237504,0.0179386229465666,0.0191985588384443,0.0657471199051116,"SRS"
15,2000,0.35,35,2,0.25,4.99273923908761,0.979657177011524,1.92411754259226,0.0162974871943491,0.0156993997988466,0.0583245512628166,5.00412779607491,0.933513574185995,1.79105013452987,0.0168771262549851,0.0157383173057162,0.0538416499711255,4.99432337612023,0.987780836148602,1.90496364222749,0.027677393217362,0.0269737261016066,0.0974477688144531,4.99392578905126,0.997445050419278,1.95893178323129,0.0182988498232547,0.0184458432404196,0.0647825489661109,"SRS"
16,2000,0.35,35,2,0.25,5.00206500908883,1.03572294131266,1.92179356744959,0.0163236598228173,0.0165215396157649,0.0581440237210128,5.04135592013924,0.972897736096465,1.73941857951154,0.0171231533905653,0.0167376135699776,0.052066047882016,4.9959904696651,1.03860148815345,1.90520495464518,0.0277885134531333,0.0274049295481218,0.0972736729587902,5.00264462048715,1.03395762988486,1.9558354714524,0.0185305120582098,0.0193690183840076,0.0651180814798034,"SRS"
17,2000,0.35,35,2,0.25,5.00210738057435,0.994574664813737,2.06139896196548,0.0157750361649951,0.0159284654333255,0.0625883820295635,5.04488673793484,0.927259123303356,1.80950795716772,0.0167994574295848,0.0164519708536479,0.0542413543679373,4.96802843890886,0.992745142544651,2.05024953471031,0.0267475579998923,0.0270936152479689,0.105224385605034,5.00777431323427,0.984968139102133,2.08710943763588,0.0179403586057679,0.018639123552382,0.0410029516535276,"SRS"
18,2000,0.35,35,2,0.25,5.03142397194638,1.01682046858403,2.01751363379382,0.0159135698631535,0.0159979072290599,0.0615652278650022,5.05904588788945,0.954929083581484,1.77428038735594,0.0169377388854606,0.0165295903114022,0.0533878448807523,4.98108228139342,1.02736495932104,1.93229623477814,0.0274805635044728,0.0288958413185575,0.0998338714404825,5.03093783650919,1.02363450296834,1.97700287439307,0.0183919352756605,0.0194167315110878,0.0660417297417612,"SRS"
19,2000,0.35,35,2,0.25,5.01391920480397,1.00714982428152,2.04228530386265,0.0158208235232312,0.0158741575279405,0.0621764434160781,5.04392082074704,0.943534853972499,1.84494402166845,0.0166185781110151,0.0161123572915105,0.0555719675492008,5.02230648150141,0.992541851227757,1.87335717689233,0.0278992677892661,0.0278332265283483,0.0954980355736541,5.01899475883807,1.00543936868927,2.0570271570732,0.0179900538829203,0.018981324643985,0.0687725536303063,"SRS"
20,2000,0.35,35,2,0.25,4.99396111225315,0.989512056840147,1.9744657752395,0.016111295940242,0.0159461662299963,0.0598491968992873,5.01388148483561,0.932794300957374,1.83366285774594,0.0167017156602754,0.0159075446232015,0.0551523331039173,4.95712908223228,0.992609769948009,2.03562104925708,0.0268028121668844,0.0265831298342565,0.104911967502131,4.99263091164656,1.00271604567648,2.03174578475766,0.0180491496471291,0.0188648882217315,0.0677721363581643,"SRS"
21,2000,0.35,35,2,0.25,4.99517346768605,1.00015460159182,2.10588177419686,0.0155873708167934,0.0157087624775167,0.0641609172834233,5.01666728965572,0.937859254766096,1.90381793205221,0.0163674039281024,0.0159370273329815,0.0574250730824568,5.0148147849314,0.972721153283313,2.17503672723691,0.0259241220680966,0.0257132750491052,0.11226621740189,4.99885178809657,0.989745057937419,2.13096361454685,0.0175313638705111,0.0185700205191104,0.0714007862484869,"SRS"
22,2000,0.35,35,2,0.25,5.00702162437854,0.998655742402702,1.97750501041354,0.0160714079728274,0.0165057518501067,0.0600136274633764,5.04459104942279,0.935060288013787,1.79024906578689,0.016863179085161,0.0166875002612463,0.0537673759817226,4.99397807905598,1.00439399551065,1.91995561973968,0.0275766012442375,0.0281380602895119,0.0981330127182752,5.00908931305709,1.00593778970514,2.01835775831898,0.0181892331926455,0.0194576766165335,0.0675153925125061,"SRS"
23,2000,0.35,35,2,0.25,5.0042465798694,1.00391051996994,1.99183776635681,0.0160152082946097,0.0161767207565628,0.060534435385055,5.02761953265264,0.943678979045372,1.79300750974196,0.0168542239039083,0.0164842284240756,0.0538797974249443,4.99514766273191,1.01175703088455,2.04045573638549,0.026814225147965,0.0268640058803667,0.104723640821859,4.99122287712636,0.996488362504602,1.99856824849101,0.0181576843919927,0.0191275700734875,0.0668829673000232,"SRS"
24,2000,0.35,35,2,0.25,4.99488020237798,0.991765103359034,2.03477767336473,0.0158545168343706,0.0158704458964587,0.0620900062336589,5.01943340965581,0.928438750174015,1.84118488284973,0.0166430166695742,0.0160788168764749,0.0555848447256827,5.01074228869902,0.991684455233951,1.83295045213162,0.0283294427337639,0.02833365898288,0.0935328592993174,5.00770687299237,0.984116160852247,2.02667954535293,0.018010973146268,0.0189023898422459,0.0672851266739168,"SRS"
25,2000,0.35,35,2,0.25,5.01631087063032,1.0021124677415,1.98657782679383,0.0160541774795269,0.0159366280009759,0.0603558690581102,5.04617733367562,0.94176980697036,1.79370661867914,0.016868151586537,0.0163027358439887,0.0539260502718949,5.01454674009571,0.99937324593083,1.86968174431756,0.0279340838588864,0.0268170390406699,0.0957312380564126,5.01864811207475,0.991689052583283,1.99897260809938,0.0180977489972813,0.0186262476146353,0.066327001313514,"SRS"
26,2000,0.35,35,2,0.25,4.98947537022015,0.989643059203342,1.97110174345728,0.0161029856892829,0.0163199886527784,0.0599074406826779,5.01170474320864,0.936857144915198,1.82170576907593,0.0167312963140147,0.0163868355826545,0.0548984683319585,4.99426388439022,0.964842852753314,1.88740304074234,0.0278357172650522,0.0270924305278883,0.0966223808474096,4.99092662764122,0.98763582771433,2.0005384107872,0.0181248315987676,0.0190176572013065,0.0662963672374138,"SRS"
27,2000,0.35,35,2,0.25,5.00060438154681,1.00581016808517,2.02410735998282,0.0158912523341152,0.0159341718968113,0.0614775145943576,5.03192532087287,0.94865218505605,1.8386869823153,0.0166494714165011,0.0161397594550236,0.0552884321192541,5.01461952077205,1.00511787356199,2.05065404669867,0.0267084315607549,0.0266982225288622,0.105487525348923,4.98826062462435,1.01079964966747,2.07762742696873,0.0178128539742811,0.0189088595703075,0.0695684210877995,"SRS"
28,2000,0.35,35,2,0.25,5.00737181530634,0.981766340192406,1.96649701959922,0.016111807795818,0.0163179608121688,0.0594656858554687,5.04106929707329,0.914410843819543,1.76366709551212,0.016984700930143,0.0166591753149382,0.0527722608737482,5.00386101256715,0.970424513798896,1.99098958407788,0.027057395361251,0.0283666593518384,0.101804963492278,5.00766170498023,0.987261543349907,2.00671156749417,0.0181292792571699,0.019649963159366,0.0668413051429348,"SRS"
29,2000,0.35,35,2,0.25,5.00818094539217,0.966317229354439,2.09365565336326,0.015621547890859,0.015882497923556,0.0636606083693367,5.03212170681587,0.906356526245601,1.90334490819022,0.0163596334471748,0.016121411173699,0.0573280562519486,5.02298195453454,0.924687635854756,2.04366665073177,0.026705736391521,0.026733860684386,0.104944922121058,4.99681384408143,0.954944391811873,2.07877388553766,0.0176346305075342,0.0184447301093955,0.0689899050923167,"SRS"
30,2000,0.35,35,2,0.25,5.00410411530692,1.02712872925883,1.99852434151234,0.0159974290345939,0.0158368658906701,0.0608897797821439,5.035022307344,0.957795725432955,1.77132524516494,0.016959621407726,0.0162541074214923,0.0532862282178829,4.96954783538563,1.02823041686966,1.99214855355977,0.0271053993883874,0.0268021544858912,0.102621007853767,5.00403601800987,1.01997472813873,2.03969054941963,0.0184645437871031,0.0190218424006295,0.0695690544940539,"SRS"
31,2000,0.35,35,2,0.25,4.99891115153581,0.986241649475937,2.02816365181416,0.0158708697047972,0.0160009098300003,0.0616323794007857,5.02599820883368,0.931805773764305,1.85295534263474,0.0165818697663367,0.0162460380674956,0.0557802177198238,4.98724227129003,0.971864103724165,1.98096111924661,0.0271375287770084,0.0272456869044672,0.101106341260632,5.00050533217587,0.985489788229049,2.0459024291633,0.0179175786990504,0.0190199141510903,0.0678934375164465,"SRS"
32,2000,0.35,35,2,0.25,5.00508398705747,1.01548510156504,2.01847163037566,0.0159167573696574,0.01568151385167,0.0615021633700986,5.03381209525248,0.954712851602074,1.83776476742024,0.0166566024625971,0.0158653639614538,0.0554452573416097,4.99990112689863,1.02533745103016,2.06143102034622,0.0266391335868954,0.0265192905482584,0.106787115414179,5.00061208468995,1.01438546040009,2.06179410310824,0.0178937025816977,0.0184700910590862,0.069274697448885,"SRS"
33,2000,0.35,35,2,0.25,4.97500590324029,0.983102985154463,2.06218294957497,0.015749101745332,0.015787594730267,0.06288296487913,4.99575371981933,0.921516867971503,1.87074101013123,0.016511628246603,0.015933007483007,0.0564678795429838,4.97788245690964,1.02404820916512,2.06503006758242,0.0266136819131059,0.0267081326678208,0.10676879034587,4.97299992439278,0.990532086956432,2.08904896022964,0.0177001966702461,0.0186243767566613,0.0698255697953598,"SRS"
34,2000,0.35,35,2,0.25,4.99231423638204,1.03426465613759,2.07627476056503,0.0157051965708511,0.0157118259919955,0.0633730346212955,5.01939291012551,0.982007922919407,1.89324383313102,0.0164197365948775,0.016037102827456,0.0572417476992448,4.94532274068995,1.07928650974955,2.24110679437346,0.0256217715528203,0.025229517211455,0.117404772683208,4.98451310749195,1.05521134495834,2.16683140380642,0.0178712631012666,0.0184655343146846,0.0741847279656466,"SRS"
35,2000,0.35,35,2,0.25,5.01035500836969,0.985919262784799,1.91583271303103,0.0163214020510902,0.0161949893045957,0.0579418429744469,5.03338171506852,0.938533375994376,1.7940854686329,0.0168479627716555,0.0162367269841773,0.053890880566605,4.97775613220029,0.980807310101521,1.9635725908903,0.0272977717648644,0.0276297487894906,0.100610836144898,4.99339795624602,0.99314642451836,1.97391795011838,0.0184397385063134,0.0190728398266767,0.0659817433732717,"SRS"
36,2000,0.35,35,2,0.25,5.00876381801536,1.01295218826515,2.04075848547537,0.0158378186899879,0.0158366128625107,0.0621157763863718,5.03305317031026,0.954324163772383,1.87081420024947,0.0165186236835002,0.0159156712976092,0.0564474713207127,4.98778743836306,0.986891787215363,1.9448826972277,0.0273904361746513,0.0276848078805258,0.0997458098425998,5.00128233317687,1.00537274528743,2.06203599950966,0.0177899946151054,0.0181406864244158,0.0684231042169277,"SRS"
37,2000,0.35,35,2,0.25,5.02376428613834,0.980245168133346,2.04333317358236,0.0158142822763319,0.0157484932471287,0.061832379111259,5.05525401624657,0.919034185614268,1.84801858664163,0.0166024592188717,0.0160599204534673,0.0553836245148343,5.03498520162616,0.972972518936556,2.11079925272033,0.0263048837167263,0.026492656591649,0.108090108491241,5.02865901105036,0.980834003826308,2.05791046342555,0.0178114797730886,0.0196114524865152,0.0683207774059543,"SRS"
38,2000,0.35,35,2,0.25,5.01487388663617,1.01286205041865,1.96916327519661,0.0161055406456382,0.0162197156825927,0.0598042086691153,5.05403194786074,0.948269657043237,1.74079236524361,0.0170968638287284,0.0167100595295163,0.05218269920542,5.0264549250989,0.996609178062382,1.87317586060113,0.0279470871691565,0.0276046603493626,0.0956257544708045,5.01996944552551,1.01071005117581,1.96132898939547,0.0183921967679865,0.0190324910936244,0.0652186741922879,"SRS"
39,2000,0.35,35,2,0.25,5.01447578390007,0.982301582046723,2.00552433465895,0.0159619254742775,0.0158085779827602,0.0609654387446392,5.05566573596246,0.927462408715721,1.78975253345523,0.0168657510501035,0.0162332998486456,0.0537451504562286,5.0297761495955,1.00468709561505,1.98685840990897,0.0270980642011315,0.0273671018913699,0.102118996392274,5.02083898413474,0.992410394439332,2.02640259411975,0.0180144338013882,0.0186440460963401,0.0675456655782909,"SRS"
40,2000,0.35,35,2,0.25,5.00526413283247,0.997808716002455,1.98861097176424,0.0160264857938189,0.0161783354612847,0.0603363419792347,5.03637578379144,0.946053043663436,1.78250576559399,0.0168993214962807,0.0167073129416923,0.0534537757325319,5.03184063555369,0.987748415114212,1.99875342498139,0.0270177554508918,0.0275401882234131,0.102585028690857,5.00893179074082,0.99291399412751,1.99252718554419,0.0181613659758134,0.0193531135588981,0.0663943976265076,"SRS"
41,2000,0.35,35,2,0.25,5.0180179760933,1.00616634487241,2.04974599546023,0.0157935517647901,0.0165739043932173,0.0623108752124741,5.05931130870148,0.935132633800177,1.80684652348044,0.0167939040800562,0.0170837680289077,0.0542120882623385,4.99554410100755,1.02822217343062,1.98876496618073,0.0271489570054509,0.0293871137764544,0.101905332159121,5.02061167496544,1.00692621988403,2.04301054479591,0.0181247455715105,0.0202257122136892,0.0685686222003342,"SRS"
42,2000,0.35,35,2,0.25,4.99634825094936,0.985402941875541,1.97669274978449,0.016077467188915,0.0166823765001475,0.0599808044905223,5.02637797657378,0.921145654952711,1.78679325224976,0.0168836940529971,0.0169768204209002,0.0536595037244238,5.00266816671775,0.986166900206906,2.12572946104478,0.0262149220877889,0.0267085464844852,0.109704092740257,4.99223538791524,0.97788624545338,2.00241810589215,0.0180548220158814,0.0195133520277192,0.066629524360489,"SRS"
43,2000,0.35,35,2,0.25,5.00089177748903,1.02176703979951,2.05266393593561,0.0157843164630246,0.0160547462078196,0.0623424657403328,5.03819235177673,0.968676932873307,1.82261435734409,0.016719613011062,0.0166103341880249,0.0546761335979637,4.98382065453366,1.01803561428142,1.93139729642926,0.0274931251278619,0.0278940857506729,0.0988361283656538,5.00027515800087,1.01237160800586,2.04827838113311,0.0179115378479832,0.0188932574399389,0.0676384512242998,"SRS"
44,2000,0.35,35,2,0.25,4.99585816949924,0.992409264225197,1.98804671327133,0.0160304694740446,0.0161287152213148,0.060168257986507,5.02689118821261,0.940544559109038,1.80464755609531,0.0168008832476151,0.016407020202222,0.0540695107892666,4.99678959725115,1.04099071279315,2.05926073025885,0.0266502263678202,0.0274211756732319,0.105939275371534,4.98399404159126,1.01505198084989,2.0445712093027,0.0179371267035504,0.0195060965360608,0.0682275632521525,"SRS"
45,2000,0.35,35,2,0.25,5.01060641541568,0.982802699109114,2.11347543314264,0.015560543140091,0.0157315436676683,0.0643693949680944,5.04852606236716,0.924756144249508,1.90001280658989,0.0163796805167445,0.0159931527923153,0.0572276610086439,4.98508446335162,0.966743913151574,2.08599099110562,0.0265148930708994,0.0264685871533538,0.10695809668833,5.00138209305926,0.975597347318806,2.11801659504632,0.0175427215256671,0.0182414161500144,0.0705020138831933,"SRS"
46,2000,0.35,35,2,0.25,5.00495856417735,0.973817932193914,1.93401496280377,0.0162424697791677,0.016600037954425,0.058662513236029,5.02385182856387,0.917579284260785,1.78296612761015,0.0168959615784103,0.0167948018668799,0.0536255641042922,4.99429003529342,0.970790360301228,1.92529879921865,0.0275862940671525,0.0281378973239161,0.098192728043656,5.00171717645572,0.972347039635132,1.96197145844683,0.0181898840648941,0.019719187420209,0.0651915925479089,"SRS"
47,2000,0.35,35,2,0.25,5.02941986503432,0.98163323592147,2.0162961707763,0.0159148154462073,0.0158533958660144,0.0615018380279944,5.06099626556296,0.92060468283162,1.82408214452597,0.0167066103390089,0.0161776517137326,0.0550520914557918,5.05450369650257,0.974572431256507,2.04250255654457,0.0267154722166249,0.0271434396228518,0.10505300666541,5.02884311826669,0.986531533133512,2.05340859124343,0.0178634109052636,0.0187060200466922,0.0688230545895703,"SRS"
48,2000,0.35,35,2,0.25,4.96919746840607,0.993831716973148,2.00698156339797,0.0159652332669217,0.0158805962062324,0.0612265952167603,4.99899547580124,0.949776966834642,1.79782770190849,0.0168397268587749,0.0164635499747629,0.0542018837492582,4.94853172171478,1.00630242490137,2.03105677720068,0.026840636166881,0.0268732029909046,0.104685159671096,4.96623528390821,1.01267298457228,2.03167406445864,0.0180187760594044,0.0192945499801558,0.067897956524175,"SRS"
49,2000,0.35,35,2,0.25,4.98969842402028,1.0084323071124,1.95511411506871,0.0161647278346071,0.0165181704442634,0.0591993237732411,5.01511274121155,0.95306744806693,1.77654742918849,0.0169335887557272,0.016772122350545,0.0532526634025297,4.98898305831571,1.05541124312527,2.04611872139569,0.0267386343019078,0.0267098414062303,0.10517020432196,4.97938484369446,1.0173903269909,2.0037502296584,0.0181831076727393,0.019369986092698,0.0671095368822391,"SRS"
50,2000,0.35,35,2,0.25,4.99711405673585,1.01284841788608,1.98736719870599,0.0160334963444568,0.0162508114301583,0.0602344113638982,5.03641040295992,0.946340594704444,1.77790295940114,0.0169216651933191,0.0165325571080943,0.0532614834492412,5.00994588938089,0.995217767444103,2.06345937864136,0.0266111060059879,0.0266660989469934,0.105932344774004,5.01071427450718,1.01810897554804,1.97364072409606,0.0182813418533937,0.0192263948669305,0.0659273854688615,"SRS"
1,2000,0.35,35,2,0.25,4.96246282429267,1.02389788585369,1.94677432262304,0.0162099918597119,0.0161463326917174,0.0590212703810612,4.99332099801913,0.970088921529423,1.74605511209262,0.017087061987677,0.0166048472586079,0.0523318349956793,4.94399088520508,1.05178899314923,2.16520172620487,0.0260492514230744,0.0253854890187151,0.111862744595685,4.95903011570457,1.03623999215901,2.01231249182841,0.0184947838890382,0.018932165890399,0.0687736628623952,"SRS"
2,2000,0.35,35,2,0.25,4.98508507633892,1.01329596990703,2.05906941886152,0.0157676916508916,0.0156913078614862,0.0626064977241598,5.0264504161682,0.95746675981287,1.83869579482371,0.0166516362831307,0.0161585970493771,0.0552683599246403,4.99885550364319,0.977581236122051,1.98400223400971,0.0271248111412346,0.0260206232845035,0.101970494330867,4.9906068660401,0.995997943992542,2.07684370283762,0.0179162727204947,0.0185489311482412,0.0694978427418659,"SRS"
3,2000,0.35,35,2,0.25,5.00040889313721,1.01296176533495,1.99737509804065,0.0160137446589869,0.0155429144347999,0.0608179409410829,5.022735519254,0.954960015063988,1.79531665827889,0.0168599003154898,0.0158962369818423,0.054052756622543,5.02959357419343,1.05834740106542,2.01268276831754,0.0269618387283175,0.025250265254661,0.103683300064753,4.99992250655667,1.00776513807337,2.02817087175268,0.0180149514065528,0.0183821087222031,0.0681433127795947,"SRS"
4,2000,0.35,35,2,0.25,5.02580886246988,1.00613403208674,2.051656824669,0.0157806993820371,0.0160983524591832,0.0622307667331093,5.04749118736254,0.952023219092335,1.86870770532193,0.0165122293077443,0.0163360905950388,0.0561445283151852,4.99736785147094,0.937214338305493,1.95195144443969,0.027344446790867,0.0271801774083609,0.0998340894190232,5.02168594180156,1.00601124276532,2.0948345315737,0.0179309385378784,0.0185192251339532,0.0700962077542187,"SRS"
5,2000,0.35,35,2,0.25,5.01502128560831,0.99451574172039,2.02267103294948,0.0158942291666238,0.0157692731040556,0.0613074568258992,5.0350728981557,0.937490480571891,1.86160262334406,0.0165477136204232,0.0158589921647403,0.0559588408761295,5.00497517021569,0.994580141279365,1.9734509895614,0.0271924258209581,0.0268515472779257,0.101028607289238,5.01402275596504,0.995889328056265,2.0572751605511,0.017816230366191,0.0184317857434574,0.0681654623308676,"SRS"
6,2000,0.35,35,2,0.25,4.96736547049968,1.00337866072325,1.98375302574959,0.0160535660974561,0.0165040217719002,0.0601757694472576,4.99247820224496,0.942826999039524,1.80842358350916,0.0167902968884335,0.0167261466115,0.0543295984902053,4.98958615493429,1.03013829576728,1.95870707663038,0.0273228499406873,0.027874242531948,0.100097297316809,4.96145206384611,1.00514691563439,2.03144174368096,0.0179922615754828,0.0193914146437257,0.0675326266976384,"SRS"
7,2000,0.35,35,2,0.25,4.9708943143136,0.992299727519344,1.89199211580847,0.0164333704910117,0.0160386489162665,0.0572995532904543,5.00233978439315,0.936726871607615,1.73856260584745,0.0171179272269636,0.0161750256581041,0.0521647313488141,4.962674331147,1.00148548387244,1.78080337353794,0.0286623975143685,0.028539266029226,0.0906320002069144,4.96548379285132,0.996770469598807,1.94749691304706,0.0183145321351321,0.0190486401821688,0.0643487958652148,"SRS"
8,2000,0.35,35,2,0.25,4.99119058931017,0.994248822625302,1.96157543432691,0.0161386028605373,0.0162175372902875,0.0592472958189424,5.03258028444027,0.924682375645074,1.73362090427367,0.01713312991884,0.0167939533921111,0.0517377684248134,5.0196986981921,1.01196954789937,1.94368984198548,0.0273838888561779,0.0283052444072884,0.0992300586450014,4.99913422351965,1.01250533753531,1.95056177641643,0.0183275358307074,0.019605838308497,0.0645795795062281,"SRS"
9,2000,0.35,35,2,0.25,5.02231131950515,1.00615675944102,1.95810578552948,0.0161442210905972,0.0165214188179766,0.0590921882999635,5.05052244811131,0.942628559570788,1.79300517345658,0.0168493732414483,0.0165286513429019,0.0536216871899991,5.01360586601465,1.0189064687179,1.95007097208889,0.0273762989209718,0.0277624664533628,0.0991648938477259,5.0017577710954,1.01684178646368,1.99025698349083,0.0180746719894783,0.0191116330172797,0.0655506292688607,"SRS"
10,2000,0.35,35,2,0.25,4.99764423787984,1.01328859367642,1.92218232804236,0.0163011601660286,0.0166647618603332,0.0580343022581081,5.03243482708636,0.948629436901497,1.7447842237187,0.0170816076510929,0.0168348039664198,0.0521376391159033,4.97086202565813,0.979186166519642,2.01671115528363,0.0269253550963499,0.0283187925048735,0.103015592742924,4.98981119789804,1.01061467089115,1.96141906598239,0.0185486004717832,0.0195001539040771,0.0654861228959332,"SRS"
11,2000,0.35,35,2,0.25,4.99857194878271,1.03463118022078,2.08787981058925,0.0156629392857792,0.0156180577610382,0.0633651983426238,5.03227025529104,0.972438056701511,1.87637668888705,0.0164906903742172,0.0159278012307805,0.0563686953562849,5.03594400638556,1.04850468945779,2.061636548917,0.0266279499383184,0.0266326335074806,0.105780232601559,5.00042640624884,1.03531806416103,2.10352636319917,0.0177294333944039,0.0183896578877956,0.070214536238154,"SRS"
12,2000,0.35,35,2,0.25,5.03051911587039,0.987278049150495,1.95522855191904,0.0161533575833745,0.0163144537113324,0.0591882652275402,5.046474234066,0.929315455806106,1.80117613428618,0.0168119935720414,0.0163439822822958,0.0540431798355783,5.04260158568338,1.00639913477562,1.8313136802913,0.0282244804190166,0.0281777585042568,0.0929592316596207,5.03025478796487,0.996381286250871,2.01773541162183,0.0180294214875203,0.018807997983022,0.0667298600898538,"SRS"
13,2000,0.35,35,2,0.25,4.98952881733573,0.992320774447157,2.12490782428185,0.0155146312720414,0.0160427691410289,0.0649667973976412,5.01914479425649,0.921353748411505,1.90738118781186,0.0163474018146042,0.0162866691165946,0.0576759950322568,4.95193328526551,0.946725148471675,2.04378909644845,0.0267274052244811,0.0286785507779439,0.10524334051622,4.99025343521586,0.986625038789645,2.14277270192574,0.0177268849203908,0.0193671278590434,0.0723989721011192,"SRS"
14,2000,0.35,35,2,0.25,5.01737369458666,1.03411191808786,1.98599932766335,0.0160416462570029,0.0161451702691357,0.0603347429924993,5.05049226469605,0.982954453080228,1.79345460581911,0.0168541075254633,0.0166268761582843,0.0538950847724438,5.04148642705906,1.01002541280429,2.00126336935476,0.0270135908927779,0.0277844823137135,0.102841765935933,5.01196151000585,1.04421781176321,2.00945095099212,0.01804760684994,0.0189485363566831,0.0669772362785677,"SRS"
15,2000,0.35,35,2,0.25,4.98021836466054,0.993357699806579,1.98227062801949,0.016058805583567,0.0160120407690759,0.0601490455804215,5.00782384190132,0.933907382317938,1.80397635691,0.0168089223184053,0.0161085362905568,0.054187532375333,4.96771510599085,0.96763831226893,2.05765926900563,0.0266477534848986,0.0273717006238778,0.105342583112449,4.96637868908286,1.00229888778325,2.00609817538874,0.0179973867326391,0.0187266670242303,0.0664089348724806,"SRS"
16,2000,0.35,35,2,0.25,5.00062185258054,0.997206021984333,1.95735306739291,0.016155000203576,0.016109060644757,0.0591384344877235,5.0294799529913,0.941982690442198,1.77414289106762,0.0169433345435782,0.0163470215555705,0.0530545747540733,4.96177079943101,1.03634926057113,1.9700260718069,0.027256951409783,0.0262942885947187,0.100810009476055,4.99089664174594,1.01146605978112,2.05085382919026,0.0181081827260913,0.0192987445654459,0.0689543206139919,"SRS"
17,2000,0.35,35,2,0.25,4.98391195432396,0.995766123887329,1.89590567737205,0.0164097090867435,0.0165354063869425,0.0575477101160422,5.0078546375354,0.934410335782081,1.7177914329908,0.0172148214622482,0.016782765932818,0.0515734847346813,4.94424282812543,0.962587672357686,1.9170890598513,0.0275938982963585,0.0279941824593879,0.0988480299961872,4.98898232656084,0.985622000123635,1.90503625789436,0.0185742547620435,0.0197471479014538,0.0631377949692897,"SRS"
18,2000,0.35,35,2,0.25,4.99251443140739,1.00880939435643,2.07787066255203,0.0156947991679836,0.0156489525620837,0.0633461450156801,5.01902412909915,0.947087958389162,1.89203503651006,0.0164220559686173,0.0158623013139345,0.0571424524641271,5.03246426169221,1.00187403799889,2.03113825076639,0.026821255890554,0.0268901646823815,0.104273731957466,5.00119869601455,1.01789864552213,2.12179273933057,0.0176593352612499,0.0186799056883766,0.0711514907443878,"SRS"
19,2000,0.35,35,2,0.25,5.00867291575215,0.981441562156457,1.94646042051463,0.0162254817836655,0.0165921313841308,0.0587811073654046,5.04118274259395,0.917827111843564,1.7513577728348,0.0170795147641528,0.016855945728062,0.0522987461958797,4.98987367220564,0.996806984681142,1.92426674691459,0.0276069770263986,0.028419057380323,0.0983922410529895,5.00394691593433,0.994139334944022,1.97211979446341,0.0183605098457535,0.0197574444530207,0.0653407877639543,"SRS"
20,2000,0.35,35,2,0.25,5.01467471460167,0.984675081150852,1.89957253061845,0.0163917534844087,0.0162994803636376,0.0575982161357442,5.04345626187449,0.928615886773804,1.72849919692048,0.0171593869882157,0.0165452929564527,0.0518802095418763,4.9929798292545,0.947316492949132,1.83989762437699,0.028161258906731,0.0286982848719068,0.0937943168059656,5.00745758606366,0.9805326715131,1.93306687723994,0.0184172453247673,0.0185449046807012,0.0642079783111384,"SRS"
21,2000,0.35,35,2,0.25,5.00787308554168,1.00089362140355,2.05339225303426,0.0157783880200986,0.0155668956869152,0.0624733213665789,5.03777510006702,0.936805151407832,1.85079894794934,0.0165920920218428,0.0158415301715755,0.0557236693445814,4.99853703793964,1.01735845204371,1.94189237222702,0.0274162705406371,0.0273645813342629,0.0996249660294908,5.00695225364186,1.00961800708356,2.09466579419575,0.0177515297817141,0.0185623346529174,0.0698011147038115,"SRS"
22,2000,0.35,35,2,0.25,5.03053636626754,1.03694856897792,1.95251002639984,0.0161801532083015,0.0158725370731009,0.0591627128551218,5.06491749293516,0.97515426432724,1.79336921814449,0.0168575751757513,0.0159722276739699,0.0538743907883248,5.01317054450147,1.05654612003991,1.9273176473065,0.027537618316919,0.0271495704986862,0.0990188955590034,5.03260284718138,1.04778347715127,2.0098371703176,0.0182796217924379,0.0190609790516461,0.0674104469505142,"SRS"
23,2000,0.35,35,2,0.25,4.99951069190936,0.998292506037133,2.04758759012632,0.0158043329388798,0.0156659746693232,0.062325847286077,5.02962878830876,0.93628576837761,1.85992270242522,0.0165555700986116,0.0159212826525584,0.0560684076890332,4.97053379523897,1.0085921152681,2.15081630077774,0.0260849954635782,0.0266007314061919,0.110654644922173,4.9857397500354,1.00204211166853,2.10597491607454,0.0179017061927065,0.0189380552857378,0.0710505963458133,"SRS"
24,2000,0.35,35,2,0.25,5.02267252048146,1.00104531102517,1.99182869564665,0.0160105772506678,0.0165387388890085,0.0603544496176607,5.06196314132668,0.936224041182832,1.81744753160486,0.0167335012230468,0.0166809162246596,0.0545649795178192,5.03448895112769,1.02404029341113,1.85564081333781,0.02804400995514,0.0285022423008998,0.0945628651458543,5.01471160568669,0.997352626981752,2.0041411227655,0.0179568683173773,0.0195432419083199,0.0661047854308059,"SRS"
25,2000,0.35,35,2,0.25,5.00166266435812,0.990954882297296,1.92845349611046,0.0162722994322755,0.0164206435871353,0.0581194293284249,5.03792202433821,0.927816337240582,1.7352382539355,0.0171251865497887,0.0167536756002843,0.0517538688930023,4.97860240769732,0.948296125028427,1.84252090202496,0.0281143038211826,0.028266665965033,0.0937565426205789,5.00167922078326,0.990449159757747,1.93114891063222,0.0184573717815755,0.0194001303981929,0.0637741640801902,"SRS"
26,2000,0.35,35,2,0.25,5.0268702482716,0.991088519561388,1.7895855314237,0.0168741918152264,0.0172669196119826,0.0537959407980411,5.0569166344028,0.921790367292547,1.61840340041745,0.017721064795709,0.0175519617726116,0.0481436801485455,5.04167962499626,0.993271237557075,1.74390295645975,0.029030459804863,0.0289751780253297,0.0883623803187674,5.02892683157098,0.98012417980312,1.7948401807868,0.0189798022063625,0.0205476995684932,0.0585596480781562,"SRS"
27,2000,0.35,35,2,0.25,5.00992213340495,1.01872171016801,2.03412146901083,0.0158560382747055,0.0158517478149834,0.0618661035447891,5.03942269268128,0.960681330610253,1.84612348985447,0.0166177384866063,0.0160991413155044,0.0555966276343447,4.99659662544808,1.02023232694962,2.06243796166449,0.0266222610492726,0.0273579216824009,0.106238207560849,5.00247546414656,1.01986499324172,2.07954532078336,0.0179859929039236,0.0190709978088863,0.0701004107087864,"SRS"
28,2000,0.35,35,2,0.25,4.99439443985335,0.999983446796372,2.06498243194232,0.0157588838768967,0.0154835184125089,0.062779743676143,5.02506956673798,0.936608612689075,1.86102054409556,0.016570622221224,0.0157642818155347,0.0559954220734029,4.99546445578523,1.00645978452811,2.04293879236631,0.0267533307004785,0.0254351292487465,0.10491020525583,4.9888620219277,1.00130653302773,2.09998395267465,0.0177010228881934,0.0181402404053721,0.0699716215278491,"SRS"
29,2000,0.35,35,2,0.25,4.98640615989515,0.996467667402028,1.98787139075655,0.0160402881189825,0.015952416222918,0.0604087681254125,5.01394574504099,0.938930340329474,1.81649356363729,0.0167535893813606,0.0162193164449349,0.0547054600787305,4.97147661773176,0.99701245559573,2.02507781597616,0.0268655908286894,0.0270855449608437,0.10455945228304,4.97962126898697,0.996314728904836,2.04929768661835,0.0182052862755668,0.018938667419026,0.0692105603180165,"SRS"
30,2000,0.35,35,2,0.25,4.98935532491767,1.01865777362386,2.01618559653414,0.0159275508156287,0.0161215115847545,0.0613932594099841,5.02254996673045,0.960244026707519,1.8060642074611,0.0167996477206673,0.0165570213931238,0.0543599034620877,4.9910765296835,0.993199007049253,2.04349755620972,0.0267635922277163,0.0268783638375095,0.10526185212694,4.99097206656072,1.01517530327731,2.02776820585631,0.0180852245177378,0.0189133008378285,0.067748665614249,"SRS"
31,2000,0.35,35,2,0.25,5.02875756467435,1.00653636834572,2.08543137676589,0.0156543102620212,0.0160168352619601,0.0634346168310502,5.0606656364246,0.934822556017478,1.85885827044306,0.0165518986175443,0.0162655782963473,0.0558840801350166,5.03821204433012,1.01079925327332,1.95812657171577,0.027297930689901,0.0276427307764724,0.100370028211674,5.02671341435803,0.997047002758852,2.08463492854594,0.0177774616322603,0.019110298682697,0.0694559043381005,"SRS"
32,2000,0.35,35,2,0.25,4.99842895729761,1.00386219795099,1.94508922833922,0.0162068822445869,0.0163607971214257,0.0589831381698324,5.02453753535983,0.951415745923572,1.78355854630014,0.0169032126327142,0.0165586547629754,0.0535829655134646,5.0246533042214,0.98633936629646,1.90731255909031,0.0276426288682806,0.0277668131421438,0.0975887504654469,5.00522834208272,1.01330125043067,1.97758889614379,0.0182159771844584,0.0191887850529845,0.0656448961044285,"SRS"
33,2000,0.35,35,2,0.25,4.99198128347176,1.02145509730172,1.98913169569935,0.0160292707659272,0.0162245381618389,0.0603136944938344,5.02131503547887,0.954780108428393,1.80547385539213,0.0167983483499626,0.0164178581333469,0.0541894379465746,5.04493700288263,1.0265478276391,2.0540923868393,0.0266537726723682,0.0279658944976949,0.105220000559175,4.99873810893881,1.04310666341487,2.01360540129796,0.0180562940419463,0.0195320843196506,0.0671151880940663,"SRS"
34,2000,0.35,35,2,0.25,5.00599800475533,0.985751255990532,1.94601327439192,0.0161998302388531,0.0162533521355169,0.0590054249681761,5.03118062868816,0.939925604311398,1.79591976921314,0.0168427361843825,0.0165277798102861,0.0539991504646845,5.00310797320253,0.968294565800342,2.00750070685647,0.0269713706503247,0.0260986678702566,0.103461632695258,4.99841461117104,0.996268274835185,2.01293528881711,0.0180767967562884,0.0186159468644282,0.0670838615614641,"SRS"
35,2000,0.35,35,2,0.25,5.01640083535484,1.0033980054776,2.05118303122925,0.0157871164213811,0.0156664233017467,0.0622459986475886,5.0397755787587,0.94480169285412,1.84977829889082,0.0165991650013043,0.0159192190407733,0.0555550268959019,5.03518574197598,1.00768756707007,1.98670137984689,0.0271027803817809,0.0273535465036659,0.101252098435207,5.02170856241216,1.00232792483939,2.06668656540973,0.0176863409300218,0.0186267887850003,0.0683621387541237,"SRS"
36,2000,0.35,35,2,0.25,5.01755238094577,0.994680624381718,1.99049084410796,0.0160171840446193,0.0162362627343277,0.0605356356421972,5.04832769689435,0.939408527874838,1.84545193229609,0.0166171892995474,0.0162076132427295,0.0556817031417043,5.02383330125134,0.993258130450101,1.99156047209992,0.0271288784695515,0.0268446687133542,0.102838380683745,5.02149721478598,1.01020673098198,2.02356631535888,0.0180031647737367,0.0192123175268891,0.0672379681437806,"SRS"
37,2000,0.35,35,2,0.25,5.01071517711579,1.01299600858768,2.07231188561312,0.0157164094214013,0.0160677158644816,0.0630725657697229,5.04704692270823,0.957686604721211,1.86026356782524,0.016556346879953,0.0164718455258812,0.0559955700383696,5.02320909015016,0.960692807584175,2.11301817185195,0.0262712927346839,0.0284863519875784,0.108429804024969,5.01707809321344,1.0150093111824,2.08808414933311,0.0178796955993596,0.0191900465330706,0.070372066999128,"SRS"
38,2000,0.35,35,2,0.25,4.98963173513371,0.990258778112163,1.92584420127545,0.0162827024865972,0.0164583478555946,0.0584079241396954,5.00872252674942,0.930818432288572,1.77396422535612,0.0169463770613442,0.0165290266725593,0.0533221060111027,4.96121960713829,0.970011808609271,1.91644044306956,0.0275879807393146,0.0289209419024523,0.0980312892657087,4.99006616139239,0.988855315517012,1.93362698673306,0.0183256679080284,0.0196876885504199,0.0640047743284933,"SRS"
39,2000,0.35,35,2,0.25,5.02266120746051,1.01329800578703,1.92354448939598,0.0162905533027416,0.0166975162987832,0.0581584458653456,5.04633594352816,0.947305919215941,1.76682063360345,0.0169747989559905,0.0168469835336168,0.0529788799142153,4.97163042397704,1.0023863167881,1.86573642388284,0.0280198297993123,0.0291719545308265,0.0955475502739745,5.01554592359089,1.01660652331346,1.94382947384886,0.0184494145677641,0.0200678457772965,0.064656523492329,"SRS"
40,2000,0.35,35,2,0.25,5.02451713646571,1.0341531262065,1.99891239405293,0.0159872906587539,0.0164192030407804,0.0606499692643791,5.05705791188293,0.967445027215507,1.78134436151633,0.0169046096339012,0.0168439420658512,0.0534207142355616,5.04934883414403,1.00149202867925,2.0044791753811,0.0270015884673123,0.0268168088747736,0.102547617079781,5.02023210300824,1.02170436699921,2.00114642448223,0.0181384364194704,0.0191958794208112,0.0666448510552693,"SRS"
41,2000,0.35,35,2,0.25,4.97809189683791,1.02315252351983,1.89661858119552,0.0164396203662915,0.0168906050964404,0.0573140563763308,5.01529707808429,0.961807150811149,1.72816950123946,0.0171881573286683,0.0172699959152774,0.0517506679186376,4.98728730091371,1.00446642400482,1.98188162167682,0.0271625215837092,0.0277336628775273,0.101684474020292,4.97782378814391,1.01454556706139,1.92048517792031,0.0183598565628254,0.0201094093465259,0.0633364655217855,"SRS"
42,2000,0.35,35,2,0.25,5.03706522157301,1.00500493183744,1.9532314913292,0.0161708681196969,0.0162338318766823,0.0589572543163467,5.07266353948319,0.944971297824022,1.76360417540616,0.0169900475509235,0.0164309494707628,0.0526873475790707,5.05032117825951,1.03343217920834,1.86729098690006,0.028008077411165,0.0283597640447224,0.0947397569639229,5.0294076595279,1.01616253299504,2.00113157251548,0.0183276221922275,0.0191945184121055,0.0666686778941006,"SRS"
43,2000,0.35,35,2,0.25,5.00212059147823,1.01671201361683,2.06785515898675,0.0157275371292506,0.015770848276326,0.062930461741446,5.02761726065974,0.978144015670243,1.91035983231958,0.0163421413699046,0.0160377712361474,0.0576632960797795,4.98079681652192,1.00027068786781,2.06573294723838,0.0265993155920816,0.0279797564347516,0.105961944355499,4.99187012156262,1.03292298074796,2.13067755581643,0.0177297394816871,0.018861256129431,0.0716251371920865,"SRS"
44,2000,0.35,35,2,0.25,4.99001354581506,0.978516001917451,2.05080713227859,0.0157862456555719,0.0158903896044603,0.062594166099293,5.01835146025317,0.923016901880894,1.88709429293621,0.0164363566254927,0.0159932401577976,0.0570984135186929,4.98158768093847,0.954283536263195,2.05617725135756,0.0266414333884045,0.0275068706829302,0.105532498161594,4.99468551805338,0.979428516476759,2.09763398583695,0.0176328246616996,0.0185329918831955,0.0701959278731081,"SRS"
45,2000,0.35,35,2,0.25,5.00687530208253,0.980804240412097,1.99283468965958,0.0160127434045301,0.0159118978453357,0.0603849947866343,5.03715352970532,0.924706107293987,1.82534901848286,0.0167066221936962,0.015997846258626,0.0548165625035961,5.03071333540314,0.98109226464454,1.92241719320169,0.0275448101087344,0.0282257284206193,0.0980418615456578,5.00453220975089,0.995782907558065,2.03969258163764,0.0178727946629736,0.0186675165208576,0.0679380162831082,"SRS"
46,2000,0.35,35,2,0.25,5.01078841650942,0.977466344098849,2.09264960726596,0.0156273293343571,0.0159685953842564,0.0639564598107177,5.03996137621367,0.91264984457871,1.86707960774243,0.0165160782714614,0.0162698516169115,0.0563783539547445,5.00684457536939,0.957507989690231,2.00606715476922,0.0269744754229643,0.0269917732779186,0.10304348071217,5.01148612833581,0.976411925143741,2.06286109904734,0.0176854157248271,0.0184846419906223,0.0684883707385423,"SRS"
47,2000,0.35,35,2,0.25,4.98919974397333,0.963438683151022,1.9114524725911,0.0163416491635539,0.0161822843460621,0.0578912898593541,5.01270500860948,0.911577373972882,1.72928431562869,0.0171575352219914,0.0165636321575951,0.0518022974275443,5.00299813253537,0.966879538766194,1.95926648667641,0.0272854565447559,0.0270878857806997,0.100348521317972,4.99315700666964,0.97185667946341,1.91844378830877,0.0182266919619471,0.0189947710511862,0.0630183900306114,"SRS"
48,2000,0.35,35,2,0.25,4.9811050168857,1.01078267549363,1.89721668592933,0.0164161537429371,0.0162267825682809,0.0572782123800898,5.01985189533301,0.944800941010538,1.69637886354579,0.0173277040106124,0.016463788124731,0.0506125666792145,4.98730575407217,1.00178777012461,1.79252868682767,0.028526691537357,0.0286776977595896,0.0912447901266842,4.98699230423556,1.02330893077415,1.90006833457877,0.0185882219836244,0.0188350445674166,0.0627614016070722,"SRS"
49,2000,0.35,35,2,0.25,4.97964487532742,0.990384731231607,2.06293624341474,0.0157442769759289,0.0160543174538823,0.0627893563640265,5.01200597107927,0.933954124815828,1.87501093443316,0.0164879295288156,0.0162850817382995,0.0565250119712829,5.01814861347682,1.02743345974231,2.01434944561629,0.0269332004129168,0.0272700533723385,0.103269991577327,4.97981552226166,1.00447733466597,2.11192822625547,0.0175196322065552,0.0188803364249029,0.0703894896791938,"SRS"
50,2000,0.35,35,2,0.25,5.00246179917202,1.00760203355487,2.07397891589407,0.0157014387534771,0.0159572030484986,0.0632693613817735,5.03461985137469,0.934791496508294,1.83732841459025,0.016650885518985,0.0162949664574885,0.0553537397253628,5.02116889860787,0.980625622878676,2.17297682538908,0.0259327621646897,0.0268843261977464,0.112044802377394,5.00700418556627,0.989164686064585,2.07998287014019,0.0177826285690932,0.0188620933254007,0.0698162352088361,"SRS"
1,2000,0.35,35,2,0.25,5.02500704358572,1.00346885744292,1.96497209816392,0.0161160222819502,0.0166762235759117,0.0594826583448599,5.06159230138689,0.937455743763936,1.77480135396978,0.0169310705397277,0.0169254339555357,0.0531630928130661,5.0189422475739,1.0050762580135,1.98545593119037,0.0271404900766566,0.0282089302966807,0.101579393137917,5.02475552435302,1.0055139458947,2.00455762738745,0.0180981657976761,0.0197882417115126,0.0665792050124679,"SRS"
2,2000,0.35,35,2,0.25,5.00765608761485,0.994121567230078,2.00973241679986,0.0159425940786328,0.0163480709119836,0.0608853429184617,5.03948423388548,0.927977718443774,1.83070224359935,0.0166780899648642,0.0164688193052176,0.054939340281506,5.0201329530972,1.01550851509964,1.89754501931959,0.0277114774070507,0.0294934154227471,0.0964164051581692,5.00853450977651,1.00902545207349,2.01802066455913,0.0180155225542239,0.0201145150568598,0.0668198758634772,"SRS"
3,2000,0.35,35,2,0.25,5.0020571113964,1.01402564304614,2.04134254529398,0.0158246714483247,0.0160958930454527,0.0622091001264198,5.03330365798752,0.950739991979061,1.85376575654436,0.0165827008616743,0.0162778611118005,0.0559115550884404,4.97263507271845,1.02308863382832,2.0072822629524,0.0269864598649278,0.0267446698794876,0.10356309135181,4.99197389964771,1.02885357004989,2.08117775625002,0.0178961081636809,0.0187451072833596,0.069727260389347,"SRS"
4,2000,0.35,35,2,0.25,5.02805659219178,1.00302022541655,1.93754601271778,0.016231730490639,0.0161719435504835,0.0588547752725325,5.06158379626654,0.927952291300203,1.74856536495922,0.0170577781801932,0.0163876357998374,0.0525549290443194,5.01523412614297,1.03103568395838,1.98808695222984,0.0271058392184297,0.0266287755816544,0.103156331501724,5.02836346558936,1.00435079360375,1.96063691931793,0.0184868767472343,0.0197164068773506,0.0659441535472301,"SRS"
5,2000,0.35,35,2,0.25,4.99859867848213,1.01607012478557,1.98146893010261,0.016057820360007,0.0163573571970182,0.0599873125304508,5.03196490290466,0.963253263795022,1.79582290531807,0.0168422622257529,0.0166812089062647,0.0538178564826906,4.97940114222596,1.03415659438456,1.84990905269071,0.028093842885112,0.0275995905202931,0.0942592011812678,5.00220948542438,1.00935515926984,2.00999119785176,0.0181535748387693,0.0191175460929257,0.0667076582392882,"SRS"
6,2000,0.35,35,2,0.25,4.98558661645564,1.00016388842976,2.10159041321942,0.0156011356419819,0.0156236969619722,0.0641103226032638,5.01006802367316,0.944326038789405,1.86607136702035,0.0165270164913114,0.0161536864484372,0.0562333325136295,4.9685791646464,1.00615761792728,2.20995383707149,0.0257363143375556,0.0259679241015957,0.113875546448395,4.98314315436336,1.00438188640674,2.11061155050511,0.0177837726009948,0.0185917358245847,0.071095363622778,"SRS"
7,2000,0.35,35,2,0.25,5.00826381984681,1.01178008128516,1.96422977337672,0.0161248772782512,0.0169303142611162,0.0595906873526035,5.04341636001225,0.951475688616687,1.75465292694604,0.0170313064397139,0.0174357250486575,0.0526053801044699,5.03689268863434,0.999715636206352,1.96608720856305,0.0272216684901611,0.030594962573281,0.100705156237307,5.00622536971297,1.01476598503995,1.95736499331918,0.0183768811695408,0.0208902927807954,0.0652541469343435,"SRS"
8,2000,0.35,35,2,0.25,5.001546929675,1.00724588408086,1.94052531529976,0.0162333278616402,0.0163039098515906,0.0587503224023718,5.04580222733774,0.941823676847475,1.76135722793266,0.0170042783374666,0.0165403128054013,0.0527936810493706,5.01004436670989,1.0572632950943,1.86752526704652,0.0279525904751559,0.0286536184139623,0.095707515721205,5.00673390715133,1.01795761659813,1.94132075166827,0.0182791892612757,0.0201377982242321,0.0641246375740298,"SRS"
9,2000,0.35,35,2,0.25,5.01607568838771,1.02537711615548,1.98079641832076,0.0160768327061941,0.016023841756187,0.0601071394180725,5.04290182286159,0.974687172096054,1.79670371126896,0.0168563887477994,0.0163574934706629,0.0539571560746435,5.07081376127635,1.01208467717527,1.95849773660638,0.027308446547159,0.027374364392745,0.100473396819464,5.02721248262904,1.03021500207238,2.01461283900549,0.0181198279517539,0.0192348343232159,0.0674414338455109,"SRS"
10,2000,0.35,35,2,0.25,5.01398489452773,0.966466204482255,2.08454529900965,0.0156682458013429,0.0160761760961104,0.0633814614855484,5.04613687690019,0.900202885509395,1.87590415555279,0.0164889104218082,0.0162199144360226,0.0564196068539496,5.02780357885049,0.987200968004113,2.17428912461689,0.0260683148937221,0.0280167896066289,0.111902597990486,5.00602930620015,0.97933863334111,2.12940599929381,0.0175993944918707,0.0198495947496808,0.0712045686528335,"SRS"
11,2000,0.35,35,2,0.25,4.99386811702604,1.02494160046709,1.97729224705249,0.0160795333283079,0.0163035908760174,0.0599074788276622,5.02691130491143,0.960487318345553,1.82131386091061,0.0167303074260598,0.016315979856166,0.0547212970798375,5.00125263766053,1.01513665772798,1.87658229358748,0.0278697632582971,0.0287721318616366,0.095546388195154,4.98284980218493,1.03098823526342,2.02155072704043,0.0179312357958112,0.0191603192221762,0.0666096470208066,"SRS"
12,2000,0.35,35,2,0.25,5.00755400085903,0.994052570519853,2.01779122373718,0.0159137336465653,0.01603780809414,0.061357864626711,5.03327087281885,0.929866778352108,1.85753109859846,0.0165638640741955,0.0160523004914198,0.0560151909516966,5.01608642082169,0.988202371077489,1.85188454131993,0.0280906977062295,0.0283248305813698,0.0943607111722273,4.99339664501491,0.994285838998606,2.07106447394911,0.0177321399008394,0.0184894734198353,0.0688760372015118,"SRS"
13,2000,0.35,35,2,0.25,4.99142255895448,0.988878148206603,2.02057145669109,0.015903421936429,0.0159773314957994,0.0614304703588409,5.03194433044138,0.926341951371915,1.81066612833602,0.0167721973633638,0.0162741170815071,0.0544113930108549,5.04717414103033,0.977020697257968,2.03765224091835,0.0267463328647676,0.0274237256657743,0.104594832117253,4.98889653005205,0.997238636585817,2.02077513546739,0.0177913794789346,0.0186434724304235,0.0667872066723028,"SRS"
14,2000,0.35,35,2,0.25,4.97387211336138,0.98751128934047,2.04451304730272,0.0158412845949739,0.015534584274617,0.0621446625399527,4.99200243312716,0.932669035738961,1.86396527644057,0.0165729244244158,0.0157259538945895,0.0561234073010774,4.9939177533677,0.985366408990596,1.99224107824167,0.0271437478909887,0.0258542482459235,0.102089466878908,4.96902940226445,0.996084059416919,2.07710179113065,0.0176559816252533,0.0181097589450634,0.0686306933260415,"SRS"
15,2000,0.35,35,2,0.25,4.94668743535794,1.02350660559285,2.09210042331951,0.0156618397477724,0.0156032401899834,0.0635895949306069,4.9752382944456,0.961772896356333,1.90231113319358,0.0163955740879948,0.0157499631089762,0.0572747584674297,4.95373013730953,1.02361881927162,2.00501587822592,0.0270862419991081,0.0281743172222313,0.102240304671018,4.94273099215183,1.01901307160038,2.14050939259455,0.0176247407981402,0.0185023367279709,0.0712573309316546,"SRS"
16,2000,0.35,35,2,0.25,4.98794841310935,0.981817325063437,2.09112840201086,0.0156420669429133,0.0154141454940479,0.0634739493689431,5.01979509891565,0.931739619543267,1.8991188675791,0.016387888310427,0.0157000231186515,0.0570885273799926,5.00413838226304,0.992163707010687,2.0382056155207,0.0268462460244086,0.0265266670980185,0.104364701396887,4.99116790690479,0.984920899937316,2.11931528657008,0.017744491717292,0.0181844902652782,0.070804432457274,"SRS"
17,2000,0.35,35,2,0.25,5.04178046537772,0.992499110521913,1.96370615957681,0.0161218306575722,0.0161106890023325,0.0595300723967275,5.06911874090153,0.941416483344475,1.79922025281834,0.0168212817647181,0.0163098922561045,0.0540355502474733,5.06993226352533,0.978351409429627,2.05017571673079,0.0266728480868254,0.026737858575826,0.105038229504589,5.03909074492521,1.00398100637789,2.0308401803523,0.0178902048853092,0.0185738540183529,0.0675967452839798,"SRS"
18,2000,0.35,35,2,0.25,5.01600201953426,1.00228446181135,2.08078923521937,0.0156731824097224,0.0160579990917164,0.0632030510715894,5.04885224557567,0.943733657962638,1.87679379856681,0.0164754053438579,0.0163382391011123,0.0564190412234888,5.04250751777344,1.01108141391193,2.10199008165649,0.0263632163682295,0.0269294713178614,0.10819647689685,5.0172168416626,1.01299611956627,2.13087530984612,0.017607982106416,0.0187489981945537,0.0713827803255489,"SRS"
19,2000,0.35,35,2,0.25,4.99454021491963,1.01132592930017,1.9414068082718,0.0162181894792346,0.0167300437531726,0.0587793071498955,5.01500577667448,0.964795832593518,1.77424397098141,0.0169423092936666,0.0170882455966448,0.0532174049991537,4.99152975853553,1.05370846820697,1.94170543505736,0.0274782690493939,0.0289094901444164,0.0998301851132058,4.99025596620813,1.01815518257581,1.99403198757056,0.0182717514412243,0.0203565796895923,0.0668739167564574,"SRS"
20,2000,0.35,35,2,0.25,5.00021964230465,0.990877780313412,2.00038059486121,0.0159772721961168,0.016275044425885,0.0607762456904318,5.03839061673212,0.919053842248701,1.8201393637791,0.0167260854595923,0.0163893036259103,0.0547731830392279,5.02871114936793,0.990578108941803,2.11309762600468,0.0262875512087658,0.0270386233044582,0.108554960878113,4.9990361462552,0.986651174425166,2.05232492639997,0.0178210801117765,0.0191238817241453,0.0684560440658004,"SRS"
21,2000,0.35,35,2,0.25,4.99497711380025,1.02302280965017,1.78636303881449,0.0168993413822654,0.0175392902024301,0.0538090122618523,5.01968428844148,0.957973922447587,1.64243983618126,0.0176045039057561,0.0175554096986601,0.0490219321278858,4.99806015618536,1.01568242686816,1.66578570832289,0.0295553700757109,0.0305070317862101,0.084496265919586,4.98730880002594,1.01222076199924,1.81042461130747,0.0189780932926057,0.0202148455794805,0.0592726917480743,"SRS"
22,2000,0.35,35,2,0.25,5.01379399766855,0.997429371156728,2.00166755982416,0.0159795664571712,0.0159811356368777,0.0607423297898642,5.03173107196505,0.934929611793972,1.82461107981145,0.0167181832144565,0.0161381255734466,0.0548420304530233,5.00516190905993,0.980140745947727,1.92734627329801,0.0275228571704036,0.0279820365012918,0.0982228846616415,5.01447757860037,1.00280275857843,2.03882662885336,0.0179398470147924,0.0186538740137214,0.0675056095900616,"SRS"
23,2000,0.35,35,2,0.25,5.00808362261657,0.988371210039058,1.95543770640956,0.0161593608134883,0.0161901848835211,0.0593021025590322,5.03025842077289,0.927412418267067,1.77850163210909,0.0169199128428394,0.0163250910456817,0.0533936718327718,5.00166844054584,0.997821578040336,1.89939815514531,0.0277155555923944,0.0270950100520069,0.0969392947485145,5.00325584216732,0.993903252673267,1.97946099468908,0.0181605027757963,0.0188728271655597,0.0655560524285983,"SRS"
24,2000,0.35,35,2,0.25,5.0155273744658,1.02100678055598,1.99080112468334,0.0160326466392057,0.0161672516997529,0.0604187365984017,5.05521410987086,0.958301450112487,1.79434058431242,0.0168537423401789,0.0164326593664893,0.0538627331116139,5.04717019350054,1.00515550282928,1.86726938140557,0.0280330921433606,0.0276620245277279,0.0951803146570033,5.00962217351032,1.01390195068306,2.00714744206992,0.018127159974727,0.0189648131875543,0.0666493606932927,"SRS"
25,2000,0.35,35,2,0.25,4.98887115199325,0.97828767385366,2.1968976102812,0.0152655797523015,0.0153876410598944,0.0671608621421703,5.01831379035676,0.926439420268955,1.98196278895518,0.0160454937839436,0.0157347708302297,0.0599459187362685,4.97742770579849,0.945499957965436,2.18235700282715,0.025880048856593,0.0255126146946766,0.112759114613447,4.99154059221906,0.985698733361261,2.21696098790184,0.0172763901758663,0.0177129795089187,0.0742593119418302,"SRS"
26,2000,0.35,35,2,0.25,5.00998559483528,1.02534055257977,2.11992198139806,0.0155389035776596,0.0158082205032272,0.0644219074988739,5.05477098340661,0.951834296470197,1.85096782581371,0.0165910583427416,0.016333997233301,0.0555155381764141,5.05337931541117,0.994947805639288,2.16217895262024,0.0260261978173802,0.0273467252894245,0.110621716503021,5.00661425383772,1.01956118361974,2.16433800787786,0.017621868109332,0.019052569867612,0.0730834610698727,"SRS"
27,2000,0.35,35,2,0.25,5.01466072636695,1.00769367897685,2.01537046650346,0.0159192240924233,0.016357293096851,0.0612012447604726,5.04583134810055,0.945660103217366,1.80974735974228,0.0167727816734972,0.0166016940734876,0.0543454459855598,5.00619051626453,0.991266801121975,2.06399417395805,0.0266059646107838,0.0265883064314503,0.105868261263134,5.00461154971911,1.00875687401253,2.07229480173976,0.0178799773358879,0.0191535172681676,0.069443889467648,"SRS"
28,2000,0.35,35,2,0.25,4.993738413931,0.978920455238146,1.99947305774014,0.0159864832333061,0.0162282440107613,0.0606423108106527,5.02448953611578,0.914525432165554,1.78585697967499,0.016886894063622,0.0166465612341419,0.0535314089628846,5.00133816739468,0.965040619592887,1.91046658317952,0.0279077921108066,0.0279408129960809,0.0973061495128729,4.9953424776558,0.970333120434135,2.01024293918161,0.018267494825023,0.0190827841686519,0.067318408352222,"SRS"
29,2000,0.35,35,2,0.25,5.0010954098941,0.98377063499981,2.01598973757835,0.0159180007778456,0.0162860746559322,0.0611980945576661,5.02886451505841,0.918902932916446,1.82554128936637,0.0167020115593108,0.0164281264990822,0.0548495661415965,4.99369094214897,0.992616452220768,2.05768245728561,0.0266505832669618,0.026511932796784,0.105839892388339,4.99691605246959,0.981835005705453,2.0534577554862,0.017923822073384,0.0188149086332319,0.0686948760437081,"SRS"
30,2000,0.35,35,2,0.25,4.98007948771588,0.991291666948718,2.02334722296405,0.0158964416653041,0.0160442955757095,0.0611901833573819,5.00222751553295,0.931317671768575,1.84681801724371,0.0166143362698081,0.0162128803389981,0.0553576506208958,4.96841111902382,0.983025919501777,2.12017601859208,0.0262581308795725,0.0264554217670233,0.108983650243215,4.97457436143192,0.987980646862911,2.08828822412049,0.0178189097108012,0.0184060465739258,0.0700336589514011,"SRS"
31,2000,0.35,35,2,0.25,5.02058206111257,0.987194523124827,1.85141038703714,0.0165982179306059,0.0166236302404578,0.0557493294598982,5.05243489342922,0.934531540346672,1.67339972695081,0.0174342904240853,0.0169639371139366,0.0498396345371285,5.0122010123659,1.00086103609692,1.8941766520623,0.0277654517786001,0.0275782746631253,0.0966696327814494,5.02414261423793,0.990892647947185,1.86587164816144,0.0186705667624015,0.0199222224016463,0.0613155245763874,"SRS"
32,2000,0.35,35,2,0.25,5.01064096736281,0.981761322680236,2.03780651014853,0.0158343884001197,0.0160491350098835,0.0618549691465186,5.03822740855056,0.928307091811084,1.838649544134,0.0166447103329793,0.0164559087389923,0.0552432993669682,5.01553086878111,0.981851078715779,1.93450559126044,0.0274609676931639,0.0292320424192086,0.0983162372853335,5.02562457408777,0.99060197541365,2.04475321805177,0.0181084431842074,0.0196744533228562,0.0684415927462072,"SRS"
33,2000,0.35,35,2,0.25,4.98787365336871,1.01778334433223,1.99027434673048,0.016030101466713,0.0162167626994191,0.0605088715365104,5.01584908828558,0.963768296278925,1.79899307478361,0.0168346324190224,0.0166726724476673,0.054120473523573,5.02136662176703,1.02480684483768,1.91106490802905,0.027634188525836,0.0274223062748745,0.0980830592933426,5.00262648988347,1.00982918249956,1.98149998452774,0.0182135094521699,0.0195158973463289,0.0658944447281405,"SRS"
34,2000,0.35,35,2,0.25,4.99876348307191,1.02231731496686,2.0297920889918,0.0158793363701228,0.0163157788269039,0.0618050643115838,5.02445975230244,0.956654808662847,1.84427553847987,0.0166336127603379,0.0164908266526128,0.0556114747774342,4.99393183535181,1.06544173705294,2.13652443540836,0.0261802715028501,0.0275890973960721,0.110613143721073,4.97343429207445,1.03804931889869,2.10711839939083,0.0178896223755108,0.0198329396179753,0.0713221868544411,"SRS"
35,2000,0.35,35,2,0.25,5.00490467025767,1.01248550931142,2.01037200805325,0.0159429073922503,0.0164260374939348,0.0610741899998121,5.02563417228899,0.946460435314936,1.83445897284106,0.0166654369270584,0.016598484054519,0.0552244201652793,5.00848906715841,1.04534792059756,2.07765462495615,0.0265269752356531,0.0275334677540822,0.106264550169159,5.0081934447532,1.0224774033241,2.05563082372423,0.0179004667744778,0.0197972306704885,0.0687352256595457,"SRS"
36,2000,0.35,35,2,0.25,5.02030520576069,0.993434897288485,2.00003419260821,0.0159768773992953,0.0162507609117404,0.060559482752405,5.04516487229146,0.922213128010679,1.80683840274681,0.016785425029902,0.0163866536893223,0.0541669945754132,5.00959138640716,0.989960286363907,1.94075261730252,0.0274177735773409,0.0278182886605452,0.0988120000542826,5.0196160988452,0.982371863342684,2.02192938743775,0.0179862174276086,0.0189623943842597,0.0670305072326724,"SRS"
37,2000,0.35,35,2,0.25,4.98375923823373,1.04007804395953,2.06258124128424,0.0157535863237932,0.0159098896377335,0.0626150612247113,5.01923166522049,0.97716628607404,1.83756834613263,0.0166576293556505,0.0162796171476684,0.0551488429347367,4.98761019954326,1.00584307820562,2.00236999710662,0.0270425065931003,0.0265938080189496,0.102959888169432,4.98205060733946,1.0305743802549,2.11937681835039,0.017920335764827,0.0185161608342543,0.0715856605619765,"SRS"
38,2000,0.35,35,2,0.25,5.01863210516323,1.00239533212052,1.99728030279241,0.0159914778943011,0.0163625934361743,0.0605915477640938,5.03990548359588,0.938902496485987,1.78734625114883,0.0168758169282531,0.016702700218794,0.0535921615568072,4.99645131739431,1.03689277878173,2.23526358566301,0.0256017885190724,0.027181604200601,0.116069769811354,5.01142978726231,1.02058701089542,2.01672401967764,0.0181165142071284,0.0200489678967348,0.0675180089648181,"SRS"
39,2000,0.35,35,2,0.25,4.98949079118946,0.995039629172409,2.12365003477947,0.0155209261329138,0.0158263317330073,0.0648248556585577,5.01331242675871,0.928484450385566,1.89391935437984,0.0164073314015534,0.0161725994736648,0.0571539669138145,4.97833224614066,1.00552400125575,1.91636090181506,0.0275906088115977,0.0278643907084757,0.0983812311203325,4.98431278580145,0.992907341076102,2.12627103588748,0.0176176809370572,0.0188418214435909,0.0711951921561328,"SRS"
40,2000,0.35,35,2,0.25,5.00765954374903,0.979650985507841,1.98999304499238,0.0160334879016615,0.0159805899338798,0.0602671239063212,5.04317193361586,0.907326894486034,1.76907377640994,0.0169755229864246,0.0162757191091234,0.0529403599748074,4.9805685104117,0.946139279012044,2.17815919610758,0.0259540227800602,0.0252915414519355,0.11258138266839,4.99482339763739,0.977750115525422,2.05831811076465,0.0180377872871719,0.0189252656796261,0.0691021566882746,"SRS"
41,2000,0.35,35,2,0.25,5.00151359456176,0.992382553324668,1.93013060286325,0.0162606467464444,0.0165895909594438,0.0584000108257423,5.04773297881327,0.934071982180195,1.74572255952833,0.0170708941725113,0.0167669789162736,0.0522528323959118,5.02100687324725,1.00896593045868,1.95727717077013,0.0272960153984223,0.028147488619183,0.0997333733791524,5.00878774253958,1.0043138513688,1.94257144005833,0.0182186543466033,0.0197500918414584,0.0639263655643647,"SRS"
42,2000,0.35,35,2,0.25,5.00992715706097,0.996397443968088,1.93654846300408,0.0162334004574279,0.0166519953383737,0.0586163166361417,5.03521941094364,0.936495252726393,1.77002469757583,0.0169567208837215,0.0168024045087343,0.0530661423499597,4.97408268512897,1.04165757977608,1.99034957820548,0.0271003735216767,0.0277048681830645,0.102299154177694,5.00277305446461,1.00607708736312,1.97010599961622,0.0183245744648741,0.019514945820549,0.0655559726348796,"SRS"
43,2000,0.35,35,2,0.25,5.01755362239152,0.993069016439256,2.09451010447624,0.0156242562766646,0.015569765519896,0.0639477986691842,5.04913520668196,0.946215310729883,1.9320331217797,0.0162502855321199,0.0157468670655193,0.0584978724476724,5.00298649831565,0.962150942295213,2.01917855415229,0.0268912374468149,0.0261864079756402,0.104055975754928,5.02174724851182,0.987545941264848,2.13508587164711,0.0176013256681414,0.0180787791116131,0.0714459924013929,"SRS"
44,2000,0.35,35,2,0.25,4.97557738610956,0.991055133397299,1.9022808144963,0.0163836052013406,0.0165715907315154,0.0575751533709635,4.99677217093549,0.93202788506271,1.74441898095931,0.0170870162769031,0.0167044038790253,0.0523171108354148,4.97821125363469,0.981725219323055,1.89528057171847,0.0277885438828503,0.0284422892624022,0.0966709689443231,4.96932696777701,0.995595902313353,1.929995389033,0.0182915672838452,0.019626612830331,0.0636869189334943,"SRS"
45,2000,0.35,35,2,0.25,4.98900057963905,0.989526957590048,2.05307588594003,0.0157786896255414,0.0162345606133966,0.0624413864751809,5.02008983901348,0.929549468448065,1.85445396558525,0.0165758618881122,0.0164682142366076,0.0558047768023338,4.99790628692688,1.01115157486135,2.07203099500615,0.0265595159629977,0.0266895140101886,0.106503695901649,4.98837167614363,0.986331062340986,2.05630162805923,0.0178579482494031,0.0191833250373938,0.068359494878419,"SRS"
46,2000,0.35,35,2,0.25,4.99783854791615,0.999999238804308,2.07467818761536,0.0156976301128183,0.0159002973653207,0.0630196663881446,5.03870434786784,0.934547294410639,1.84490409024961,0.0166142431282051,0.0162260815239738,0.0553683657043925,4.97624607439878,0.992555886208836,2.09662077890446,0.0264305669888055,0.026531811512404,0.107508063669529,4.98639502680441,0.998813637712692,2.09299199388223,0.017944281030982,0.0187078171022117,0.0703663083560658,"SRS"
47,2000,0.35,35,2,0.25,4.99723507007012,1.01983883076493,1.93943416738667,0.0162289436243582,0.0167233119116609,0.0586902192673559,5.02423055668984,0.950335769263875,1.77561574697675,0.0169386868245782,0.0168266921102195,0.0532525382815856,5.00649266509001,1.04272030686143,1.86840455519489,0.0279588910203335,0.0295478662472935,0.0954125616911494,4.98704010293327,1.04499098654936,1.99440017647671,0.0182314385394571,0.0200820154112806,0.066269555655825,"SRS"
48,2000,0.35,35,2,0.25,4.99136075562849,0.984542594744182,2.00931236221678,0.0159503238395949,0.0159207518589763,0.0608936124234012,5.01996363744349,0.941750137752,1.86475537038694,0.0165346631901239,0.0161323277600018,0.0560821559599288,4.95013694545203,0.985338071725777,2.05739974941628,0.0266667816952908,0.0261735714083928,0.105508003070123,4.99175523002799,0.987129328951506,2.05767013344309,0.0178526094167437,0.0182810743120844,0.068062528804403,"SRS"
49,2000,0.35,35,2,0.25,4.97223126415558,0.986699666507799,1.96758861835402,0.0161152828983551,0.0160885367578887,0.0596351611925942,4.99381169687591,0.929233045328554,1.80635908848064,0.0167971099071927,0.0162655430009663,0.054277791326044,4.97638441134061,1.00072533965032,1.92479059400759,0.0275342968927384,0.0276404865168553,0.0984237682720621,4.97444922063397,0.994681103605676,2.00176812308572,0.018014283542415,0.0191788764770057,0.0665090912072286,"SRS"
50,2000,0.35,35,2,0.25,4.96308132545956,0.998827006517582,1.92925553641727,0.0162911290764023,0.0164553805003128,0.0582933134625124,5.00181190475576,0.941182746402076,1.74713009915726,0.0170859967781168,0.016648947616769,0.052224519192036,4.93164769352778,1.01277353094534,1.92648255387701,0.0275612200876743,0.0277919700226734,0.0985634286715156,4.97368930889288,0.998139230631841,1.91073001797318,0.018421951099795,0.0194626006906195,0.06261565864492,"SRS"
